branch,commit,feature,path,decision,recordType,subject
codex/f-acc-001-sds,57a87430a6c0e723078647b5327d76718b6a5c0f,UNMAPPED,docs/traceability/requirement-matrix.md,EXCLUDED_NON_CODE,decision,docs(commerce): 新增 COM-01 Feature Ready 候选
codex/f-acc-001-sds,57a87430a6c0e723078647b5327d76718b6a5c0f,UNMAPPED,docs/traceability/requirement-version-coverage.json,EXCLUDED_NON_CODE,decision,docs(commerce): 新增 COM-01 Feature Ready 候选
codex/f-acc-001-sds,57a87430a6c0e723078647b5327d76718b6a5c0f,F-COM-001,specs/features/F-COM-001-contract-order-association-and-delivery-scope-allocation.md,EXCLUDED_NON_CODE,decision,docs(commerce): 新增 COM-01 Feature Ready 候选
codex/f-acc-001-sds,57a87430a6c0e723078647b5327d76718b6a5c0f,F-COM-001,specs/features/F-COM-001-legacy-reuse-audit.md,EXCLUDED_NON_CODE,decision,docs(commerce): 新增 COM-01 Feature Ready 候选
codex/f-acc-001-sds,57a87430a6c0e723078647b5327d76718b6a5c0f,F-COM-001,specs/features/F-COM-001-physical-contract.json,EXCLUDED_NON_CODE,decision,docs(commerce): 新增 COM-01 Feature Ready 候选
codex/f-acc-001-sds,57a87430a6c0e723078647b5327d76718b6a5c0f,UNMAPPED,specs/features/README.md,EXCLUDED_NON_CODE,decision,docs(commerce): 新增 COM-01 Feature Ready 候选
codex/f-acc-001-sds,57a87430a6c0e723078647b5327d76718b6a5c0f,UNMAPPED,-,NO_NET_CODE_CHANGE,decision,docs(commerce): 新增 COM-01 Feature Ready 候选
codex/f-acc-001-sds,770c91b777382e391658e0d13c704ffa3c130d37,UNMAPPED,"""\351\234\200\346\261\202/PRD-\351\241\271\347\233\256\345\256\236\346\226\275\344\272\244\344\273\230\347\256\241\347\220\206\345\271\263\345\217\260.md""",EXCLUDED_NON_CODE,decision,docs(prd): 基线化COM订单范围办事处语义
codex/f-acc-001-sds,770c91b777382e391658e0d13c704ffa3c130d37,UNMAPPED,"""docs/reports/2026-08-29-PRD-V1.8\344\277\256\350\256\242008\345\237\272\347\272\277\345\217\230\346\233\264\346\212\245\345\221\212.md""",EXCLUDED_NON_CODE,decision,docs(prd): 基线化COM订单范围办事处语义
codex/f-acc-001-sds,770c91b777382e391658e0d13c704ffa3c130d37,UNMAPPED,"""specs/001-project-delivery-platform/domains/COM-\345\220\210\345\220\214\350\256\242\345\215\225\345\261\245\347\272\246\351\234\200\346\261\202\350\247\204\346\240\274.md""",EXCLUDED_NON_CODE,decision,docs(prd): 基线化COM订单范围办事处语义
codex/f-acc-001-sds,770c91b777382e391658e0d13c704ffa3c130d37,UNMAPPED,docs/baseline/baseline-signoff.md,EXCLUDED_NON_CODE,decision,docs(prd): 基线化COM订单范围办事处语义
codex/f-acc-001-sds,770c91b777382e391658e0d13c704ffa3c130d37,UNMAPPED,docs/baseline/prd-v1.8-amendment-008-commerce-office-scope-location.md,EXCLUDED_NON_CODE,decision,docs(prd): 基线化COM订单范围办事处语义
codex/f-acc-001-sds,770c91b777382e391658e0d13c704ffa3c130d37,UNMAPPED,docs/baseline/prd-v1.8.md,EXCLUDED_NON_CODE,decision,docs(prd): 基线化COM订单范围办事处语义
codex/f-acc-001-sds,770c91b777382e391658e0d13c704ffa3c130d37,UNMAPPED,docs/baseline/requirement-baseline.yaml,EXCLUDED_NON_CODE,decision,docs(prd): 基线化COM订单范围办事处语义
codex/f-acc-001-sds,770c91b777382e391658e0d13c704ffa3c130d37,UNMAPPED,"""docs/reports/2026-08-29-PRD-V1.8\344\277\256\350\256\242008\345\237\272\347\272\277\345\217\230\346\233\264\346\212\245\345\221\212.md""",APPLIED_CODE,decision,docs(prd): 基线化COM订单范围办事处语义
codex/f-acc-001-sds,770c91b777382e391658e0d13c704ffa3c130d37,UNMAPPED,"""specs/001-project-delivery-platform/domains/COM-\345\220\210\345\220\214\350\256\242\345\215\225\345\261\245\347\272\246\351\234\200\346\261\202\350\247\204\346\240\274.md""",APPLIED_CODE,decision,docs(prd): 基线化COM订单范围办事处语义
codex/f-acc-001-sds,770c91b777382e391658e0d13c704ffa3c130d37,UNMAPPED,"""\351\234\200\346\261\202/PRD-\351\241\271\347\233\256\345\256\236\346\226\275\344\272\244\344\273\230\347\256\241\347\220\206\345\271\263\345\217\260.md""",APPLIED_CODE,decision,docs(prd): 基线化COM订单范围办事处语义
codex/f-acc-001-sds,26531772ea6fe59befdbda4461fdb242c3c807a4,UNMAPPED,docs/decisions/0036-commerce-office-snapshot-and-scope-guard-physical-delta.md,EXCLUDED_NON_CODE,decision,docs(sds): 锁定COM办事处与验收守卫差量
codex/f-acc-001-sds,26531772ea6fe59befdbda4461fdb242c3c807a4,UNMAPPED,docs/decisions/open-questions.md,EXCLUDED_NON_CODE,decision,docs(sds): 锁定COM办事处与验收守卫差量
codex/f-acc-001-sds,26531772ea6fe59befdbda4461fdb242c3c807a4,UNMAPPED,docs/design/02-domain-model.md,EXCLUDED_NON_CODE,decision,docs(sds): 锁定COM办事处与验收守卫差量
codex/f-acc-001-sds,26531772ea6fe59befdbda4461fdb242c3c807a4,UNMAPPED,docs/design/04-module-design.md,EXCLUDED_NON_CODE,decision,docs(sds): 锁定COM办事处与验收守卫差量
codex/f-acc-001-sds,26531772ea6fe59befdbda4461fdb242c3c807a4,UNMAPPED,docs/design/08-data-model.md,EXCLUDED_NON_CODE,decision,docs(sds): 锁定COM办事处与验收守卫差量
codex/f-acc-001-sds,26531772ea6fe59befdbda4461fdb242c3c807a4,UNMAPPED,docs/design/08a-domain-entity-migration-alignment.md,EXCLUDED_NON_CODE,decision,docs(sds): 锁定COM办事处与验收守卫差量
codex/f-acc-001-sds,26531772ea6fe59befdbda4461fdb242c3c807a4,UNMAPPED,docs/design/09-database-design.md,EXCLUDED_NON_CODE,decision,docs(sds): 锁定COM办事处与验收守卫差量
codex/f-acc-001-sds,26531772ea6fe59befdbda4461fdb242c3c807a4,UNMAPPED,docs/design/10-api-design.md,EXCLUDED_NON_CODE,decision,docs(sds): 锁定COM办事处与验收守卫差量
codex/f-acc-001-sds,26531772ea6fe59befdbda4461fdb242c3c807a4,UNMAPPED,docs/design/14-security-design.md,EXCLUDED_NON_CODE,decision,docs(sds): 锁定COM办事处与验收守卫差量
codex/f-acc-001-sds,26531772ea6fe59befdbda4461fdb242c3c807a4,UNMAPPED,docs/design/15-cache-and-concurrency.md,EXCLUDED_NON_CODE,decision,docs(sds): 锁定COM办事处与验收守卫差量
codex/f-acc-001-sds,26531772ea6fe59befdbda4461fdb242c3c807a4,UNMAPPED,docs/design/16-exception-and-idempotency.md,EXCLUDED_NON_CODE,decision,docs(sds): 锁定COM办事处与验收守卫差量
codex/f-acc-001-sds,26531772ea6fe59befdbda4461fdb242c3c807a4,UNMAPPED,docs/engineering/gates/phase-2/README.md,EXCLUDED_NON_CODE,decision,docs(sds): 锁定COM办事处与验收守卫差量
codex/f-acc-001-sds,26531772ea6fe59befdbda4461fdb242c3c807a4,UNMAPPED,docs/engineering/gates/phase-2/gate-status.md,EXCLUDED_NON_CODE,decision,docs(sds): 锁定COM办事处与验收守卫差量
codex/f-acc-001-sds,26531772ea6fe59befdbda4461fdb242c3c807a4,UNMAPPED,docs/engineering/gates/phase-2/independent-review.md,EXCLUDED_NON_CODE,decision,docs(sds): 锁定COM办事处与验收守卫差量
codex/f-acc-001-sds,26531772ea6fe59befdbda4461fdb242c3c807a4,UNMAPPED,docs/engineering/gates/phase-2/self-review.md,EXCLUDED_NON_CODE,decision,docs(sds): 锁定COM办事处与验收守卫差量
codex/f-acc-001-sds,26531772ea6fe59befdbda4461fdb242c3c807a4,UNMAPPED,docs/traceability/domain-entity-migration-contract.json,EXCLUDED_NON_CODE,decision,docs(sds): 锁定COM办事处与验收守卫差量
codex/f-acc-001-sds,26531772ea6fe59befdbda4461fdb242c3c807a4,UNMAPPED,docs/traceability/domain-entity-migration-contract.md,EXCLUDED_NON_CODE,decision,docs(sds): 锁定COM办事处与验收守卫差量
codex/f-acc-001-sds,26531772ea6fe59befdbda4461fdb242c3c807a4,UNMAPPED,docs/traceability/domain-object-table-map.json,EXCLUDED_NON_CODE,decision,docs(sds): 锁定COM办事处与验收守卫差量
codex/f-acc-001-sds,26531772ea6fe59befdbda4461fdb242c3c807a4,UNMAPPED,docs/traceability/phase2-contract-map.md,EXCLUDED_NON_CODE,decision,docs(sds): 锁定COM办事处与验收守卫差量
codex/f-acc-001-sds,26531772ea6fe59befdbda4461fdb242c3c807a4,UNMAPPED,scripts/generate_phase2_contract_map.py,APPLIED_CODE,decision,docs(sds): 锁定COM办事处与验收守卫差量
codex/f-acc-001-sds,26531772ea6fe59befdbda4461fdb242c3c807a4,UNMAPPED,scripts/tests/test_validate_domain_entity_migration_alignment.py,APPLIED_CODE,decision,docs(sds): 锁定COM办事处与验收守卫差量
codex/f-acc-001-sds,26531772ea6fe59befdbda4461fdb242c3c807a4,UNMAPPED,scripts/tests/test_validate_sds_phase2.py,APPLIED_CODE,decision,docs(sds): 锁定COM办事处与验收守卫差量
codex/f-acc-001-sds,20f03ba316ca431a55f96aa9c3c97be54d08b4e0,UNMAPPED,docs/decisions/0036-commerce-office-snapshot-and-scope-guard-physical-delta.md,EXCLUDED_NON_CODE,decision,docs(sds): 补齐COM V70必填字段转换
codex/f-acc-001-sds,20f03ba316ca431a55f96aa9c3c97be54d08b4e0,UNMAPPED,docs/design/09-database-design.md,EXCLUDED_NON_CODE,decision,docs(sds): 补齐COM V70必填字段转换
codex/f-acc-001-sds,20f03ba316ca431a55f96aa9c3c97be54d08b4e0,UNMAPPED,docs/engineering/gates/phase-2/gate-status.md,EXCLUDED_NON_CODE,decision,docs(sds): 补齐COM V70必填字段转换
codex/f-acc-001-sds,20f03ba316ca431a55f96aa9c3c97be54d08b4e0,UNMAPPED,docs/engineering/gates/phase-2/self-review.md,EXCLUDED_NON_CODE,decision,docs(sds): 补齐COM V70必填字段转换
codex/f-acc-001-sds,20f03ba316ca431a55f96aa9c3c97be54d08b4e0,UNMAPPED,docs/traceability/domain-entity-migration-contract.json,EXCLUDED_NON_CODE,decision,docs(sds): 补齐COM V70必填字段转换
codex/f-acc-001-sds,20f03ba316ca431a55f96aa9c3c97be54d08b4e0,UNMAPPED,docs/traceability/domain-entity-migration-contract.md,EXCLUDED_NON_CODE,decision,docs(sds): 补齐COM V70必填字段转换
codex/f-acc-001-sds,20f03ba316ca431a55f96aa9c3c97be54d08b4e0,UNMAPPED,docs/traceability/phase2-contract-map.md,EXCLUDED_NON_CODE,decision,docs(sds): 补齐COM V70必填字段转换
codex/f-acc-001-sds,20f03ba316ca431a55f96aa9c3c97be54d08b4e0,UNMAPPED,scripts/generate_phase2_contract_map.py,APPLIED_CODE,decision,docs(sds): 补齐COM V70必填字段转换
codex/f-acc-001-sds,20f03ba316ca431a55f96aa9c3c97be54d08b4e0,UNMAPPED,scripts/tests/test_validate_sds_phase2.py,APPLIED_CODE,decision,docs(sds): 补齐COM V70必填字段转换
codex/f-acc-001-sds,20f03ba316ca431a55f96aa9c3c97be54d08b4e0,UNMAPPED,scripts/validate_sds_phase2.py,APPLIED_CODE,decision,docs(sds): 补齐COM V70必填字段转换
codex/f-acc-001-sds,f50f3365fd0c672877aca69714ebe8ba23e285ac,UNMAPPED,docs/decisions/0036-commerce-office-snapshot-and-scope-guard-physical-delta.md,EXCLUDED_NON_CODE,decision,docs(sds): 回写COM物理差量裁决
codex/f-acc-001-sds,f50f3365fd0c672877aca69714ebe8ba23e285ac,UNMAPPED,docs/engineering/gates/phase-2/gate-status.md,EXCLUDED_NON_CODE,decision,docs(sds): 回写COM物理差量裁决
codex/f-acc-001-sds,f50f3365fd0c672877aca69714ebe8ba23e285ac,UNMAPPED,-,NO_NET_CODE_CHANGE,decision,docs(sds): 回写COM物理差量裁决
codex/f-acc-001-sds,c714c38330f70d7fb77c72be51b885d385d482b2,UNMAPPED,"""\351\234\200\346\261\202/PRD-\351\241\271\347\233\256\345\256\236\346\226\275\344\272\244\344\273\230\347\256\241\347\220\206\345\271\263\345\217\260.md""",EXCLUDED_NON_CODE,decision,docs(prd): 锁定验收阶段进入范围语义
codex/f-acc-001-sds,c714c38330f70d7fb77c72be51b885d385d482b2,UNMAPPED,"""docs/reports/2026-08-29-PRD-V1.8\344\277\256\350\256\242009\345\237\272\347\272\277\345\217\230\346\233\264\346\212\245\345\221\212.md""",EXCLUDED_NON_CODE,decision,docs(prd): 锁定验收阶段进入范围语义
codex/f-acc-001-sds,c714c38330f70d7fb77c72be51b885d385d482b2,UNMAPPED,"""specs/001-project-delivery-platform/domains/ACC-\351\252\214\346\224\266\344\270\216\351\241\271\347\233\256\351\227\255\347\216\257\351\234\200\346\261\202\350\247\204\346\240\274.md""",EXCLUDED_NON_CODE,decision,docs(prd): 锁定验收阶段进入范围语义
codex/f-acc-001-sds,c714c38330f70d7fb77c72be51b885d385d482b2,UNMAPPED,"""specs/001-project-delivery-platform/domains/COM-\345\220\210\345\220\214\350\256\242\345\215\225\345\261\245\347\272\246\351\234\200\346\261\202\350\247\204\346\240\274.md""",EXCLUDED_NON_CODE,decision,docs(prd): 锁定验收阶段进入范围语义
codex/f-acc-001-sds,c714c38330f70d7fb77c72be51b885d385d482b2,UNMAPPED,docs/baseline/baseline-signoff.md,EXCLUDED_NON_CODE,decision,docs(prd): 锁定验收阶段进入范围语义
codex/f-acc-001-sds,c714c38330f70d7fb77c72be51b885d385d482b2,UNMAPPED,docs/baseline/prd-v1.8-amendment-009-acceptance-scope-stage-trigger.md,EXCLUDED_NON_CODE,decision,docs(prd): 锁定验收阶段进入范围语义
codex/f-acc-001-sds,c714c38330f70d7fb77c72be51b885d385d482b2,UNMAPPED,docs/baseline/prd-v1.8.md,EXCLUDED_NON_CODE,decision,docs(prd): 锁定验收阶段进入范围语义
codex/f-acc-001-sds,c714c38330f70d7fb77c72be51b885d385d482b2,UNMAPPED,docs/baseline/requirement-baseline.yaml,EXCLUDED_NON_CODE,decision,docs(prd): 锁定验收阶段进入范围语义
codex/f-acc-001-sds,c714c38330f70d7fb77c72be51b885d385d482b2,UNMAPPED,"""docs/reports/2026-08-29-PRD-V1.8\344\277\256\350\256\242009\345\237\272\347\272\277\345\217\230\346\233\264\346\212\245\345\221\212.md""",APPLIED_CODE,decision,docs(prd): 锁定验收阶段进入范围语义
codex/f-acc-001-sds,c714c38330f70d7fb77c72be51b885d385d482b2,UNMAPPED,scripts/tests/test_prd_com_acceptance_scope_trigger.py,APPLIED_CODE,decision,docs(prd): 锁定验收阶段进入范围语义
codex/f-acc-001-sds,c714c38330f70d7fb77c72be51b885d385d482b2,UNMAPPED,"""specs/001-project-delivery-platform/domains/ACC-\351\252\214\346\224\266\344\270\216\351\241\271\347\233\256\351\227\255\347\216\257\351\234\200\346\261\202\350\247\204\346\240\274.md""",APPLIED_CODE,decision,docs(prd): 锁定验收阶段进入范围语义
codex/f-acc-001-sds,c714c38330f70d7fb77c72be51b885d385d482b2,UNMAPPED,"""specs/001-project-delivery-platform/domains/COM-\345\220\210\345\220\214\350\256\242\345\215\225\345\261\245\347\272\246\351\234\200\346\261\202\350\247\204\346\240\274.md""",APPLIED_CODE,decision,docs(prd): 锁定验收阶段进入范围语义
codex/f-acc-001-sds,c714c38330f70d7fb77c72be51b885d385d482b2,UNMAPPED,"""\351\234\200\346\261\202/PRD-\351\241\271\347\233\256\345\256\236\346\226\275\344\272\244\344\273\230\347\256\241\347\220\206\345\271\263\345\217\260.md""",APPLIED_CODE,decision,docs(prd): 锁定验收阶段进入范围语义
codex/f-acc-001-sds,42c20d8707bf43d6837826d861ee8347db4dedea,UNMAPPED,"""\351\234\200\346\261\202/PRD-\351\241\271\347\233\256\345\256\236\346\226\275\344\272\244\344\273\230\347\256\241\347\220\206\345\271\263\345\217\260.md""",EXCLUDED_NON_CODE,decision,docs(prd): 登记验收退出绑定阻断
codex/f-acc-001-sds,42c20d8707bf43d6837826d861ee8347db4dedea,UNMAPPED,"""docs/reports/2026-08-29-PRD-V1.8\344\277\256\350\256\242009\345\237\272\347\272\277\345\217\230\346\233\264\346\212\245\345\221\212.md""",EXCLUDED_NON_CODE,decision,docs(prd): 登记验收退出绑定阻断
codex/f-acc-001-sds,42c20d8707bf43d6837826d861ee8347db4dedea,UNMAPPED,"""specs/001-project-delivery-platform/domains/ACC-\351\252\214\346\224\266\344\270\216\351\241\271\347\233\256\351\227\255\347\216\257\351\234\200\346\261\202\350\247\204\346\240\274.md""",EXCLUDED_NON_CODE,decision,docs(prd): 登记验收退出绑定阻断
codex/f-acc-001-sds,42c20d8707bf43d6837826d861ee8347db4dedea,UNMAPPED,"""specs/001-project-delivery-platform/domains/COM-\345\220\210\345\220\214\350\256\242\345\215\225\345\261\245\347\272\246\351\234\200\346\261\202\350\247\204\346\240\274.md""",EXCLUDED_NON_CODE,decision,docs(prd): 登记验收退出绑定阻断
codex/f-acc-001-sds,42c20d8707bf43d6837826d861ee8347db4dedea,UNMAPPED,docs/baseline/baseline-signoff.md,EXCLUDED_NON_CODE,decision,docs(prd): 登记验收退出绑定阻断
codex/f-acc-001-sds,42c20d8707bf43d6837826d861ee8347db4dedea,UNMAPPED,docs/baseline/prd-v1.8-amendment-009-acceptance-scope-stage-trigger.md,EXCLUDED_NON_CODE,decision,docs(prd): 登记验收退出绑定阻断
codex/f-acc-001-sds,42c20d8707bf43d6837826d861ee8347db4dedea,UNMAPPED,docs/baseline/prd-v1.8.md,EXCLUDED_NON_CODE,decision,docs(prd): 登记验收退出绑定阻断
codex/f-acc-001-sds,42c20d8707bf43d6837826d861ee8347db4dedea,UNMAPPED,docs/baseline/requirement-baseline.yaml,EXCLUDED_NON_CODE,decision,docs(prd): 登记验收退出绑定阻断
codex/f-acc-001-sds,42c20d8707bf43d6837826d861ee8347db4dedea,UNMAPPED,docs/decisions/open-questions.md,EXCLUDED_NON_CODE,decision,docs(prd): 登记验收退出绑定阻断
codex/f-acc-001-sds,42c20d8707bf43d6837826d861ee8347db4dedea,UNMAPPED,"""docs/reports/2026-08-29-PRD-V1.8\344\277\256\350\256\242009\345\237\272\347\272\277\345\217\230\346\233\264\346\212\245\345\221\212.md""",APPLIED_CODE,decision,docs(prd): 登记验收退出绑定阻断
codex/f-acc-001-sds,42c20d8707bf43d6837826d861ee8347db4dedea,UNMAPPED,scripts/tests/test_prd_com_acceptance_scope_trigger.py,APPLIED_CODE,decision,docs(prd): 登记验收退出绑定阻断
codex/f-acc-001-sds,42c20d8707bf43d6837826d861ee8347db4dedea,UNMAPPED,"""specs/001-project-delivery-platform/domains/ACC-\351\252\214\346\224\266\344\270\216\351\241\271\347\233\256\351\227\255\347\216\257\351\234\200\346\261\202\350\247\204\346\240\274.md""",APPLIED_CODE,decision,docs(prd): 登记验收退出绑定阻断
codex/f-acc-001-sds,42c20d8707bf43d6837826d861ee8347db4dedea,UNMAPPED,"""specs/001-project-delivery-platform/domains/COM-\345\220\210\345\220\214\350\256\242\345\215\225\345\261\245\347\272\246\351\234\200\346\261\202\350\247\204\346\240\274.md""",APPLIED_CODE,decision,docs(prd): 登记验收退出绑定阻断
codex/f-acc-001-sds,42c20d8707bf43d6837826d861ee8347db4dedea,UNMAPPED,"""\351\234\200\346\261\202/PRD-\351\241\271\347\233\256\345\256\236\346\226\275\344\272\244\344\273\230\347\256\241\347\220\206\345\271\263\345\217\260.md""",APPLIED_CODE,decision,docs(prd): 登记验收退出绑定阻断
codex/f-acc-001-sds,d67112d7b9b9a1ffd84faee3acccbc0ef30faa12,UNMAPPED,"""\351\234\200\346\261\202/PRD-\351\241\271\347\233\256\345\256\236\346\226\275\344\272\244\344\273\230\347\256\241\347\220\206\345\271\263\345\217\260.md""",EXCLUDED_NON_CODE,decision,docs(prd): 补充验收阶段与报告时序
codex/f-acc-001-sds,d67112d7b9b9a1ffd84faee3acccbc0ef30faa12,UNMAPPED,"""docs/reports/2026-08-29-PRD-V1.8\344\277\256\350\256\242009\345\237\272\347\272\277\345\217\230\346\233\264\346\212\245\345\221\212.md""",EXCLUDED_NON_CODE,decision,docs(prd): 补充验收阶段与报告时序
codex/f-acc-001-sds,d67112d7b9b9a1ffd84faee3acccbc0ef30faa12,UNMAPPED,"""specs/001-project-delivery-platform/domains/ACC-\351\252\214\346\224\266\344\270\216\351\241\271\347\233\256\351\227\255\347\216\257\351\234\200\346\261\202\350\247\204\346\240\274.md""",EXCLUDED_NON_CODE,decision,docs(prd): 补充验收阶段与报告时序
codex/f-acc-001-sds,d67112d7b9b9a1ffd84faee3acccbc0ef30faa12,UNMAPPED,"""specs/001-project-delivery-platform/domains/COM-\345\220\210\345\220\214\350\256\242\345\215\225\345\261\245\347\272\246\351\234\200\346\261\202\350\247\204\346\240\274.md""",EXCLUDED_NON_CODE,decision,docs(prd): 补充验收阶段与报告时序
codex/f-acc-001-sds,d67112d7b9b9a1ffd84faee3acccbc0ef30faa12,UNMAPPED,docs/baseline/baseline-signoff.md,EXCLUDED_NON_CODE,decision,docs(prd): 补充验收阶段与报告时序
codex/f-acc-001-sds,d67112d7b9b9a1ffd84faee3acccbc0ef30faa12,UNMAPPED,docs/baseline/prd-v1.8-amendment-009-acceptance-scope-stage-trigger.md,EXCLUDED_NON_CODE,decision,docs(prd): 补充验收阶段与报告时序
codex/f-acc-001-sds,d67112d7b9b9a1ffd84faee3acccbc0ef30faa12,UNMAPPED,docs/baseline/prd-v1.8.md,EXCLUDED_NON_CODE,decision,docs(prd): 补充验收阶段与报告时序
codex/f-acc-001-sds,d67112d7b9b9a1ffd84faee3acccbc0ef30faa12,UNMAPPED,docs/baseline/requirement-baseline.yaml,EXCLUDED_NON_CODE,decision,docs(prd): 补充验收阶段与报告时序
codex/f-acc-001-sds,d67112d7b9b9a1ffd84faee3acccbc0ef30faa12,UNMAPPED,"""docs/reports/2026-08-29-PRD-V1.8\344\277\256\350\256\242009\345\237\272\347\272\277\345\217\230\346\233\264\346\212\245\345\221\212.md""",APPLIED_CODE,decision,docs(prd): 补充验收阶段与报告时序
codex/f-acc-001-sds,d67112d7b9b9a1ffd84faee3acccbc0ef30faa12,UNMAPPED,scripts/tests/test_prd_com_acceptance_scope_trigger.py,APPLIED_CODE,decision,docs(prd): 补充验收阶段与报告时序
codex/f-acc-001-sds,d67112d7b9b9a1ffd84faee3acccbc0ef30faa12,UNMAPPED,"""specs/001-project-delivery-platform/domains/ACC-\351\252\214\346\224\266\344\270\216\351\241\271\347\233\256\351\227\255\347\216\257\351\234\200\346\261\202\350\247\204\346\240\274.md""",APPLIED_CODE,decision,docs(prd): 补充验收阶段与报告时序
codex/f-acc-001-sds,d67112d7b9b9a1ffd84faee3acccbc0ef30faa12,UNMAPPED,"""specs/001-project-delivery-platform/domains/COM-\345\220\210\345\220\214\350\256\242\345\215\225\345\261\245\347\272\246\351\234\200\346\261\202\350\247\204\346\240\274.md""",APPLIED_CODE,decision,docs(prd): 补充验收阶段与报告时序
codex/f-acc-001-sds,d67112d7b9b9a1ffd84faee3acccbc0ef30faa12,UNMAPPED,"""\351\234\200\346\261\202/PRD-\351\241\271\347\233\256\345\256\236\346\226\275\344\272\244\344\273\230\347\256\241\347\220\206\345\271\263\345\217\260.md""",APPLIED_CODE,decision,docs(prd): 补充验收阶段与报告时序
codex/f-acc-001-sds,b17ae89f92b01488378aeb8c36a77a5b2d46ad29,UNMAPPED,docs/decisions/0037-project-acceptance-stage-scope-binding.md,EXCLUDED_NON_CODE,decision,docs(sds): 锁定验收阶段范围绑定时序
codex/f-acc-001-sds,b17ae89f92b01488378aeb8c36a77a5b2d46ad29,UNMAPPED,docs/design/02-domain-model.md,EXCLUDED_NON_CODE,decision,docs(sds): 锁定验收阶段范围绑定时序
codex/f-acc-001-sds,b17ae89f92b01488378aeb8c36a77a5b2d46ad29,UNMAPPED,docs/design/04-module-design.md,EXCLUDED_NON_CODE,decision,docs(sds): 锁定验收阶段范围绑定时序
codex/f-acc-001-sds,b17ae89f92b01488378aeb8c36a77a5b2d46ad29,UNMAPPED,docs/design/05-state-machine.md,EXCLUDED_NON_CODE,decision,docs(sds): 锁定验收阶段范围绑定时序
codex/f-acc-001-sds,b17ae89f92b01488378aeb8c36a77a5b2d46ad29,UNMAPPED,docs/design/06-workflow-design.md,EXCLUDED_NON_CODE,decision,docs(sds): 锁定验收阶段范围绑定时序
codex/f-acc-001-sds,b17ae89f92b01488378aeb8c36a77a5b2d46ad29,UNMAPPED,docs/design/08-data-model.md,EXCLUDED_NON_CODE,decision,docs(sds): 锁定验收阶段范围绑定时序
codex/f-acc-001-sds,b17ae89f92b01488378aeb8c36a77a5b2d46ad29,UNMAPPED,docs/design/08a-domain-entity-migration-alignment.md,EXCLUDED_NON_CODE,decision,docs(sds): 锁定验收阶段范围绑定时序
codex/f-acc-001-sds,b17ae89f92b01488378aeb8c36a77a5b2d46ad29,UNMAPPED,docs/design/09-database-design.md,EXCLUDED_NON_CODE,decision,docs(sds): 锁定验收阶段范围绑定时序
codex/f-acc-001-sds,b17ae89f92b01488378aeb8c36a77a5b2d46ad29,UNMAPPED,docs/design/10-api-design.md,EXCLUDED_NON_CODE,decision,docs(sds): 锁定验收阶段范围绑定时序
codex/f-acc-001-sds,b17ae89f92b01488378aeb8c36a77a5b2d46ad29,UNMAPPED,docs/design/11-event-design.md,EXCLUDED_NON_CODE,decision,docs(sds): 锁定验收阶段范围绑定时序
codex/f-acc-001-sds,b17ae89f92b01488378aeb8c36a77a5b2d46ad29,UNMAPPED,docs/design/15-cache-and-concurrency.md,EXCLUDED_NON_CODE,decision,docs(sds): 锁定验收阶段范围绑定时序
codex/f-acc-001-sds,b17ae89f92b01488378aeb8c36a77a5b2d46ad29,UNMAPPED,docs/design/16-exception-and-idempotency.md,EXCLUDED_NON_CODE,decision,docs(sds): 锁定验收阶段范围绑定时序
codex/f-acc-001-sds,b17ae89f92b01488378aeb8c36a77a5b2d46ad29,UNMAPPED,docs/engineering/gates/phase-2/gate-status.md,EXCLUDED_NON_CODE,decision,docs(sds): 锁定验收阶段范围绑定时序
codex/f-acc-001-sds,b17ae89f92b01488378aeb8c36a77a5b2d46ad29,UNMAPPED,docs/engineering/gates/phase-2/self-review.md,EXCLUDED_NON_CODE,decision,docs(sds): 锁定验收阶段范围绑定时序
codex/f-acc-001-sds,b17ae89f92b01488378aeb8c36a77a5b2d46ad29,UNMAPPED,docs/traceability/domain-entity-migration-contract.json,EXCLUDED_NON_CODE,decision,docs(sds): 锁定验收阶段范围绑定时序
codex/f-acc-001-sds,b17ae89f92b01488378aeb8c36a77a5b2d46ad29,UNMAPPED,docs/traceability/domain-entity-migration-contract.md,EXCLUDED_NON_CODE,decision,docs(sds): 锁定验收阶段范围绑定时序
codex/f-acc-001-sds,b17ae89f92b01488378aeb8c36a77a5b2d46ad29,UNMAPPED,docs/traceability/domain-object-table-map.json,EXCLUDED_NON_CODE,decision,docs(sds): 锁定验收阶段范围绑定时序
codex/f-acc-001-sds,b17ae89f92b01488378aeb8c36a77a5b2d46ad29,UNMAPPED,docs/traceability/phase2-contract-map.md,EXCLUDED_NON_CODE,decision,docs(sds): 锁定验收阶段范围绑定时序
codex/f-acc-001-sds,b17ae89f92b01488378aeb8c36a77a5b2d46ad29,UNMAPPED,scripts/generate_phase2_contract_map.py,APPLIED_CODE,decision,docs(sds): 锁定验收阶段范围绑定时序
codex/f-acc-001-sds,b17ae89f92b01488378aeb8c36a77a5b2d46ad29,UNMAPPED,scripts/tests/test_validate_sds_phase2.py,APPLIED_CODE,decision,docs(sds): 锁定验收阶段范围绑定时序
codex/f-acc-001-sds,b17ae89f92b01488378aeb8c36a77a5b2d46ad29,UNMAPPED,scripts/validate_sds_phase2.py,APPLIED_CODE,decision,docs(sds): 锁定验收阶段范围绑定时序
codex/f-acc-001-sds,54b7af0db67fe79e4511674bd1eab1636cc1358a,UNMAPPED,docs/decisions/0037-project-acceptance-stage-scope-binding.md,EXCLUDED_NON_CODE,decision,docs(sds): 回写验收范围差量裁决
codex/f-acc-001-sds,54b7af0db67fe79e4511674bd1eab1636cc1358a,UNMAPPED,docs/engineering/gates/phase-2/gate-status.md,EXCLUDED_NON_CODE,decision,docs(sds): 回写验收范围差量裁决
codex/f-acc-001-sds,54b7af0db67fe79e4511674bd1eab1636cc1358a,UNMAPPED,docs/engineering/gates/phase-2/self-review.md,EXCLUDED_NON_CODE,decision,docs(sds): 回写验收范围差量裁决
codex/f-acc-001-sds,54b7af0db67fe79e4511674bd1eab1636cc1358a,UNMAPPED,-,NO_NET_CODE_CHANGE,decision,docs(sds): 回写验收范围差量裁决
codex/f-acc-001-sds,bcbeffd60804fe82b22a5be38daf91a23819df4f,F-COM-001,specs/features/F-COM-001-contract-order-association-and-delivery-scope-allocation.md,EXCLUDED_NON_CODE,decision,docs(commerce): 整改COM Feature物理契约
codex/f-acc-001-sds,bcbeffd60804fe82b22a5be38daf91a23819df4f,F-COM-001,specs/features/F-COM-001-legacy-reuse-audit.md,EXCLUDED_NON_CODE,decision,docs(commerce): 整改COM Feature物理契约
codex/f-acc-001-sds,bcbeffd60804fe82b22a5be38daf91a23819df4f,F-COM-001,specs/features/F-COM-001-physical-contract.json,EXCLUDED_NON_CODE,decision,docs(commerce): 整改COM Feature物理契约
codex/f-acc-001-sds,bcbeffd60804fe82b22a5be38daf91a23819df4f,UNMAPPED,specs/features/README.md,EXCLUDED_NON_CODE,decision,docs(commerce): 整改COM Feature物理契约
codex/f-acc-001-sds,bcbeffd60804fe82b22a5be38daf91a23819df4f,UNMAPPED,-,NO_NET_CODE_CHANGE,decision,docs(commerce): 整改COM Feature物理契约
codex/f-acc-001-sds,7ed8801a536f8f78795537d016a17d55c7e4ce2f,F-COM-001,specs/features/F-COM-001-legacy-reuse-audit.md,EXCLUDED_NON_CODE,decision,docs(commerce): 补齐真实Provider复用审计
codex/f-acc-001-sds,7ed8801a536f8f78795537d016a17d55c7e4ce2f,UNMAPPED,-,NO_NET_CODE_CHANGE,decision,docs(commerce): 补齐真实Provider复用审计
codex/f-acc-001-sds,dbfc8e5571852350d98e75da1bf0b3692df2b00d,F-COM-001,specs/features/F-COM-001-contract-order-association-and-delivery-scope-allocation.md,EXCLUDED_NON_CODE,decision,docs(commerce): 锁定冲突通知与序列号校验
codex/f-acc-001-sds,dbfc8e5571852350d98e75da1bf0b3692df2b00d,F-COM-001,specs/features/F-COM-001-legacy-reuse-audit.md,EXCLUDED_NON_CODE,decision,docs(commerce): 锁定冲突通知与序列号校验
codex/f-acc-001-sds,dbfc8e5571852350d98e75da1bf0b3692df2b00d,F-COM-001,specs/features/F-COM-001-physical-contract.json,EXCLUDED_NON_CODE,decision,docs(commerce): 锁定冲突通知与序列号校验
codex/f-acc-001-sds,dbfc8e5571852350d98e75da1bf0b3692df2b00d,UNMAPPED,-,NO_NET_CODE_CHANGE,decision,docs(commerce): 锁定冲突通知与序列号校验
codex/f-acc-001-sds,1a9ca704422b275be9d19629d2d61af1782138c4,UNMAPPED,"""\351\234\200\346\261\202/PRD-\351\241\271\347\233\256\345\256\236\346\226\275\344\272\244\344\273\230\347\256\241\347\220\206\345\271\263\345\217\260.md""",EXCLUDED_NON_CODE,decision,docs(prd): 锁定合同管理员公司范围
codex/f-acc-001-sds,1a9ca704422b275be9d19629d2d61af1782138c4,UNMAPPED,"""docs/reports/2026-08-29-PRD-V1.8\344\277\256\350\256\242009\345\237\272\347\272\277\345\217\230\346\233\264\346\212\245\345\221\212.md""",EXCLUDED_NON_CODE,decision,docs(prd): 锁定合同管理员公司范围
codex/f-acc-001-sds,1a9ca704422b275be9d19629d2d61af1782138c4,UNMAPPED,"""specs/001-project-delivery-platform/domains/COM-\345\220\210\345\220\214\350\256\242\345\215\225\345\261\245\347\272\246\351\234\200\346\261\202\350\247\204\346\240\274.md""",EXCLUDED_NON_CODE,decision,docs(prd): 锁定合同管理员公司范围
codex/f-acc-001-sds,1a9ca704422b275be9d19629d2d61af1782138c4,UNMAPPED,docs/baseline/baseline-signoff.md,EXCLUDED_NON_CODE,decision,docs(prd): 锁定合同管理员公司范围
codex/f-acc-001-sds,1a9ca704422b275be9d19629d2d61af1782138c4,UNMAPPED,docs/baseline/prd-v1.8-amendment-009-acceptance-scope-stage-trigger.md,EXCLUDED_NON_CODE,decision,docs(prd): 锁定合同管理员公司范围
codex/f-acc-001-sds,1a9ca704422b275be9d19629d2d61af1782138c4,UNMAPPED,docs/baseline/prd-v1.8.md,EXCLUDED_NON_CODE,decision,docs(prd): 锁定合同管理员公司范围
codex/f-acc-001-sds,1a9ca704422b275be9d19629d2d61af1782138c4,UNMAPPED,docs/baseline/requirement-baseline.yaml,EXCLUDED_NON_CODE,decision,docs(prd): 锁定合同管理员公司范围
codex/f-acc-001-sds,1a9ca704422b275be9d19629d2d61af1782138c4,UNMAPPED,docs/decisions/open-questions.md,EXCLUDED_NON_CODE,decision,docs(prd): 锁定合同管理员公司范围
codex/f-acc-001-sds,1a9ca704422b275be9d19629d2d61af1782138c4,UNMAPPED,"""docs/reports/2026-08-29-PRD-V1.8\344\277\256\350\256\242009\345\237\272\347\272\277\345\217\230\346\233\264\346\212\245\345\221\212.md""",APPLIED_CODE,decision,docs(prd): 锁定合同管理员公司范围
codex/f-acc-001-sds,1a9ca704422b275be9d19629d2d61af1782138c4,UNMAPPED,scripts/tests/test_prd_com_acceptance_scope_trigger.py,APPLIED_CODE,decision,docs(prd): 锁定合同管理员公司范围
codex/f-acc-001-sds,1a9ca704422b275be9d19629d2d61af1782138c4,UNMAPPED,"""specs/001-project-delivery-platform/domains/COM-\345\220\210\345\220\214\350\256\242\345\215\225\345\261\245\347\272\246\351\234\200\346\261\202\350\247\204\346\240\274.md""",APPLIED_CODE,decision,docs(prd): 锁定合同管理员公司范围
codex/f-acc-001-sds,1a9ca704422b275be9d19629d2d61af1782138c4,UNMAPPED,"""\351\234\200\346\261\202/PRD-\351\241\271\347\233\256\345\256\236\346\226\275\344\272\244\344\273\230\347\256\241\347\220\206\345\271\263\345\217\260.md""",APPLIED_CODE,decision,docs(prd): 锁定合同管理员公司范围
codex/f-acc-001-sds,2cf427d6ccb6e0cef0cef3b1460eeaa95ddced53,UNMAPPED,docs/decisions/0038-commerce-contract-administrator-company-scope.md,EXCLUDED_NON_CODE,decision,docs(sds): 锁定合同管理员公司授权范围
codex/f-acc-001-sds,2cf427d6ccb6e0cef0cef3b1460eeaa95ddced53,UNMAPPED,docs/design/02d-cross-context-contracts.md,EXCLUDED_NON_CODE,decision,docs(sds): 锁定合同管理员公司授权范围
codex/f-acc-001-sds,2cf427d6ccb6e0cef0cef3b1460eeaa95ddced53,UNMAPPED,docs/design/04-module-design.md,EXCLUDED_NON_CODE,decision,docs(sds): 锁定合同管理员公司授权范围
codex/f-acc-001-sds,2cf427d6ccb6e0cef0cef3b1460eeaa95ddced53,UNMAPPED,docs/design/07-authorization-design.md,EXCLUDED_NON_CODE,decision,docs(sds): 锁定合同管理员公司授权范围
codex/f-acc-001-sds,2cf427d6ccb6e0cef0cef3b1460eeaa95ddced53,UNMAPPED,docs/design/09-database-design.md,EXCLUDED_NON_CODE,decision,docs(sds): 锁定合同管理员公司授权范围
codex/f-acc-001-sds,2cf427d6ccb6e0cef0cef3b1460eeaa95ddced53,UNMAPPED,docs/design/10-api-design.md,EXCLUDED_NON_CODE,decision,docs(sds): 锁定合同管理员公司授权范围
codex/f-acc-001-sds,2cf427d6ccb6e0cef0cef3b1460eeaa95ddced53,UNMAPPED,docs/design/14-security-design.md,EXCLUDED_NON_CODE,decision,docs(sds): 锁定合同管理员公司授权范围
codex/f-acc-001-sds,2cf427d6ccb6e0cef0cef3b1460eeaa95ddced53,UNMAPPED,docs/design/15-cache-and-concurrency.md,EXCLUDED_NON_CODE,decision,docs(sds): 锁定合同管理员公司授权范围
codex/f-acc-001-sds,2cf427d6ccb6e0cef0cef3b1460eeaa95ddced53,UNMAPPED,docs/design/16-exception-and-idempotency.md,EXCLUDED_NON_CODE,decision,docs(sds): 锁定合同管理员公司授权范围
codex/f-acc-001-sds,2cf427d6ccb6e0cef0cef3b1460eeaa95ddced53,UNMAPPED,docs/engineering/gates/phase-2/gate-status.md,EXCLUDED_NON_CODE,decision,docs(sds): 锁定合同管理员公司授权范围
codex/f-acc-001-sds,2cf427d6ccb6e0cef0cef3b1460eeaa95ddced53,UNMAPPED,docs/engineering/gates/phase-2/self-review.md,EXCLUDED_NON_CODE,decision,docs(sds): 锁定合同管理员公司授权范围
codex/f-acc-001-sds,2cf427d6ccb6e0cef0cef3b1460eeaa95ddced53,UNMAPPED,docs/traceability/phase2-contract-map.md,EXCLUDED_NON_CODE,decision,docs(sds): 锁定合同管理员公司授权范围
codex/f-acc-001-sds,2cf427d6ccb6e0cef0cef3b1460eeaa95ddced53,UNMAPPED,scripts/generate_phase2_contract_map.py,APPLIED_CODE,decision,docs(sds): 锁定合同管理员公司授权范围
codex/f-acc-001-sds,2cf427d6ccb6e0cef0cef3b1460eeaa95ddced53,UNMAPPED,scripts/tests/test_validate_sds_phase2.py,APPLIED_CODE,decision,docs(sds): 锁定合同管理员公司授权范围
codex/f-acc-001-sds,2cf427d6ccb6e0cef0cef3b1460eeaa95ddced53,UNMAPPED,scripts/validate_sds_phase2.py,APPLIED_CODE,decision,docs(sds): 锁定合同管理员公司授权范围
codex/f-acc-001-sds,887273ef675502795377770625121e445caecfc0,UNMAPPED,docs/engineering/independent-adjudicator-role-and-review-rules.md,EXCLUDED_NON_CODE,decision,docs(engineering): 明确权限审核与正向闭环原则
codex/f-acc-001-sds,887273ef675502795377770625121e445caecfc0,UNMAPPED,-,NO_NET_CODE_CHANGE,decision,docs(engineering): 明确权限审核与正向闭环原则
codex/f-acc-001-sds,518ef2f7c7774a5fc49bc834c1c18ce507f879c4,UNMAPPED,docs/decisions/0038-commerce-contract-administrator-company-scope.md,EXCLUDED_NON_CODE,decision,docs(sds): 回写合同授权差量裁决
codex/f-acc-001-sds,518ef2f7c7774a5fc49bc834c1c18ce507f879c4,UNMAPPED,docs/engineering/gates/phase-2/gate-status.md,EXCLUDED_NON_CODE,decision,docs(sds): 回写合同授权差量裁决
codex/f-acc-001-sds,518ef2f7c7774a5fc49bc834c1c18ce507f879c4,UNMAPPED,docs/engineering/gates/phase-2/self-review.md,EXCLUDED_NON_CODE,decision,docs(sds): 回写合同授权差量裁决
codex/f-acc-001-sds,518ef2f7c7774a5fc49bc834c1c18ce507f879c4,UNMAPPED,scripts/validate_sds_phase2.py,APPLIED_CODE,decision,docs(sds): 回写合同授权差量裁决
codex/f-acc-001-sds,ba329cce134a0fe40e8043c1f9afb2de1c79726c,UNMAPPED,docs/engineering/00-engineering-chain.md,EXCLUDED_NON_CODE,decision,docs(engineering): 明确权限实施与验收原则
codex/f-acc-001-sds,ba329cce134a0fe40e8043c1f9afb2de1c79726c,UNMAPPED,-,NO_NET_CODE_CHANGE,decision,docs(engineering): 明确权限实施与验收原则
codex/f-acc-001-sds,c57ee7b5f5226f5dc902d817c034ff1a8f6618c3,F-COM-001,specs/features/F-COM-001-contract-order-association-and-delivery-scope-allocation.md,EXCLUDED_NON_CODE,decision,docs(commerce): 提交合同订单Feature完整复审
codex/f-acc-001-sds,c57ee7b5f5226f5dc902d817c034ff1a8f6618c3,F-COM-001,specs/features/F-COM-001-legacy-reuse-audit.md,EXCLUDED_NON_CODE,decision,docs(commerce): 提交合同订单Feature完整复审
codex/f-acc-001-sds,c57ee7b5f5226f5dc902d817c034ff1a8f6618c3,F-COM-001,specs/features/F-COM-001-physical-contract.json,EXCLUDED_NON_CODE,decision,docs(commerce): 提交合同订单Feature完整复审
codex/f-acc-001-sds,c57ee7b5f5226f5dc902d817c034ff1a8f6618c3,UNMAPPED,specs/features/README.md,EXCLUDED_NON_CODE,decision,docs(commerce): 提交合同订单Feature完整复审
codex/f-acc-001-sds,c57ee7b5f5226f5dc902d817c034ff1a8f6618c3,UNMAPPED,-,NO_NET_CODE_CHANGE,decision,docs(commerce): 提交合同订单Feature完整复审
codex/f-acc-001-sds,ead6c8bf3eca721a221564ac13c6f656aeb44f9e,F-COM-001,specs/features/F-COM-001-contract-order-association-and-delivery-scope-allocation.md,EXCLUDED_NON_CODE,decision,docs(commerce): 回写合同订单Feature Ready裁决
codex/f-acc-001-sds,ead6c8bf3eca721a221564ac13c6f656aeb44f9e,F-COM-001,specs/features/F-COM-001-physical-contract.json,EXCLUDED_NON_CODE,decision,docs(commerce): 回写合同订单Feature Ready裁决
codex/f-acc-001-sds,ead6c8bf3eca721a221564ac13c6f656aeb44f9e,UNMAPPED,specs/features/README.md,EXCLUDED_NON_CODE,decision,docs(commerce): 回写合同订单Feature Ready裁决
codex/f-acc-001-sds,ead6c8bf3eca721a221564ac13c6f656aeb44f9e,UNMAPPED,-,NO_NET_CODE_CHANGE,decision,docs(commerce): 回写合同订单Feature Ready裁决
codex/f-acc-001-sds,3412e38397776d471c6ea3867def2001609d5b46,F-COM-001,specs/features/F-COM-001-contract-order-association-and-delivery-scope-allocation.md,EXCLUDED_NON_CODE,decision,docs(commerce): 隔离V72受管种子转换
codex/f-acc-001-sds,3412e38397776d471c6ea3867def2001609d5b46,F-COM-001,specs/features/F-COM-001-legacy-reuse-audit.md,EXCLUDED_NON_CODE,decision,docs(commerce): 隔离V72受管种子转换
codex/f-acc-001-sds,3412e38397776d471c6ea3867def2001609d5b46,F-COM-001,specs/features/F-COM-001-physical-contract.json,EXCLUDED_NON_CODE,decision,docs(commerce): 隔离V72受管种子转换
codex/f-acc-001-sds,3412e38397776d471c6ea3867def2001609d5b46,UNMAPPED,-,NO_NET_CODE_CHANGE,decision,docs(commerce): 隔离V72受管种子转换
codex/f-acc-001-sds,8e6db2d3e870de8610e106cf76acbeefa1b6a0d2,F-COM-001,specs/features/F-COM-001-contract-order-association-and-delivery-scope-allocation.md,EXCLUDED_NON_CODE,decision,docs(commerce): 回写V72种子契约裁决
codex/f-acc-001-sds,8e6db2d3e870de8610e106cf76acbeefa1b6a0d2,F-COM-001,specs/features/F-COM-001-physical-contract.json,EXCLUDED_NON_CODE,decision,docs(commerce): 回写V72种子契约裁决
codex/f-acc-001-sds,8e6db2d3e870de8610e106cf76acbeefa1b6a0d2,UNMAPPED,-,NO_NET_CODE_CHANGE,decision,docs(commerce): 回写V72种子契约裁决
codex/f-acc-001-sds,1b698c5cf8315c0cb0dbc76558c40eebfa9262b6,F-COM-001,docs/superpowers/plans/2026-08-29-f-com-001-contract-order-and-delivery-scope.md,EXCLUDED_NON_CODE,decision,docs(commerce): 形成合同订单实施计划
codex/f-acc-001-sds,1b698c5cf8315c0cb0dbc76558c40eebfa9262b6,F-COM-001,specs/features/F-COM-001-contract-order-association-and-delivery-scope-allocation.md,EXCLUDED_NON_CODE,decision,docs(commerce): 形成合同订单实施计划
codex/f-acc-001-sds,1b698c5cf8315c0cb0dbc76558c40eebfa9262b6,UNMAPPED,-,NO_NET_CODE_CHANGE,decision,docs(commerce): 形成合同订单实施计划
codex/f-acc-001-sds,c33b0836f71e0875008a084ff360e7027d276ec9,F-COM-001,docs/superpowers/plans/2026-08-29-f-com-001-contract-order-and-delivery-scope.md,EXCLUDED_NON_CODE,decision,docs(commerce): 闭合V124原子切换计划
codex/f-acc-001-sds,c33b0836f71e0875008a084ff360e7027d276ec9,F-COM-001,specs/features/F-COM-001-contract-order-association-and-delivery-scope-allocation.md,EXCLUDED_NON_CODE,decision,docs(commerce): 闭合V124原子切换计划
codex/f-acc-001-sds,c33b0836f71e0875008a084ff360e7027d276ec9,UNMAPPED,-,NO_NET_CODE_CHANGE,decision,docs(commerce): 闭合V124原子切换计划
codex/f-acc-001-sds,281b2355d59b29508116b8fb21a0ed4272f878b9,F-COM-001,docs/superpowers/plans/2026-08-29-f-com-001-contract-order-and-delivery-scope.md,EXCLUDED_NON_CODE,decision,docs(commerce): 进入合同订单实施阶段
codex/f-acc-001-sds,281b2355d59b29508116b8fb21a0ed4272f878b9,UNMAPPED,docs/traceability/requirement-matrix.md,EXCLUDED_NON_CODE,decision,docs(commerce): 进入合同订单实施阶段
codex/f-acc-001-sds,281b2355d59b29508116b8fb21a0ed4272f878b9,UNMAPPED,docs/traceability/requirement-version-coverage.json,EXCLUDED_NON_CODE,decision,docs(commerce): 进入合同订单实施阶段
codex/f-acc-001-sds,281b2355d59b29508116b8fb21a0ed4272f878b9,F-COM-001,specs/features/F-COM-001-contract-order-association-and-delivery-scope-allocation.md,EXCLUDED_NON_CODE,decision,docs(commerce): 进入合同订单实施阶段
codex/f-acc-001-sds,281b2355d59b29508116b8fb21a0ed4272f878b9,F-COM-001,tasks/features/F-COM-001.md,EXCLUDED_NON_CODE,decision,docs(commerce): 进入合同订单实施阶段
codex/f-acc-001-sds,281b2355d59b29508116b8fb21a0ed4272f878b9,UNMAPPED,-,NO_NET_CODE_CHANGE,decision,docs(commerce): 进入合同订单实施阶段
codex/f-acc-001-sds,c541126b644ff28d72ad8735534a6b63f859c729,UNMAPPED,-,NO_NET_CODE_CHANGE,decision,feat(commerce): 新增合同范围协作契约
codex/f-acc-001-sds,3b9e680a0ede81dd20c1075d8c0ad7982afc5073,F-COM-001,tasks/features/F-COM-001.md,EXCLUDED_NON_CODE,decision,feat(project): 提供合同范围项目事实
codex/f-acc-001-sds,3b9e680a0ede81dd20c1075d8c0ad7982afc5073,UNMAPPED,-,NO_NET_CODE_CHANGE,decision,feat(project): 提供合同范围项目事实
codex/f-acc-001-sds,6490d44c035b74ec5b9e06377c2b32a1619a69ae,UNMAPPED,-,NO_NET_CODE_CHANGE,decision,feat(acceptance): 新增验收范围锁定事实
codex/f-acc-001-sds,9fd37981611e926ff8bce2c39c13685e14f28499,F-COM-001,tasks/features/F-COM-001.md,EXCLUDED_NON_CODE,decision,feat(commerce): 提供验收范围稳定锁读
codex/f-acc-001-sds,9fd37981611e926ff8bce2c39c13685e14f28499,UNMAPPED,-,NO_NET_CODE_CHANGE,decision,feat(commerce): 提供验收范围稳定锁读
codex/f-acc-001-sds,43d63dcd50b65d62ce6ec3a35de55ee7a9e22bc1,F-COM-001,tasks/features/F-COM-001.md,EXCLUDED_NON_CODE,decision,feat(commerce): 实现V124原子前向切换
codex/f-acc-001-sds,43d63dcd50b65d62ce6ec3a35de55ee7a9e22bc1,UNMAPPED,sql/migrations/V204__received_fcom001_contract_order_scope_forward_migration.sql,APPLIED_MIGRATION_RENUMBERED,decision,V124 -> V204
codex/f-acc-001-sds,43d63dcd50b65d62ce6ec3a35de55ee7a9e22bc1,UNMAPPED,sql/migrations/V204__received_fcom001_contract_order_scope_forward_migration.sql,APPLIED_CODE,decision,feat(commerce): 实现V124原子前向切换
codex/f-acc-001-sds,aabf19d7009779dbd9e07c1581935390f4d56bc7,F-COM-001,tasks/features/F-COM-001.md,EXCLUDED_NON_CODE,decision,feat(commerce): 实现权威副本与合同公司范围
codex/f-acc-001-sds,aabf19d7009779dbd9e07c1581935390f4d56bc7,UNMAPPED,-,NO_NET_CODE_CHANGE,decision,feat(commerce): 实现权威副本与合同公司范围
codex/f-acc-001-sds,6bd13e416a4c914e08851cf40f2a161daa0b9f6a,F-COM-001,docs/superpowers/plans/2026-08-29-f-com-001-contract-order-and-delivery-scope.md,EXCLUDED_NON_CODE,decision,feat(project): 补齐范围项目编码事实
codex/f-acc-001-sds,6bd13e416a4c914e08851cf40f2a161daa0b9f6a,UNMAPPED,-,NO_NET_CODE_CHANGE,decision,feat(project): 补齐范围项目编码事实
codex/f-acc-001-sds,cc03787ec9c761358756da6320728928b47eaa39,UNMAPPED,docs/design/08-data-model.md,EXCLUDED_NON_CODE,decision,feat(commerce): 补齐无SN范围产品事实
codex/f-acc-001-sds,cc03787ec9c761358756da6320728928b47eaa39,UNMAPPED,docs/design/09-database-design.md,EXCLUDED_NON_CODE,decision,feat(commerce): 补齐无SN范围产品事实
codex/f-acc-001-sds,cc03787ec9c761358756da6320728928b47eaa39,UNMAPPED,docs/design/10-api-design.md,EXCLUDED_NON_CODE,decision,feat(commerce): 补齐无SN范围产品事实
codex/f-acc-001-sds,cc03787ec9c761358756da6320728928b47eaa39,F-COM-001,docs/superpowers/plans/2026-08-29-f-com-001-contract-order-and-delivery-scope.md,EXCLUDED_NON_CODE,decision,feat(commerce): 补齐无SN范围产品事实
codex/f-acc-001-sds,cc03787ec9c761358756da6320728928b47eaa39,F-COM-001,specs/features/F-COM-001-contract-order-association-and-delivery-scope-allocation.md,EXCLUDED_NON_CODE,decision,feat(commerce): 补齐无SN范围产品事实
codex/f-acc-001-sds,cc03787ec9c761358756da6320728928b47eaa39,F-COM-001,specs/features/F-COM-001-legacy-reuse-audit.md,EXCLUDED_NON_CODE,decision,feat(commerce): 补齐无SN范围产品事实
codex/f-acc-001-sds,cc03787ec9c761358756da6320728928b47eaa39,F-COM-001,specs/features/F-COM-001-physical-contract.json,EXCLUDED_NON_CODE,decision,feat(commerce): 补齐无SN范围产品事实
codex/f-acc-001-sds,cc03787ec9c761358756da6320728928b47eaa39,UNMAPPED,-,NO_NET_CODE_CHANGE,decision,feat(commerce): 补齐无SN范围产品事实
codex/f-acc-001-sds,05af6f3685ce5db5a13df0ec2cc3428e789d700c,F-COM-001,docs/superpowers/plans/2026-08-29-f-com-001-contract-order-and-delivery-scope.md,EXCLUDED_NON_CODE,decision,feat(commerce): 接通范围Owner版本与兼容分配
codex/f-acc-001-sds,05af6f3685ce5db5a13df0ec2cc3428e789d700c,F-COM-001,specs/features/F-COM-001-contract-order-association-and-delivery-scope-allocation.md,EXCLUDED_NON_CODE,decision,feat(commerce): 接通范围Owner版本与兼容分配
codex/f-acc-001-sds,05af6f3685ce5db5a13df0ec2cc3428e789d700c,F-COM-001,specs/features/F-COM-001-physical-contract.json,EXCLUDED_NON_CODE,decision,feat(commerce): 接通范围Owner版本与兼容分配
codex/f-acc-001-sds,05af6f3685ce5db5a13df0ec2cc3428e789d700c,UNMAPPED,pms-module-commerce/src/main/resources/mapper/order/SalesOrderLineMapper.xml,APPLIED_CODE,decision,feat(commerce): 接通范围Owner版本与兼容分配
codex/f-acc-001-sds,63b6efc0a149bf713da6fbd9717ab6648f4cea79,UNMAPPED,-,NO_NET_CODE_CHANGE,decision,feat(commerce): 冻结ERP减量冲突范围
codex/f-acc-001-sds,b6c0176c9ad0f4c130ab4ece83e42d7595dd3c52,UNMAPPED,-,NO_NET_CODE_CHANGE,decision,feat(commerce): 实现范围调整与释放命令
codex/f-acc-001-sds,c48f70f008bdf3cba5aec1f38586089fe63596bd,F-COM-001,tasks/features/F-COM-001.md,EXCLUDED_NON_CODE,decision,docs: 切换F-COM-001至验收范围绑定实施
codex/f-acc-001-sds,c48f70f008bdf3cba5aec1f38586089fe63596bd,F-COM-001,-,NO_NET_CODE_CHANGE,decision,docs: 切换F-COM-001至验收范围绑定实施
codex/f-acc-001-sds,f25e0ebfd38c78e80937de4100a6564b35533da5,UNMAPPED,-,NO_NET_CODE_CHANGE,decision,feat(commerce): 原子绑定验收阶段内新范围
codex/f-acc-001-sds,21c07181b6667f47e18a81ca3dee2114ab3d5074,UNMAPPED,-,NO_NET_CODE_CHANGE,decision,feat(project): 原子进入项目验收阶段
codex/f-acc-001-sds,16ef0f465a0f08ddd7cc90c4b23e5fea11f54975,F-COM-001,tasks/features/F-COM-001.md,EXCLUDED_NON_CODE,decision,docs: 切换F-COM-001至接口与页面实施
codex/f-acc-001-sds,16ef0f465a0f08ddd7cc90c4b23e5fea11f54975,F-COM-001,-,NO_NET_CODE_CHANGE,decision,docs: 切换F-COM-001至接口与页面实施
codex/f-acc-001-sds,a8418dbb6800fe892ddb1a51b9380d149574b4a5,UNMAPPED,pms-module-commerce/src/main/resources/mapper/order/SalesOrderLineMapper.xml,APPLIED_CODE,decision,feat(commerce): 收紧合同访问与关系范围
codex/f-acc-001-sds,06593a42796076cb67392dcd71e4ab5ad29de665,UNMAPPED,-,NO_NET_CODE_CHANGE,decision,feat(commerce): 新增交付范围授权查询
codex/f-acc-001-sds,76a3dfc7721e427dbf0e80e89dd26aab6c87701c,UNMAPPED,pms-module-commerce/src/main/java/cn/iocoder/yudao/module/pms/commerce/service/scope/CommerceDeliveryScopeCommandService.java,APPLIED_CODE,decision,feat(commerce): 接通商务与验收阶段REST
codex/f-acc-001-sds,65639c9c913cf506430fb74fec88ba59be0c2501,UNMAPPED,sql/migrations/V125__fcom001_permissions_menu_and_acceptance_seed.sql,APPLIED_CONFLICT_NEW_FILE,decision,feat(commerce): 完成V125权限与验收种子
codex/f-acc-001-sds,65639c9c913cf506430fb74fec88ba59be0c2501,UNMAPPED,-,NO_NET_CODE_CHANGE,decision,feat(commerce): 完成V125权限与验收种子
codex/f-acc-001-sds,835a1a57f17b483068cbd841b4861d153ef24147,UNMAPPED,-,NO_NET_CODE_CHANGE,decision,feat(commerce): 新增合同与交付范围工作台
codex/f-acc-001-sds,fd9f2a5d5d52496ccbdf698700af5b4e9b65cb40,F-COM-001,tasks/features/F-COM-001.md,EXCLUDED_NON_CODE,decision,docs: 切换F-COM-001至聚焦回归
codex/f-acc-001-sds,fd9f2a5d5d52496ccbdf698700af5b4e9b65cb40,F-COM-001,-,NO_NET_CODE_CHANGE,decision,docs: 切换F-COM-001至聚焦回归
codex/f-acc-001-sds,a0acdf87c717edb75283d53f18108e4c579a21a8,F-COM-001,tasks/features/F-COM-001.md,EXCLUDED_NON_CODE,decision,docs: 切换F-COM-001至整体验证
codex/f-acc-001-sds,a0acdf87c717edb75283d53f18108e4c579a21a8,F-COM-001,-,NO_NET_CODE_CHANGE,decision,docs: 切换F-COM-001至整体验证
codex/f-acc-001-sds,ac8a6c9a39ed6abd35b3885fbaddd601ba26868c,UNMAPPED,-,NO_NET_CODE_CHANGE,decision,fix(commerce): 修复V125并补全真实事务验证
codex/f-acc-001-sds,2566bfe0e16985820c4577c642e51274d8d9d79f,F-COM-001,tasks/features/F-COM-001.md,EXCLUDED_NON_CODE,decision,docs: 切换F-COM-001至前端验证
codex/f-acc-001-sds,2566bfe0e16985820c4577c642e51274d8d9d79f,F-COM-001,-,NO_NET_CODE_CHANGE,decision,docs: 切换F-COM-001至前端验证
codex/f-acc-001-sds,8c2feeff72fe452cbb81bde305826002066c7aaf,UNMAPPED,-,NO_NET_CODE_CHANGE,decision,test(commerce): 兼容规范化媒体查询
codex/f-acc-001-sds,9d01d95316ffddb1763a4c67f9461f2bf8e3256d,F-COM-001,tasks/features/F-COM-001.md,EXCLUDED_NON_CODE,decision,docs: 切换F-COM-001至全仓验证
codex/f-acc-001-sds,9d01d95316ffddb1763a4c67f9461f2bf8e3256d,F-COM-001,-,NO_NET_CODE_CHANGE,decision,docs: 切换F-COM-001至全仓验证
codex/f-acc-001-sds,57eb41ea0cc72413209b3ef5e94ff670537458e4,F-COM-001,tasks/features/F-COM-001.md,EXCLUDED_NON_CODE,decision,docs: 切换F-COM-001至浏览器验收
codex/f-acc-001-sds,57eb41ea0cc72413209b3ef5e94ff670537458e4,F-COM-001,-,NO_NET_CODE_CHANGE,decision,docs: 切换F-COM-001至浏览器验收
codex/f-acc-001-sds,505aaf78b749d86190df72440c4f0ddfca7c9cda,F-COM-001,docs/superpowers/plans/2026-08-29-f-com-001-contract-order-and-delivery-scope.md,EXCLUDED_NON_CODE,decision,docs: 锁定商务权威受控导入接口
codex/f-acc-001-sds,505aaf78b749d86190df72440c4f0ddfca7c9cda,F-COM-001,specs/features/F-COM-001-contract-order-association-and-delivery-scope-allocation.md,EXCLUDED_NON_CODE,decision,docs: 锁定商务权威受控导入接口
codex/f-acc-001-sds,505aaf78b749d86190df72440c4f0ddfca7c9cda,F-COM-001,specs/features/F-COM-001-physical-contract.json,EXCLUDED_NON_CODE,decision,docs: 锁定商务权威受控导入接口
codex/f-acc-001-sds,505aaf78b749d86190df72440c4f0ddfca7c9cda,UNMAPPED,scripts/tests/test_fcom001_feature_contract.py,APPLIED_CODE,decision,docs: 锁定商务权威受控导入接口
codex/f-acc-001-sds,0eb01df12559deb3ad98dc33e25550fe3c53194a,UNMAPPED,-,NO_NET_CODE_CHANGE,decision,feat(commerce): 新增权威批次受控导入
codex/f-acc-001-sds,7d578e3749e8a1262e1589d1d3342c98872d91aa,F-COM-001,docs/superpowers/plans/2026-08-29-f-com-001-contract-order-and-delivery-scope.md,EXCLUDED_NON_CODE,decision,feat(commerce): 新增验收阶段进入受管夹具
codex/f-acc-001-sds,7d578e3749e8a1262e1589d1d3342c98872d91aa,F-COM-001,tasks/features/F-COM-001.md,EXCLUDED_NON_CODE,decision,feat(commerce): 新增验收阶段进入受管夹具
codex/f-acc-001-sds,7d578e3749e8a1262e1589d1d3342c98872d91aa,UNMAPPED,scripts/tests/test_fcom001_v126_migration.py,APPLIED_CODE,decision,feat(commerce): 新增验收阶段进入受管夹具
codex/f-acc-001-sds,32092b115a32262070d62b60bb3d429da3e496c6,F-COM-001,docs/superpowers/plans/2026-08-29-f-com-001-contract-order-and-delivery-scope.md,EXCLUDED_NON_CODE,decision,fix(commerce): 修复验收身份与范围绑定写入
codex/f-acc-001-sds,32092b115a32262070d62b60bb3d429da3e496c6,F-COM-001,tasks/features/F-COM-001.md,EXCLUDED_NON_CODE,decision,fix(commerce): 修复验收身份与范围绑定写入
codex/f-acc-001-sds,32092b115a32262070d62b60bb3d429da3e496c6,UNMAPPED,scripts/tests/test_fcom001_v127_migration.py,APPLIED_CODE,decision,fix(commerce): 修复验收身份与范围绑定写入
codex/f-acc-001-sds,3a78e2beee6ef574cb03734ab2235c8f7506cf11,UNMAPPED,-,NO_NET_CODE_CHANGE,decision,fix(commerce): 隔离合同商务敏感字段
codex/f-acc-001-sds,a57c23c861d13097c67cb7c49f685db4a8996657,F-COM-001,docs/engineering/evidence/f-com-001-browser-evidence.json,EXCLUDED_NON_CODE,decision,test(commerce): 完成真实浏览器验收
codex/f-acc-001-sds,a57c23c861d13097c67cb7c49f685db4a8996657,F-COM-001,docs/engineering/evidence/f-com-001-browser/screenshots/delivery-scope-1024.png,EXCLUDED_NON_CODE,decision,test(commerce): 完成真实浏览器验收
codex/f-acc-001-sds,a57c23c861d13097c67cb7c49f685db4a8996657,F-COM-001,docs/engineering/evidence/f-com-001-browser/screenshots/delivery-scope-1440.png,EXCLUDED_NON_CODE,decision,test(commerce): 完成真实浏览器验收
codex/f-acc-001-sds,a57c23c861d13097c67cb7c49f685db4a8996657,F-COM-001,docs/engineering/evidence/f-com-001-browser/screenshots/delivery-scope-768.png,EXCLUDED_NON_CODE,decision,test(commerce): 完成真实浏览器验收
codex/f-acc-001-sds,a57c23c861d13097c67cb7c49f685db4a8996657,F-COM-001,docs/engineering/evidence/f-com-001-browser/screenshots/stage-project-binding.png,EXCLUDED_NON_CODE,decision,test(commerce): 完成真实浏览器验收
codex/f-acc-001-sds,a57c23c861d13097c67cb7c49f685db4a8996657,F-COM-001,tasks/features/F-COM-001.md,EXCLUDED_NON_CODE,decision,test(commerce): 完成真实浏览器验收
codex/f-acc-001-sds,a57c23c861d13097c67cb7c49f685db4a8996657,UNMAPPED,-,NO_NET_CODE_CHANGE,decision,test(commerce): 完成真实浏览器验收
codex/f-acc-001-sds,5e56728152f642302bfee63e641465ab29b4af36,F-COM-001,docs/engineering/evidence/f-com-001-browser-evidence.json,EXCLUDED_NON_CODE,decision,fix(commerce): 闭合公开读取与业务拒绝语义
codex/f-acc-001-sds,5e56728152f642302bfee63e641465ab29b4af36,F-COM-001,docs/engineering/evidence/f-com-001-browser/screenshots/delivery-scope-1024.png,EXCLUDED_NON_CODE,decision,fix(commerce): 闭合公开读取与业务拒绝语义
codex/f-acc-001-sds,5e56728152f642302bfee63e641465ab29b4af36,F-COM-001,docs/engineering/evidence/f-com-001-browser/screenshots/delivery-scope-1440.png,EXCLUDED_NON_CODE,decision,fix(commerce): 闭合公开读取与业务拒绝语义
codex/f-acc-001-sds,5e56728152f642302bfee63e641465ab29b4af36,F-COM-001,docs/engineering/evidence/f-com-001-browser/screenshots/delivery-scope-768.png,EXCLUDED_NON_CODE,decision,fix(commerce): 闭合公开读取与业务拒绝语义
codex/f-acc-001-sds,5e56728152f642302bfee63e641465ab29b4af36,F-COM-001,docs/engineering/evidence/f-com-001-browser/screenshots/stage-project-binding.png,EXCLUDED_NON_CODE,decision,fix(commerce): 闭合公开读取与业务拒绝语义
codex/f-acc-001-sds,5e56728152f642302bfee63e641465ab29b4af36,F-COM-001,tasks/features/F-COM-001.md,EXCLUDED_NON_CODE,decision,fix(commerce): 闭合公开读取与业务拒绝语义
codex/f-acc-001-sds,5e56728152f642302bfee63e641465ab29b4af36,UNMAPPED,-,NO_NET_CODE_CHANGE,decision,fix(commerce): 闭合公开读取与业务拒绝语义
codex/f-acc-001-sds,563daac11db0ce09027c62b602e56e9544fdd4f6,F-COM-001,tasks/features/F-COM-001.md,EXCLUDED_NON_CODE,decision,fix(commerce): 闭合项目范围与ACC错误分类
codex/f-acc-001-sds,563daac11db0ce09027c62b602e56e9544fdd4f6,UNMAPPED,-,NO_NET_CODE_CHANGE,decision,fix(commerce): 闭合项目范围与ACC错误分类
codex/f-acc-001-sds,76d18f29bd6e3a04c1e7f65f0390f8f387ee52db,F-COM-001,tasks/features/F-COM-001.md,EXCLUDED_NON_CODE,decision,docs(commerce): 回写Implementation Done裁决
codex/f-acc-001-sds,76d18f29bd6e3a04c1e7f65f0390f8f387ee52db,UNMAPPED,-,NO_NET_CODE_CHANGE,decision,docs(commerce): 回写Implementation Done裁决
codex/f-acc-001-sds,21423d9c17e1f67846558d031273e4d1398d6a3d,UNMAPPED,docs/traceability/requirement-matrix.md,EXCLUDED_NON_CODE,decision,docs(traceability): 同步COM实施完成投影
codex/f-acc-001-sds,21423d9c17e1f67846558d031273e4d1398d6a3d,UNMAPPED,docs/traceability/requirement-version-coverage.json,EXCLUDED_NON_CODE,decision,docs(traceability): 同步COM实施完成投影
codex/f-acc-001-sds,21423d9c17e1f67846558d031273e4d1398d6a3d,UNMAPPED,-,NO_NET_CODE_CHANGE,decision,docs(traceability): 同步COM实施完成投影
codex/f-acc-001-sds,20bca44b9aa1a4c083685673cfe8536308aca9c9,F-ACC-001,docs/decisions/0039-acceptance-report-version-and-deliverable-index.md,EXCLUDED_NON_CODE,decision,docs(acceptance): 形成验收报告版本SDS差量
codex/f-acc-001-sds,20bca44b9aa1a4c083685673cfe8536308aca9c9,UNMAPPED,docs/design/02-domain-model.md,EXCLUDED_NON_CODE,decision,docs(acceptance): 形成验收报告版本SDS差量
codex/f-acc-001-sds,20bca44b9aa1a4c083685673cfe8536308aca9c9,UNMAPPED,docs/design/04-module-design.md,EXCLUDED_NON_CODE,decision,docs(acceptance): 形成验收报告版本SDS差量
codex/f-acc-001-sds,20bca44b9aa1a4c083685673cfe8536308aca9c9,UNMAPPED,docs/design/05-state-machine.md,EXCLUDED_NON_CODE,decision,docs(acceptance): 形成验收报告版本SDS差量
codex/f-acc-001-sds,20bca44b9aa1a4c083685673cfe8536308aca9c9,UNMAPPED,docs/design/06-workflow-design.md,EXCLUDED_NON_CODE,decision,docs(acceptance): 形成验收报告版本SDS差量
codex/f-acc-001-sds,20bca44b9aa1a4c083685673cfe8536308aca9c9,UNMAPPED,docs/design/08-data-model.md,EXCLUDED_NON_CODE,decision,docs(acceptance): 形成验收报告版本SDS差量
codex/f-acc-001-sds,20bca44b9aa1a4c083685673cfe8536308aca9c9,UNMAPPED,docs/design/08a-domain-entity-migration-alignment.md,EXCLUDED_NON_CODE,decision,docs(acceptance): 形成验收报告版本SDS差量
codex/f-acc-001-sds,20bca44b9aa1a4c083685673cfe8536308aca9c9,UNMAPPED,docs/design/09-database-design.md,EXCLUDED_NON_CODE,decision,docs(acceptance): 形成验收报告版本SDS差量
codex/f-acc-001-sds,20bca44b9aa1a4c083685673cfe8536308aca9c9,UNMAPPED,docs/design/10-api-design.md,EXCLUDED_NON_CODE,decision,docs(acceptance): 形成验收报告版本SDS差量
codex/f-acc-001-sds,20bca44b9aa1a4c083685673cfe8536308aca9c9,UNMAPPED,docs/design/11-event-design.md,EXCLUDED_NON_CODE,decision,docs(acceptance): 形成验收报告版本SDS差量
codex/f-acc-001-sds,20bca44b9aa1a4c083685673cfe8536308aca9c9,UNMAPPED,docs/design/15-cache-and-concurrency.md,EXCLUDED_NON_CODE,decision,docs(acceptance): 形成验收报告版本SDS差量
codex/f-acc-001-sds,20bca44b9aa1a4c083685673cfe8536308aca9c9,UNMAPPED,docs/design/16-exception-and-idempotency.md,EXCLUDED_NON_CODE,decision,docs(acceptance): 形成验收报告版本SDS差量
codex/f-acc-001-sds,20bca44b9aa1a4c083685673cfe8536308aca9c9,UNMAPPED,docs/engineering/gates/phase-2/README.md,EXCLUDED_NON_CODE,decision,docs(acceptance): 形成验收报告版本SDS差量
codex/f-acc-001-sds,20bca44b9aa1a4c083685673cfe8536308aca9c9,UNMAPPED,docs/engineering/gates/phase-2/gate-status.md,EXCLUDED_NON_CODE,decision,docs(acceptance): 形成验收报告版本SDS差量
codex/f-acc-001-sds,20bca44b9aa1a4c083685673cfe8536308aca9c9,UNMAPPED,docs/engineering/gates/phase-2/independent-review.md,EXCLUDED_NON_CODE,decision,docs(acceptance): 形成验收报告版本SDS差量
codex/f-acc-001-sds,20bca44b9aa1a4c083685673cfe8536308aca9c9,UNMAPPED,docs/engineering/gates/phase-2/self-review.md,EXCLUDED_NON_CODE,decision,docs(acceptance): 形成验收报告版本SDS差量
codex/f-acc-001-sds,20bca44b9aa1a4c083685673cfe8536308aca9c9,UNMAPPED,docs/traceability/domain-entity-migration-contract.json,EXCLUDED_NON_CODE,decision,docs(acceptance): 形成验收报告版本SDS差量
codex/f-acc-001-sds,20bca44b9aa1a4c083685673cfe8536308aca9c9,UNMAPPED,docs/traceability/domain-entity-migration-contract.md,EXCLUDED_NON_CODE,decision,docs(acceptance): 形成验收报告版本SDS差量
codex/f-acc-001-sds,20bca44b9aa1a4c083685673cfe8536308aca9c9,UNMAPPED,docs/traceability/domain-object-table-map.json,EXCLUDED_NON_CODE,decision,docs(acceptance): 形成验收报告版本SDS差量
codex/f-acc-001-sds,20bca44b9aa1a4c083685673cfe8536308aca9c9,UNMAPPED,docs/traceability/phase2-contract-map.md,EXCLUDED_NON_CODE,decision,docs(acceptance): 形成验收报告版本SDS差量
codex/f-acc-001-sds,20bca44b9aa1a4c083685673cfe8536308aca9c9,UNMAPPED,scripts/generate_phase2_contract_map.py,APPLIED_CODE,decision,docs(acceptance): 形成验收报告版本SDS差量
codex/f-acc-001-sds,20bca44b9aa1a4c083685673cfe8536308aca9c9,UNMAPPED,scripts/tests/test_validate_sds_phase2.py,APPLIED_CODE,decision,docs(acceptance): 形成验收报告版本SDS差量
codex/f-acc-001-sds,20bca44b9aa1a4c083685673cfe8536308aca9c9,UNMAPPED,scripts/validate_sds_phase2.py,APPLIED_CODE,decision,docs(acceptance): 形成验收报告版本SDS差量
codex/f-acc-001-sds,5c1e1ff2498abf838310da607ae5d1426953b3ad,UNMAPPED,docs/design/02-domain-model.md,EXCLUDED_NON_CODE,decision,docs(acceptance): 闭合报告换版与撤销契约
codex/f-acc-001-sds,5c1e1ff2498abf838310da607ae5d1426953b3ad,UNMAPPED,docs/design/04-module-design.md,EXCLUDED_NON_CODE,decision,docs(acceptance): 闭合报告换版与撤销契约
codex/f-acc-001-sds,5c1e1ff2498abf838310da607ae5d1426953b3ad,UNMAPPED,docs/design/05-state-machine.md,EXCLUDED_NON_CODE,decision,docs(acceptance): 闭合报告换版与撤销契约
codex/f-acc-001-sds,5c1e1ff2498abf838310da607ae5d1426953b3ad,UNMAPPED,docs/design/06-workflow-design.md,EXCLUDED_NON_CODE,decision,docs(acceptance): 闭合报告换版与撤销契约
codex/f-acc-001-sds,5c1e1ff2498abf838310da607ae5d1426953b3ad,UNMAPPED,docs/design/08-data-model.md,EXCLUDED_NON_CODE,decision,docs(acceptance): 闭合报告换版与撤销契约
codex/f-acc-001-sds,5c1e1ff2498abf838310da607ae5d1426953b3ad,UNMAPPED,docs/design/08a-domain-entity-migration-alignment.md,EXCLUDED_NON_CODE,decision,docs(acceptance): 闭合报告换版与撤销契约
codex/f-acc-001-sds,5c1e1ff2498abf838310da607ae5d1426953b3ad,UNMAPPED,docs/design/09-database-design.md,EXCLUDED_NON_CODE,decision,docs(acceptance): 闭合报告换版与撤销契约
codex/f-acc-001-sds,5c1e1ff2498abf838310da607ae5d1426953b3ad,UNMAPPED,docs/design/10-api-design.md,EXCLUDED_NON_CODE,decision,docs(acceptance): 闭合报告换版与撤销契约
codex/f-acc-001-sds,5c1e1ff2498abf838310da607ae5d1426953b3ad,UNMAPPED,docs/design/11-event-design.md,EXCLUDED_NON_CODE,decision,docs(acceptance): 闭合报告换版与撤销契约
codex/f-acc-001-sds,5c1e1ff2498abf838310da607ae5d1426953b3ad,UNMAPPED,docs/design/15-cache-and-concurrency.md,EXCLUDED_NON_CODE,decision,docs(acceptance): 闭合报告换版与撤销契约
codex/f-acc-001-sds,5c1e1ff2498abf838310da607ae5d1426953b3ad,UNMAPPED,docs/design/16-exception-and-idempotency.md,EXCLUDED_NON_CODE,decision,docs(acceptance): 闭合报告换版与撤销契约
codex/f-acc-001-sds,5c1e1ff2498abf838310da607ae5d1426953b3ad,UNMAPPED,docs/engineering/gates/phase-2/gate-status.md,EXCLUDED_NON_CODE,decision,docs(acceptance): 闭合报告换版与撤销契约
codex/f-acc-001-sds,5c1e1ff2498abf838310da607ae5d1426953b3ad,UNMAPPED,docs/engineering/gates/phase-2/self-review.md,EXCLUDED_NON_CODE,decision,docs(acceptance): 闭合报告换版与撤销契约
codex/f-acc-001-sds,5c1e1ff2498abf838310da607ae5d1426953b3ad,UNMAPPED,docs/traceability/domain-entity-migration-contract.json,EXCLUDED_NON_CODE,decision,docs(acceptance): 闭合报告换版与撤销契约
codex/f-acc-001-sds,5c1e1ff2498abf838310da607ae5d1426953b3ad,UNMAPPED,docs/traceability/domain-entity-migration-contract.md,EXCLUDED_NON_CODE,decision,docs(acceptance): 闭合报告换版与撤销契约
codex/f-acc-001-sds,5c1e1ff2498abf838310da607ae5d1426953b3ad,UNMAPPED,docs/traceability/domain-object-table-map.json,EXCLUDED_NON_CODE,decision,docs(acceptance): 闭合报告换版与撤销契约
codex/f-acc-001-sds,5c1e1ff2498abf838310da607ae5d1426953b3ad,UNMAPPED,docs/traceability/phase2-contract-map.md,EXCLUDED_NON_CODE,decision,docs(acceptance): 闭合报告换版与撤销契约
codex/f-acc-001-sds,5c1e1ff2498abf838310da607ae5d1426953b3ad,UNMAPPED,scripts/generate_phase2_contract_map.py,APPLIED_CODE,decision,docs(acceptance): 闭合报告换版与撤销契约
codex/f-acc-001-sds,5c1e1ff2498abf838310da607ae5d1426953b3ad,UNMAPPED,scripts/validate_sds_phase2.py,APPLIED_CODE,decision,docs(acceptance): 闭合报告换版与撤销契约
codex/f-acc-001-sds,e3f8fe558f3ee5c4061fd68d910252e2285ce72a,UNMAPPED,docs/engineering/gates/phase-2/README.md,EXCLUDED_NON_CODE,decision,docs(acceptance): 回写报告SDS差量裁决
codex/f-acc-001-sds,e3f8fe558f3ee5c4061fd68d910252e2285ce72a,UNMAPPED,docs/engineering/gates/phase-2/gate-status.md,EXCLUDED_NON_CODE,decision,docs(acceptance): 回写报告SDS差量裁决
codex/f-acc-001-sds,e3f8fe558f3ee5c4061fd68d910252e2285ce72a,UNMAPPED,docs/engineering/gates/phase-2/independent-review.md,EXCLUDED_NON_CODE,decision,docs(acceptance): 回写报告SDS差量裁决
codex/f-acc-001-sds,e3f8fe558f3ee5c4061fd68d910252e2285ce72a,UNMAPPED,docs/engineering/gates/phase-2/self-review.md,EXCLUDED_NON_CODE,decision,docs(acceptance): 回写报告SDS差量裁决
codex/f-acc-001-sds,e3f8fe558f3ee5c4061fd68d910252e2285ce72a,UNMAPPED,scripts/validate_sds_phase2.py,APPLIED_CODE,decision,docs(acceptance): 回写报告SDS差量裁决
codex/f-acc-001-sds,b628ee3eb1899f7c7e83d84b860ae7fd648f2a83,UNMAPPED,docs/traceability/requirement-matrix.md,EXCLUDED_NON_CODE,decision,docs(acceptance): 形成报告版本Feature候选
codex/f-acc-001-sds,b628ee3eb1899f7c7e83d84b860ae7fd648f2a83,UNMAPPED,docs/traceability/requirement-version-coverage.json,EXCLUDED_NON_CODE,decision,docs(acceptance): 形成报告版本Feature候选
codex/f-acc-001-sds,b628ee3eb1899f7c7e83d84b860ae7fd648f2a83,F-ACC-001,specs/features/F-ACC-001-acceptance-report-version-and-deliverable-sync.md,EXCLUDED_NON_CODE,decision,docs(acceptance): 形成报告版本Feature候选
codex/f-acc-001-sds,b628ee3eb1899f7c7e83d84b860ae7fd648f2a83,F-ACC-001,specs/features/F-ACC-001-legacy-reuse-audit.md,EXCLUDED_NON_CODE,decision,docs(acceptance): 形成报告版本Feature候选
codex/f-acc-001-sds,b628ee3eb1899f7c7e83d84b860ae7fd648f2a83,F-ACC-001,specs/features/F-ACC-001-physical-contract.json,EXCLUDED_NON_CODE,decision,docs(acceptance): 形成报告版本Feature候选
codex/f-acc-001-sds,b628ee3eb1899f7c7e83d84b860ae7fd648f2a83,UNMAPPED,specs/features/README.md,EXCLUDED_NON_CODE,decision,docs(acceptance): 形成报告版本Feature候选
codex/f-acc-001-sds,b628ee3eb1899f7c7e83d84b860ae7fd648f2a83,UNMAPPED,-,NO_NET_CODE_CHANGE,decision,docs(acceptance): 形成报告版本Feature候选
codex/f-acc-001-sds,8cf0d9e6afbf0d481f70ed9d06caed6d9d4fcf88,UNMAPPED,docs/decisions/0040-acceptance-file-fact-and-activity-initialization.md,EXCLUDED_NON_CODE,decision,docs(acceptance): 闭合文件事实与活动初始化契约
codex/f-acc-001-sds,8cf0d9e6afbf0d481f70ed9d06caed6d9d4fcf88,UNMAPPED,docs/design/02d-cross-context-contracts.md,EXCLUDED_NON_CODE,decision,docs(acceptance): 闭合文件事实与活动初始化契约
codex/f-acc-001-sds,8cf0d9e6afbf0d481f70ed9d06caed6d9d4fcf88,UNMAPPED,docs/design/04-module-design.md,EXCLUDED_NON_CODE,decision,docs(acceptance): 闭合文件事实与活动初始化契约
codex/f-acc-001-sds,8cf0d9e6afbf0d481f70ed9d06caed6d9d4fcf88,UNMAPPED,docs/design/08-data-model.md,EXCLUDED_NON_CODE,decision,docs(acceptance): 闭合文件事实与活动初始化契约
codex/f-acc-001-sds,8cf0d9e6afbf0d481f70ed9d06caed6d9d4fcf88,UNMAPPED,docs/design/08a-domain-entity-migration-alignment.md,EXCLUDED_NON_CODE,decision,docs(acceptance): 闭合文件事实与活动初始化契约
codex/f-acc-001-sds,8cf0d9e6afbf0d481f70ed9d06caed6d9d4fcf88,UNMAPPED,docs/design/09-database-design.md,EXCLUDED_NON_CODE,decision,docs(acceptance): 闭合文件事实与活动初始化契约
codex/f-acc-001-sds,8cf0d9e6afbf0d481f70ed9d06caed6d9d4fcf88,UNMAPPED,docs/design/10-api-design.md,EXCLUDED_NON_CODE,decision,docs(acceptance): 闭合文件事实与活动初始化契约
codex/f-acc-001-sds,8cf0d9e6afbf0d481f70ed9d06caed6d9d4fcf88,UNMAPPED,docs/design/11-event-design.md,EXCLUDED_NON_CODE,decision,docs(acceptance): 闭合文件事实与活动初始化契约
codex/f-acc-001-sds,8cf0d9e6afbf0d481f70ed9d06caed6d9d4fcf88,UNMAPPED,docs/design/13-file-design.md,EXCLUDED_NON_CODE,decision,docs(acceptance): 闭合文件事实与活动初始化契约
codex/f-acc-001-sds,8cf0d9e6afbf0d481f70ed9d06caed6d9d4fcf88,UNMAPPED,docs/design/15-cache-and-concurrency.md,EXCLUDED_NON_CODE,decision,docs(acceptance): 闭合文件事实与活动初始化契约
codex/f-acc-001-sds,8cf0d9e6afbf0d481f70ed9d06caed6d9d4fcf88,UNMAPPED,docs/design/16-exception-and-idempotency.md,EXCLUDED_NON_CODE,decision,docs(acceptance): 闭合文件事实与活动初始化契约
codex/f-acc-001-sds,8cf0d9e6afbf0d481f70ed9d06caed6d9d4fcf88,UNMAPPED,docs/engineering/gates/phase-2/gate-status.md,EXCLUDED_NON_CODE,decision,docs(acceptance): 闭合文件事实与活动初始化契约
codex/f-acc-001-sds,8cf0d9e6afbf0d481f70ed9d06caed6d9d4fcf88,UNMAPPED,docs/engineering/gates/phase-2/self-review.md,EXCLUDED_NON_CODE,decision,docs(acceptance): 闭合文件事实与活动初始化契约
codex/f-acc-001-sds,8cf0d9e6afbf0d481f70ed9d06caed6d9d4fcf88,UNMAPPED,scripts/validate_sds_phase2.py,APPLIED_CODE,decision,docs(acceptance): 闭合文件事实与活动初始化契约
codex/f-acc-001-sds,6b51d9af700ac06d3261ec9c050ee81f0802bbd4,UNMAPPED,docs/decisions/0040-acceptance-file-fact-and-activity-initialization.md,EXCLUDED_NON_CODE,decision,docs(acceptance): 闭合附件归档下载与存量切换
codex/f-acc-001-sds,6b51d9af700ac06d3261ec9c050ee81f0802bbd4,UNMAPPED,docs/design/02d-cross-context-contracts.md,EXCLUDED_NON_CODE,decision,docs(acceptance): 闭合附件归档下载与存量切换
codex/f-acc-001-sds,6b51d9af700ac06d3261ec9c050ee81f0802bbd4,UNMAPPED,docs/design/08-data-model.md,EXCLUDED_NON_CODE,decision,docs(acceptance): 闭合附件归档下载与存量切换
codex/f-acc-001-sds,6b51d9af700ac06d3261ec9c050ee81f0802bbd4,UNMAPPED,docs/design/08a-domain-entity-migration-alignment.md,EXCLUDED_NON_CODE,decision,docs(acceptance): 闭合附件归档下载与存量切换
codex/f-acc-001-sds,6b51d9af700ac06d3261ec9c050ee81f0802bbd4,UNMAPPED,docs/design/09-database-design.md,EXCLUDED_NON_CODE,decision,docs(acceptance): 闭合附件归档下载与存量切换
codex/f-acc-001-sds,6b51d9af700ac06d3261ec9c050ee81f0802bbd4,UNMAPPED,docs/design/10-api-design.md,EXCLUDED_NON_CODE,decision,docs(acceptance): 闭合附件归档下载与存量切换
codex/f-acc-001-sds,6b51d9af700ac06d3261ec9c050ee81f0802bbd4,UNMAPPED,docs/design/13-file-design.md,EXCLUDED_NON_CODE,decision,docs(acceptance): 闭合附件归档下载与存量切换
codex/f-acc-001-sds,6b51d9af700ac06d3261ec9c050ee81f0802bbd4,UNMAPPED,docs/design/15-cache-and-concurrency.md,EXCLUDED_NON_CODE,decision,docs(acceptance): 闭合附件归档下载与存量切换
codex/f-acc-001-sds,6b51d9af700ac06d3261ec9c050ee81f0802bbd4,UNMAPPED,docs/design/16-exception-and-idempotency.md,EXCLUDED_NON_CODE,decision,docs(acceptance): 闭合附件归档下载与存量切换
codex/f-acc-001-sds,6b51d9af700ac06d3261ec9c050ee81f0802bbd4,UNMAPPED,docs/engineering/gates/phase-2/self-review.md,EXCLUDED_NON_CODE,decision,docs(acceptance): 闭合附件归档下载与存量切换
codex/f-acc-001-sds,6b51d9af700ac06d3261ec9c050ee81f0802bbd4,UNMAPPED,scripts/validate_sds_phase2.py,APPLIED_CODE,decision,docs(acceptance): 闭合附件归档下载与存量切换
codex/f-acc-001-sds,eba78387b3a7cebcb5c5348d303ff0d23579f734,UNMAPPED,docs/engineering/gates/phase-2/gate-status.md,EXCLUDED_NON_CODE,decision,docs(acceptance): 回写文件与活动SDS裁决
codex/f-acc-001-sds,eba78387b3a7cebcb5c5348d303ff0d23579f734,UNMAPPED,docs/engineering/gates/phase-2/self-review.md,EXCLUDED_NON_CODE,decision,docs(acceptance): 回写文件与活动SDS裁决
codex/f-acc-001-sds,eba78387b3a7cebcb5c5348d303ff0d23579f734,UNMAPPED,scripts/validate_sds_phase2.py,APPLIED_CODE,decision,docs(acceptance): 回写文件与活动SDS裁决
codex/f-acc-001-sds,bde0feac019baf820634ecc6a0e88272672b601d,F-ACC-001,specs/features/F-ACC-001-acceptance-report-version-and-deliverable-sync.md,EXCLUDED_NON_CODE,decision,docs(acceptance): 闭合Feature文件与活动契约
codex/f-acc-001-sds,bde0feac019baf820634ecc6a0e88272672b601d,F-ACC-001,specs/features/F-ACC-001-legacy-reuse-audit.md,EXCLUDED_NON_CODE,decision,docs(acceptance): 闭合Feature文件与活动契约
codex/f-acc-001-sds,bde0feac019baf820634ecc6a0e88272672b601d,F-ACC-001,specs/features/F-ACC-001-physical-contract.json,EXCLUDED_NON_CODE,decision,docs(acceptance): 闭合Feature文件与活动契约
codex/f-acc-001-sds,bde0feac019baf820634ecc6a0e88272672b601d,UNMAPPED,-,NO_NET_CODE_CHANGE,decision,docs(acceptance): 闭合Feature文件与活动契约
codex/f-acc-001-sds,9f3d31100c589ba3041e1d65b639066418e8c5a0,F-ACC-001,specs/features/F-ACC-001-acceptance-report-version-and-deliverable-sync.md,EXCLUDED_NON_CODE,decision,docs(acceptance): 回写Feature Ready裁决
codex/f-acc-001-sds,9f3d31100c589ba3041e1d65b639066418e8c5a0,F-ACC-001,specs/features/F-ACC-001-physical-contract.json,EXCLUDED_NON_CODE,decision,docs(acceptance): 回写Feature Ready裁决
codex/f-acc-001-sds,9f3d31100c589ba3041e1d65b639066418e8c5a0,UNMAPPED,specs/features/README.md,EXCLUDED_NON_CODE,decision,docs(acceptance): 回写Feature Ready裁决
codex/f-acc-001-sds,9f3d31100c589ba3041e1d65b639066418e8c5a0,UNMAPPED,-,NO_NET_CODE_CHANGE,decision,docs(acceptance): 回写Feature Ready裁决
codex/f-acc-001-sds,c6e79550badc04de9972da70fe8446dfde57e867,F-ACC-001,docs/superpowers/plans/2026-08-30-f-acc-001-acceptance-report-version-deliverable-sync.md,EXCLUDED_NON_CODE,decision,docs(acceptance): 形成报告版本Technical Plan
codex/f-acc-001-sds,c6e79550badc04de9972da70fe8446dfde57e867,F-ACC-001,specs/features/F-ACC-001-acceptance-report-version-and-deliverable-sync.md,EXCLUDED_NON_CODE,decision,docs(acceptance): 形成报告版本Technical Plan
codex/f-acc-001-sds,c6e79550badc04de9972da70fe8446dfde57e867,UNMAPPED,-,NO_NET_CODE_CHANGE,decision,docs(acceptance): 形成报告版本Technical Plan
codex/f-acc-001-sds,701bdf701539a0d65f3c67eb10aa0605de58c4a7,UNMAPPED,docs/design/02d-cross-context-contracts.md,EXCLUDED_NON_CODE,decision,docs(acceptance): 闭合归档操作者与事件投递
codex/f-acc-001-sds,701bdf701539a0d65f3c67eb10aa0605de58c4a7,UNMAPPED,docs/design/04-module-design.md,EXCLUDED_NON_CODE,decision,docs(acceptance): 闭合归档操作者与事件投递
codex/f-acc-001-sds,701bdf701539a0d65f3c67eb10aa0605de58c4a7,UNMAPPED,docs/design/08-data-model.md,EXCLUDED_NON_CODE,decision,docs(acceptance): 闭合归档操作者与事件投递
codex/f-acc-001-sds,701bdf701539a0d65f3c67eb10aa0605de58c4a7,UNMAPPED,docs/design/09-database-design.md,EXCLUDED_NON_CODE,decision,docs(acceptance): 闭合归档操作者与事件投递
codex/f-acc-001-sds,701bdf701539a0d65f3c67eb10aa0605de58c4a7,UNMAPPED,docs/design/10-api-design.md,EXCLUDED_NON_CODE,decision,docs(acceptance): 闭合归档操作者与事件投递
codex/f-acc-001-sds,701bdf701539a0d65f3c67eb10aa0605de58c4a7,UNMAPPED,docs/design/11-event-design.md,EXCLUDED_NON_CODE,decision,docs(acceptance): 闭合归档操作者与事件投递
codex/f-acc-001-sds,701bdf701539a0d65f3c67eb10aa0605de58c4a7,UNMAPPED,docs/design/13-file-design.md,EXCLUDED_NON_CODE,decision,docs(acceptance): 闭合归档操作者与事件投递
codex/f-acc-001-sds,701bdf701539a0d65f3c67eb10aa0605de58c4a7,UNMAPPED,docs/design/15-cache-and-concurrency.md,EXCLUDED_NON_CODE,decision,docs(acceptance): 闭合归档操作者与事件投递
codex/f-acc-001-sds,701bdf701539a0d65f3c67eb10aa0605de58c4a7,UNMAPPED,docs/design/16-exception-and-idempotency.md,EXCLUDED_NON_CODE,decision,docs(acceptance): 闭合归档操作者与事件投递
codex/f-acc-001-sds,701bdf701539a0d65f3c67eb10aa0605de58c4a7,UNMAPPED,docs/engineering/gates/phase-2/gate-status.md,EXCLUDED_NON_CODE,decision,docs(acceptance): 闭合归档操作者与事件投递
codex/f-acc-001-sds,701bdf701539a0d65f3c67eb10aa0605de58c4a7,UNMAPPED,docs/engineering/gates/phase-2/self-review.md,EXCLUDED_NON_CODE,decision,docs(acceptance): 闭合归档操作者与事件投递
codex/f-acc-001-sds,701bdf701539a0d65f3c67eb10aa0605de58c4a7,UNMAPPED,scripts/validate_sds_phase2.py,APPLIED_CODE,decision,docs(acceptance): 闭合归档操作者与事件投递
codex/f-acc-001-sds,7f4cfa7aa137005daa637988f3319b0df7123bdc,UNMAPPED,docs/engineering/gates/phase-2/gate-status.md,EXCLUDED_NON_CODE,decision,docs(acceptance): 回写归档与投递SDS裁决
codex/f-acc-001-sds,7f4cfa7aa137005daa637988f3319b0df7123bdc,UNMAPPED,docs/engineering/gates/phase-2/self-review.md,EXCLUDED_NON_CODE,decision,docs(acceptance): 回写归档与投递SDS裁决
codex/f-acc-001-sds,7f4cfa7aa137005daa637988f3319b0df7123bdc,UNMAPPED,-,NO_NET_CODE_CHANGE,decision,docs(acceptance): 回写归档与投递SDS裁决
codex/f-acc-001-sds,fca9626c4fce4ccf4b03efdebe997343ce7b5a42,F-ACC-001,docs/superpowers/plans/2026-08-30-f-acc-001-acceptance-report-version-deliverable-sync.md,EXCLUDED_NON_CODE,decision,docs(acceptance): 闭合报告Technical Plan执行边界
codex/f-acc-001-sds,fca9626c4fce4ccf4b03efdebe997343ce7b5a42,F-ACC-001,specs/features/F-ACC-001-acceptance-report-version-and-deliverable-sync.md,EXCLUDED_NON_CODE,decision,docs(acceptance): 闭合报告Technical Plan执行边界
codex/f-acc-001-sds,fca9626c4fce4ccf4b03efdebe997343ce7b5a42,F-ACC-001,specs/features/F-ACC-001-physical-contract.json,EXCLUDED_NON_CODE,decision,docs(acceptance): 闭合报告Technical Plan执行边界
codex/f-acc-001-sds,fca9626c4fce4ccf4b03efdebe997343ce7b5a42,UNMAPPED,-,NO_NET_CODE_CHANGE,decision,docs(acceptance): 闭合报告Technical Plan执行边界
codex/f-acc-001-sds,993fb99a5c9ebf1702f6845c1619ce493597261c,F-ACC-001,specs/features/F-ACC-001-acceptance-report-version-and-deliverable-sync.md,EXCLUDED_NON_CODE,decision,docs(acceptance): 进入报告版本实施阶段
codex/f-acc-001-sds,993fb99a5c9ebf1702f6845c1619ce493597261c,F-ACC-001,tasks/features/F-ACC-001.md,EXCLUDED_NON_CODE,decision,docs(acceptance): 进入报告版本实施阶段
codex/f-acc-001-sds,993fb99a5c9ebf1702f6845c1619ce493597261c,UNMAPPED,-,NO_NET_CODE_CHANGE,decision,docs(acceptance): 进入报告版本实施阶段
codex/f-acc-001-sds,fec7c69e3892115c8a402d78f223462c3ca81fa4,UNMAPPED,-,NO_NET_CODE_CHANGE,decision,feat(acceptance): 建立报告文件与活动Owner基础
codex/f-acc-001-sds,8d582aea1aa4e226fe483c58c83b70995c4801e4,UNMAPPED,-,NO_NET_CODE_CHANGE,decision,feat(acceptance): 实现报告版本与归档补偿
codex/f-acc-001-sds,e31f08b31fe20ee9bf80b2b65d4495a6d4410940,UNMAPPED,-,NO_NET_CODE_CHANGE,decision,feat(project): 接入验收活动执行契约
codex/f-acc-001-sds,229e9f4b946c3933405b43ca2cd11e519d7d921c,F-ACC-001,tasks/features/F-ACC-001.md,EXCLUDED_NON_CODE,decision,feat(acceptance): 建立报告版本前向迁移
codex/f-acc-001-sds,229e9f4b946c3933405b43ca2cd11e519d7d921c,UNMAPPED,sql/migrations/V205__received_facc001_acceptance_report_version_forward.sql,APPLIED_MIGRATION_RENUMBERED,decision,V128 -> V205
codex/f-acc-001-sds,229e9f4b946c3933405b43ca2cd11e519d7d921c,UNMAPPED,sql/migrations/V205__received_facc001_acceptance_report_version_forward.sql,APPLIED_CODE,decision,feat(acceptance): 建立报告版本前向迁移
codex/f-acc-001-sds,ba8a4def8583ee29da3652472eae3f0660c4ad9f,F-ACC-001,tasks/features/F-ACC-001.md,EXCLUDED_NON_CODE,decision,feat(acceptance): 开放验收报告管理接口
codex/f-acc-001-sds,ba8a4def8583ee29da3652472eae3f0660c4ad9f,UNMAPPED,-,NO_NET_CODE_CHANGE,decision,feat(acceptance): 开放验收报告管理接口
codex/f-acc-001-sds,0b1671cb93a81a6a5c9dbee774b2d32a7950a4c5,F-ACC-001,tasks/features/F-ACC-001.md,EXCLUDED_NON_CODE,decision,feat(acceptance): 建立报告页面与真实验收准备
codex/f-acc-001-sds,0b1671cb93a81a6a5c9dbee774b2d32a7950a4c5,UNMAPPED,-,NO_NET_CODE_CHANGE,decision,feat(acceptance): 建立报告页面与真实验收准备
codex/f-acc-001-sds,3a27eeffb1f081a0a70842b6326b66d90b9c95cf,F-ACC-001,docs/engineering/evidence/f-acc-001-browser-evidence.json,EXCLUDED_NON_CODE,decision,fix(acceptance): 收口正式验收迁移与调度
codex/f-acc-001-sds,3a27eeffb1f081a0a70842b6326b66d90b9c95cf,F-ACC-001,docs/engineering/evidence/f-acc-001-browser/01-facc001-report-history.png,EXCLUDED_NON_CODE,decision,fix(acceptance): 收口正式验收迁移与调度
codex/f-acc-001-sds,3a27eeffb1f081a0a70842b6326b66d90b9c95cf,F-ACC-001,docs/superpowers/plans/2026-08-30-f-acc-001-acceptance-report-version-deliverable-sync.md,EXCLUDED_NON_CODE,decision,fix(acceptance): 收口正式验收迁移与调度
codex/f-acc-001-sds,3a27eeffb1f081a0a70842b6326b66d90b9c95cf,UNMAPPED,docs/traceability/requirement-matrix.md,EXCLUDED_NON_CODE,decision,fix(acceptance): 收口正式验收迁移与调度
codex/f-acc-001-sds,3a27eeffb1f081a0a70842b6326b66d90b9c95cf,UNMAPPED,docs/traceability/requirement-version-coverage.json,EXCLUDED_NON_CODE,decision,fix(acceptance): 收口正式验收迁移与调度
codex/f-acc-001-sds,3a27eeffb1f081a0a70842b6326b66d90b9c95cf,F-ACC-001,tasks/features/F-ACC-001.md,EXCLUDED_NON_CODE,decision,fix(acceptance): 收口正式验收迁移与调度
codex/f-acc-001-sds,3a27eeffb1f081a0a70842b6326b66d90b9c95cf,UNMAPPED,-,NO_NET_CODE_CHANGE,decision,fix(acceptance): 收口正式验收迁移与调度
codex/f-acc-001-sds,41a71649420edb7034b31b503eff8a6906c4d08d,F-ACC-001,docs/engineering/evidence/f-acc-001-browser-evidence.json,EXCLUDED_NON_CODE,decision,fix(acceptance): 闭合归档补偿与正式验收证据
codex/f-acc-001-sds,41a71649420edb7034b31b503eff8a6906c4d08d,F-ACC-001,docs/engineering/evidence/f-acc-001-browser/01-facc001-report-history.png,EXCLUDED_NON_CODE,decision,fix(acceptance): 闭合归档补偿与正式验收证据
codex/f-acc-001-sds,41a71649420edb7034b31b503eff8a6906c4d08d,F-ACC-001,tasks/features/F-ACC-001.md,EXCLUDED_NON_CODE,decision,fix(acceptance): 闭合归档补偿与正式验收证据
codex/f-acc-001-sds,41a71649420edb7034b31b503eff8a6906c4d08d,UNMAPPED,-,NO_NET_CODE_CHANGE,decision,fix(acceptance): 闭合归档补偿与正式验收证据
codex/f-acc-001-sds,fea30001c9872a8a94185add4291d1a3d3f75fb8,F-ACC-001,docs/engineering/evidence/f-acc-001-browser-evidence.json,EXCLUDED_NON_CODE,decision,test(acceptance): 补齐跨范围下载验收证据
codex/f-acc-001-sds,fea30001c9872a8a94185add4291d1a3d3f75fb8,F-ACC-001,docs/engineering/evidence/f-acc-001-browser/01-facc001-report-history.png,EXCLUDED_NON_CODE,decision,test(acceptance): 补齐跨范围下载验收证据
codex/f-acc-001-sds,fea30001c9872a8a94185add4291d1a3d3f75fb8,UNMAPPED,-,NO_NET_CODE_CHANGE,decision,test(acceptance): 补齐跨范围下载验收证据
codex/f-acc-001-sds,ad5b401f0a0ff378bda7b03a5268437d3462f3ce,F-ACC-001,docs/engineering/evidence/f-acc-001-browser-evidence.json,EXCLUDED_NON_CODE,decision,test(acceptance): 收紧无权项目范围验收
codex/f-acc-001-sds,ad5b401f0a0ff378bda7b03a5268437d3462f3ce,F-ACC-001,docs/engineering/evidence/f-acc-001-browser/01-facc001-report-history.png,EXCLUDED_NON_CODE,decision,test(acceptance): 收紧无权项目范围验收
codex/f-acc-001-sds,ad5b401f0a0ff378bda7b03a5268437d3462f3ce,UNMAPPED,-,NO_NET_CODE_CHANGE,decision,test(acceptance): 收紧无权项目范围验收
codex/f-acc-001-sds,7f3e3c62b524f15e9408888763c85a6ebbe45362,UNMAPPED,docs/traceability/requirement-matrix.md,EXCLUDED_NON_CODE,decision,docs(acceptance): 回写实施完成状态
codex/f-acc-001-sds,7f3e3c62b524f15e9408888763c85a6ebbe45362,UNMAPPED,docs/traceability/requirement-version-coverage.json,EXCLUDED_NON_CODE,decision,docs(acceptance): 回写实施完成状态
codex/f-acc-001-sds,7f3e3c62b524f15e9408888763c85a6ebbe45362,UNMAPPED,specs/features/README.md,EXCLUDED_NON_CODE,decision,docs(acceptance): 回写实施完成状态
codex/f-acc-001-sds,7f3e3c62b524f15e9408888763c85a6ebbe45362,F-ACC-001,tasks/features/F-ACC-001.md,EXCLUDED_NON_CODE,decision,docs(acceptance): 回写实施完成状态
codex/f-acc-001-sds,7f3e3c62b524f15e9408888763c85a6ebbe45362,UNMAPPED,-,NO_NET_CODE_CHANGE,decision,docs(acceptance): 回写实施完成状态
codex/f-acc-001-sds,54ec4e00789bc676d6569de65c99e0f3db82ac70,F-ACC-002,docs/decisions/0041-satisfaction-questionnaire-result-and-deliverable-source.md,EXCLUDED_NON_CODE,decision,docs(acceptance): 锁定满意度问卷与归档来源契约
codex/f-acc-001-sds,54ec4e00789bc676d6569de65c99e0f3db82ac70,F-ACC-002,docs/design/02-domain-model.md,EXCLUDED_NON_CODE,decision,docs(acceptance): 锁定满意度问卷与归档来源契约
codex/f-acc-001-sds,54ec4e00789bc676d6569de65c99e0f3db82ac70,F-ACC-002,docs/design/02d-cross-context-contracts.md,EXCLUDED_NON_CODE,decision,docs(acceptance): 锁定满意度问卷与归档来源契约
codex/f-acc-001-sds,54ec4e00789bc676d6569de65c99e0f3db82ac70,F-ACC-002,docs/design/04-module-design.md,EXCLUDED_NON_CODE,decision,docs(acceptance): 锁定满意度问卷与归档来源契约
codex/f-acc-001-sds,54ec4e00789bc676d6569de65c99e0f3db82ac70,F-ACC-002,docs/design/05-state-machine.md,EXCLUDED_NON_CODE,decision,docs(acceptance): 锁定满意度问卷与归档来源契约
codex/f-acc-001-sds,54ec4e00789bc676d6569de65c99e0f3db82ac70,F-ACC-002,docs/design/06-workflow-design.md,EXCLUDED_NON_CODE,decision,docs(acceptance): 锁定满意度问卷与归档来源契约
codex/f-acc-001-sds,54ec4e00789bc676d6569de65c99e0f3db82ac70,F-ACC-002,docs/design/08-data-model.md,EXCLUDED_NON_CODE,decision,docs(acceptance): 锁定满意度问卷与归档来源契约
codex/f-acc-001-sds,54ec4e00789bc676d6569de65c99e0f3db82ac70,F-ACC-002,docs/design/08a-domain-entity-migration-alignment.md,EXCLUDED_NON_CODE,decision,docs(acceptance): 锁定满意度问卷与归档来源契约
codex/f-acc-001-sds,54ec4e00789bc676d6569de65c99e0f3db82ac70,F-ACC-002,docs/design/09-database-design.md,EXCLUDED_NON_CODE,decision,docs(acceptance): 锁定满意度问卷与归档来源契约
codex/f-acc-001-sds,54ec4e00789bc676d6569de65c99e0f3db82ac70,F-ACC-002,docs/design/10-api-design.md,EXCLUDED_NON_CODE,decision,docs(acceptance): 锁定满意度问卷与归档来源契约
codex/f-acc-001-sds,54ec4e00789bc676d6569de65c99e0f3db82ac70,F-ACC-002,docs/design/11-event-design.md,EXCLUDED_NON_CODE,decision,docs(acceptance): 锁定满意度问卷与归档来源契约
codex/f-acc-001-sds,54ec4e00789bc676d6569de65c99e0f3db82ac70,F-ACC-002,docs/design/13-file-design.md,EXCLUDED_NON_CODE,decision,docs(acceptance): 锁定满意度问卷与归档来源契约
codex/f-acc-001-sds,54ec4e00789bc676d6569de65c99e0f3db82ac70,F-ACC-002,docs/design/14-security-design.md,EXCLUDED_NON_CODE,decision,docs(acceptance): 锁定满意度问卷与归档来源契约
codex/f-acc-001-sds,54ec4e00789bc676d6569de65c99e0f3db82ac70,F-ACC-002,docs/design/15-cache-and-concurrency.md,EXCLUDED_NON_CODE,decision,docs(acceptance): 锁定满意度问卷与归档来源契约
codex/f-acc-001-sds,54ec4e00789bc676d6569de65c99e0f3db82ac70,F-ACC-002,docs/design/16-exception-and-idempotency.md,EXCLUDED_NON_CODE,decision,docs(acceptance): 锁定满意度问卷与归档来源契约
codex/f-acc-001-sds,54ec4e00789bc676d6569de65c99e0f3db82ac70,F-ACC-002,docs/engineering/gates/phase-2/README.md,EXCLUDED_NON_CODE,decision,docs(acceptance): 锁定满意度问卷与归档来源契约
codex/f-acc-001-sds,54ec4e00789bc676d6569de65c99e0f3db82ac70,F-ACC-002,docs/engineering/gates/phase-2/gate-status.md,EXCLUDED_NON_CODE,decision,docs(acceptance): 锁定满意度问卷与归档来源契约
codex/f-acc-001-sds,54ec4e00789bc676d6569de65c99e0f3db82ac70,F-ACC-002,docs/engineering/gates/phase-2/self-review.md,EXCLUDED_NON_CODE,decision,docs(acceptance): 锁定满意度问卷与归档来源契约
codex/f-acc-001-sds,54ec4e00789bc676d6569de65c99e0f3db82ac70,F-ACC-002,docs/traceability/domain-entity-migration-contract.json,EXCLUDED_NON_CODE,decision,docs(acceptance): 锁定满意度问卷与归档来源契约
codex/f-acc-001-sds,54ec4e00789bc676d6569de65c99e0f3db82ac70,F-ACC-002,docs/traceability/domain-entity-migration-contract.md,EXCLUDED_NON_CODE,decision,docs(acceptance): 锁定满意度问卷与归档来源契约
codex/f-acc-001-sds,54ec4e00789bc676d6569de65c99e0f3db82ac70,F-ACC-002,docs/traceability/domain-object-table-map.json,EXCLUDED_NON_CODE,decision,docs(acceptance): 锁定满意度问卷与归档来源契约
codex/f-acc-001-sds,54ec4e00789bc676d6569de65c99e0f3db82ac70,F-ACC-002,docs/traceability/phase2-contract-map.md,EXCLUDED_NON_CODE,decision,docs(acceptance): 锁定满意度问卷与归档来源契约
codex/f-acc-001-sds,54ec4e00789bc676d6569de65c99e0f3db82ac70,F-ACC-002,scripts/generate_phase2_contract_map.py,APPLIED_CODE,decision,docs(acceptance): 锁定满意度问卷与归档来源契约
codex/f-acc-001-sds,54ec4e00789bc676d6569de65c99e0f3db82ac70,F-ACC-002,scripts/tests/test_validate_sds_phase2.py,APPLIED_CODE,decision,docs(acceptance): 锁定满意度问卷与归档来源契约
codex/f-acc-001-sds,54ec4e00789bc676d6569de65c99e0f3db82ac70,F-ACC-002,scripts/validate_sds_phase2.py,APPLIED_CODE,decision,docs(acceptance): 锁定满意度问卷与归档来源契约
codex/f-acc-001-sds,b98d0caafb724a13433aec382bafa30c02d30091,F-ACC-002,docs/decisions/0041-satisfaction-questionnaire-result-and-deliverable-source.md,EXCLUDED_NON_CODE,decision,docs(acceptance): 闭合满意度应交根与整改身份
codex/f-acc-001-sds,b98d0caafb724a13433aec382bafa30c02d30091,F-ACC-002,docs/design/02d-cross-context-contracts.md,EXCLUDED_NON_CODE,decision,docs(acceptance): 闭合满意度应交根与整改身份
codex/f-acc-001-sds,b98d0caafb724a13433aec382bafa30c02d30091,F-ACC-002,docs/design/08-data-model.md,EXCLUDED_NON_CODE,decision,docs(acceptance): 闭合满意度应交根与整改身份
codex/f-acc-001-sds,b98d0caafb724a13433aec382bafa30c02d30091,F-ACC-002,docs/design/08a-domain-entity-migration-alignment.md,EXCLUDED_NON_CODE,decision,docs(acceptance): 闭合满意度应交根与整改身份
codex/f-acc-001-sds,b98d0caafb724a13433aec382bafa30c02d30091,F-ACC-002,docs/design/09-database-design.md,EXCLUDED_NON_CODE,decision,docs(acceptance): 闭合满意度应交根与整改身份
codex/f-acc-001-sds,b98d0caafb724a13433aec382bafa30c02d30091,F-ACC-002,docs/design/10-api-design.md,EXCLUDED_NON_CODE,decision,docs(acceptance): 闭合满意度应交根与整改身份
codex/f-acc-001-sds,b98d0caafb724a13433aec382bafa30c02d30091,F-ACC-002,docs/design/11-event-design.md,EXCLUDED_NON_CODE,decision,docs(acceptance): 闭合满意度应交根与整改身份
codex/f-acc-001-sds,b98d0caafb724a13433aec382bafa30c02d30091,F-ACC-002,docs/design/15-cache-and-concurrency.md,EXCLUDED_NON_CODE,decision,docs(acceptance): 闭合满意度应交根与整改身份
codex/f-acc-001-sds,b98d0caafb724a13433aec382bafa30c02d30091,F-ACC-002,docs/design/16-exception-and-idempotency.md,EXCLUDED_NON_CODE,decision,docs(acceptance): 闭合满意度应交根与整改身份
codex/f-acc-001-sds,b98d0caafb724a13433aec382bafa30c02d30091,F-ACC-002,docs/engineering/gates/phase-2/gate-status.md,EXCLUDED_NON_CODE,decision,docs(acceptance): 闭合满意度应交根与整改身份
codex/f-acc-001-sds,b98d0caafb724a13433aec382bafa30c02d30091,F-ACC-002,docs/engineering/gates/phase-2/self-review.md,EXCLUDED_NON_CODE,decision,docs(acceptance): 闭合满意度应交根与整改身份
codex/f-acc-001-sds,b98d0caafb724a13433aec382bafa30c02d30091,F-ACC-002,docs/traceability/domain-entity-migration-contract.json,EXCLUDED_NON_CODE,decision,docs(acceptance): 闭合满意度应交根与整改身份
codex/f-acc-001-sds,b98d0caafb724a13433aec382bafa30c02d30091,F-ACC-002,docs/traceability/domain-entity-migration-contract.md,EXCLUDED_NON_CODE,decision,docs(acceptance): 闭合满意度应交根与整改身份
codex/f-acc-001-sds,b98d0caafb724a13433aec382bafa30c02d30091,F-ACC-002,docs/traceability/domain-object-table-map.json,EXCLUDED_NON_CODE,decision,docs(acceptance): 闭合满意度应交根与整改身份
codex/f-acc-001-sds,b98d0caafb724a13433aec382bafa30c02d30091,F-ACC-002,docs/traceability/phase2-contract-map.md,EXCLUDED_NON_CODE,decision,docs(acceptance): 闭合满意度应交根与整改身份
codex/f-acc-001-sds,b98d0caafb724a13433aec382bafa30c02d30091,F-ACC-002,scripts/generate_phase2_contract_map.py,APPLIED_CODE,decision,docs(acceptance): 闭合满意度应交根与整改身份
codex/f-acc-001-sds,b98d0caafb724a13433aec382bafa30c02d30091,F-ACC-002,scripts/tests/test_validate_sds_phase2.py,APPLIED_CODE,decision,docs(acceptance): 闭合满意度应交根与整改身份
codex/f-acc-001-sds,b98d0caafb724a13433aec382bafa30c02d30091,F-ACC-002,scripts/validate_sds_phase2.py,APPLIED_CODE,decision,docs(acceptance): 闭合满意度应交根与整改身份
codex/f-acc-001-sds,00afc3549a7e5e001569a65938ca007baffb71f9,F-ACC-002,docs/decisions/0041-satisfaction-questionnaire-result-and-deliverable-source.md,EXCLUDED_NON_CODE,decision,docs(acceptance): 回写满意度SDS裁决状态
codex/f-acc-001-sds,00afc3549a7e5e001569a65938ca007baffb71f9,F-ACC-002,docs/engineering/gates/phase-2/README.md,EXCLUDED_NON_CODE,decision,docs(acceptance): 回写满意度SDS裁决状态
codex/f-acc-001-sds,00afc3549a7e5e001569a65938ca007baffb71f9,F-ACC-002,docs/engineering/gates/phase-2/gate-status.md,EXCLUDED_NON_CODE,decision,docs(acceptance): 回写满意度SDS裁决状态
codex/f-acc-001-sds,00afc3549a7e5e001569a65938ca007baffb71f9,F-ACC-002,docs/engineering/gates/phase-2/independent-review.md,EXCLUDED_NON_CODE,decision,docs(acceptance): 回写满意度SDS裁决状态
codex/f-acc-001-sds,00afc3549a7e5e001569a65938ca007baffb71f9,F-ACC-002,docs/engineering/gates/phase-2/self-review.md,EXCLUDED_NON_CODE,decision,docs(acceptance): 回写满意度SDS裁决状态
codex/f-acc-001-sds,00afc3549a7e5e001569a65938ca007baffb71f9,F-ACC-002,-,NO_NET_CODE_CHANGE,decision,docs(acceptance): 回写满意度SDS裁决状态
codex/f-acc-001-sds,38901259fd595799a3fd40f470e78119ea89d595,F-ACC-002,docs/traceability/requirement-matrix.md,EXCLUDED_NON_CODE,decision,docs(acceptance): 形成满意度Feature契约
codex/f-acc-001-sds,38901259fd595799a3fd40f470e78119ea89d595,F-ACC-002,docs/traceability/requirement-version-coverage.json,EXCLUDED_NON_CODE,decision,docs(acceptance): 形成满意度Feature契约
codex/f-acc-001-sds,38901259fd595799a3fd40f470e78119ea89d595,F-ACC-002,specs/features/F-ACC-002-legacy-reuse-audit.md,EXCLUDED_NON_CODE,decision,docs(acceptance): 形成满意度Feature契约
codex/f-acc-001-sds,38901259fd595799a3fd40f470e78119ea89d595,F-ACC-002,specs/features/F-ACC-002-physical-contract.json,EXCLUDED_NON_CODE,decision,docs(acceptance): 形成满意度Feature契约
codex/f-acc-001-sds,38901259fd595799a3fd40f470e78119ea89d595,F-ACC-002,specs/features/F-ACC-002-satisfaction-questionnaire-result-and-deliverable-sync.md,EXCLUDED_NON_CODE,decision,docs(acceptance): 形成满意度Feature契约
codex/f-acc-001-sds,38901259fd595799a3fd40f470e78119ea89d595,F-ACC-002,specs/features/README.md,EXCLUDED_NON_CODE,decision,docs(acceptance): 形成满意度Feature契约
codex/f-acc-001-sds,38901259fd595799a3fd40f470e78119ea89d595,F-ACC-002,-,NO_NET_CODE_CHANGE,decision,docs(acceptance): 形成满意度Feature契约
codex/f-acc-001-sds,d8b847e018bf756ad6c05ff4d8c79bb5d9197026,F-ACC-002,docs/decisions/0041-satisfaction-questionnaire-result-and-deliverable-source.md,EXCLUDED_NON_CODE,decision,docs(acceptance): 锁定满意度结果失效命令
codex/f-acc-001-sds,d8b847e018bf756ad6c05ff4d8c79bb5d9197026,F-ACC-002,docs/design/02d-cross-context-contracts.md,EXCLUDED_NON_CODE,decision,docs(acceptance): 锁定满意度结果失效命令
codex/f-acc-001-sds,d8b847e018bf756ad6c05ff4d8c79bb5d9197026,F-ACC-002,docs/design/05-state-machine.md,EXCLUDED_NON_CODE,decision,docs(acceptance): 锁定满意度结果失效命令
codex/f-acc-001-sds,d8b847e018bf756ad6c05ff4d8c79bb5d9197026,F-ACC-002,docs/design/08-data-model.md,EXCLUDED_NON_CODE,decision,docs(acceptance): 锁定满意度结果失效命令
codex/f-acc-001-sds,d8b847e018bf756ad6c05ff4d8c79bb5d9197026,F-ACC-002,docs/design/09-database-design.md,EXCLUDED_NON_CODE,decision,docs(acceptance): 锁定满意度结果失效命令
codex/f-acc-001-sds,d8b847e018bf756ad6c05ff4d8c79bb5d9197026,F-ACC-002,docs/design/10-api-design.md,EXCLUDED_NON_CODE,decision,docs(acceptance): 锁定满意度结果失效命令
codex/f-acc-001-sds,d8b847e018bf756ad6c05ff4d8c79bb5d9197026,F-ACC-002,docs/design/11-event-design.md,EXCLUDED_NON_CODE,decision,docs(acceptance): 锁定满意度结果失效命令
codex/f-acc-001-sds,d8b847e018bf756ad6c05ff4d8c79bb5d9197026,F-ACC-002,docs/design/15-cache-and-concurrency.md,EXCLUDED_NON_CODE,decision,docs(acceptance): 锁定满意度结果失效命令
codex/f-acc-001-sds,d8b847e018bf756ad6c05ff4d8c79bb5d9197026,F-ACC-002,docs/design/16-exception-and-idempotency.md,EXCLUDED_NON_CODE,decision,docs(acceptance): 锁定满意度结果失效命令
codex/f-acc-001-sds,d8b847e018bf756ad6c05ff4d8c79bb5d9197026,F-ACC-002,docs/engineering/gates/phase-2/gate-status.md,EXCLUDED_NON_CODE,decision,docs(acceptance): 锁定满意度结果失效命令
codex/f-acc-001-sds,d8b847e018bf756ad6c05ff4d8c79bb5d9197026,F-ACC-002,docs/traceability/phase2-contract-map.md,EXCLUDED_NON_CODE,decision,docs(acceptance): 锁定满意度结果失效命令
codex/f-acc-001-sds,d8b847e018bf756ad6c05ff4d8c79bb5d9197026,F-ACC-002,specs/features/F-ACC-002-satisfaction-questionnaire-result-and-deliverable-sync.md,EXCLUDED_NON_CODE,decision,docs(acceptance): 锁定满意度结果失效命令
codex/f-acc-001-sds,d8b847e018bf756ad6c05ff4d8c79bb5d9197026,F-ACC-002,scripts/generate_phase2_contract_map.py,APPLIED_CODE,decision,docs(acceptance): 锁定满意度结果失效命令
codex/f-acc-001-sds,d8b847e018bf756ad6c05ff4d8c79bb5d9197026,F-ACC-002,scripts/tests/test_validate_sds_phase2.py,APPLIED_CODE,decision,docs(acceptance): 锁定满意度结果失效命令
codex/f-acc-001-sds,d8b847e018bf756ad6c05ff4d8c79bb5d9197026,F-ACC-002,scripts/validate_sds_phase2.py,APPLIED_CODE,decision,docs(acceptance): 锁定满意度结果失效命令
codex/f-acc-001-sds,c1e7354c4738be42d2792b70222f1a369b82583b,F-ACC-002,docs/decisions/0041-satisfaction-questionnaire-result-and-deliverable-source.md,EXCLUDED_NON_CODE,decision,docs(acceptance): 闭合满意度来源双向乱序
codex/f-acc-001-sds,c1e7354c4738be42d2792b70222f1a369b82583b,F-ACC-002,docs/design/09-database-design.md,EXCLUDED_NON_CODE,decision,docs(acceptance): 闭合满意度来源双向乱序
codex/f-acc-001-sds,c1e7354c4738be42d2792b70222f1a369b82583b,F-ACC-002,docs/design/10-api-design.md,EXCLUDED_NON_CODE,decision,docs(acceptance): 闭合满意度来源双向乱序
codex/f-acc-001-sds,c1e7354c4738be42d2792b70222f1a369b82583b,F-ACC-002,docs/design/11-event-design.md,EXCLUDED_NON_CODE,decision,docs(acceptance): 闭合满意度来源双向乱序
codex/f-acc-001-sds,c1e7354c4738be42d2792b70222f1a369b82583b,F-ACC-002,docs/design/15-cache-and-concurrency.md,EXCLUDED_NON_CODE,decision,docs(acceptance): 闭合满意度来源双向乱序
codex/f-acc-001-sds,c1e7354c4738be42d2792b70222f1a369b82583b,F-ACC-002,docs/design/16-exception-and-idempotency.md,EXCLUDED_NON_CODE,decision,docs(acceptance): 闭合满意度来源双向乱序
codex/f-acc-001-sds,c1e7354c4738be42d2792b70222f1a369b82583b,F-ACC-002,scripts/tests/test_validate_sds_phase2.py,APPLIED_CODE,decision,docs(acceptance): 闭合满意度来源双向乱序
codex/f-acc-001-sds,c1e7354c4738be42d2792b70222f1a369b82583b,F-ACC-002,scripts/validate_sds_phase2.py,APPLIED_CODE,decision,docs(acceptance): 闭合满意度来源双向乱序
codex/f-acc-001-sds,44fec02baa51fb58923089b9f726958e8c68acac,F-ACC-002,docs/decisions/0041-satisfaction-questionnaire-result-and-deliverable-source.md,EXCLUDED_NON_CODE,decision,docs(acceptance): 回写满意度失效SDS裁决
codex/f-acc-001-sds,44fec02baa51fb58923089b9f726958e8c68acac,F-ACC-002,docs/engineering/gates/phase-2/gate-status.md,EXCLUDED_NON_CODE,decision,docs(acceptance): 回写满意度失效SDS裁决
codex/f-acc-001-sds,44fec02baa51fb58923089b9f726958e8c68acac,F-ACC-002,docs/engineering/gates/phase-2/independent-review.md,EXCLUDED_NON_CODE,decision,docs(acceptance): 回写满意度失效SDS裁决
codex/f-acc-001-sds,44fec02baa51fb58923089b9f726958e8c68acac,F-ACC-002,specs/features/F-ACC-002-satisfaction-questionnaire-result-and-deliverable-sync.md,EXCLUDED_NON_CODE,decision,docs(acceptance): 回写满意度失效SDS裁决
codex/f-acc-001-sds,44fec02baa51fb58923089b9f726958e8c68acac,F-ACC-002,-,NO_NET_CODE_CHANGE,decision,docs(acceptance): 回写满意度失效SDS裁决
codex/f-acc-001-sds,145e4a61ea936d0679f2ec41a7d412975572e5a3,F-ACC-002,specs/features/F-ACC-002-legacy-reuse-audit.md,EXCLUDED_NON_CODE,decision,docs(acceptance): 闭合满意度Feature契约边界
codex/f-acc-001-sds,145e4a61ea936d0679f2ec41a7d412975572e5a3,F-ACC-002,specs/features/F-ACC-002-physical-contract.json,EXCLUDED_NON_CODE,decision,docs(acceptance): 闭合满意度Feature契约边界
codex/f-acc-001-sds,145e4a61ea936d0679f2ec41a7d412975572e5a3,F-ACC-002,specs/features/F-ACC-002-satisfaction-questionnaire-result-and-deliverable-sync.md,EXCLUDED_NON_CODE,decision,docs(acceptance): 闭合满意度Feature契约边界
codex/f-acc-001-sds,145e4a61ea936d0679f2ec41a7d412975572e5a3,F-ACC-002,-,NO_NET_CODE_CHANGE,decision,docs(acceptance): 闭合满意度Feature契约边界
codex/f-acc-001-sds,27f5bcb2c451fb224fce3bc70376af0cf07b6882,F-ACC-002,specs/features/F-ACC-002-physical-contract.json,EXCLUDED_NON_CODE,decision,docs(acceptance): 回写满意度Feature Ready裁决
codex/f-acc-001-sds,27f5bcb2c451fb224fce3bc70376af0cf07b6882,F-ACC-002,specs/features/F-ACC-002-satisfaction-questionnaire-result-and-deliverable-sync.md,EXCLUDED_NON_CODE,decision,docs(acceptance): 回写满意度Feature Ready裁决
codex/f-acc-001-sds,27f5bcb2c451fb224fce3bc70376af0cf07b6882,F-ACC-002,specs/features/README.md,EXCLUDED_NON_CODE,decision,docs(acceptance): 回写满意度Feature Ready裁决
codex/f-acc-001-sds,27f5bcb2c451fb224fce3bc70376af0cf07b6882,F-ACC-002,-,NO_NET_CODE_CHANGE,decision,docs(acceptance): 回写满意度Feature Ready裁决
codex/f-acc-001-sds,a55567ce12c91ce086a8923e28e8ba6dd387f415,F-ACC-002,docs/decisions/0041-satisfaction-questionnaire-result-and-deliverable-source.md,EXCLUDED_NON_CODE,decision,docs(acceptance): 锁定满意度结果生成文件契约
codex/f-acc-001-sds,a55567ce12c91ce086a8923e28e8ba6dd387f415,F-ACC-002,docs/design/02d-cross-context-contracts.md,EXCLUDED_NON_CODE,decision,docs(acceptance): 锁定满意度结果生成文件契约
codex/f-acc-001-sds,a55567ce12c91ce086a8923e28e8ba6dd387f415,F-ACC-002,docs/design/10-api-design.md,EXCLUDED_NON_CODE,decision,docs(acceptance): 锁定满意度结果生成文件契约
codex/f-acc-001-sds,a55567ce12c91ce086a8923e28e8ba6dd387f415,F-ACC-002,docs/design/13-file-design.md,EXCLUDED_NON_CODE,decision,docs(acceptance): 锁定满意度结果生成文件契约
codex/f-acc-001-sds,a55567ce12c91ce086a8923e28e8ba6dd387f415,F-ACC-002,docs/design/15-cache-and-concurrency.md,EXCLUDED_NON_CODE,decision,docs(acceptance): 锁定满意度结果生成文件契约
codex/f-acc-001-sds,a55567ce12c91ce086a8923e28e8ba6dd387f415,F-ACC-002,docs/design/16-exception-and-idempotency.md,EXCLUDED_NON_CODE,decision,docs(acceptance): 锁定满意度结果生成文件契约
codex/f-acc-001-sds,a55567ce12c91ce086a8923e28e8ba6dd387f415,F-ACC-002,docs/engineering/gates/phase-2/gate-status.md,EXCLUDED_NON_CODE,decision,docs(acceptance): 锁定满意度结果生成文件契约
codex/f-acc-001-sds,a55567ce12c91ce086a8923e28e8ba6dd387f415,F-ACC-002,specs/features/F-ACC-002-legacy-reuse-audit.md,EXCLUDED_NON_CODE,decision,docs(acceptance): 锁定满意度结果生成文件契约
codex/f-acc-001-sds,a55567ce12c91ce086a8923e28e8ba6dd387f415,F-ACC-002,specs/features/F-ACC-002-physical-contract.json,EXCLUDED_NON_CODE,decision,docs(acceptance): 锁定满意度结果生成文件契约
codex/f-acc-001-sds,a55567ce12c91ce086a8923e28e8ba6dd387f415,F-ACC-002,specs/features/F-ACC-002-satisfaction-questionnaire-result-and-deliverable-sync.md,EXCLUDED_NON_CODE,decision,docs(acceptance): 锁定满意度结果生成文件契约
codex/f-acc-001-sds,a55567ce12c91ce086a8923e28e8ba6dd387f415,F-ACC-002,scripts/tests/test_validate_sds_phase2.py,APPLIED_CODE,decision,docs(acceptance): 锁定满意度结果生成文件契约
codex/f-acc-001-sds,a55567ce12c91ce086a8923e28e8ba6dd387f415,F-ACC-002,scripts/validate_sds_phase2.py,APPLIED_CODE,decision,docs(acceptance): 锁定满意度结果生成文件契约
codex/f-acc-001-sds,afa37d66eb3478c8a915a6dbe723723d9ca249b8,UNMAPPED,docs/design/16-exception-and-idempotency.md,EXCLUDED_NON_CODE,decision,docs(acceptance): 统一结果文档失败事务语义
codex/f-acc-001-sds,afa37d66eb3478c8a915a6dbe723723d9ca249b8,UNMAPPED,scripts/tests/test_validate_sds_phase2.py,APPLIED_CODE,decision,docs(acceptance): 统一结果文档失败事务语义
codex/f-acc-001-sds,afa37d66eb3478c8a915a6dbe723723d9ca249b8,UNMAPPED,scripts/validate_sds_phase2.py,APPLIED_CODE,decision,docs(acceptance): 统一结果文档失败事务语义
codex/f-acc-001-sds,131a52286d1be48806bdce615d15f8ccdbdf4457,F-ACC-002,docs/decisions/0041-satisfaction-questionnaire-result-and-deliverable-source.md,EXCLUDED_NON_CODE,decision,docs(acceptance): 回写结果生成文件契约裁决
codex/f-acc-001-sds,131a52286d1be48806bdce615d15f8ccdbdf4457,UNMAPPED,docs/engineering/gates/phase-2/gate-status.md,EXCLUDED_NON_CODE,decision,docs(acceptance): 回写结果生成文件契约裁决
codex/f-acc-001-sds,131a52286d1be48806bdce615d15f8ccdbdf4457,F-ACC-002,specs/features/F-ACC-002-satisfaction-questionnaire-result-and-deliverable-sync.md,EXCLUDED_NON_CODE,decision,docs(acceptance): 回写结果生成文件契约裁决
codex/f-acc-001-sds,131a52286d1be48806bdce615d15f8ccdbdf4457,UNMAPPED,-,NO_NET_CODE_CHANGE,decision,docs(acceptance): 回写结果生成文件契约裁决
codex/f-acc-001-sds,878697ef67f6fd1bacb08467cc1d54f39e4367b0,F-ACC-002,docs/superpowers/plans/2026-08-30-f-acc-002-satisfaction-questionnaire-result-deliverable-sync.md,EXCLUDED_NON_CODE,decision,docs(acceptance): 形成满意度纵向实施计划
codex/f-acc-001-sds,878697ef67f6fd1bacb08467cc1d54f39e4367b0,F-ACC-002,specs/features/F-ACC-002-satisfaction-questionnaire-result-and-deliverable-sync.md,EXCLUDED_NON_CODE,decision,docs(acceptance): 形成满意度纵向实施计划
codex/f-acc-001-sds,878697ef67f6fd1bacb08467cc1d54f39e4367b0,F-ACC-002,-,NO_NET_CODE_CHANGE,decision,docs(acceptance): 形成满意度纵向实施计划
codex/f-acc-001-sds,1927cb2e5d8ccc148e0bda6efdd607d2c8f6396c,F-ACC-002,docs/superpowers/plans/2026-08-30-f-acc-002-satisfaction-questionnaire-result-deliverable-sync.md,EXCLUDED_NON_CODE,decision,docs(acceptance): 闭合满意度实施计划接线
codex/f-acc-001-sds,1927cb2e5d8ccc148e0bda6efdd607d2c8f6396c,F-ACC-002,specs/features/F-ACC-002-satisfaction-questionnaire-result-and-deliverable-sync.md,EXCLUDED_NON_CODE,decision,docs(acceptance): 闭合满意度实施计划接线
codex/f-acc-001-sds,1927cb2e5d8ccc148e0bda6efdd607d2c8f6396c,F-ACC-002,-,NO_NET_CODE_CHANGE,decision,docs(acceptance): 闭合满意度实施计划接线
codex/f-acc-001-sds,700b659d7e11e6fbcbe88c05b02269a35b82084f,UNMAPPED,docs/decisions/0042-unified-business-export-task-and-audit.md,EXCLUDED_NON_CODE,decision,docs(platform): 锁定统一异步导出公共契约
codex/f-acc-001-sds,700b659d7e11e6fbcbe88c05b02269a35b82084f,UNMAPPED,docs/design/02d-cross-context-contracts.md,EXCLUDED_NON_CODE,decision,docs(platform): 锁定统一异步导出公共契约
codex/f-acc-001-sds,700b659d7e11e6fbcbe88c05b02269a35b82084f,UNMAPPED,docs/design/04-module-design.md,EXCLUDED_NON_CODE,decision,docs(platform): 锁定统一异步导出公共契约
codex/f-acc-001-sds,700b659d7e11e6fbcbe88c05b02269a35b82084f,UNMAPPED,docs/design/08-data-model.md,EXCLUDED_NON_CODE,decision,docs(platform): 锁定统一异步导出公共契约
codex/f-acc-001-sds,700b659d7e11e6fbcbe88c05b02269a35b82084f,UNMAPPED,docs/design/08a-domain-entity-migration-alignment.md,EXCLUDED_NON_CODE,decision,docs(platform): 锁定统一异步导出公共契约
codex/f-acc-001-sds,700b659d7e11e6fbcbe88c05b02269a35b82084f,UNMAPPED,docs/design/09-database-design.md,EXCLUDED_NON_CODE,decision,docs(platform): 锁定统一异步导出公共契约
codex/f-acc-001-sds,700b659d7e11e6fbcbe88c05b02269a35b82084f,UNMAPPED,docs/design/10-api-design.md,EXCLUDED_NON_CODE,decision,docs(platform): 锁定统一异步导出公共契约
codex/f-acc-001-sds,700b659d7e11e6fbcbe88c05b02269a35b82084f,UNMAPPED,docs/design/13-file-design.md,EXCLUDED_NON_CODE,decision,docs(platform): 锁定统一异步导出公共契约
codex/f-acc-001-sds,700b659d7e11e6fbcbe88c05b02269a35b82084f,UNMAPPED,docs/design/15-cache-and-concurrency.md,EXCLUDED_NON_CODE,decision,docs(platform): 锁定统一异步导出公共契约
codex/f-acc-001-sds,700b659d7e11e6fbcbe88c05b02269a35b82084f,UNMAPPED,docs/design/16-exception-and-idempotency.md,EXCLUDED_NON_CODE,decision,docs(platform): 锁定统一异步导出公共契约
codex/f-acc-001-sds,700b659d7e11e6fbcbe88c05b02269a35b82084f,UNMAPPED,docs/engineering/gates/phase-2/README.md,EXCLUDED_NON_CODE,decision,docs(platform): 锁定统一异步导出公共契约
codex/f-acc-001-sds,700b659d7e11e6fbcbe88c05b02269a35b82084f,UNMAPPED,docs/engineering/gates/phase-2/gate-status.md,EXCLUDED_NON_CODE,decision,docs(platform): 锁定统一异步导出公共契约
codex/f-acc-001-sds,700b659d7e11e6fbcbe88c05b02269a35b82084f,UNMAPPED,docs/engineering/gates/phase-2/self-review.md,EXCLUDED_NON_CODE,decision,docs(platform): 锁定统一异步导出公共契约
codex/f-acc-001-sds,700b659d7e11e6fbcbe88c05b02269a35b82084f,UNMAPPED,docs/traceability/domain-entity-migration-contract.json,EXCLUDED_NON_CODE,decision,docs(platform): 锁定统一异步导出公共契约
codex/f-acc-001-sds,700b659d7e11e6fbcbe88c05b02269a35b82084f,UNMAPPED,docs/traceability/domain-entity-migration-contract.md,EXCLUDED_NON_CODE,decision,docs(platform): 锁定统一异步导出公共契约
codex/f-acc-001-sds,700b659d7e11e6fbcbe88c05b02269a35b82084f,UNMAPPED,docs/traceability/domain-object-table-map.json,EXCLUDED_NON_CODE,decision,docs(platform): 锁定统一异步导出公共契约
codex/f-acc-001-sds,700b659d7e11e6fbcbe88c05b02269a35b82084f,F-ACC-002,specs/features/F-ACC-002-satisfaction-questionnaire-result-and-deliverable-sync.md,EXCLUDED_NON_CODE,decision,docs(platform): 锁定统一异步导出公共契约
codex/f-acc-001-sds,700b659d7e11e6fbcbe88c05b02269a35b82084f,UNMAPPED,scripts/tests/test_validate_sds_phase2.py,APPLIED_CODE,decision,docs(platform): 锁定统一异步导出公共契约
codex/f-acc-001-sds,700b659d7e11e6fbcbe88c05b02269a35b82084f,UNMAPPED,scripts/validate_sds_phase2.py,APPLIED_CODE,decision,docs(platform): 锁定统一异步导出公共契约
codex/f-acc-001-sds,553dbec0fdf612534153810e1f7015c4fa5493df,UNMAPPED,docs/design/02d-cross-context-contracts.md,EXCLUDED_NON_CODE,decision,docs(platform): 闭合统一导出任务重试状态
codex/f-acc-001-sds,553dbec0fdf612534153810e1f7015c4fa5493df,UNMAPPED,docs/design/09-database-design.md,EXCLUDED_NON_CODE,decision,docs(platform): 闭合统一导出任务重试状态
codex/f-acc-001-sds,553dbec0fdf612534153810e1f7015c4fa5493df,UNMAPPED,docs/design/10-api-design.md,EXCLUDED_NON_CODE,decision,docs(platform): 闭合统一导出任务重试状态
codex/f-acc-001-sds,553dbec0fdf612534153810e1f7015c4fa5493df,UNMAPPED,docs/design/15-cache-and-concurrency.md,EXCLUDED_NON_CODE,decision,docs(platform): 闭合统一导出任务重试状态
codex/f-acc-001-sds,553dbec0fdf612534153810e1f7015c4fa5493df,UNMAPPED,docs/design/16-exception-and-idempotency.md,EXCLUDED_NON_CODE,decision,docs(platform): 闭合统一导出任务重试状态
codex/f-acc-001-sds,553dbec0fdf612534153810e1f7015c4fa5493df,F-ACC-002,specs/features/F-ACC-002-satisfaction-questionnaire-result-and-deliverable-sync.md,EXCLUDED_NON_CODE,decision,docs(platform): 闭合统一导出任务重试状态
codex/f-acc-001-sds,553dbec0fdf612534153810e1f7015c4fa5493df,UNMAPPED,scripts/tests/test_validate_sds_phase2.py,APPLIED_CODE,decision,docs(platform): 闭合统一导出任务重试状态
codex/f-acc-001-sds,553dbec0fdf612534153810e1f7015c4fa5493df,UNMAPPED,scripts/validate_sds_phase2.py,APPLIED_CODE,decision,docs(platform): 闭合统一导出任务重试状态
codex/f-acc-001-sds,1df9b3922a5c0a0ad5150cc5e33c14c7585c564c,UNMAPPED,docs/design/16-exception-and-idempotency.md,EXCLUDED_NON_CODE,decision,docs(platform): 唯一化导出失败分类
codex/f-acc-001-sds,1df9b3922a5c0a0ad5150cc5e33c14c7585c564c,UNMAPPED,scripts/tests/test_validate_sds_phase2.py,APPLIED_CODE,decision,docs(platform): 唯一化导出失败分类
codex/f-acc-001-sds,1df9b3922a5c0a0ad5150cc5e33c14c7585c564c,UNMAPPED,scripts/validate_sds_phase2.py,APPLIED_CODE,decision,docs(platform): 唯一化导出失败分类
codex/f-acc-001-sds,9ab20d99ca3524f0506560654cc7c2614cd9f79a,UNMAPPED,docs/engineering/gates/phase-2/gate-status.md,EXCLUDED_NON_CODE,decision,docs(platform): 回写统一导出契约裁决
codex/f-acc-001-sds,9ab20d99ca3524f0506560654cc7c2614cd9f79a,UNMAPPED,docs/engineering/gates/phase-2/independent-review.md,EXCLUDED_NON_CODE,decision,docs(platform): 回写统一导出契约裁决
codex/f-acc-001-sds,9ab20d99ca3524f0506560654cc7c2614cd9f79a,F-ACC-002,specs/features/F-ACC-002-satisfaction-questionnaire-result-and-deliverable-sync.md,EXCLUDED_NON_CODE,decision,docs(platform): 回写统一导出契约裁决
codex/f-acc-001-sds,9ab20d99ca3524f0506560654cc7c2614cd9f79a,UNMAPPED,-,NO_NET_CODE_CHANGE,decision,docs(platform): 回写统一导出契约裁决
codex/f-acc-001-sds,41f92526919e8c18b11c04f188365be2105240ac,F-ACC-002,docs/superpowers/plans/2026-08-30-f-acc-002-satisfaction-questionnaire-result-deliverable-sync.md,EXCLUDED_NON_CODE,decision,docs(acceptance): 闭合满意度实施计划导出链
codex/f-acc-001-sds,41f92526919e8c18b11c04f188365be2105240ac,F-ACC-002,specs/features/F-ACC-002-satisfaction-questionnaire-result-and-deliverable-sync.md,EXCLUDED_NON_CODE,decision,docs(acceptance): 闭合满意度实施计划导出链
codex/f-acc-001-sds,41f92526919e8c18b11c04f188365be2105240ac,F-ACC-002,-,NO_NET_CODE_CHANGE,decision,docs(acceptance): 闭合满意度实施计划导出链
codex/f-acc-001-sds,6a552a288f94936eb71748c980fbc59ad1a04c4b,F-ACC-002,docs/superpowers/plans/2026-08-30-f-acc-002-satisfaction-questionnaire-result-deliverable-sync.md,EXCLUDED_NON_CODE,decision,docs(acceptance): 启动满意度Feature实施
codex/f-acc-001-sds,6a552a288f94936eb71748c980fbc59ad1a04c4b,F-ACC-002,docs/traceability/requirement-matrix.md,EXCLUDED_NON_CODE,decision,docs(acceptance): 启动满意度Feature实施
codex/f-acc-001-sds,6a552a288f94936eb71748c980fbc59ad1a04c4b,F-ACC-002,specs/features/F-ACC-002-satisfaction-questionnaire-result-and-deliverable-sync.md,EXCLUDED_NON_CODE,decision,docs(acceptance): 启动满意度Feature实施
codex/f-acc-001-sds,6a552a288f94936eb71748c980fbc59ad1a04c4b,F-ACC-002,specs/features/README.md,EXCLUDED_NON_CODE,decision,docs(acceptance): 启动满意度Feature实施
codex/f-acc-001-sds,6a552a288f94936eb71748c980fbc59ad1a04c4b,F-ACC-002,tasks/features/F-ACC-002.md,EXCLUDED_NON_CODE,decision,docs(acceptance): 启动满意度Feature实施
codex/f-acc-001-sds,6a552a288f94936eb71748c980fbc59ad1a04c4b,F-ACC-002,-,NO_NET_CODE_CHANGE,decision,docs(acceptance): 启动满意度Feature实施
codex/f-acc-001-sds,a43ed4c1c7e7ecec2a2923aa3914fda566eb4e67,F-ACC-002,sql/migrations/V206__received_facc002_satisfaction_questionnaire_result_forward.sql,APPLIED_MIGRATION_RENUMBERED,decision,V133 -> V206
codex/f-acc-001-sds,a43ed4c1c7e7ecec2a2923aa3914fda566eb4e67,F-ACC-002,sql/migrations/V206__received_facc002_satisfaction_questionnaire_result_forward.sql,APPLIED_CODE,decision,feat(platform): 实现统一异步导出基础能力
codex/f-acc-001-sds,1cb0461f3424a2ae7fd573d5dd43d0cd8252fe54,F-ACC-002,sql/migrations/V206__received_facc002_satisfaction_questionnaire_result_forward.sql,APPLIED_CODE,decision,feat(acceptance): 初始化满意度采集任务
codex/f-acc-001-sds,fab9e06f98d446acc138499c14eae908037f3d9c,F-ACC-002,-,NO_NET_CODE_CHANGE,decision,feat(acceptance): 提供满意度结果Owner事实
codex/f-acc-001-sds,a276347d44fa062ee6ee10d95a8e83e3e3a73d4d,F-ACC-002,-,NO_NET_CODE_CHANGE,decision,feat(acceptance): 提供满意度受控访问链接
codex/f-acc-001-sds,120605575c50667d93fa4b39fda200050f9ea19d,F-ACC-002,-,NO_NET_CODE_CHANGE,decision,feat(acceptance): 持久化满意度不可变答卷
codex/f-acc-001-sds,88c322fa2306a88c88e00903a85a9acfd51897fa,UNMAPPED,docs/design/10-api-design.md,EXCLUDED_NON_CODE,decision,docs(acceptance): 锁定Result文件Owner身份
codex/f-acc-001-sds,88c322fa2306a88c88e00903a85a9acfd51897fa,UNMAPPED,-,NO_NET_CODE_CHANGE,decision,docs(acceptance): 锁定Result文件Owner身份
codex/f-acc-001-sds,b9c0686a161547a1610b9e48f26023303b8ef784,UNMAPPED,-,NO_NET_CODE_CHANGE,decision,feat(acceptance): 实现Result文件Owner重验
codex/f-acc-001-sds,369c92bd21e9c14b94fc653c08d9070e535dce22,UNMAPPED,-,NO_NET_CODE_CHANGE,decision,feat(platform): 支持Result生成文件原子持久化
codex/f-acc-001-sds,bf904db177f0ab29372e8415aaf0de261e3b9c94,F-ACC-002,docs/decisions/open-questions.md,EXCLUDED_NON_CODE,decision,docs(acceptance): 登记满意度计分规格阻断
codex/f-acc-001-sds,bf904db177f0ab29372e8415aaf0de261e3b9c94,F-ACC-002,tasks/features/F-ACC-002.md,EXCLUDED_NON_CODE,decision,docs(acceptance): 登记满意度计分规格阻断
codex/f-acc-001-sds,bf904db177f0ab29372e8415aaf0de261e3b9c94,F-ACC-002,-,NO_NET_CODE_CHANGE,decision,docs(acceptance): 登记满意度计分规格阻断
codex/f-acc-001-sds,e2b321e4bdc79c3075f28ff9059b39542e7ee826,UNMAPPED,"""\351\234\200\346\261\202/PRD-\351\241\271\347\233\256\345\256\236\346\226\275\344\272\244\344\273\230\347\256\241\347\220\206\345\271\263\345\217\260.md""",EXCLUDED_NON_CODE,decision,docs(prd): 基线化可配置问卷基础能力候选
codex/f-acc-001-sds,e2b321e4bdc79c3075f28ff9059b39542e7ee826,UNMAPPED,"""docs/reports/2026-08-30-PRD-V1.8\344\277\256\350\256\242010\345\237\272\347\272\277\345\217\230\346\233\264\346\212\245\345\221\212.md""",EXCLUDED_NON_CODE,decision,docs(prd): 基线化可配置问卷基础能力候选
codex/f-acc-001-sds,e2b321e4bdc79c3075f28ff9059b39542e7ee826,UNMAPPED,"""specs/001-project-delivery-platform/domains/ACC-\351\252\214\346\224\266\344\270\216\351\241\271\347\233\256\351\227\255\347\216\257\351\234\200\346\261\202\350\247\204\346\240\274.md""",EXCLUDED_NON_CODE,decision,docs(prd): 基线化可配置问卷基础能力候选
codex/f-acc-001-sds,e2b321e4bdc79c3075f28ff9059b39542e7ee826,UNMAPPED,docs/baseline/README.md,EXCLUDED_NON_CODE,decision,docs(prd): 基线化可配置问卷基础能力候选
codex/f-acc-001-sds,e2b321e4bdc79c3075f28ff9059b39542e7ee826,UNMAPPED,docs/baseline/baseline-signoff.md,EXCLUDED_NON_CODE,decision,docs(prd): 基线化可配置问卷基础能力候选
codex/f-acc-001-sds,e2b321e4bdc79c3075f28ff9059b39542e7ee826,UNMAPPED,docs/baseline/change-log.md,EXCLUDED_NON_CODE,decision,docs(prd): 基线化可配置问卷基础能力候选
codex/f-acc-001-sds,e2b321e4bdc79c3075f28ff9059b39542e7ee826,UNMAPPED,docs/baseline/prd-v1.8-amendment-010-configurable-questionnaire-foundation.md,EXCLUDED_NON_CODE,decision,docs(prd): 基线化可配置问卷基础能力候选
codex/f-acc-001-sds,e2b321e4bdc79c3075f28ff9059b39542e7ee826,UNMAPPED,docs/baseline/prd-v1.8.md,EXCLUDED_NON_CODE,decision,docs(prd): 基线化可配置问卷基础能力候选
codex/f-acc-001-sds,e2b321e4bdc79c3075f28ff9059b39542e7ee826,UNMAPPED,docs/baseline/requirement-baseline.yaml,EXCLUDED_NON_CODE,decision,docs(prd): 基线化可配置问卷基础能力候选
codex/f-acc-001-sds,e2b321e4bdc79c3075f28ff9059b39542e7ee826,UNMAPPED,docs/decisions/open-questions.md,EXCLUDED_NON_CODE,decision,docs(prd): 基线化可配置问卷基础能力候选
codex/f-acc-001-sds,e2b321e4bdc79c3075f28ff9059b39542e7ee826,F-ACC-002,tasks/features/F-ACC-002.md,EXCLUDED_NON_CODE,decision,docs(prd): 基线化可配置问卷基础能力候选
codex/f-acc-001-sds,e2b321e4bdc79c3075f28ff9059b39542e7ee826,UNMAPPED,"""docs/reports/2026-08-30-PRD-V1.8\344\277\256\350\256\242010\345\237\272\347\272\277\345\217\230\346\233\264\346\212\245\345\221\212.md""",APPLIED_CODE,decision,docs(prd): 基线化可配置问卷基础能力候选
codex/f-acc-001-sds,e2b321e4bdc79c3075f28ff9059b39542e7ee826,F-ACC-002,scripts/tests/test_prd_satisfaction_questionnaire_configuration.py,APPLIED_CODE,decision,docs(prd): 基线化可配置问卷基础能力候选
codex/f-acc-001-sds,e2b321e4bdc79c3075f28ff9059b39542e7ee826,UNMAPPED,"""specs/001-project-delivery-platform/domains/ACC-\351\252\214\346\224\266\344\270\216\351\241\271\347\233\256\351\227\255\347\216\257\351\234\200\346\261\202\350\247\204\346\240\274.md""",APPLIED_CODE,decision,docs(prd): 基线化可配置问卷基础能力候选
codex/f-acc-001-sds,e2b321e4bdc79c3075f28ff9059b39542e7ee826,UNMAPPED,"""\351\234\200\346\261\202/PRD-\351\241\271\347\233\256\345\256\236\346\226\275\344\272\244\344\273\230\347\256\241\347\220\206\345\271\263\345\217\260.md""",APPLIED_CODE,decision,docs(prd): 基线化可配置问卷基础能力候选
codex/f-acc-001-sds,c69a53a4e03566ebb4ec2e81d3e22bc73aad63f6,UNMAPPED,docs/baseline/requirement-baseline.yaml,EXCLUDED_NON_CODE,decision,fix(prd): 修正修订010基线校验报告
codex/f-acc-001-sds,c69a53a4e03566ebb4ec2e81d3e22bc73aad63f6,UNMAPPED,-,NO_NET_CODE_CHANGE,decision,fix(prd): 修正修订010基线校验报告
codex/f-acc-001-sds,9f178dc322dbcd7412e6b6570ad7d9a7cc2ff26a,UNMAPPED,"""docs/reports/2026-08-30-PRD-V1.8\344\277\256\350\256\242010\345\237\272\347\272\277\345\217\230\346\233\264\346\212\245\345\221\212.md""",EXCLUDED_NON_CODE,decision,docs(acceptance): 锁定可配置问卷计分契约
codex/f-acc-001-sds,9f178dc322dbcd7412e6b6570ad7d9a7cc2ff26a,UNMAPPED,docs/baseline/README.md,EXCLUDED_NON_CODE,decision,docs(acceptance): 锁定可配置问卷计分契约
codex/f-acc-001-sds,9f178dc322dbcd7412e6b6570ad7d9a7cc2ff26a,UNMAPPED,docs/baseline/baseline-signoff.md,EXCLUDED_NON_CODE,decision,docs(acceptance): 锁定可配置问卷计分契约
codex/f-acc-001-sds,9f178dc322dbcd7412e6b6570ad7d9a7cc2ff26a,UNMAPPED,docs/baseline/change-log.md,EXCLUDED_NON_CODE,decision,docs(acceptance): 锁定可配置问卷计分契约
codex/f-acc-001-sds,9f178dc322dbcd7412e6b6570ad7d9a7cc2ff26a,UNMAPPED,docs/baseline/prd-v1.8-amendment-010-configurable-questionnaire-foundation.md,EXCLUDED_NON_CODE,decision,docs(acceptance): 锁定可配置问卷计分契约
codex/f-acc-001-sds,9f178dc322dbcd7412e6b6570ad7d9a7cc2ff26a,UNMAPPED,docs/baseline/requirement-baseline.yaml,EXCLUDED_NON_CODE,decision,docs(acceptance): 锁定可配置问卷计分契约
codex/f-acc-001-sds,9f178dc322dbcd7412e6b6570ad7d9a7cc2ff26a,F-ACC-002,docs/decisions/0041-satisfaction-questionnaire-result-and-deliverable-source.md,EXCLUDED_NON_CODE,decision,docs(acceptance): 锁定可配置问卷计分契约
codex/f-acc-001-sds,9f178dc322dbcd7412e6b6570ad7d9a7cc2ff26a,UNMAPPED,docs/decisions/open-questions.md,EXCLUDED_NON_CODE,decision,docs(acceptance): 锁定可配置问卷计分契约
codex/f-acc-001-sds,9f178dc322dbcd7412e6b6570ad7d9a7cc2ff26a,UNMAPPED,docs/design/05-state-machine.md,EXCLUDED_NON_CODE,decision,docs(acceptance): 锁定可配置问卷计分契约
codex/f-acc-001-sds,9f178dc322dbcd7412e6b6570ad7d9a7cc2ff26a,UNMAPPED,docs/design/08-data-model.md,EXCLUDED_NON_CODE,decision,docs(acceptance): 锁定可配置问卷计分契约
codex/f-acc-001-sds,9f178dc322dbcd7412e6b6570ad7d9a7cc2ff26a,UNMAPPED,docs/design/09-database-design.md,EXCLUDED_NON_CODE,decision,docs(acceptance): 锁定可配置问卷计分契约
codex/f-acc-001-sds,9f178dc322dbcd7412e6b6570ad7d9a7cc2ff26a,UNMAPPED,docs/design/10-api-design.md,EXCLUDED_NON_CODE,decision,docs(acceptance): 锁定可配置问卷计分契约
codex/f-acc-001-sds,9f178dc322dbcd7412e6b6570ad7d9a7cc2ff26a,UNMAPPED,docs/design/15-cache-and-concurrency.md,EXCLUDED_NON_CODE,decision,docs(acceptance): 锁定可配置问卷计分契约
codex/f-acc-001-sds,9f178dc322dbcd7412e6b6570ad7d9a7cc2ff26a,UNMAPPED,docs/design/16-exception-and-idempotency.md,EXCLUDED_NON_CODE,decision,docs(acceptance): 锁定可配置问卷计分契约
codex/f-acc-001-sds,9f178dc322dbcd7412e6b6570ad7d9a7cc2ff26a,UNMAPPED,docs/engineering/gates/phase-2/gate-status.md,EXCLUDED_NON_CODE,decision,docs(acceptance): 锁定可配置问卷计分契约
codex/f-acc-001-sds,9f178dc322dbcd7412e6b6570ad7d9a7cc2ff26a,UNMAPPED,docs/traceability/domain-entity-migration-contract.json,EXCLUDED_NON_CODE,decision,docs(acceptance): 锁定可配置问卷计分契约
codex/f-acc-001-sds,9f178dc322dbcd7412e6b6570ad7d9a7cc2ff26a,UNMAPPED,docs/traceability/domain-entity-migration-contract.md,EXCLUDED_NON_CODE,decision,docs(acceptance): 锁定可配置问卷计分契约
codex/f-acc-001-sds,9f178dc322dbcd7412e6b6570ad7d9a7cc2ff26a,UNMAPPED,docs/traceability/phase2-contract-map.md,EXCLUDED_NON_CODE,decision,docs(acceptance): 锁定可配置问卷计分契约
codex/f-acc-001-sds,9f178dc322dbcd7412e6b6570ad7d9a7cc2ff26a,F-ACC-002,tasks/features/F-ACC-002.md,EXCLUDED_NON_CODE,decision,docs(acceptance): 锁定可配置问卷计分契约
codex/f-acc-001-sds,9f178dc322dbcd7412e6b6570ad7d9a7cc2ff26a,UNMAPPED,"""docs/reports/2026-08-30-PRD-V1.8\344\277\256\350\256\242010\345\237\272\347\272\277\345\217\230\346\233\264\346\212\245\345\221\212.md""",APPLIED_CODE,decision,docs(acceptance): 锁定可配置问卷计分契约
codex/f-acc-001-sds,9f178dc322dbcd7412e6b6570ad7d9a7cc2ff26a,UNMAPPED,scripts/generate_phase2_contract_map.py,APPLIED_CODE,decision,docs(acceptance): 锁定可配置问卷计分契约
codex/f-acc-001-sds,9f178dc322dbcd7412e6b6570ad7d9a7cc2ff26a,F-ACC-002,scripts/tests/test_prd_satisfaction_questionnaire_configuration.py,APPLIED_CODE,decision,docs(acceptance): 锁定可配置问卷计分契约
codex/f-acc-001-sds,9f178dc322dbcd7412e6b6570ad7d9a7cc2ff26a,UNMAPPED,scripts/tests/test_validate_sds_phase2.py,APPLIED_CODE,decision,docs(acceptance): 锁定可配置问卷计分契约
codex/f-acc-001-sds,9f178dc322dbcd7412e6b6570ad7d9a7cc2ff26a,UNMAPPED,scripts/validate_sds_phase2.py,APPLIED_CODE,decision,docs(acceptance): 锁定可配置问卷计分契约
codex/f-acc-001-sds,4ecc9d3bb3677ab7a7cbcd867b7ec29418479985,UNMAPPED,docs/design/09-database-design.md,EXCLUDED_NON_CODE,decision,docs(acceptance): 闭合多选题可达分契约
codex/f-acc-001-sds,4ecc9d3bb3677ab7a7cbcd867b7ec29418479985,UNMAPPED,docs/design/10-api-design.md,EXCLUDED_NON_CODE,decision,docs(acceptance): 闭合多选题可达分契约
codex/f-acc-001-sds,4ecc9d3bb3677ab7a7cbcd867b7ec29418479985,UNMAPPED,docs/design/16-exception-and-idempotency.md,EXCLUDED_NON_CODE,decision,docs(acceptance): 闭合多选题可达分契约
codex/f-acc-001-sds,4ecc9d3bb3677ab7a7cbcd867b7ec29418479985,UNMAPPED,scripts/tests/test_validate_sds_phase2.py,APPLIED_CODE,decision,docs(acceptance): 闭合多选题可达分契约
codex/f-acc-001-sds,4ecc9d3bb3677ab7a7cbcd867b7ec29418479985,UNMAPPED,scripts/validate_sds_phase2.py,APPLIED_CODE,decision,docs(acceptance): 闭合多选题可达分契约
codex/f-acc-001-sds,293293c5cc187bdf2405b9638406e0f97f4c7cb2,F-ACC-002,docs/decisions/0041-satisfaction-questionnaire-result-and-deliverable-source.md,EXCLUDED_NON_CODE,decision,docs(acceptance): 同步可配置问卷实施契约
codex/f-acc-001-sds,293293c5cc187bdf2405b9638406e0f97f4c7cb2,UNMAPPED,docs/engineering/gates/phase-2/gate-status.md,EXCLUDED_NON_CODE,decision,docs(acceptance): 同步可配置问卷实施契约
codex/f-acc-001-sds,293293c5cc187bdf2405b9638406e0f97f4c7cb2,F-ACC-002,specs/features/F-ACC-002-satisfaction-questionnaire-result-and-deliverable-sync.md,EXCLUDED_NON_CODE,decision,docs(acceptance): 同步可配置问卷实施契约
codex/f-acc-001-sds,293293c5cc187bdf2405b9638406e0f97f4c7cb2,F-ACC-002,tasks/features/F-ACC-002.md,EXCLUDED_NON_CODE,decision,docs(acceptance): 同步可配置问卷实施契约
codex/f-acc-001-sds,293293c5cc187bdf2405b9638406e0f97f4c7cb2,UNMAPPED,-,NO_NET_CODE_CHANGE,decision,docs(acceptance): 同步可配置问卷实施契约
codex/f-acc-001-sds,b7231e73eacd0697b7c597a9ed494a5bbfd407a4,UNMAPPED,-,NO_NET_CODE_CHANGE,decision,feat(acceptance): 实现可配置问卷确定性计分
codex/f-acc-001-sds,98feb4564a8c6cbdae37c4c340fc92fa6827958b,F-ACC-002,-,NO_NET_CODE_CHANGE,decision,feat(acceptance): 形成满意度判定结果事务
codex/f-acc-001-sds,e83cda3ff05dc97bbaa145871adb8148faee5790,F-ACC-002,-,NO_NET_CODE_CHANGE,decision,feat(acceptance): 接通公开满意度答卷判定
codex/f-acc-001-sds,4f6d51bd67867c1acd2e4afa9b6bacd6cae33147,F-ACC-002,docs/decisions/0041-satisfaction-questionnaire-result-and-deliverable-source.md,EXCLUDED_NON_CODE,decision,docs(acceptance): 锁定grant上传Response身份
codex/f-acc-001-sds,4f6d51bd67867c1acd2e4afa9b6bacd6cae33147,UNMAPPED,docs/design/10-api-design.md,EXCLUDED_NON_CODE,decision,docs(acceptance): 锁定grant上传Response身份
codex/f-acc-001-sds,4f6d51bd67867c1acd2e4afa9b6bacd6cae33147,UNMAPPED,docs/design/13-file-design.md,EXCLUDED_NON_CODE,decision,docs(acceptance): 锁定grant上传Response身份
codex/f-acc-001-sds,4f6d51bd67867c1acd2e4afa9b6bacd6cae33147,UNMAPPED,docs/design/16-exception-and-idempotency.md,EXCLUDED_NON_CODE,decision,docs(acceptance): 锁定grant上传Response身份
codex/f-acc-001-sds,4f6d51bd67867c1acd2e4afa9b6bacd6cae33147,F-ACC-002,docs/superpowers/plans/2026-08-30-f-acc-002-satisfaction-questionnaire-result-deliverable-sync.md,EXCLUDED_NON_CODE,decision,docs(acceptance): 锁定grant上传Response身份
codex/f-acc-001-sds,4f6d51bd67867c1acd2e4afa9b6bacd6cae33147,F-ACC-002,specs/features/F-ACC-002-physical-contract.json,EXCLUDED_NON_CODE,decision,docs(acceptance): 锁定grant上传Response身份
codex/f-acc-001-sds,4f6d51bd67867c1acd2e4afa9b6bacd6cae33147,F-ACC-002,specs/features/F-ACC-002-satisfaction-questionnaire-result-and-deliverable-sync.md,EXCLUDED_NON_CODE,decision,docs(acceptance): 锁定grant上传Response身份
codex/f-acc-001-sds,4f6d51bd67867c1acd2e4afa9b6bacd6cae33147,F-ACC-002,tasks/features/F-ACC-002.md,EXCLUDED_NON_CODE,decision,docs(acceptance): 锁定grant上传Response身份
codex/f-acc-001-sds,4f6d51bd67867c1acd2e4afa9b6bacd6cae33147,UNMAPPED,-,NO_NET_CODE_CHANGE,decision,docs(acceptance): 锁定grant上传Response身份
codex/f-acc-001-sds,98e4ae22a7f2f7dd3056ce674cbadaf6f865eafe,F-ACC-002,tasks/features/F-ACC-002.md,EXCLUDED_NON_CODE,decision,feat(acceptance): 接通受控问卷文件上传
codex/f-acc-001-sds,98e4ae22a7f2f7dd3056ce674cbadaf6f865eafe,UNMAPPED,-,NO_NET_CODE_CHANGE,decision,feat(acceptance): 接通受控问卷文件上传
codex/f-acc-001-sds,57b2dcd223b9cf685e2aff648003b54f03e82de8,F-ACC-002,tasks/features/F-ACC-002.md,EXCLUDED_NON_CODE,decision,fix(acceptance): 绑定grant上传重放身份
codex/f-acc-001-sds,57b2dcd223b9cf685e2aff648003b54f03e82de8,UNMAPPED,-,NO_NET_CODE_CHANGE,decision,fix(acceptance): 绑定grant上传重放身份
codex/f-acc-001-sds,0f3769755f59a7a76c0ceec715c67f3af3bf134c,F-ACC-002,docs/design/10-api-design.md,EXCLUDED_NON_CODE,decision,feat(acceptance): 接通满意度结果来源投影
codex/f-acc-001-sds,0f3769755f59a7a76c0ceec715c67f3af3bf134c,F-ACC-002,docs/design/11-event-design.md,EXCLUDED_NON_CODE,decision,feat(acceptance): 接通满意度结果来源投影
codex/f-acc-001-sds,0f3769755f59a7a76c0ceec715c67f3af3bf134c,F-ACC-002,docs/superpowers/plans/2026-08-30-f-acc-002-satisfaction-questionnaire-result-deliverable-sync.md,EXCLUDED_NON_CODE,decision,feat(acceptance): 接通满意度结果来源投影
codex/f-acc-001-sds,0f3769755f59a7a76c0ceec715c67f3af3bf134c,F-ACC-002,specs/features/F-ACC-002-physical-contract.json,EXCLUDED_NON_CODE,decision,feat(acceptance): 接通满意度结果来源投影
codex/f-acc-001-sds,0f3769755f59a7a76c0ceec715c67f3af3bf134c,F-ACC-002,specs/features/F-ACC-002-satisfaction-questionnaire-result-and-deliverable-sync.md,EXCLUDED_NON_CODE,decision,feat(acceptance): 接通满意度结果来源投影
codex/f-acc-001-sds,0f3769755f59a7a76c0ceec715c67f3af3bf134c,F-ACC-002,tasks/features/F-ACC-002.md,EXCLUDED_NON_CODE,decision,feat(acceptance): 接通满意度结果来源投影
codex/f-acc-001-sds,0f3769755f59a7a76c0ceec715c67f3af3bf134c,F-ACC-002,-,NO_NET_CODE_CHANGE,decision,feat(acceptance): 接通满意度结果来源投影
codex/f-acc-001-sds,4a84f6f9e6491c621ff69e0b6b00edba8dfb5eda,F-ACC-002,tasks/features/F-ACC-002.md,EXCLUDED_NON_CODE,decision,fix(acceptance): 清理失效满意度来源指针
codex/f-acc-001-sds,4a84f6f9e6491c621ff69e0b6b00edba8dfb5eda,F-ACC-002,-,NO_NET_CODE_CHANGE,decision,fix(acceptance): 清理失效满意度来源指针
codex/f-acc-001-sds,6ec1b2459a436f16d9a87bf03358ab98e0af4bfc,F-ACC-002,docs/design/11-event-design.md,EXCLUDED_NON_CODE,decision,feat(acceptance): 接通满意度待办与归档补偿
codex/f-acc-001-sds,6ec1b2459a436f16d9a87bf03358ab98e0af4bfc,F-ACC-002,docs/superpowers/plans/2026-08-30-f-acc-002-satisfaction-questionnaire-result-deliverable-sync.md,EXCLUDED_NON_CODE,decision,feat(acceptance): 接通满意度待办与归档补偿
codex/f-acc-001-sds,6ec1b2459a436f16d9a87bf03358ab98e0af4bfc,F-ACC-002,specs/features/F-ACC-002-physical-contract.json,EXCLUDED_NON_CODE,decision,feat(acceptance): 接通满意度待办与归档补偿
codex/f-acc-001-sds,6ec1b2459a436f16d9a87bf03358ab98e0af4bfc,F-ACC-002,specs/features/F-ACC-002-satisfaction-questionnaire-result-and-deliverable-sync.md,EXCLUDED_NON_CODE,decision,feat(acceptance): 接通满意度待办与归档补偿
codex/f-acc-001-sds,6ec1b2459a436f16d9a87bf03358ab98e0af4bfc,F-ACC-002,tasks/features/F-ACC-002.md,EXCLUDED_NON_CODE,decision,feat(acceptance): 接通满意度待办与归档补偿
codex/f-acc-001-sds,6ec1b2459a436f16d9a87bf03358ab98e0af4bfc,F-ACC-002,-,NO_NET_CODE_CHANGE,decision,feat(acceptance): 接通满意度待办与归档补偿
codex/f-acc-001-sds,59c34505e7d3d5bfa49d03c165989f521c7d5c6c,F-ACC-002,docs/design/11-event-design.md,EXCLUDED_NON_CODE,decision,fix(acceptance): 分离满意度来源附件序号
codex/f-acc-001-sds,59c34505e7d3d5bfa49d03c165989f521c7d5c6c,F-ACC-002,tasks/features/F-ACC-002.md,EXCLUDED_NON_CODE,decision,fix(acceptance): 分离满意度来源附件序号
codex/f-acc-001-sds,59c34505e7d3d5bfa49d03c165989f521c7d5c6c,F-ACC-002,-,NO_NET_CODE_CHANGE,decision,fix(acceptance): 分离满意度来源附件序号
codex/f-acc-001-sds,99a4b412ae259f7b06d5dd1a596b0bab8e38f5a7,F-ACC-002,tasks/features/F-ACC-002.md,EXCLUDED_NON_CODE,decision,chore(acceptance): 完成满意度后端任务
codex/f-acc-001-sds,99a4b412ae259f7b06d5dd1a596b0bab8e38f5a7,F-ACC-002,-,NO_NET_CODE_CHANGE,decision,chore(acceptance): 完成满意度后端任务
codex/f-acc-001-sds,0ffaebe3d1c32733abe9955f2733b6fe7cd02349,F-ACC-002,-,NO_NET_CODE_CHANGE,decision,feat(acceptance): 接通满意度模板管理
codex/f-acc-001-sds,e3cc9eed198272c8cc56291d81c73da6ac837835,F-ACC-002,-,NO_NET_CODE_CHANGE,decision,feat(acceptance): 接通满意度任务管理
codex/f-acc-001-sds,d00501f486afe5e3b8c73046eda64439ff496449,F-ACC-002,-,NO_NET_CODE_CHANGE,decision,feat(acceptance): 接通满意度结果管理
codex/f-acc-001-sds,5f4054e56799d3b0009b01e190c5648243e2f68f,UNMAPPED,-,NO_NET_CODE_CHANGE,decision,feat(acceptance): 接通现场协助答卷
codex/f-acc-001-sds,c1f7c74aeddbd92d885aaed70bcf1abf0126ae6e,F-ACC-002,tasks/features/F-ACC-002.md,EXCLUDED_NON_CODE,decision,chore(acceptance): 收口满意度后端任务
codex/f-acc-001-sds,c1f7c74aeddbd92d885aaed70bcf1abf0126ae6e,F-ACC-002,-,NO_NET_CODE_CHANGE,decision,chore(acceptance): 收口满意度后端任务
codex/f-acc-001-sds,0b832c37d0bf152af72e5a5012e46d39c97a2f4f,F-ACC-002,-,NO_NET_CODE_CHANGE,decision,feat(acceptance): 接通满意度前端闭环
codex/f-acc-001-sds,486727a3a856fe5de19683f3e7eef1d38b88f6a0,F-ACC-002,docs/design/10-api-design.md,EXCLUDED_NON_CODE,decision,feat(acceptance): 完成满意度纵向闭环
codex/f-acc-001-sds,486727a3a856fe5de19683f3e7eef1d38b88f6a0,F-ACC-002,docs/engineering/evidence/f-acc-002-browser-evidence.json,EXCLUDED_NON_CODE,decision,feat(acceptance): 完成满意度纵向闭环
codex/f-acc-001-sds,486727a3a856fe5de19683f3e7eef1d38b88f6a0,F-ACC-002,docs/engineering/evidence/f-acc-002-browser/01-satisfaction-workbench.png,EXCLUDED_NON_CODE,decision,feat(acceptance): 完成满意度纵向闭环
codex/f-acc-001-sds,486727a3a856fe5de19683f3e7eef1d38b88f6a0,F-ACC-002,docs/engineering/evidence/f-acc-002-browser/02-controlled-link-qr.png,EXCLUDED_NON_CODE,decision,feat(acceptance): 完成满意度纵向闭环
codex/f-acc-001-sds,486727a3a856fe5de19683f3e7eef1d38b88f6a0,F-ACC-002,docs/engineering/evidence/f-acc-002-browser/03-public-questionnaire.png,EXCLUDED_NON_CODE,decision,feat(acceptance): 完成满意度纵向闭环
codex/f-acc-001-sds,486727a3a856fe5de19683f3e7eef1d38b88f6a0,F-ACC-002,docs/engineering/evidence/f-acc-002-browser/04-results-and-export.png,EXCLUDED_NON_CODE,decision,feat(acceptance): 完成满意度纵向闭环
codex/f-acc-001-sds,486727a3a856fe5de19683f3e7eef1d38b88f6a0,F-ACC-002,docs/superpowers/plans/2026-08-30-f-acc-002-satisfaction-questionnaire-result-deliverable-sync.md,EXCLUDED_NON_CODE,decision,feat(acceptance): 完成满意度纵向闭环
codex/f-acc-001-sds,486727a3a856fe5de19683f3e7eef1d38b88f6a0,F-ACC-002,specs/features/F-ACC-002-satisfaction-questionnaire-result-and-deliverable-sync.md,EXCLUDED_NON_CODE,decision,feat(acceptance): 完成满意度纵向闭环
codex/f-acc-001-sds,486727a3a856fe5de19683f3e7eef1d38b88f6a0,F-ACC-002,tasks/features/F-ACC-002.md,EXCLUDED_NON_CODE,decision,feat(acceptance): 完成满意度纵向闭环
codex/f-acc-001-sds,486727a3a856fe5de19683f3e7eef1d38b88f6a0,F-ACC-002,pms-module-engineering/src/test/java/cn/iocoder/yudao/module/pms/engineering/preparation/PreparationMySqlIntegrationTest.java,APPLIED_CODE,decision,feat(acceptance): 完成满意度纵向闭环
codex/f-acc-001-sds,338dcc978825436ac538d0e8c43282094d13d310,F-ACC-002,docs/engineering/evidence/f-acc-002-browser-evidence.json,EXCLUDED_NON_CODE,decision,fix(acceptance): 接通现场协助工作台闭环
codex/f-acc-001-sds,338dcc978825436ac538d0e8c43282094d13d310,F-ACC-002,docs/engineering/evidence/f-acc-002-browser/01-assisted-response-dialog.png,EXCLUDED_NON_CODE,decision,fix(acceptance): 接通现场协助工作台闭环
codex/f-acc-001-sds,338dcc978825436ac538d0e8c43282094d13d310,F-ACC-002,docs/engineering/evidence/f-acc-002-browser/01-satisfaction-workbench.png,EXCLUDED_NON_CODE,decision,fix(acceptance): 接通现场协助工作台闭环
codex/f-acc-001-sds,338dcc978825436ac538d0e8c43282094d13d310,F-ACC-002,docs/engineering/evidence/f-acc-002-browser/02-controlled-link-qr.png,EXCLUDED_NON_CODE,decision,fix(acceptance): 接通现场协助工作台闭环
codex/f-acc-001-sds,338dcc978825436ac538d0e8c43282094d13d310,F-ACC-002,docs/engineering/evidence/f-acc-002-browser/03-public-questionnaire.png,EXCLUDED_NON_CODE,decision,fix(acceptance): 接通现场协助工作台闭环
codex/f-acc-001-sds,338dcc978825436ac538d0e8c43282094d13d310,F-ACC-002,docs/engineering/evidence/f-acc-002-browser/04-results-and-export.png,EXCLUDED_NON_CODE,decision,fix(acceptance): 接通现场协助工作台闭环
codex/f-acc-001-sds,338dcc978825436ac538d0e8c43282094d13d310,F-ACC-002,specs/features/F-ACC-002-satisfaction-questionnaire-result-and-deliverable-sync.md,EXCLUDED_NON_CODE,decision,fix(acceptance): 接通现场协助工作台闭环
codex/f-acc-001-sds,338dcc978825436ac538d0e8c43282094d13d310,F-ACC-002,tasks/features/F-ACC-002.md,EXCLUDED_NON_CODE,decision,fix(acceptance): 接通现场协助工作台闭环
codex/f-acc-001-sds,338dcc978825436ac538d0e8c43282094d13d310,UNMAPPED,-,NO_NET_CODE_CHANGE,decision,fix(acceptance): 接通现场协助工作台闭环
codex/f-acc-001-sds,8ed75093f6ca63292388075e070fd1c7eb9babf7,F-ACC-002,docs/engineering/evidence/f-acc-002-browser-evidence.json,EXCLUDED_NON_CODE,decision,fix(acceptance): 闭合满意度历史下载
codex/f-acc-001-sds,8ed75093f6ca63292388075e070fd1c7eb9babf7,F-ACC-002,docs/engineering/evidence/f-acc-002-browser/01-assisted-response-dialog.png,EXCLUDED_NON_CODE,decision,fix(acceptance): 闭合满意度历史下载
codex/f-acc-001-sds,8ed75093f6ca63292388075e070fd1c7eb9babf7,F-ACC-002,docs/engineering/evidence/f-acc-002-browser/01-satisfaction-workbench.png,EXCLUDED_NON_CODE,decision,fix(acceptance): 闭合满意度历史下载
codex/f-acc-001-sds,8ed75093f6ca63292388075e070fd1c7eb9babf7,F-ACC-002,docs/engineering/evidence/f-acc-002-browser/02-controlled-link-qr.png,EXCLUDED_NON_CODE,decision,fix(acceptance): 闭合满意度历史下载
codex/f-acc-001-sds,8ed75093f6ca63292388075e070fd1c7eb9babf7,F-ACC-002,docs/engineering/evidence/f-acc-002-browser/03-public-questionnaire.png,EXCLUDED_NON_CODE,decision,fix(acceptance): 闭合满意度历史下载
codex/f-acc-001-sds,8ed75093f6ca63292388075e070fd1c7eb9babf7,F-ACC-002,docs/engineering/evidence/f-acc-002-browser/04-results-and-export.png,EXCLUDED_NON_CODE,decision,fix(acceptance): 闭合满意度历史下载
codex/f-acc-001-sds,8ed75093f6ca63292388075e070fd1c7eb9babf7,F-ACC-002,specs/features/F-ACC-002-satisfaction-questionnaire-result-and-deliverable-sync.md,EXCLUDED_NON_CODE,decision,fix(acceptance): 闭合满意度历史下载
codex/f-acc-001-sds,8ed75093f6ca63292388075e070fd1c7eb9babf7,F-ACC-002,tasks/features/F-ACC-002.md,EXCLUDED_NON_CODE,decision,fix(acceptance): 闭合满意度历史下载
codex/f-acc-001-sds,8ed75093f6ca63292388075e070fd1c7eb9babf7,F-ACC-002,-,NO_NET_CODE_CHANGE,decision,fix(acceptance): 闭合满意度历史下载
codex/f-acc-001-sds,58576666af682bed1a5ea8e40043ff77dde4b2c7,F-ACC-002,docs/traceability/requirement-matrix.md,EXCLUDED_NON_CODE,decision,chore(acceptance): 回写满意度实施完成状态
codex/f-acc-001-sds,58576666af682bed1a5ea8e40043ff77dde4b2c7,F-ACC-002,docs/traceability/requirement-version-coverage.json,EXCLUDED_NON_CODE,decision,chore(acceptance): 回写满意度实施完成状态
codex/f-acc-001-sds,58576666af682bed1a5ea8e40043ff77dde4b2c7,F-ACC-002,tasks/features/F-ACC-002.md,EXCLUDED_NON_CODE,decision,chore(acceptance): 回写满意度实施完成状态
codex/f-acc-001-sds,58576666af682bed1a5ea8e40043ff77dde4b2c7,F-ACC-002,-,NO_NET_CODE_CHANGE,decision,chore(acceptance): 回写满意度实施完成状态
prereq-parallel-check-kKiAdn,c5d4550a826567e42289929b8652df9d0b73d6a3,UNMAPPED,AGENTS.md,EXCLUDED_NON_CODE,decision,feat: auto committed
prereq-parallel-check-kKiAdn,c5d4550a826567e42289929b8652df9d0b73d6a3,UNMAPPED,-,NO_NET_CODE_CHANGE,decision,feat: auto committed
prereq-parallel-check-kKiAdn,8425805911703c3c75387ba7e9bea75dedd6f076,UNMAPPED,.gitignore,EXCLUDED_NON_CODE,decision,feat(integration): 建立 Device Ops 集成基础能力
prereq-parallel-check-kKiAdn,8425805911703c3c75387ba7e9bea75dedd6f076,UNMAPPED,docs/design/02c-data-ownership-matrix.md,EXCLUDED_NON_CODE,decision,feat(integration): 建立 Device Ops 集成基础能力
prereq-parallel-check-kKiAdn,8425805911703c3c75387ba7e9bea75dedd6f076,UNMAPPED,docs/design/03-system-architecture.md,EXCLUDED_NON_CODE,decision,feat(integration): 建立 Device Ops 集成基础能力
prereq-parallel-check-kKiAdn,8425805911703c3c75387ba7e9bea75dedd6f076,UNMAPPED,docs/design/04-module-design.md,EXCLUDED_NON_CODE,decision,feat(integration): 建立 Device Ops 集成基础能力
prereq-parallel-check-kKiAdn,8425805911703c3c75387ba7e9bea75dedd6f076,UNMAPPED,docs/design/05-state-machine.md,EXCLUDED_NON_CODE,decision,feat(integration): 建立 Device Ops 集成基础能力
prereq-parallel-check-kKiAdn,8425805911703c3c75387ba7e9bea75dedd6f076,UNMAPPED,docs/design/08-data-model.md,EXCLUDED_NON_CODE,decision,feat(integration): 建立 Device Ops 集成基础能力
prereq-parallel-check-kKiAdn,8425805911703c3c75387ba7e9bea75dedd6f076,UNMAPPED,docs/design/09-database-design.md,EXCLUDED_NON_CODE,decision,feat(integration): 建立 Device Ops 集成基础能力
prereq-parallel-check-kKiAdn,8425805911703c3c75387ba7e9bea75dedd6f076,UNMAPPED,docs/design/10-api-design.md,EXCLUDED_NON_CODE,decision,feat(integration): 建立 Device Ops 集成基础能力
prereq-parallel-check-kKiAdn,8425805911703c3c75387ba7e9bea75dedd6f076,UNMAPPED,docs/design/11-event-design.md,EXCLUDED_NON_CODE,decision,feat(integration): 建立 Device Ops 集成基础能力
prereq-parallel-check-kKiAdn,8425805911703c3c75387ba7e9bea75dedd6f076,UNMAPPED,docs/design/12-integration-design.md,EXCLUDED_NON_CODE,decision,feat(integration): 建立 Device Ops 集成基础能力
prereq-parallel-check-kKiAdn,8425805911703c3c75387ba7e9bea75dedd6f076,UNMAPPED,docs/design/13-file-design.md,EXCLUDED_NON_CODE,decision,feat(integration): 建立 Device Ops 集成基础能力
prereq-parallel-check-kKiAdn,8425805911703c3c75387ba7e9bea75dedd6f076,F-INT-012,docs/superpowers/plans/2026-08-28-device-ops-platform-integration.md,EXCLUDED_NON_CODE,decision,feat(integration): 建立 Device Ops 集成基础能力
prereq-parallel-check-kKiAdn,8425805911703c3c75387ba7e9bea75dedd6f076,F-INT-012,docs/superpowers/specs/2026-08-28-device-ops-platform-integration-design.md,EXCLUDED_NON_CODE,decision,feat(integration): 建立 Device Ops 集成基础能力
prereq-parallel-check-kKiAdn,8425805911703c3c75387ba7e9bea75dedd6f076,UNMAPPED,docs/traceability/requirement-matrix.md,EXCLUDED_NON_CODE,decision,feat(integration): 建立 Device Ops 集成基础能力
prereq-parallel-check-kKiAdn,8425805911703c3c75387ba7e9bea75dedd6f076,UNMAPPED,sql/migrations/V207__received_device_ops_integration_foundation.sql,APPLIED_MIGRATION_RENUMBERED,decision,V104 -> V207
prereq-parallel-check-kKiAdn,8425805911703c3c75387ba7e9bea75dedd6f076,UNMAPPED,pms-module-platform/pom.xml,APPLIED_CODE,decision,feat(integration): 建立 Device Ops 集成基础能力
prereq-parallel-check-kKiAdn,8425805911703c3c75387ba7e9bea75dedd6f076,UNMAPPED,pom.xml,APPLIED_CODE,decision,feat(integration): 建立 Device Ops 集成基础能力
prereq-parallel-check-kKiAdn,8425805911703c3c75387ba7e9bea75dedd6f076,UNMAPPED,sql/migrations/V207__received_device_ops_integration_foundation.sql,APPLIED_CODE,decision,feat(integration): 建立 Device Ops 集成基础能力
prereq-parallel-check-kKiAdn,8425805911703c3c75387ba7e9bea75dedd6f076,UNMAPPED,yudao-module-infra/src/main/java/cn/iocoder/yudao/module/infra/framework/file/core/client/FileClient.java,APPLIED_CODE,decision,feat(integration): 建立 Device Ops 集成基础能力
prereq-parallel-check-kKiAdn,8425805911703c3c75387ba7e9bea75dedd6f076,UNMAPPED,yudao-module-infra/src/main/java/cn/iocoder/yudao/module/infra/framework/file/core/client/db/DBFileClient.java,APPLIED_CODE,decision,feat(integration): 建立 Device Ops 集成基础能力
prereq-parallel-check-kKiAdn,8425805911703c3c75387ba7e9bea75dedd6f076,UNMAPPED,yudao-module-infra/src/main/java/cn/iocoder/yudao/module/infra/framework/file/core/client/ftp/FtpFileClient.java,APPLIED_CODE,decision,feat(integration): 建立 Device Ops 集成基础能力
prereq-parallel-check-kKiAdn,8425805911703c3c75387ba7e9bea75dedd6f076,UNMAPPED,yudao-module-infra/src/main/java/cn/iocoder/yudao/module/infra/framework/file/core/client/local/LocalFileClient.java,APPLIED_CODE,decision,feat(integration): 建立 Device Ops 集成基础能力
prereq-parallel-check-kKiAdn,8425805911703c3c75387ba7e9bea75dedd6f076,UNMAPPED,yudao-module-infra/src/main/java/cn/iocoder/yudao/module/infra/framework/file/core/client/s3/S3FileClient.java,APPLIED_CODE,decision,feat(integration): 建立 Device Ops 集成基础能力
prereq-parallel-check-kKiAdn,8425805911703c3c75387ba7e9bea75dedd6f076,UNMAPPED,yudao-module-infra/src/main/java/cn/iocoder/yudao/module/infra/framework/file/core/client/sftp/SftpFileClient.java,APPLIED_CODE,decision,feat(integration): 建立 Device Ops 集成基础能力
prereq-parallel-check-kKiAdn,d2d1765ffe14233d8041d4b10c871d246c4a9183,UNMAPPED,-,NO_NET_CODE_CHANGE,decision,feat(platform): 实现设备凭证授权与一次性取密
prereq-parallel-check-kKiAdn,cdfbd71a1722f9696c1dbb8713566de9e88ff97c,F-AST-001,.spec-repo-f-ast-001,EXCLUDED_NON_CODE,decision,feat(platform): 实现采集回调与结果消费确认
prereq-parallel-check-kKiAdn,cdfbd71a1722f9696c1dbb8713566de9e88ff97c,UNMAPPED,docs/specification-baseline/README.md,EXCLUDED_NON_CODE,decision,feat(platform): 实现采集回调与结果消费确认
prereq-parallel-check-kKiAdn,cdfbd71a1722f9696c1dbb8713566de9e88ff97c,UNMAPPED,docs/specification-baseline/allowlist.json,EXCLUDED_NON_CODE,decision,feat(platform): 实现采集回调与结果消费确认
prereq-parallel-check-kKiAdn,cdfbd71a1722f9696c1dbb8713566de9e88ff97c,UNMAPPED,docs/specification-baseline/manifest.json,EXCLUDED_NON_CODE,decision,feat(platform): 实现采集回调与结果消费确认
prereq-parallel-check-kKiAdn,cdfbd71a1722f9696c1dbb8713566de9e88ff97c,UNMAPPED,docs/traceability/requirement-matrix.md,EXCLUDED_NON_CODE,decision,feat(platform): 实现采集回调与结果消费确认
prereq-parallel-check-kKiAdn,cdfbd71a1722f9696c1dbb8713566de9e88ff97c,F-INT-012,specs/features/F-INT-012-device-ops-collection-integration.md,EXCLUDED_NON_CODE,decision,feat(platform): 实现采集回调与结果消费确认
prereq-parallel-check-kKiAdn,cdfbd71a1722f9696c1dbb8713566de9e88ff97c,UNMAPPED,specs/features/README.md,EXCLUDED_NON_CODE,decision,feat(platform): 实现采集回调与结果消费确认
prereq-parallel-check-kKiAdn,cdfbd71a1722f9696c1dbb8713566de9e88ff97c,UNMAPPED,scripts/tests/test_specification_baseline.py,APPLIED_CONFLICT_NEW_FILE,decision,feat(platform): 实现采集回调与结果消费确认
prereq-parallel-check-kKiAdn,cdfbd71a1722f9696c1dbb8713566de9e88ff97c,UNMAPPED,sql/migrations/V208__received_device_ops_callback_consumption.sql,APPLIED_MIGRATION_RENUMBERED,decision,V106 -> V208
prereq-parallel-check-kKiAdn,cdfbd71a1722f9696c1dbb8713566de9e88ff97c,UNMAPPED,scripts/tests/test_specification_baseline.py,APPLIED_CODE,decision,feat(platform): 实现采集回调与结果消费确认
prereq-parallel-check-kKiAdn,cdfbd71a1722f9696c1dbb8713566de9e88ff97c,UNMAPPED,sql/migrations/V208__received_device_ops_callback_consumption.sql,APPLIED_CODE,decision,feat(platform): 实现采集回调与结果消费确认
codex/f-cut-001-matrices,3fe25ae32eea5605dff73fdce5327e8b9eec0b78,F-CUT-001,-,NO_NET_CODE_CHANGE,decision,feat(cutover): 增加风险与调研矩阵发布规则
codex/f-cut-001-matrices,e08898b57e6c7c81e43139881b53ac9d50b4154e,F-CUT-001,-,NO_NET_CODE_CHANGE,decision,feat(cutover): 扩展矩阵类别与绑定必填契约
codex/f-cut-001-matrices,c0dcf2051a0e5d135375ad1dd9cb1f268b87cc38,F-CUT-001,-,NO_NET_CODE_CHANGE,decision,feat(cutover): 联合校验风险与调研矩阵发布
codex/f-cut-001-matrices,45bd0c45f453077d39063d9fcd65381912c16362,F-CUT-001,docs/decisions/open-questions.md,EXCLUDED_NON_CODE,decision,docs(cutover): 登记双机种子名称缺口
codex/f-cut-001-matrices,45bd0c45f453077d39063d9fcd65381912c16362,F-CUT-001,-,NO_NET_CODE_CHANGE,decision,docs(cutover): 登记双机种子名称缺口
codex/f-cut-001-matrices,1a61ea895a2d798a55946427b1b7c291b3a7b98e,F-CUT-001,-,NO_NET_CODE_CHANGE,decision,feat(cutover): 增加风险与调研矩阵编辑界面
codex/f-cut-001-matrices,26b61c4a809dcebec2138f8089b19aa66462b9d7,F-CUT-001,docs/decisions/open-questions.md,EXCLUDED_NON_CODE,decision,docs(cutover): 纠正矩阵参考资料边界
codex/f-cut-001-matrices,26b61c4a809dcebec2138f8089b19aa66462b9d7,F-CUT-001,docs/superpowers/plans/2026-08-30-f-cut-001-risk-survey-matrices.md,EXCLUDED_NON_CODE,decision,docs(cutover): 纠正矩阵参考资料边界
codex/f-cut-001-matrices,26b61c4a809dcebec2138f8089b19aa66462b9d7,F-CUT-001,-,NO_NET_CODE_CHANGE,decision,docs(cutover): 纠正矩阵参考资料边界
codex/f-cut-001-matrices,f8a83538cd033a6795770f1e1de76d8a518976de,F-CUT-001,.run/backend.pid,EXCLUDED_NON_CODE,decision,feat(test): 添加f-cut-001端到端浏览器验收测试
codex/f-cut-001-matrices,f8a83538cd033a6795770f1e1de76d8a518976de,F-CUT-001,.run/frontend.pid,EXCLUDED_NON_CODE,decision,feat(test): 添加f-cut-001端到端浏览器验收测试
codex/f-cut-001-matrices,f8a83538cd033a6795770f1e1de76d8a518976de,F-CUT-001,output/f-cut-001-v18/browser-current/01-complete-risk-matrix-1440.png,EXCLUDED_NON_CODE,decision,feat(test): 添加f-cut-001端到端浏览器验收测试
codex/f-cut-001-matrices,f8a83538cd033a6795770f1e1de76d8a518976de,F-CUT-001,output/f-cut-001-v18/browser-current/02-dual-count-rejected.png,EXCLUDED_NON_CODE,decision,feat(test): 添加f-cut-001端到端浏览器验收测试
codex/f-cut-001-matrices,f8a83538cd033a6795770f1e1de76d8a518976de,F-CUT-001,-,NO_NET_CODE_CHANGE,decision,feat(test): 添加f-cut-001端到端浏览器验收测试
codex/f-cut-001-matrices,8ff1193db6bee7997a063ec8d7f8bfb04e05aa15,F-CUT-001,output/f-cut-001-v18/browser-current/01-complete-risk-matrix-1440.png,EXCLUDED_NON_CODE,decision,fix(test): update e2e test to enable vsm item via api instead of ui
codex/f-cut-001-matrices,8ff1193db6bee7997a063ec8d7f8bfb04e05aa15,F-CUT-001,output/f-cut-001-v18/browser-current/02-dual-count-rejected.png,EXCLUDED_NON_CODE,decision,fix(test): update e2e test to enable vsm item via api instead of ui
codex/f-cut-001-matrices,8ff1193db6bee7997a063ec8d7f8bfb04e05aa15,UNMAPPED,-,NO_NET_CODE_CHANGE,decision,fix(test): update e2e test to enable vsm item via api instead of ui
codex/f-cut-001-matrices,72ccb83f8052758e70fc585b1226403b6a825311,F-CUT-001,docs/traceability/requirement-matrix.md,EXCLUDED_NON_CODE,decision,test(cutover): 完成矩阵验收与Feature收口
codex/f-cut-001-matrices,72ccb83f8052758e70fc585b1226403b6a825311,F-CUT-001,docs/traceability/requirement-version-coverage.json,EXCLUDED_NON_CODE,decision,test(cutover): 完成矩阵验收与Feature收口
codex/f-cut-001-matrices,72ccb83f8052758e70fc585b1226403b6a825311,F-CUT-001,specs/features/README.md,EXCLUDED_NON_CODE,decision,test(cutover): 完成矩阵验收与Feature收口
codex/f-cut-001-matrices,72ccb83f8052758e70fc585b1226403b6a825311,F-CUT-001,tasks/features/F-CUT-001.md,EXCLUDED_NON_CODE,decision,test(cutover): 完成矩阵验收与Feature收口
codex/f-cut-001-matrices,72ccb83f8052758e70fc585b1226403b6a825311,F-CUT-001,-,NO_NET_CODE_CHANGE,decision,test(cutover): 完成矩阵验收与Feature收口
codex/f-cut-001-matrices,76d4156ac1cf554ab508186196c4f17a845d7cec,UNMAPPED,docs/traceability/phase2-contract-map.md,EXCLUDED_NON_CODE,decision,fix(traceability): 纠正EXE-06物理Owner契约
codex/f-cut-001-matrices,76d4156ac1cf554ab508186196c4f17a845d7cec,F-PROJ-006,specs/features/F-PROJ-006-project-rollback-exception-close-and-reopen.md,EXCLUDED_NON_CODE,decision,fix(traceability): 纠正EXE-06物理Owner契约
codex/f-cut-001-matrices,76d4156ac1cf554ab508186196c4f17a845d7cec,UNMAPPED,scripts/generate_phase2_contract_map.py,APPLIED_CODE,decision,fix(traceability): 纠正EXE-06物理Owner契约
codex/f-cut-001-matrices,76d4156ac1cf554ab508186196c4f17a845d7cec,UNMAPPED,scripts/validate_sds_phase3.py,APPLIED_CODE,decision,fix(traceability): 纠正EXE-06物理Owner契约
codex/f-cut-001-matrices,7550e43487099dc56230e4928c8bf99c0a01cf1f,F-CUT-001,docs/traceability/requirement-matrix.md,EXCLUDED_NON_CODE,decision,docs(cutover): 登记任务接入与就绪快照边界
codex/f-cut-001-matrices,7550e43487099dc56230e4928c8bf99c0a01cf1f,F-CUT-001,docs/traceability/requirement-version-coverage.json,EXCLUDED_NON_CODE,decision,docs(cutover): 登记任务接入与就绪快照边界
codex/f-cut-001-matrices,7550e43487099dc56230e4928c8bf99c0a01cf1f,F-CUT-002,specs/features/F-CUT-002-cutover-intake-and-manual-assessment.md,EXCLUDED_NON_CODE,decision,docs(cutover): 登记任务接入与就绪快照边界
codex/f-cut-001-matrices,7550e43487099dc56230e4928c8bf99c0a01cf1f,F-IMP-001,specs/features/F-IMP-001-implementation-readiness-snapshot.md,EXCLUDED_NON_CODE,decision,docs(cutover): 登记任务接入与就绪快照边界
codex/f-cut-001-matrices,7550e43487099dc56230e4928c8bf99c0a01cf1f,F-IMP-001,specs/features/F-IMP-001-physical-contract.json,EXCLUDED_NON_CODE,decision,docs(cutover): 登记任务接入与就绪快照边界
codex/f-cut-001-matrices,7550e43487099dc56230e4928c8bf99c0a01cf1f,F-CUT-001,specs/features/README.md,EXCLUDED_NON_CODE,decision,docs(cutover): 登记任务接入与就绪快照边界
codex/f-cut-001-matrices,7550e43487099dc56230e4928c8bf99c0a01cf1f,F-CUT-002,tasks/features/F-CUT-002.md,EXCLUDED_NON_CODE,decision,docs(cutover): 登记任务接入与就绪快照边界
codex/f-cut-001-matrices,7550e43487099dc56230e4928c8bf99c0a01cf1f,F-IMP-001,tasks/features/F-IMP-001.md,EXCLUDED_NON_CODE,decision,docs(cutover): 登记任务接入与就绪快照边界
codex/f-cut-001-matrices,7550e43487099dc56230e4928c8bf99c0a01cf1f,F-CUT-001,-,NO_NET_CODE_CHANGE,decision,docs(cutover): 登记任务接入与就绪快照边界
codex/f-cut-001-matrices,33d282e4bc4ad395f561d7bf2c7ecbac22655c19,F-CUT-001,docs/design/08a-domain-entity-migration-alignment.md,EXCLUDED_NON_CODE,decision,docs(cutover): 收敛任务迁移与旧实现边界
codex/f-cut-001-matrices,33d282e4bc4ad395f561d7bf2c7ecbac22655c19,F-CUT-002,specs/features/F-CUT-002-cutover-intake-and-manual-assessment.md,EXCLUDED_NON_CODE,decision,docs(cutover): 收敛任务迁移与旧实现边界
codex/f-cut-001-matrices,33d282e4bc4ad395f561d7bf2c7ecbac22655c19,F-CUT-002,specs/features/F-CUT-002-legacy-reuse-audit.md,EXCLUDED_NON_CODE,decision,docs(cutover): 收敛任务迁移与旧实现边界
codex/f-cut-001-matrices,33d282e4bc4ad395f561d7bf2c7ecbac22655c19,F-CUT-002,tasks/features/F-CUT-002.md,EXCLUDED_NON_CODE,decision,docs(cutover): 收敛任务迁移与旧实现边界
codex/f-cut-001-matrices,33d282e4bc4ad395f561d7bf2c7ecbac22655c19,F-CUT-001,-,NO_NET_CODE_CHANGE,decision,docs(cutover): 收敛任务迁移与旧实现边界
codex/f-cut-001-matrices,03a53732361dc08f2793293658a956a68e9b5810,UNMAPPED,docs/design/04-module-design.md,EXCLUDED_NON_CODE,decision,docs(imp): 登记就绪快照Owner契约边界
codex/f-cut-001-matrices,03a53732361dc08f2793293658a956a68e9b5810,UNMAPPED,docs/design/08-data-model.md,EXCLUDED_NON_CODE,decision,docs(imp): 登记就绪快照Owner契约边界
codex/f-cut-001-matrices,03a53732361dc08f2793293658a956a68e9b5810,UNMAPPED,docs/design/09-database-design.md,EXCLUDED_NON_CODE,decision,docs(imp): 登记就绪快照Owner契约边界
codex/f-cut-001-matrices,03a53732361dc08f2793293658a956a68e9b5810,UNMAPPED,docs/design/10-api-design.md,EXCLUDED_NON_CODE,decision,docs(imp): 登记就绪快照Owner契约边界
codex/f-cut-001-matrices,03a53732361dc08f2793293658a956a68e9b5810,UNMAPPED,docs/design/15-cache-and-concurrency.md,EXCLUDED_NON_CODE,decision,docs(imp): 登记就绪快照Owner契约边界
codex/f-cut-001-matrices,03a53732361dc08f2793293658a956a68e9b5810,UNMAPPED,docs/design/16-exception-and-idempotency.md,EXCLUDED_NON_CODE,decision,docs(imp): 登记就绪快照Owner契约边界
codex/f-cut-001-matrices,03a53732361dc08f2793293658a956a68e9b5810,UNMAPPED,docs/design/17-audit-and-observability.md,EXCLUDED_NON_CODE,decision,docs(imp): 登记就绪快照Owner契约边界
codex/f-cut-001-matrices,03a53732361dc08f2793293658a956a68e9b5810,UNMAPPED,docs/design/20-test-design.md,EXCLUDED_NON_CODE,decision,docs(imp): 登记就绪快照Owner契约边界
codex/f-cut-001-matrices,03a53732361dc08f2793293658a956a68e9b5810,UNMAPPED,docs/traceability/requirement-matrix.md,EXCLUDED_NON_CODE,decision,docs(imp): 登记就绪快照Owner契约边界
codex/f-cut-001-matrices,03a53732361dc08f2793293658a956a68e9b5810,UNMAPPED,docs/traceability/requirement-version-coverage.json,EXCLUDED_NON_CODE,decision,docs(imp): 登记就绪快照Owner契约边界
codex/f-cut-001-matrices,03a53732361dc08f2793293658a956a68e9b5810,F-AST-002,specs/features/F-AST-002-device-scope-fact-contract.md,EXCLUDED_NON_CODE,decision,docs(imp): 登记就绪快照Owner契约边界
codex/f-cut-001-matrices,03a53732361dc08f2793293658a956a68e9b5810,F-CUT-002,specs/features/F-CUT-002-cutover-intake-and-manual-assessment.md,EXCLUDED_NON_CODE,decision,docs(imp): 登记就绪快照Owner契约边界
codex/f-cut-001-matrices,03a53732361dc08f2793293658a956a68e9b5810,F-IMP-001,specs/features/F-IMP-001-implementation-readiness-snapshot.md,EXCLUDED_NON_CODE,decision,docs(imp): 登记就绪快照Owner契约边界
codex/f-cut-001-matrices,03a53732361dc08f2793293658a956a68e9b5810,F-IMP-001,specs/features/F-IMP-001-physical-contract.json,EXCLUDED_NON_CODE,decision,docs(imp): 登记就绪快照Owner契约边界
codex/f-cut-001-matrices,03a53732361dc08f2793293658a956a68e9b5810,F-IMP-002,specs/features/F-IMP-002-arrival-acceptance.md,EXCLUDED_NON_CODE,decision,docs(imp): 登记就绪快照Owner契约边界
codex/f-cut-001-matrices,03a53732361dc08f2793293658a956a68e9b5810,F-IMP-003,specs/features/F-IMP-003-hardware-installation-record.md,EXCLUDED_NON_CODE,decision,docs(imp): 登记就绪快照Owner契约边界
codex/f-cut-001-matrices,03a53732361dc08f2793293658a956a68e9b5810,F-IMP-004,specs/features/F-IMP-004-configuration-log-collection.md,EXCLUDED_NON_CODE,decision,docs(imp): 登记就绪快照Owner契约边界
codex/f-cut-001-matrices,03a53732361dc08f2793293658a956a68e9b5810,F-IMP-005,specs/features/F-IMP-005-joint-debugging-configuration.md,EXCLUDED_NON_CODE,decision,docs(imp): 登记就绪快照Owner契约边界
codex/f-cut-001-matrices,03a53732361dc08f2793293658a956a68e9b5810,UNMAPPED,specs/features/README.md,EXCLUDED_NON_CODE,decision,docs(imp): 登记就绪快照Owner契约边界
codex/f-cut-001-matrices,03a53732361dc08f2793293658a956a68e9b5810,F-AST-002,tasks/features/F-AST-002.md,EXCLUDED_NON_CODE,decision,docs(imp): 登记就绪快照Owner契约边界
codex/f-cut-001-matrices,03a53732361dc08f2793293658a956a68e9b5810,F-CUT-002,tasks/features/F-CUT-002.md,EXCLUDED_NON_CODE,decision,docs(imp): 登记就绪快照Owner契约边界
codex/f-cut-001-matrices,03a53732361dc08f2793293658a956a68e9b5810,F-IMP-001,tasks/features/F-IMP-001.md,EXCLUDED_NON_CODE,decision,docs(imp): 登记就绪快照Owner契约边界
codex/f-cut-001-matrices,03a53732361dc08f2793293658a956a68e9b5810,F-IMP-002,tasks/features/F-IMP-002.md,EXCLUDED_NON_CODE,decision,docs(imp): 登记就绪快照Owner契约边界
codex/f-cut-001-matrices,03a53732361dc08f2793293658a956a68e9b5810,F-IMP-003,tasks/features/F-IMP-003.md,EXCLUDED_NON_CODE,decision,docs(imp): 登记就绪快照Owner契约边界
codex/f-cut-001-matrices,03a53732361dc08f2793293658a956a68e9b5810,F-IMP-004,tasks/features/F-IMP-004.md,EXCLUDED_NON_CODE,decision,docs(imp): 登记就绪快照Owner契约边界
codex/f-cut-001-matrices,03a53732361dc08f2793293658a956a68e9b5810,F-IMP-005,tasks/features/F-IMP-005.md,EXCLUDED_NON_CODE,decision,docs(imp): 登记就绪快照Owner契约边界
codex/f-cut-001-matrices,03a53732361dc08f2793293658a956a68e9b5810,UNMAPPED,-,NO_NET_CODE_CHANGE,decision,docs(imp): 登记就绪快照Owner契约边界
codex/f-cut-001-matrices,e55f6ae6f3d8cf4608f2374e32623de0ddff7aef,F-IMP-002,docs/design/02d-cross-context-contracts.md,EXCLUDED_NON_CODE,decision,docs(imp): 收敛到货签收Feature Ready输入
codex/f-cut-001-matrices,e55f6ae6f3d8cf4608f2374e32623de0ddff7aef,F-IMP-002,docs/design/08-data-model.md,EXCLUDED_NON_CODE,decision,docs(imp): 收敛到货签收Feature Ready输入
codex/f-cut-001-matrices,e55f6ae6f3d8cf4608f2374e32623de0ddff7aef,F-IMP-002,docs/design/08a-domain-entity-migration-alignment.md,EXCLUDED_NON_CODE,decision,docs(imp): 收敛到货签收Feature Ready输入
codex/f-cut-001-matrices,e55f6ae6f3d8cf4608f2374e32623de0ddff7aef,F-IMP-002,docs/design/09-database-design.md,EXCLUDED_NON_CODE,decision,docs(imp): 收敛到货签收Feature Ready输入
codex/f-cut-001-matrices,e55f6ae6f3d8cf4608f2374e32623de0ddff7aef,F-IMP-002,docs/design/10-api-design.md,EXCLUDED_NON_CODE,decision,docs(imp): 收敛到货签收Feature Ready输入
codex/f-cut-001-matrices,e55f6ae6f3d8cf4608f2374e32623de0ddff7aef,F-IMP-002,docs/traceability/domain-entity-migration-contract.md,EXCLUDED_NON_CODE,decision,docs(imp): 收敛到货签收Feature Ready输入
codex/f-cut-001-matrices,e55f6ae6f3d8cf4608f2374e32623de0ddff7aef,F-IMP-002,docs/traceability/requirement-matrix.md,EXCLUDED_NON_CODE,decision,docs(imp): 收敛到货签收Feature Ready输入
codex/f-cut-001-matrices,e55f6ae6f3d8cf4608f2374e32623de0ddff7aef,F-IMP-002,docs/traceability/requirement-version-coverage.json,EXCLUDED_NON_CODE,decision,docs(imp): 收敛到货签收Feature Ready输入
codex/f-cut-001-matrices,e55f6ae6f3d8cf4608f2374e32623de0ddff7aef,F-CUT-002,specs/features/F-CUT-002-cutover-intake-and-manual-assessment.md,EXCLUDED_NON_CODE,decision,docs(imp): 收敛到货签收Feature Ready输入
codex/f-cut-001-matrices,e55f6ae6f3d8cf4608f2374e32623de0ddff7aef,F-IMP-001,specs/features/F-IMP-001-ast-device-scope-support-audit.md,EXCLUDED_NON_CODE,decision,docs(imp): 收敛到货签收Feature Ready输入
codex/f-cut-001-matrices,e55f6ae6f3d8cf4608f2374e32623de0ddff7aef,F-IMP-001,specs/features/F-IMP-001-implementation-readiness-snapshot.md,EXCLUDED_NON_CODE,decision,docs(imp): 收敛到货签收Feature Ready输入
codex/f-cut-001-matrices,e55f6ae6f3d8cf4608f2374e32623de0ddff7aef,F-IMP-002,specs/features/F-IMP-002-arrival-acceptance.md,EXCLUDED_NON_CODE,decision,docs(imp): 收敛到货签收Feature Ready输入
codex/f-cut-001-matrices,e55f6ae6f3d8cf4608f2374e32623de0ddff7aef,F-IMP-002,specs/features/F-IMP-002-arrival-fact-contract.json,EXCLUDED_NON_CODE,decision,docs(imp): 收敛到货签收Feature Ready输入
codex/f-cut-001-matrices,e55f6ae6f3d8cf4608f2374e32623de0ddff7aef,F-IMP-002,specs/features/F-IMP-002-legacy-reuse-audit.md,EXCLUDED_NON_CODE,decision,docs(imp): 收敛到货签收Feature Ready输入
codex/f-cut-001-matrices,e55f6ae6f3d8cf4608f2374e32623de0ddff7aef,F-IMP-002,specs/features/F-IMP-002-physical-contract.json,EXCLUDED_NON_CODE,decision,docs(imp): 收敛到货签收Feature Ready输入
codex/f-cut-001-matrices,e55f6ae6f3d8cf4608f2374e32623de0ddff7aef,F-IMP-003,specs/features/F-IMP-003-hardware-installation-record.md,EXCLUDED_NON_CODE,decision,docs(imp): 收敛到货签收Feature Ready输入
codex/f-cut-001-matrices,e55f6ae6f3d8cf4608f2374e32623de0ddff7aef,F-IMP-002,specs/features/README.md,EXCLUDED_NON_CODE,decision,docs(imp): 收敛到货签收Feature Ready输入
codex/f-cut-001-matrices,e55f6ae6f3d8cf4608f2374e32623de0ddff7aef,F-AST-002,tasks/features/F-AST-002.md,EXCLUDED_NON_CODE,decision,docs(imp): 收敛到货签收Feature Ready输入
codex/f-cut-001-matrices,e55f6ae6f3d8cf4608f2374e32623de0ddff7aef,F-CUT-002,tasks/features/F-CUT-002.md,EXCLUDED_NON_CODE,decision,docs(imp): 收敛到货签收Feature Ready输入
codex/f-cut-001-matrices,e55f6ae6f3d8cf4608f2374e32623de0ddff7aef,F-IMP-001,tasks/features/F-IMP-001.md,EXCLUDED_NON_CODE,decision,docs(imp): 收敛到货签收Feature Ready输入
codex/f-cut-001-matrices,e55f6ae6f3d8cf4608f2374e32623de0ddff7aef,F-IMP-002,tasks/features/F-IMP-002.md,EXCLUDED_NON_CODE,decision,docs(imp): 收敛到货签收Feature Ready输入
codex/f-cut-001-matrices,e55f6ae6f3d8cf4608f2374e32623de0ddff7aef,F-IMP-002,-,NO_NET_CODE_CHANGE,decision,docs(imp): 收敛到货签收Feature Ready输入
codex/f-cut-001-matrices,fdd4537b912bfd9753b8cb18a2e7dd28c90cd91d,UNMAPPED,docs/design/02d-cross-context-contracts.md,EXCLUDED_NON_CODE,decision,docs(imp): 闭合签收证据与状态契约
codex/f-cut-001-matrices,fdd4537b912bfd9753b8cb18a2e7dd28c90cd91d,UNMAPPED,docs/design/05-state-machine.md,EXCLUDED_NON_CODE,decision,docs(imp): 闭合签收证据与状态契约
codex/f-cut-001-matrices,fdd4537b912bfd9753b8cb18a2e7dd28c90cd91d,UNMAPPED,docs/design/08a-domain-entity-migration-alignment.md,EXCLUDED_NON_CODE,decision,docs(imp): 闭合签收证据与状态契约
codex/f-cut-001-matrices,fdd4537b912bfd9753b8cb18a2e7dd28c90cd91d,UNMAPPED,docs/design/09-database-design.md,EXCLUDED_NON_CODE,decision,docs(imp): 闭合签收证据与状态契约
codex/f-cut-001-matrices,fdd4537b912bfd9753b8cb18a2e7dd28c90cd91d,UNMAPPED,docs/design/10-api-design.md,EXCLUDED_NON_CODE,decision,docs(imp): 闭合签收证据与状态契约
codex/f-cut-001-matrices,fdd4537b912bfd9753b8cb18a2e7dd28c90cd91d,UNMAPPED,docs/design/11-event-design.md,EXCLUDED_NON_CODE,decision,docs(imp): 闭合签收证据与状态契约
codex/f-cut-001-matrices,fdd4537b912bfd9753b8cb18a2e7dd28c90cd91d,UNMAPPED,docs/traceability/domain-entity-migration-contract.json,EXCLUDED_NON_CODE,decision,docs(imp): 闭合签收证据与状态契约
codex/f-cut-001-matrices,fdd4537b912bfd9753b8cb18a2e7dd28c90cd91d,UNMAPPED,docs/traceability/domain-entity-migration-contract.md,EXCLUDED_NON_CODE,decision,docs(imp): 闭合签收证据与状态契约
codex/f-cut-001-matrices,fdd4537b912bfd9753b8cb18a2e7dd28c90cd91d,F-IMP-002,specs/features/F-IMP-002-arrival-acceptance.md,EXCLUDED_NON_CODE,decision,docs(imp): 闭合签收证据与状态契约
codex/f-cut-001-matrices,fdd4537b912bfd9753b8cb18a2e7dd28c90cd91d,F-IMP-002,specs/features/F-IMP-002-physical-contract.json,EXCLUDED_NON_CODE,decision,docs(imp): 闭合签收证据与状态契约
codex/f-cut-001-matrices,fdd4537b912bfd9753b8cb18a2e7dd28c90cd91d,F-IMP-002,tasks/features/F-IMP-002.md,EXCLUDED_NON_CODE,decision,docs(imp): 闭合签收证据与状态契约
codex/f-cut-001-matrices,fdd4537b912bfd9753b8cb18a2e7dd28c90cd91d,UNMAPPED,scripts/generate_domain_entity_migration_contract.py,APPLIED_CODE,decision,docs(imp): 闭合签收证据与状态契约
codex/f-cut-001-matrices,4b5a2ac96aa92be766412a3c8fefb5e338206b97,UNMAPPED,docs/design/02d-cross-context-contracts.md,EXCLUDED_NON_CODE,decision,docs(imp): 补齐归档回执超时重试路径
codex/f-cut-001-matrices,4b5a2ac96aa92be766412a3c8fefb5e338206b97,UNMAPPED,docs/design/05-state-machine.md,EXCLUDED_NON_CODE,decision,docs(imp): 补齐归档回执超时重试路径
codex/f-cut-001-matrices,4b5a2ac96aa92be766412a3c8fefb5e338206b97,UNMAPPED,docs/design/11-event-design.md,EXCLUDED_NON_CODE,decision,docs(imp): 补齐归档回执超时重试路径
codex/f-cut-001-matrices,4b5a2ac96aa92be766412a3c8fefb5e338206b97,F-IMP-002,specs/features/F-IMP-002-arrival-acceptance.md,EXCLUDED_NON_CODE,decision,docs(imp): 补齐归档回执超时重试路径
codex/f-cut-001-matrices,4b5a2ac96aa92be766412a3c8fefb5e338206b97,F-IMP-002,specs/features/F-IMP-002-physical-contract.json,EXCLUDED_NON_CODE,decision,docs(imp): 补齐归档回执超时重试路径
codex/f-cut-001-matrices,4b5a2ac96aa92be766412a3c8fefb5e338206b97,UNMAPPED,-,NO_NET_CODE_CHANGE,decision,docs(imp): 补齐归档回执超时重试路径
codex/f-cut-001-matrices,6c18f794cfb440a7a3efed638f5ce6a09871a002,F-IMP-002,specs/features/F-IMP-002-arrival-fact-contract.json,EXCLUDED_NON_CODE,decision,docs(imp): 晋级到货签收Feature Ready
codex/f-cut-001-matrices,6c18f794cfb440a7a3efed638f5ce6a09871a002,F-IMP-002,specs/features/F-IMP-002-physical-contract.json,EXCLUDED_NON_CODE,decision,docs(imp): 晋级到货签收Feature Ready
codex/f-cut-001-matrices,6c18f794cfb440a7a3efed638f5ce6a09871a002,F-IMP-002,specs/features/README.md,EXCLUDED_NON_CODE,decision,docs(imp): 晋级到货签收Feature Ready
codex/f-cut-001-matrices,6c18f794cfb440a7a3efed638f5ce6a09871a002,F-IMP-001,tasks/features/F-IMP-001.md,EXCLUDED_NON_CODE,decision,docs(imp): 晋级到货签收Feature Ready
codex/f-cut-001-matrices,6c18f794cfb440a7a3efed638f5ce6a09871a002,F-IMP-002,tasks/features/F-IMP-002.md,EXCLUDED_NON_CODE,decision,docs(imp): 晋级到货签收Feature Ready
codex/f-cut-001-matrices,6c18f794cfb440a7a3efed638f5ce6a09871a002,F-IMP-002,-,NO_NET_CODE_CHANGE,decision,docs(imp): 晋级到货签收Feature Ready
codex/f-cut-001-matrices,e0b44970c82c6992089e706f4f97bd418090e73b,F-IMP-002,docs/superpowers/plans/2026-08-30-f-imp-002-arrival-acceptance.md,EXCLUDED_NON_CODE,decision,docs(imp): 生成到货签收Technical Plan
codex/f-cut-001-matrices,e0b44970c82c6992089e706f4f97bd418090e73b,F-IMP-002,specs/features/F-IMP-002-arrival-acceptance.md,EXCLUDED_NON_CODE,decision,docs(imp): 生成到货签收Technical Plan
codex/f-cut-001-matrices,e0b44970c82c6992089e706f4f97bd418090e73b,F-IMP-002,tasks/features/F-IMP-002.md,EXCLUDED_NON_CODE,decision,docs(imp): 生成到货签收Technical Plan
codex/f-cut-001-matrices,e0b44970c82c6992089e706f4f97bd418090e73b,F-IMP-002,-,NO_NET_CODE_CHANGE,decision,docs(imp): 生成到货签收Technical Plan
codex/f-cut-001-matrices,5805db7f4b2bdadd39f158864267ed507f2d3f10,F-IMP-002,docs/superpowers/plans/2026-08-30-f-imp-002-arrival-acceptance.md,EXCLUDED_NON_CODE,decision,docs(imp): 闭合到货签收计划执行路径
codex/f-cut-001-matrices,5805db7f4b2bdadd39f158864267ed507f2d3f10,F-IMP-002,tasks/features/F-IMP-002.md,EXCLUDED_NON_CODE,decision,docs(imp): 闭合到货签收计划执行路径
codex/f-cut-001-matrices,5805db7f4b2bdadd39f158864267ed507f2d3f10,F-IMP-002,-,NO_NET_CODE_CHANGE,decision,docs(imp): 闭合到货签收计划执行路径
codex/f-cut-001-matrices,e0184ac4f6f17da364e2d43738be909e03853edf,F-IMP-002,tasks/features/F-IMP-002.md,EXCLUDED_NON_CODE,decision,docs(imp): 锁定应到范围生产依赖
codex/f-cut-001-matrices,e0184ac4f6f17da364e2d43738be909e03853edf,UNMAPPED,-,NO_NET_CODE_CHANGE,decision,docs(imp): 锁定应到范围生产依赖
codex/f-cut-001-matrices,e8d7728832013b37690bb7f6d6eb2ece6cedeca6,F-IMP-002,specs/features/F-IMP-002-arrival-acceptance.md,EXCLUDED_NON_CODE,decision,docs(imp): 通过到货签收Technical Plan Gate
codex/f-cut-001-matrices,e8d7728832013b37690bb7f6d6eb2ece6cedeca6,F-IMP-002,tasks/features/F-IMP-002.md,EXCLUDED_NON_CODE,decision,docs(imp): 通过到货签收Technical Plan Gate
codex/f-cut-001-matrices,e8d7728832013b37690bb7f6d6eb2ece6cedeca6,F-IMP-002,-,NO_NET_CODE_CHANGE,decision,docs(imp): 通过到货签收Technical Plan Gate
codex/f-cut-001-matrices,d5d8e978170bedd36a86de5f29696b5304bddc39,F-IMP-002,tasks/features/F-IMP-002.md,EXCLUDED_NON_CODE,decision,feat(engineering): 新增到货签收事实契约
codex/f-cut-001-matrices,d5d8e978170bedd36a86de5f29696b5304bddc39,F-IMP-002,-,NO_NET_CODE_CHANGE,decision,feat(engineering): 新增到货签收事实契约
codex/f-cut-001-matrices,54383436951d4afa0a8b884b4718406e774ee619,F-IMP-002,tasks/features/F-IMP-002.md,EXCLUDED_NON_CODE,decision,feat(engineering): 接入到货签收项目与文件事实
codex/f-cut-001-matrices,54383436951d4afa0a8b884b4718406e774ee619,F-IMP-002,-,NO_NET_CODE_CHANGE,decision,feat(engineering): 接入到货签收项目与文件事实
codex/f-cut-001-matrices,2bb1dbc0b34a4ec1b758bf839da9824ed0322529,F-IMP-002,tasks/features/F-IMP-002.md,EXCLUDED_NON_CODE,decision,feat(engineering): 建立到货签收Owner表
codex/f-cut-001-matrices,2bb1dbc0b34a4ec1b758bf839da9824ed0322529,F-IMP-002,sql/migrations/V133__fimp002_arrival_acceptance.sql,NOOP_MIGRATION_EXACT,decision,sql/migrations/V193__fimp002_arrival_acceptance.sql
codex/f-cut-001-matrices,2bb1dbc0b34a4ec1b758bf839da9824ed0322529,F-IMP-002,-,NO_NET_CODE_CHANGE,decision,feat(engineering): 建立到货签收Owner表
codex/f-cut-001-matrices,c071450250a7bb65110ba2ed12ebac4d011a2253,F-IMP-002,tasks/features/F-IMP-002.md,EXCLUDED_NON_CODE,decision,feat(engineering): 建立到货签收持久化映射
codex/f-cut-001-matrices,c071450250a7bb65110ba2ed12ebac4d011a2253,F-IMP-002,-,NO_NET_CODE_CHANGE,decision,feat(engineering): 建立到货签收持久化映射
codex/f-cut-001-matrices,8370d0f19be603dc6429d7a0cb4ffff80262cab8,F-IMP-002,tasks/features/F-IMP-002.md,EXCLUDED_NON_CODE,decision,feat(engineering): 补齐到货签收项目事实查询
codex/f-cut-001-matrices,8370d0f19be603dc6429d7a0cb4ffff80262cab8,F-IMP-002,pms-module-engineering/src/main/resources/mapper/arrivalacceptance/ArrivalLineMapper.xml,APPLIED_CODE,decision,feat(engineering): 补齐到货签收项目事实查询
codex/f-cut-001-matrices,c3bde6fe599b327e9dc8bf2a3ac315ef294c8ed7,F-IMP-002,tasks/features/F-IMP-002.md,EXCLUDED_NON_CODE,decision,feat(engineering): 实现到货签收正向领域规则
codex/f-cut-001-matrices,c3bde6fe599b327e9dc8bf2a3ac315ef294c8ed7,F-IMP-002,-,NO_NET_CODE_CHANGE,decision,feat(engineering): 实现到货签收正向领域规则
codex/f-cut-001-matrices,b563913fad5c8fd6966bd47dbe294b7380ecee94,UNMAPPED,-,NO_NET_CODE_CHANGE,decision,fix(engineering): 分离签收经理事实与操作范围
codex/f-cut-001-matrices,a3099280c782be16b891ce4cbe4c13d69cda6347,F-IMP-002,specs/features/F-IMP-002-arrival-acceptance.md,EXCLUDED_NON_CODE,decision,feat(engineering): 持久化签收项目资格版本
codex/f-cut-001-matrices,a3099280c782be16b891ce4cbe4c13d69cda6347,F-IMP-002,specs/features/F-IMP-002-physical-contract.json,EXCLUDED_NON_CODE,decision,feat(engineering): 持久化签收项目资格版本
codex/f-cut-001-matrices,a3099280c782be16b891ce4cbe4c13d69cda6347,F-IMP-002,tasks/features/F-IMP-002.md,EXCLUDED_NON_CODE,decision,feat(engineering): 持久化签收项目资格版本
codex/f-cut-001-matrices,a3099280c782be16b891ce4cbe4c13d69cda6347,UNMAPPED,sql/migrations/V134__fimp002_project_qualification_versions.sql,NOOP_MIGRATION_EXACT,decision,sql/migrations/V194__fimp002_project_qualification_versions.sql
codex/f-cut-001-matrices,a3099280c782be16b891ce4cbe4c13d69cda6347,UNMAPPED,-,NO_NET_CODE_CHANGE,decision,feat(engineering): 持久化签收项目资格版本
codex/f-cut-001-matrices,08ee613b59ea88e04c51cb2dc9671c4a6be552ec,F-IMP-002,tasks/features/F-IMP-002.md,EXCLUDED_NON_CODE,decision,feat(engineering): 实现到货签收草稿创建核心
codex/f-cut-001-matrices,08ee613b59ea88e04c51cb2dc9671c4a6be552ec,F-IMP-002,-,NO_NET_CODE_CHANGE,decision,feat(engineering): 实现到货签收草稿创建核心
codex/f-cut-001-matrices,0cf2ba79aea969689696aac962c9a53b9fa65ab1,UNMAPPED,-,NO_NET_CODE_CHANGE,decision,fix(engineering): 补全签收资格版本重验投影
codex/f-cut-001-matrices,dd374c5f8ae494d6b775809dd69a4a2c3f655603,F-IMP-002,specs/features/F-IMP-002-arrival-acceptance.md,EXCLUDED_NON_CODE,decision,feat(engineering): 冻结签收证据文件事实版本
codex/f-cut-001-matrices,dd374c5f8ae494d6b775809dd69a4a2c3f655603,F-IMP-002,tasks/features/F-IMP-002.md,EXCLUDED_NON_CODE,decision,feat(engineering): 冻结签收证据文件事实版本
codex/f-cut-001-matrices,dd374c5f8ae494d6b775809dd69a4a2c3f655603,UNMAPPED,sql/migrations/V135__fimp002_file_fact_versions.sql,NOOP_MIGRATION_EXACT,decision,sql/migrations/V195__fimp002_file_fact_versions.sql
codex/f-cut-001-matrices,dd374c5f8ae494d6b775809dd69a4a2c3f655603,UNMAPPED,-,NO_NET_CODE_CHANGE,decision,feat(engineering): 冻结签收证据文件事实版本
codex/f-cut-001-matrices,774aeb11bd663645a6f29e32624a00073979bcc5,F-IMP-002,tasks/features/F-IMP-002.md,EXCLUDED_NON_CODE,decision,feat(engineering): 建立签收提交锁定支撑
codex/f-cut-001-matrices,774aeb11bd663645a6f29e32624a00073979bcc5,UNMAPPED,-,NO_NET_CODE_CHANGE,decision,feat(engineering): 建立签收提交锁定支撑
codex/f-cut-001-matrices,0a56196a3864dd996da3a5d6df77cfc18003182f,F-IMP-002,tasks/features/F-IMP-002.md,EXCLUDED_NON_CODE,decision,feat(engineering): 实现到货签收提交核心
codex/f-cut-001-matrices,0a56196a3864dd996da3a5d6df77cfc18003182f,F-IMP-002,-,NO_NET_CODE_CHANGE,decision,feat(engineering): 实现到货签收提交核心
codex/f-cut-001-matrices,0267ef4d0d4f9d91a64fd09caaabc18c12819954,F-IMP-002,tasks/features/F-IMP-002.md,EXCLUDED_NON_CODE,decision,feat(engineering): 累计签收历史确认范围
codex/f-cut-001-matrices,0267ef4d0d4f9d91a64fd09caaabc18c12819954,UNMAPPED,-,NO_NET_CODE_CHANGE,decision,feat(engineering): 累计签收历史确认范围
codex/f-cut-001-matrices,084ee75338534fb3e6d7a836370891fb092e3aed,F-IMP-002,specs/features/F-IMP-002-physical-contract.json,EXCLUDED_NON_CODE,decision,docs(engineering): 锁定签收差异范围快照
codex/f-cut-001-matrices,084ee75338534fb3e6d7a836370891fb092e3aed,UNMAPPED,-,NO_NET_CODE_CHANGE,decision,docs(engineering): 锁定签收差异范围快照
codex/f-cut-001-matrices,65a6b395e692b463f070ffc784a9e9fc4461e431,F-IMP-002,specs/features/F-IMP-002-arrival-acceptance.md,EXCLUDED_NON_CODE,decision,feat(engineering): 校正签收差异事实版本契约
codex/f-cut-001-matrices,65a6b395e692b463f070ffc784a9e9fc4461e431,F-IMP-002,specs/features/F-IMP-002-physical-contract.json,EXCLUDED_NON_CODE,decision,feat(engineering): 校正签收差异事实版本契约
codex/f-cut-001-matrices,65a6b395e692b463f070ffc784a9e9fc4461e431,F-IMP-002,tasks/features/F-IMP-002.md,EXCLUDED_NON_CODE,decision,feat(engineering): 校正签收差异事实版本契约
codex/f-cut-001-matrices,65a6b395e692b463f070ffc784a9e9fc4461e431,UNMAPPED,sql/migrations/V136__fimp002_nullable_difference_fact_version.sql,NOOP_MIGRATION_EXACT,decision,sql/migrations/V196__fimp002_nullable_difference_fact_version.sql
codex/f-cut-001-matrices,65a6b395e692b463f070ffc784a9e9fc4461e431,UNMAPPED,-,NO_NET_CODE_CHANGE,decision,feat(engineering): 校正签收差异事实版本契约
codex/f-cut-001-matrices,f1ecb73d7a7532789e56c3795655a805c3bec9cd,F-IMP-002,tasks/features/F-IMP-002.md,EXCLUDED_NON_CODE,decision,feat(engineering): 累计签收有效豁免范围
codex/f-cut-001-matrices,f1ecb73d7a7532789e56c3795655a805c3bec9cd,UNMAPPED,-,NO_NET_CODE_CHANGE,decision,feat(engineering): 累计签收有效豁免范围
codex/f-cut-001-matrices,6ce766596c819dea691478cc20479464a809633c,F-IMP-002,tasks/features/F-IMP-002.md,EXCLUDED_NON_CODE,decision,feat(engineering): 建立签收事实版本分配集合
codex/f-cut-001-matrices,6ce766596c819dea691478cc20479464a809633c,UNMAPPED,-,NO_NET_CODE_CHANGE,decision,feat(engineering): 建立签收事实版本分配集合
codex/f-cut-001-matrices,18c2b0ec569f10174817e3c23a22abe264a90bda,F-IMP-002,tasks/features/F-IMP-002.md,EXCLUDED_NON_CODE,decision,feat(engineering): 实现到货签收确认事务
codex/f-cut-001-matrices,18c2b0ec569f10174817e3c23a22abe264a90bda,F-IMP-002,-,NO_NET_CODE_CHANGE,decision,feat(engineering): 实现到货签收确认事务
codex/f-cut-001-matrices,7ea868e86cb5df7c93517a7e40e50a97d5ba8006,F-IMP-002,tasks/features/F-IMP-002.md,EXCLUDED_NON_CODE,decision,feat(engineering): 实现签收证据暂停投递任务
codex/f-cut-001-matrices,7ea868e86cb5df7c93517a7e40e50a97d5ba8006,F-IMP-002,sql/migrations/V137__fimp002_arrival_evidence_outbox_job.sql,NOOP_MIGRATION_EXACT,decision,sql/migrations/V197__fimp002_arrival_evidence_outbox_job.sql
codex/f-cut-001-matrices,7ea868e86cb5df7c93517a7e40e50a97d5ba8006,UNMAPPED,-,NO_NET_CODE_CHANGE,decision,feat(engineering): 实现签收证据暂停投递任务
codex/f-cut-001-matrices,ddc928d02f19f244fbb3c167046d2f8b45bf8d36,F-IMP-002,tasks/features/F-IMP-002.md,EXCLUDED_NON_CODE,decision,feat(engineering): 实现签收证据回执消费
codex/f-cut-001-matrices,ddc928d02f19f244fbb3c167046d2f8b45bf8d36,UNMAPPED,-,NO_NET_CODE_CHANGE,decision,feat(engineering): 实现签收证据回执消费
codex/f-cut-001-matrices,b943461c9f59714f02260e34f78505c8f091a037,F-IMP-002,tasks/features/F-IMP-002.md,EXCLUDED_NON_CODE,decision,fix(engineering): 收敛签收回执消费边界
codex/f-cut-001-matrices,b943461c9f59714f02260e34f78505c8f091a037,UNMAPPED,-,NO_NET_CODE_CHANGE,decision,fix(engineering): 收敛签收回执消费边界
codex/f-cut-001-matrices,47c2daeb9101e46ad6add0d3475c669e4846a70d,F-IMP-002,tasks/features/F-IMP-002.md,EXCLUDED_NON_CODE,decision,docs(engineering): 记录签收回执消费评审通过
codex/f-cut-001-matrices,47c2daeb9101e46ad6add0d3475c669e4846a70d,UNMAPPED,-,NO_NET_CODE_CHANGE,decision,docs(engineering): 记录签收回执消费评审通过
codex/f-cut-001-matrices,351d8bbb0aa4ef5cb8dd3ac2bee3463cd38265c4,UNMAPPED,docs/design/09-database-design.md,EXCLUDED_NON_CODE,decision,feat(engineering): 冻结签收证据发布关联链
codex/f-cut-001-matrices,351d8bbb0aa4ef5cb8dd3ac2bee3463cd38265c4,F-IMP-002,tasks/features/F-IMP-002.md,EXCLUDED_NON_CODE,decision,feat(engineering): 冻结签收证据发布关联链
codex/f-cut-001-matrices,351d8bbb0aa4ef5cb8dd3ac2bee3463cd38265c4,UNMAPPED,-,NO_NET_CODE_CHANGE,decision,feat(engineering): 冻结签收证据发布关联链
codex/f-cut-001-matrices,e34930bc2c2c84196d1d0a755d879d3ddd22ec18,UNMAPPED,-,NO_NET_CODE_CHANGE,decision,fix(engineering): 修复签收关联迁移重跑约束
codex/f-cut-001-matrices,1eec2fbc12fc97862952888b4f44b6508d2c736c,F-IMP-002,tasks/features/F-IMP-002.md,EXCLUDED_NON_CODE,decision,feat(engineering): 实现签收证据双阶段重试
codex/f-cut-001-matrices,1eec2fbc12fc97862952888b4f44b6508d2c736c,F-IMP-002,sql/migrations/V139__fimp002_arrival_evidence_retry_job.sql,NOOP_MIGRATION_EXACT,decision,sql/migrations/V199__fimp002_arrival_evidence_retry_job.sql
codex/f-cut-001-matrices,1eec2fbc12fc97862952888b4f44b6508d2c736c,UNMAPPED,pms-module-platform/src/test/java/cn/iocoder/yudao/module/pms/platform/service/outbox/PlatformOutboxDeliveryApiImplTest.java,APPLIED_CODE,decision,feat(engineering): 实现签收证据双阶段重试
codex/f-cut-001-matrices,9561384bda94cbc9ce0616434f301d1886977b74,F-IMP-002,tasks/features/F-IMP-002.md,EXCLUDED_NON_CODE,decision,fix(engineering): 收敛签收证据重试事务
codex/f-cut-001-matrices,9561384bda94cbc9ce0616434f301d1886977b74,UNMAPPED,-,NO_NET_CODE_CHANGE,decision,fix(engineering): 收敛签收证据重试事务
codex/f-cut-001-matrices,4f662853a2631ec4d63736f39c65e5a06dd42323,F-IMP-002,tasks/features/F-IMP-002.md,EXCLUDED_NON_CODE,decision,docs(engineering): 记录签收证据重试评审通过
codex/f-cut-001-matrices,4f662853a2631ec4d63736f39c65e5a06dd42323,UNMAPPED,-,NO_NET_CODE_CHANGE,decision,docs(engineering): 记录签收证据重试评审通过
codex/f-cut-001-matrices,ce0447ecb867b5478b95440482d998d773e006be,F-IMP-002,docs/traceability/requirement-matrix.md,EXCLUDED_NON_CODE,decision,feat(engineering): 实现到货签收项目事实查询
codex/f-cut-001-matrices,ce0447ecb867b5478b95440482d998d773e006be,F-IMP-002,specs/features/F-IMP-002-arrival-fact-contract.json,EXCLUDED_NON_CODE,decision,feat(engineering): 实现到货签收项目事实查询
codex/f-cut-001-matrices,ce0447ecb867b5478b95440482d998d773e006be,F-IMP-002,specs/features/F-IMP-002-physical-contract.json,EXCLUDED_NON_CODE,decision,feat(engineering): 实现到货签收项目事实查询
codex/f-cut-001-matrices,ce0447ecb867b5478b95440482d998d773e006be,F-IMP-002,tasks/features/F-IMP-002.md,EXCLUDED_NON_CODE,decision,feat(engineering): 实现到货签收项目事实查询
codex/f-cut-001-matrices,ce0447ecb867b5478b95440482d998d773e006be,F-IMP-002,pms-module-engineering/src/main/resources/mapper/arrivalacceptance/ArrivalLineMapper.xml,APPLIED_CODE,decision,feat(engineering): 实现到货签收项目事实查询
codex/f-cut-001-matrices,dfcc224c842a59addc0f0ddcc6373b49a664cb2a,F-IMP-002,tasks/features/F-IMP-002.md,EXCLUDED_NON_CODE,decision,fix(engineering): 收敛到货事实范围与陈旧判定
codex/f-cut-001-matrices,dfcc224c842a59addc0f0ddcc6373b49a664cb2a,F-IMP-002,-,NO_NET_CODE_CHANGE,decision,fix(engineering): 收敛到货事实范围与陈旧判定
codex/f-cut-001-matrices,b45678d6f790020dde6fa21b2c0c0301c5d47975,F-IMP-002,tasks/features/F-IMP-002.md,EXCLUDED_NON_CODE,decision,docs(engineering): 记录到货事实查询评审通过
codex/f-cut-001-matrices,b45678d6f790020dde6fa21b2c0c0301c5d47975,F-IMP-002,-,NO_NET_CODE_CHANGE,decision,docs(engineering): 记录到货事实查询评审通过
codex/f-cut-001-matrices,337757b39d38abc0493c1374b192ce8c000ed110,F-IMP-002,docs/decisions/open-questions.md,EXCLUDED_NON_CODE,decision,docs(engineering): 补全到货签收 REST 机器契约
codex/f-cut-001-matrices,337757b39d38abc0493c1374b192ce8c000ed110,F-IMP-002,docs/design/05-state-machine.md,EXCLUDED_NON_CODE,decision,docs(engineering): 补全到货签收 REST 机器契约
codex/f-cut-001-matrices,337757b39d38abc0493c1374b192ce8c000ed110,F-IMP-002,docs/design/09-database-design.md,EXCLUDED_NON_CODE,decision,docs(engineering): 补全到货签收 REST 机器契约
codex/f-cut-001-matrices,337757b39d38abc0493c1374b192ce8c000ed110,F-IMP-002,docs/design/10-api-design.md,EXCLUDED_NON_CODE,decision,docs(engineering): 补全到货签收 REST 机器契约
codex/f-cut-001-matrices,337757b39d38abc0493c1374b192ce8c000ed110,F-IMP-002,specs/features/F-IMP-002-arrival-acceptance.md,EXCLUDED_NON_CODE,decision,docs(engineering): 补全到货签收 REST 机器契约
codex/f-cut-001-matrices,337757b39d38abc0493c1374b192ce8c000ed110,F-IMP-002,specs/features/F-IMP-002-physical-contract.json,EXCLUDED_NON_CODE,decision,docs(engineering): 补全到货签收 REST 机器契约
codex/f-cut-001-matrices,337757b39d38abc0493c1374b192ce8c000ed110,F-IMP-002,specs/features/F-IMP-002-rest-api-contract.json,EXCLUDED_NON_CODE,decision,docs(engineering): 补全到货签收 REST 机器契约
codex/f-cut-001-matrices,337757b39d38abc0493c1374b192ce8c000ed110,F-IMP-002,tasks/features/F-IMP-002.md,EXCLUDED_NON_CODE,decision,docs(engineering): 补全到货签收 REST 机器契约
codex/f-cut-001-matrices,337757b39d38abc0493c1374b192ce8c000ed110,F-IMP-002,-,NO_NET_CODE_CHANGE,decision,docs(engineering): 补全到货签收 REST 机器契约
codex/f-cut-001-matrices,856f458b35e76c2bcd6bd6961fefb18cefcc1691,F-IMP-002,docs/decisions/open-questions.md,EXCLUDED_NON_CODE,decision,docs(engineering): 收敛到货签收 Task 5B 契约
codex/f-cut-001-matrices,856f458b35e76c2bcd6bd6961fefb18cefcc1691,F-IMP-002,docs/design/05-state-machine.md,EXCLUDED_NON_CODE,decision,docs(engineering): 收敛到货签收 Task 5B 契约
codex/f-cut-001-matrices,856f458b35e76c2bcd6bd6961fefb18cefcc1691,F-IMP-002,docs/design/09-database-design.md,EXCLUDED_NON_CODE,decision,docs(engineering): 收敛到货签收 Task 5B 契约
codex/f-cut-001-matrices,856f458b35e76c2bcd6bd6961fefb18cefcc1691,F-IMP-002,docs/design/10-api-design.md,EXCLUDED_NON_CODE,decision,docs(engineering): 收敛到货签收 Task 5B 契约
codex/f-cut-001-matrices,856f458b35e76c2bcd6bd6961fefb18cefcc1691,F-IMP-002,specs/features/F-IMP-002-arrival-acceptance.md,EXCLUDED_NON_CODE,decision,docs(engineering): 收敛到货签收 Task 5B 契约
codex/f-cut-001-matrices,856f458b35e76c2bcd6bd6961fefb18cefcc1691,F-IMP-002,specs/features/F-IMP-002-physical-contract.json,EXCLUDED_NON_CODE,decision,docs(engineering): 收敛到货签收 Task 5B 契约
codex/f-cut-001-matrices,856f458b35e76c2bcd6bd6961fefb18cefcc1691,F-IMP-002,specs/features/F-IMP-002-rest-api-contract.json,EXCLUDED_NON_CODE,decision,docs(engineering): 收敛到货签收 Task 5B 契约
codex/f-cut-001-matrices,856f458b35e76c2bcd6bd6961fefb18cefcc1691,F-IMP-002,tasks/features/F-IMP-002.md,EXCLUDED_NON_CODE,decision,docs(engineering): 收敛到货签收 Task 5B 契约
codex/f-cut-001-matrices,856f458b35e76c2bcd6bd6961fefb18cefcc1691,F-IMP-002,-,NO_NET_CODE_CHANGE,decision,docs(engineering): 收敛到货签收 Task 5B 契约
codex/f-cut-001-matrices,dbf62b8fda6426976268c5c507ab7fa7e7b3dd39,F-IMP-002,docs/design/10-api-design.md,EXCLUDED_NON_CODE,decision,docs(engineering): 固化到货签收 wire 类型
codex/f-cut-001-matrices,dbf62b8fda6426976268c5c507ab7fa7e7b3dd39,F-IMP-002,specs/features/F-IMP-002-arrival-acceptance.md,EXCLUDED_NON_CODE,decision,docs(engineering): 固化到货签收 wire 类型
codex/f-cut-001-matrices,dbf62b8fda6426976268c5c507ab7fa7e7b3dd39,F-IMP-002,specs/features/F-IMP-002-rest-api-contract.json,EXCLUDED_NON_CODE,decision,docs(engineering): 固化到货签收 wire 类型
codex/f-cut-001-matrices,dbf62b8fda6426976268c5c507ab7fa7e7b3dd39,F-IMP-002,tasks/features/F-IMP-002.md,EXCLUDED_NON_CODE,decision,docs(engineering): 固化到货签收 wire 类型
codex/f-cut-001-matrices,dbf62b8fda6426976268c5c507ab7fa7e7b3dd39,F-IMP-002,-,NO_NET_CODE_CHANGE,decision,docs(engineering): 固化到货签收 wire 类型
codex/f-cut-001-matrices,f84b704878a78e7ced44e35a252e9ab6d866ba21,F-IMP-002,specs/features/F-IMP-002-rest-api-contract.json,EXCLUDED_NON_CODE,decision,docs(engineering): 记录 Task 5B 契约复审通过
codex/f-cut-001-matrices,f84b704878a78e7ced44e35a252e9ab6d866ba21,F-IMP-002,tasks/features/F-IMP-002.md,EXCLUDED_NON_CODE,decision,docs(engineering): 记录 Task 5B 契约复审通过
codex/f-cut-001-matrices,f84b704878a78e7ced44e35a252e9ab6d866ba21,UNMAPPED,-,NO_NET_CODE_CHANGE,decision,docs(engineering): 记录 Task 5B 契约复审通过
codex/f-cut-001-matrices,80a8d4221a2a7973295ca0e12b2e7283cf60ba59,F-IMP-002,docs/decisions/open-questions.md,EXCLUDED_NON_CODE,decision,feat(engineering): 实现到货签收 Task 5B 基础命令
codex/f-cut-001-matrices,80a8d4221a2a7973295ca0e12b2e7283cf60ba59,F-IMP-002,tasks/features/F-IMP-002.md,EXCLUDED_NON_CODE,decision,feat(engineering): 实现到货签收 Task 5B 基础命令
codex/f-cut-001-matrices,80a8d4221a2a7973295ca0e12b2e7283cf60ba59,UNMAPPED,sql/migrations/V140__fimp002_task5b_successor_fact_impact.sql,NOOP_MIGRATION_EXACT,decision,sql/migrations/V200__fimp002_task5b_successor_fact_impact.sql
codex/f-cut-001-matrices,80a8d4221a2a7973295ca0e12b2e7283cf60ba59,F-IMP-002,-,NO_NET_CODE_CHANGE,decision,feat(engineering): 实现到货签收 Task 5B 基础命令
codex/f-cut-001-matrices,0564ec7e1194e9116058734e90430d4bfcb330e8,F-IMP-002,docs/decisions/open-questions.md,EXCLUDED_NON_CODE,decision,fix(engineering): 修正到货后继批次唯一模型
codex/f-cut-001-matrices,0564ec7e1194e9116058734e90430d4bfcb330e8,F-IMP-002,docs/design/05-state-machine.md,EXCLUDED_NON_CODE,decision,fix(engineering): 修正到货后继批次唯一模型
codex/f-cut-001-matrices,0564ec7e1194e9116058734e90430d4bfcb330e8,F-IMP-002,docs/design/09-database-design.md,EXCLUDED_NON_CODE,decision,fix(engineering): 修正到货后继批次唯一模型
codex/f-cut-001-matrices,0564ec7e1194e9116058734e90430d4bfcb330e8,F-IMP-002,specs/features/F-IMP-002-physical-contract.json,EXCLUDED_NON_CODE,decision,fix(engineering): 修正到货后继批次唯一模型
codex/f-cut-001-matrices,0564ec7e1194e9116058734e90430d4bfcb330e8,F-IMP-002,specs/features/F-IMP-002-rest-api-contract.json,EXCLUDED_NON_CODE,decision,fix(engineering): 修正到货后继批次唯一模型
codex/f-cut-001-matrices,0564ec7e1194e9116058734e90430d4bfcb330e8,F-IMP-002,tasks/features/F-IMP-002.md,EXCLUDED_NON_CODE,decision,fix(engineering): 修正到货后继批次唯一模型
codex/f-cut-001-matrices,0564ec7e1194e9116058734e90430d4bfcb330e8,F-IMP-002,-,NO_NET_CODE_CHANGE,decision,fix(engineering): 修正到货后继批次唯一模型
codex/f-cut-001-matrices,0750182e7a50a28e6fbff29196ed247c2d59808f,UNMAPPED,-,NO_NET_CODE_CHANGE,decision,fix(engineering): 拒绝空批次根标记
codex/f-cut-001-matrices,935324cf381a7ef61404ad854039ec1142dc86f7,F-IMP-002,tasks/features/F-IMP-002.md,EXCLUDED_NON_CODE,decision,feat(engineering): 实现到货签收后继链
codex/f-cut-001-matrices,935324cf381a7ef61404ad854039ec1142dc86f7,F-IMP-002,-,NO_NET_CODE_CHANGE,decision,feat(engineering): 实现到货签收后继链
codex/f-cut-001-matrices,b4f16bdf9248f71cfe7aea9724376742923b8bea,UNMAPPED,docs/design/02d-cross-context-contracts.md,EXCLUDED_NON_CODE,decision,feat(project): 定义内部项目资格锁契约
codex/f-cut-001-matrices,b4f16bdf9248f71cfe7aea9724376742923b8bea,UNMAPPED,docs/design/05-state-machine.md,EXCLUDED_NON_CODE,decision,feat(project): 定义内部项目资格锁契约
codex/f-cut-001-matrices,b4f16bdf9248f71cfe7aea9724376742923b8bea,UNMAPPED,docs/design/09-database-design.md,EXCLUDED_NON_CODE,decision,feat(project): 定义内部项目资格锁契约
codex/f-cut-001-matrices,b4f16bdf9248f71cfe7aea9724376742923b8bea,UNMAPPED,docs/design/10-api-design.md,EXCLUDED_NON_CODE,decision,feat(project): 定义内部项目资格锁契约
codex/f-cut-001-matrices,b4f16bdf9248f71cfe7aea9724376742923b8bea,F-IMP-002,specs/features/F-IMP-002-rest-api-contract.json,EXCLUDED_NON_CODE,decision,feat(project): 定义内部项目资格锁契约
codex/f-cut-001-matrices,b4f16bdf9248f71cfe7aea9724376742923b8bea,F-IMP-002,tasks/features/F-IMP-002.md,EXCLUDED_NON_CODE,decision,feat(project): 定义内部项目资格锁契约
codex/f-cut-001-matrices,b4f16bdf9248f71cfe7aea9724376742923b8bea,UNMAPPED,-,NO_NET_CODE_CHANGE,decision,feat(project): 定义内部项目资格锁契约
codex/f-cut-001-matrices,f4aa1ad251abf058449da9ec3ec6e52b10de51ad,F-IMP-002,tasks/features/F-IMP-002.md,EXCLUDED_NON_CODE,decision,feat(project): 实现内部项目资格锁
codex/f-cut-001-matrices,f4aa1ad251abf058449da9ec3ec6e52b10de51ad,UNMAPPED,-,NO_NET_CODE_CHANGE,decision,feat(project): 实现内部项目资格锁
codex/f-cut-001-matrices,1b2b6a752defe9ebf187521dd417c71e43699c0e,F-IMP-002,tasks/features/F-IMP-002.md,EXCLUDED_NON_CODE,decision,fix(engineering): 收敛到货签收后继运行边界
codex/f-cut-001-matrices,1b2b6a752defe9ebf187521dd417c71e43699c0e,F-IMP-002,-,NO_NET_CODE_CHANGE,decision,fix(engineering): 收敛到货签收后继运行边界
codex/f-cut-001-matrices,808151ce4662c85b8ea1c5267bc52b4d4699fd1d,F-IMP-002,tasks/features/F-IMP-002.md,EXCLUDED_NON_CODE,decision,fix(engineering): 补全到货命令关联事实
codex/f-cut-001-matrices,808151ce4662c85b8ea1c5267bc52b4d4699fd1d,F-IMP-002,-,NO_NET_CODE_CHANGE,decision,fix(engineering): 补全到货命令关联事实
codex/f-cut-001-matrices,29963bd50635316ee74584dbf88b10ce6ac85235,F-IMP-002,tasks/features/F-IMP-002.md,EXCLUDED_NON_CODE,decision,docs(engineering): 回写到货命令整改通过
codex/f-cut-001-matrices,29963bd50635316ee74584dbf88b10ce6ac85235,F-IMP-002,-,NO_NET_CODE_CHANGE,decision,docs(engineering): 回写到货命令整改通过
codex/f-cut-001-matrices,f10454dcbe0dcb133b109a9d95aa4ac476294c68,F-IMP-002,tasks/features/F-IMP-002.md,EXCLUDED_NON_CODE,decision,docs(engineering): 对齐到货签收收口状态
codex/f-cut-001-matrices,f10454dcbe0dcb133b109a9d95aa4ac476294c68,F-IMP-002,-,NO_NET_CODE_CHANGE,decision,docs(engineering): 对齐到货签收收口状态
codex/f-cut-001-matrices,c649c4245b3e13de39abdf89899d2a1195483a4d,F-IMP-002,tasks/features/F-IMP-002.md,EXCLUDED_NON_CODE,decision,fix(engineering): 收口到货签收应用动作
codex/f-cut-001-matrices,c649c4245b3e13de39abdf89899d2a1195483a4d,F-IMP-002,-,NO_NET_CODE_CHANGE,decision,fix(engineering): 收口到货签收应用动作
codex/f-cut-001-matrices,88d507935eb587d0940474bcbc53ee8f1702ca69,F-IMP-002,tasks/features/F-IMP-002.md,EXCLUDED_NON_CODE,decision,docs(engineering): 回写到货签收应用收口通过
codex/f-cut-001-matrices,88d507935eb587d0940474bcbc53ee8f1702ca69,F-IMP-002,-,NO_NET_CODE_CHANGE,decision,docs(engineering): 回写到货签收应用收口通过
codex/f-cut-001-matrices,fb69dbcc07c87324a63ec789df9e2bb977f29204,F-IMP-002,specs/features/F-IMP-002-rest-api-contract.json,EXCLUDED_NON_CODE,decision,feat(engineering): 实现到货签收REST契约
codex/f-cut-001-matrices,fb69dbcc07c87324a63ec789df9e2bb977f29204,F-IMP-002,tasks/features/F-IMP-002.md,EXCLUDED_NON_CODE,decision,feat(engineering): 实现到货签收REST契约
codex/f-cut-001-matrices,fb69dbcc07c87324a63ec789df9e2bb977f29204,F-IMP-002,pms-module-engineering/src/main/java/cn/iocoder/yudao/module/pms/engineering/controller/admin/arrivalacceptance/ArrivalAcceptanceHttpException.java,APPLIED_CODE,decision,feat(engineering): 实现到货签收REST契约
codex/f-cut-001-matrices,b63b5a0c47818845eefd567c44cd9e1c3077d2db,F-IMP-002,tasks/features/F-IMP-002.md,EXCLUDED_NON_CODE,decision,fix(engineering): 收敛到货签收REST边界
codex/f-cut-001-matrices,b63b5a0c47818845eefd567c44cd9e1c3077d2db,F-IMP-002,pms-module-engineering/src/main/java/cn/iocoder/yudao/module/pms/engineering/controller/admin/arrivalacceptance/ArrivalAcceptanceHttpException.java,APPLIED_CODE,decision,fix(engineering): 收敛到货签收REST边界
codex/f-cut-001-matrices,d71ced4091a1830fb8718db6c4eb1badaff4c203,F-IMP-002,tasks/features/F-IMP-002.md,EXCLUDED_NON_CODE,decision,fix(engineering): 修复到货签收守卫分类
codex/f-cut-001-matrices,d71ced4091a1830fb8718db6c4eb1badaff4c203,F-IMP-002,-,NO_NET_CODE_CHANGE,decision,fix(engineering): 修复到货签收守卫分类
codex/f-cut-001-matrices,47d6b7fd641f1eb2567fa053f34a9386ad8a6307,F-IMP-002,tasks/features/F-IMP-002.md,EXCLUDED_NON_CODE,decision,docs(engineering): 回写到货签收REST审查通过
codex/f-cut-001-matrices,47d6b7fd641f1eb2567fa053f34a9386ad8a6307,F-IMP-002,-,NO_NET_CODE_CHANGE,decision,docs(engineering): 回写到货签收REST审查通过
codex/f-cut-001-matrices,871cfcbb5e5c532dd2b2ab8741b5c23d5d21445f,F-IMP-002,tasks/features/F-IMP-002.md,EXCLUDED_NON_CODE,decision,feat(engineering): 初始化到货签收运行资源
codex/f-cut-001-matrices,871cfcbb5e5c532dd2b2ab8741b5c23d5d21445f,F-IMP-002,sql/migrations/V142__fimp002_arrival_acceptance_seed.sql,NOOP_MIGRATION_EXACT,decision,sql/migrations/V202__fimp002_arrival_acceptance_seed.sql
codex/f-cut-001-matrices,871cfcbb5e5c532dd2b2ab8741b5c23d5d21445f,F-IMP-002,-,NO_NET_CODE_CHANGE,decision,feat(engineering): 初始化到货签收运行资源
codex/f-cut-001-matrices,aa96b9393a2a048e258f7c8e81d3d2a366a6c383,F-IMP-002,tasks/features/F-IMP-002.md,EXCLUDED_NON_CODE,decision,docs(engineering): 回写到货签收资源审查通过
codex/f-cut-001-matrices,aa96b9393a2a048e258f7c8e81d3d2a366a6c383,F-IMP-002,-,NO_NET_CODE_CHANGE,decision,docs(engineering): 回写到货签收资源审查通过
codex/f-cut-001-matrices,9e42fbc3279d9a292bc4ac36bfeac75cfdd9a899,F-IMP-002,tasks/features/F-IMP-002.md,EXCLUDED_NON_CODE,decision,feat(engineering): 实现到货签收前端工作台
codex/f-cut-001-matrices,9e42fbc3279d9a292bc4ac36bfeac75cfdd9a899,F-IMP-002,-,NO_NET_CODE_CHANGE,decision,feat(engineering): 实现到货签收前端工作台
codex/f-cut-001-matrices,35c0db90a3ad20cbdd864cd85c03e01f9469abb3,F-IMP-002,tasks/features/F-IMP-002.md,EXCLUDED_NON_CODE,decision,fix(engineering): 收敛到货签收前端契约
codex/f-cut-001-matrices,35c0db90a3ad20cbdd864cd85c03e01f9469abb3,F-IMP-002,-,NO_NET_CODE_CHANGE,decision,fix(engineering): 收敛到货签收前端契约
codex/f-cut-001-matrices,99bc69ff4c0af15a2fc20178fc3eab6432417339,F-IMP-002,tasks/features/F-IMP-002.md,EXCLUDED_NON_CODE,decision,fix(engineering): 统一到货签收写前刷新屏障
codex/f-cut-001-matrices,99bc69ff4c0af15a2fc20178fc3eab6432417339,F-IMP-002,-,NO_NET_CODE_CHANGE,decision,fix(engineering): 统一到货签收写前刷新屏障
codex/f-cut-001-matrices,062d1e846cbdfe0d9588dbb7235e358861a4aeef,F-IMP-002,tasks/features/F-IMP-002.md,EXCLUDED_NON_CODE,decision,fix(engineering): 保留到货签收成功刷新闭包
codex/f-cut-001-matrices,062d1e846cbdfe0d9588dbb7235e358861a4aeef,F-IMP-002,-,NO_NET_CODE_CHANGE,decision,fix(engineering): 保留到货签收成功刷新闭包
codex/f-cut-001-matrices,df96cfcfa3fb75309edeb3288c759df2493f050f,F-IMP-002,tasks/features/F-IMP-002.md,EXCLUDED_NON_CODE,decision,docs(engineering): 回写到货签收前端审查通过
codex/f-cut-001-matrices,df96cfcfa3fb75309edeb3288c759df2493f050f,F-IMP-002,-,NO_NET_CODE_CHANGE,decision,docs(engineering): 回写到货签收前端审查通过
codex/f-cut-001-matrices,085015c1710d1f8b0d326e63994b18ff265e765f,F-IMP-002,tasks/features/F-IMP-002.md,EXCLUDED_NON_CODE,decision,fix(engineering): 修复到货回执绑定并补全回归
codex/f-cut-001-matrices,085015c1710d1f8b0d326e63994b18ff265e765f,F-IMP-002,-,NO_NET_CODE_CHANGE,decision,fix(engineering): 修复到货回执绑定并补全回归
codex/f-cut-001-matrices,8b1ffe49f7813e91c3ab879c3c6ca9e805dd65a6,F-IMP-002,tasks/features/F-IMP-002.md,EXCLUDED_NON_CODE,decision,docs(engineering): 回写到货签收数据库审查通过
codex/f-cut-001-matrices,8b1ffe49f7813e91c3ab879c3c6ca9e805dd65a6,F-IMP-002,-,NO_NET_CODE_CHANGE,decision,docs(engineering): 回写到货签收数据库审查通过
codex/f-cut-001-matrices,9edd1a41d1e55bcbb99807d2e21f976c9d2ff9d2,UNMAPPED,docs/design/02d-cross-context-contracts.md,EXCLUDED_NON_CODE,decision,feat(asset): 冻结设备范围事实公共契约
codex/f-cut-001-matrices,9edd1a41d1e55bcbb99807d2e21f976c9d2ff9d2,UNMAPPED,docs/design/10-api-design.md,EXCLUDED_NON_CODE,decision,feat(asset): 冻结设备范围事实公共契约
codex/f-cut-001-matrices,9edd1a41d1e55bcbb99807d2e21f976c9d2ff9d2,F-IMP-001,specs/features/F-IMP-001-ast-device-scope-support-audit.md,EXCLUDED_NON_CODE,decision,feat(asset): 冻结设备范围事实公共契约
codex/f-cut-001-matrices,9edd1a41d1e55bcbb99807d2e21f976c9d2ff9d2,F-IMP-001,specs/features/F-IMP-001-device-scope-fact-contract.json,EXCLUDED_NON_CODE,decision,feat(asset): 冻结设备范围事实公共契约
codex/f-cut-001-matrices,9edd1a41d1e55bcbb99807d2e21f976c9d2ff9d2,F-IMP-001,tasks/features/F-IMP-001.md,EXCLUDED_NON_CODE,decision,feat(asset): 冻结设备范围事实公共契约
codex/f-cut-001-matrices,9edd1a41d1e55bcbb99807d2e21f976c9d2ff9d2,F-IMP-002,tasks/features/F-IMP-002.md,EXCLUDED_NON_CODE,decision,feat(asset): 冻结设备范围事实公共契约
codex/f-cut-001-matrices,9edd1a41d1e55bcbb99807d2e21f976c9d2ff9d2,UNMAPPED,-,NO_NET_CODE_CHANGE,decision,feat(asset): 冻结设备范围事实公共契约
codex/f-cut-001-matrices,c5f7ecdab176e9fe23e5868407207c39ca0f34c3,UNMAPPED,docs/design/02d-cross-context-contracts.md,EXCLUDED_NON_CODE,decision,fix(asset): 纠正设备范围契约错误归因
codex/f-cut-001-matrices,c5f7ecdab176e9fe23e5868407207c39ca0f34c3,UNMAPPED,docs/design/10-api-design.md,EXCLUDED_NON_CODE,decision,fix(asset): 纠正设备范围契约错误归因
codex/f-cut-001-matrices,c5f7ecdab176e9fe23e5868407207c39ca0f34c3,UNMAPPED,-,NO_NET_CODE_CHANGE,decision,fix(asset): 纠正设备范围契约错误归因
codex/f-cut-001-matrices,bf73823e5f85dcd700fdb0fe244179da5ce454b2,F-IMP-001,tasks/features/F-IMP-001.md,EXCLUDED_NON_CODE,decision,docs(engineering): 回写设备范围公共契约审查通过
codex/f-cut-001-matrices,bf73823e5f85dcd700fdb0fe244179da5ce454b2,F-IMP-002,tasks/features/F-IMP-002.md,EXCLUDED_NON_CODE,decision,docs(engineering): 回写设备范围公共契约审查通过
codex/f-cut-001-matrices,bf73823e5f85dcd700fdb0fe244179da5ce454b2,UNMAPPED,-,NO_NET_CODE_CHANGE,decision,docs(engineering): 回写设备范围公共契约审查通过
codex/f-cut-001-matrices,4e558659d52457d8cd617e26a4daec655b76dabf,F-IMP-001,tasks/features/F-IMP-001.md,EXCLUDED_NON_CODE,decision,feat(asset): 实现设备范围事实Provider
codex/f-cut-001-matrices,4e558659d52457d8cd617e26a4daec655b76dabf,F-IMP-002,tasks/features/F-IMP-002.md,EXCLUDED_NON_CODE,decision,feat(asset): 实现设备范围事实Provider
codex/f-cut-001-matrices,4e558659d52457d8cd617e26a4daec655b76dabf,UNMAPPED,-,NO_NET_CODE_CHANGE,decision,feat(asset): 实现设备范围事实Provider
codex/f-cut-001-matrices,69d3740025420682a5b19a06138632b3ea86a48e,F-IMP-001,tasks/features/F-IMP-001.md,EXCLUDED_NON_CODE,decision,fix(asset): 收敛设备范围事务失败边界
codex/f-cut-001-matrices,69d3740025420682a5b19a06138632b3ea86a48e,F-IMP-002,tasks/features/F-IMP-002.md,EXCLUDED_NON_CODE,decision,fix(asset): 收敛设备范围事务失败边界
codex/f-cut-001-matrices,69d3740025420682a5b19a06138632b3ea86a48e,UNMAPPED,-,NO_NET_CODE_CHANGE,decision,fix(asset): 收敛设备范围事务失败边界
codex/f-cut-001-matrices,b2763c0d55ccb3c62d359ff4002edc3b8c03ca60,F-IMP-001,tasks/features/F-IMP-001.md,EXCLUDED_NON_CODE,decision,docs(engineering): 回写设备范围Provider审查通过
codex/f-cut-001-matrices,b2763c0d55ccb3c62d359ff4002edc3b8c03ca60,F-IMP-002,tasks/features/F-IMP-002.md,EXCLUDED_NON_CODE,decision,docs(engineering): 回写设备范围Provider审查通过
codex/f-cut-001-matrices,b2763c0d55ccb3c62d359ff4002edc3b8c03ca60,UNMAPPED,-,NO_NET_CODE_CHANGE,decision,docs(engineering): 回写设备范围Provider审查通过
codex/f-cut-001-matrices,36f44719fae6e287d39853ef337a1a74dcc86579,UNMAPPED,docs/design/10-api-design.md,EXCLUDED_NON_CODE,decision,docs(engineering): 锁定设备范围消费错误映射候选
codex/f-cut-001-matrices,36f44719fae6e287d39853ef337a1a74dcc86579,F-IMP-002,specs/features/F-IMP-002-arrival-acceptance.md,EXCLUDED_NON_CODE,decision,docs(engineering): 锁定设备范围消费错误映射候选
codex/f-cut-001-matrices,36f44719fae6e287d39853ef337a1a74dcc86579,F-IMP-002,specs/features/F-IMP-002-rest-api-contract.json,EXCLUDED_NON_CODE,decision,docs(engineering): 锁定设备范围消费错误映射候选
codex/f-cut-001-matrices,36f44719fae6e287d39853ef337a1a74dcc86579,F-IMP-001,tasks/features/F-IMP-001.md,EXCLUDED_NON_CODE,decision,docs(engineering): 锁定设备范围消费错误映射候选
codex/f-cut-001-matrices,36f44719fae6e287d39853ef337a1a74dcc86579,F-IMP-002,tasks/features/F-IMP-002.md,EXCLUDED_NON_CODE,decision,docs(engineering): 锁定设备范围消费错误映射候选
codex/f-cut-001-matrices,36f44719fae6e287d39853ef337a1a74dcc86579,UNMAPPED,-,NO_NET_CODE_CHANGE,decision,docs(engineering): 锁定设备范围消费错误映射候选
codex/f-cut-001-matrices,b04decabf9c17950466846bd88ad9ce93160e355,UNMAPPED,docs/design/10-api-design.md,EXCLUDED_NON_CODE,decision,docs(engineering): 回写设备范围消费映射审查通过
codex/f-cut-001-matrices,b04decabf9c17950466846bd88ad9ce93160e355,F-IMP-002,specs/features/F-IMP-002-rest-api-contract.json,EXCLUDED_NON_CODE,decision,docs(engineering): 回写设备范围消费映射审查通过
codex/f-cut-001-matrices,b04decabf9c17950466846bd88ad9ce93160e355,F-IMP-001,tasks/features/F-IMP-001.md,EXCLUDED_NON_CODE,decision,docs(engineering): 回写设备范围消费映射审查通过
codex/f-cut-001-matrices,b04decabf9c17950466846bd88ad9ce93160e355,F-IMP-002,tasks/features/F-IMP-002.md,EXCLUDED_NON_CODE,decision,docs(engineering): 回写设备范围消费映射审查通过
codex/f-cut-001-matrices,b04decabf9c17950466846bd88ad9ce93160e355,UNMAPPED,-,NO_NET_CODE_CHANGE,decision,docs(engineering): 回写设备范围消费映射审查通过
codex/f-cut-001-matrices,b20e817af3d92dc0ead823e46e7b820eab94493a,UNMAPPED,docs/design/10-api-design.md,EXCLUDED_NON_CODE,decision,docs(engineering): 锁定无SN设备事实适用边界候选
codex/f-cut-001-matrices,b20e817af3d92dc0ead823e46e7b820eab94493a,F-IMP-002,specs/features/F-IMP-002-rest-api-contract.json,EXCLUDED_NON_CODE,decision,docs(engineering): 锁定无SN设备事实适用边界候选
codex/f-cut-001-matrices,b20e817af3d92dc0ead823e46e7b820eab94493a,F-IMP-001,tasks/features/F-IMP-001.md,EXCLUDED_NON_CODE,decision,docs(engineering): 锁定无SN设备事实适用边界候选
codex/f-cut-001-matrices,b20e817af3d92dc0ead823e46e7b820eab94493a,F-IMP-002,tasks/features/F-IMP-002.md,EXCLUDED_NON_CODE,decision,docs(engineering): 锁定无SN设备事实适用边界候选
codex/f-cut-001-matrices,b20e817af3d92dc0ead823e46e7b820eab94493a,UNMAPPED,-,NO_NET_CODE_CHANGE,decision,docs(engineering): 锁定无SN设备事实适用边界候选
codex/f-cut-001-matrices,ab7fcb2644f074e295931d48964a336c83eda07c,F-IMP-001,tasks/features/F-IMP-001.md,EXCLUDED_NON_CODE,decision,docs(engineering): 回写无SN设备事实边界审查通过
codex/f-cut-001-matrices,ab7fcb2644f074e295931d48964a336c83eda07c,F-IMP-002,tasks/features/F-IMP-002.md,EXCLUDED_NON_CODE,decision,docs(engineering): 回写无SN设备事实边界审查通过
codex/f-cut-001-matrices,ab7fcb2644f074e295931d48964a336c83eda07c,UNMAPPED,-,NO_NET_CODE_CHANGE,decision,docs(engineering): 回写无SN设备事实边界审查通过
codex/f-cut-001-matrices,6793c1d96efc3e421085ecb539f307ca88b8d1e3,F-IMP-001,tasks/features/F-IMP-001.md,EXCLUDED_NON_CODE,decision,feat(engineering): 接通设备范围事实消费适配
codex/f-cut-001-matrices,6793c1d96efc3e421085ecb539f307ca88b8d1e3,F-IMP-002,tasks/features/F-IMP-002.md,EXCLUDED_NON_CODE,decision,feat(engineering): 接通设备范围事实消费适配
codex/f-cut-001-matrices,6793c1d96efc3e421085ecb539f307ca88b8d1e3,UNMAPPED,-,NO_NET_CODE_CHANGE,decision,feat(engineering): 接通设备范围事实消费适配
codex/f-cut-001-matrices,9a4763e85d10d820f957eeec90a71be3d4914fae,F-IMP-001,tasks/features/F-IMP-001.md,EXCLUDED_NON_CODE,decision,fix(engineering): 收敛设备范围身份与锁定语义
codex/f-cut-001-matrices,9a4763e85d10d820f957eeec90a71be3d4914fae,F-IMP-002,tasks/features/F-IMP-002.md,EXCLUDED_NON_CODE,decision,fix(engineering): 收敛设备范围身份与锁定语义
codex/f-cut-001-matrices,9a4763e85d10d820f957eeec90a71be3d4914fae,UNMAPPED,-,NO_NET_CODE_CHANGE,decision,fix(engineering): 收敛设备范围身份与锁定语义
codex/f-cut-001-matrices,7fa32fc50ba4886a55379185682f357e01fc4e03,UNMAPPED,-,NO_NET_CODE_CHANGE,decision,test(engineering): 补充设备范围事实规范化回归
codex/f-cut-001-matrices,eda54bd0c911641c0d977288ee63b3a1df81e69d,F-IMP-001,tasks/features/F-IMP-001.md,EXCLUDED_NON_CODE,decision,docs(engineering): 回写设备范围消费Gate通过
codex/f-cut-001-matrices,eda54bd0c911641c0d977288ee63b3a1df81e69d,F-IMP-002,tasks/features/F-IMP-002.md,EXCLUDED_NON_CODE,decision,docs(engineering): 回写设备范围消费Gate通过
codex/f-cut-001-matrices,eda54bd0c911641c0d977288ee63b3a1df81e69d,UNMAPPED,-,NO_NET_CODE_CHANGE,decision,docs(engineering): 回写设备范围消费Gate通过
codex/f-cut-001-matrices,c21745a9b28b35883b5453b0e3da0ed13292997c,UNMAPPED,docs/traceability/requirement-matrix.md,EXCLUDED_NON_CODE,decision,docs(commerce): 建立COM-01 Feature Ready候选
codex/f-cut-001-matrices,c21745a9b28b35883b5453b0e3da0ed13292997c,UNMAPPED,docs/traceability/requirement-version-coverage.json,EXCLUDED_NON_CODE,decision,docs(commerce): 建立COM-01 Feature Ready候选
codex/f-cut-001-matrices,c21745a9b28b35883b5453b0e3da0ed13292997c,F-COM-001,specs/features/F-COM-001-contract-order-and-delivery-scope.md,EXCLUDED_NON_CODE,decision,docs(commerce): 建立COM-01 Feature Ready候选
codex/f-cut-001-matrices,c21745a9b28b35883b5453b0e3da0ed13292997c,F-COM-001,specs/features/F-COM-001-legacy-reuse-audit.md,EXCLUDED_NON_CODE,decision,docs(commerce): 建立COM-01 Feature Ready候选
codex/f-cut-001-matrices,c21745a9b28b35883b5453b0e3da0ed13292997c,F-COM-001,specs/features/F-COM-001-physical-contract.json,EXCLUDED_NON_CODE,decision,docs(commerce): 建立COM-01 Feature Ready候选
codex/f-cut-001-matrices,c21745a9b28b35883b5453b0e3da0ed13292997c,UNMAPPED,specs/features/README.md,EXCLUDED_NON_CODE,decision,docs(commerce): 建立COM-01 Feature Ready候选
codex/f-cut-001-matrices,c21745a9b28b35883b5453b0e3da0ed13292997c,F-COM-001,tasks/features/F-COM-001.md,EXCLUDED_NON_CODE,decision,docs(commerce): 建立COM-01 Feature Ready候选
codex/f-cut-001-matrices,c21745a9b28b35883b5453b0e3da0ed13292997c,UNMAPPED,-,NO_NET_CODE_CHANGE,decision,docs(commerce): 建立COM-01 Feature Ready候选
codex/f-cut-001-matrices,ed96361def62cb85ee8631f2346e6b751ebcf17b,UNMAPPED,docs/design/02d-cross-context-contracts.md,EXCLUDED_NON_CODE,decision,docs(commerce): 收敛COM-01 Feature Ready契约
codex/f-cut-001-matrices,ed96361def62cb85ee8631f2346e6b751ebcf17b,UNMAPPED,docs/design/07-authorization-design.md,EXCLUDED_NON_CODE,decision,docs(commerce): 收敛COM-01 Feature Ready契约
codex/f-cut-001-matrices,ed96361def62cb85ee8631f2346e6b751ebcf17b,UNMAPPED,docs/design/09-database-design.md,EXCLUDED_NON_CODE,decision,docs(commerce): 收敛COM-01 Feature Ready契约
codex/f-cut-001-matrices,ed96361def62cb85ee8631f2346e6b751ebcf17b,UNMAPPED,docs/design/10-api-design.md,EXCLUDED_NON_CODE,decision,docs(commerce): 收敛COM-01 Feature Ready契约
codex/f-cut-001-matrices,ed96361def62cb85ee8631f2346e6b751ebcf17b,UNMAPPED,docs/design/12-integration-design.md,EXCLUDED_NON_CODE,decision,docs(commerce): 收敛COM-01 Feature Ready契约
codex/f-cut-001-matrices,ed96361def62cb85ee8631f2346e6b751ebcf17b,F-COM-001,specs/features/F-COM-001-contract-order-and-delivery-scope.md,EXCLUDED_NON_CODE,decision,docs(commerce): 收敛COM-01 Feature Ready契约
codex/f-cut-001-matrices,ed96361def62cb85ee8631f2346e6b751ebcf17b,F-COM-001,specs/features/F-COM-001-legacy-reuse-audit.md,EXCLUDED_NON_CODE,decision,docs(commerce): 收敛COM-01 Feature Ready契约
codex/f-cut-001-matrices,ed96361def62cb85ee8631f2346e6b751ebcf17b,F-COM-001,specs/features/F-COM-001-physical-contract.json,EXCLUDED_NON_CODE,decision,docs(commerce): 收敛COM-01 Feature Ready契约
codex/f-cut-001-matrices,ed96361def62cb85ee8631f2346e6b751ebcf17b,F-COM-001,tasks/features/F-COM-001.md,EXCLUDED_NON_CODE,decision,docs(commerce): 收敛COM-01 Feature Ready契约
codex/f-cut-001-matrices,ed96361def62cb85ee8631f2346e6b751ebcf17b,UNMAPPED,-,NO_NET_CODE_CHANGE,decision,docs(commerce): 收敛COM-01 Feature Ready契约
codex/f-cut-001-matrices,862b47ec30adcdb8d846d5f9f15cc54e092b2a0a,UNMAPPED,docs/design/09-database-design.md,EXCLUDED_NON_CODE,decision,docs(commerce): 修正ERP版本与V70迁移契约
codex/f-cut-001-matrices,862b47ec30adcdb8d846d5f9f15cc54e092b2a0a,UNMAPPED,docs/design/12-integration-design.md,EXCLUDED_NON_CODE,decision,docs(commerce): 修正ERP版本与V70迁移契约
codex/f-cut-001-matrices,862b47ec30adcdb8d846d5f9f15cc54e092b2a0a,F-COM-001,specs/features/F-COM-001-contract-order-and-delivery-scope.md,EXCLUDED_NON_CODE,decision,docs(commerce): 修正ERP版本与V70迁移契约
codex/f-cut-001-matrices,862b47ec30adcdb8d846d5f9f15cc54e092b2a0a,F-COM-001,specs/features/F-COM-001-legacy-reuse-audit.md,EXCLUDED_NON_CODE,decision,docs(commerce): 修正ERP版本与V70迁移契约
codex/f-cut-001-matrices,862b47ec30adcdb8d846d5f9f15cc54e092b2a0a,F-COM-001,specs/features/F-COM-001-physical-contract.json,EXCLUDED_NON_CODE,decision,docs(commerce): 修正ERP版本与V70迁移契约
codex/f-cut-001-matrices,862b47ec30adcdb8d846d5f9f15cc54e092b2a0a,F-COM-001,tasks/features/F-COM-001.md,EXCLUDED_NON_CODE,decision,docs(commerce): 修正ERP版本与V70迁移契约
codex/f-cut-001-matrices,862b47ec30adcdb8d846d5f9f15cc54e092b2a0a,UNMAPPED,-,NO_NET_CODE_CHANGE,decision,docs(commerce): 修正ERP版本与V70迁移契约
codex/f-cut-001-matrices,2fed46d4510aa6aa48abd0c777a8a621856e9d82,F-COM-001,specs/features/F-COM-001-physical-contract.json,EXCLUDED_NON_CODE,decision,docs(commerce): 修正来源对象重放判定
codex/f-cut-001-matrices,2fed46d4510aa6aa48abd0c777a8a621856e9d82,F-COM-001,tasks/features/F-COM-001.md,EXCLUDED_NON_CODE,decision,docs(commerce): 修正来源对象重放判定
codex/f-cut-001-matrices,2fed46d4510aa6aa48abd0c777a8a621856e9d82,UNMAPPED,-,NO_NET_CODE_CHANGE,decision,docs(commerce): 修正来源对象重放判定
codex/f-cut-001-matrices,8ca365605fd57ff4f8c0a5cc8bb6ef9ed164acd2,F-COM-001,specs/features/F-COM-001-contract-order-and-delivery-scope.md,EXCLUDED_NON_CODE,decision,docs(commerce): 回写COM-01 Feature Ready通过
codex/f-cut-001-matrices,8ca365605fd57ff4f8c0a5cc8bb6ef9ed164acd2,F-COM-001,specs/features/F-COM-001-physical-contract.json,EXCLUDED_NON_CODE,decision,docs(commerce): 回写COM-01 Feature Ready通过
codex/f-cut-001-matrices,8ca365605fd57ff4f8c0a5cc8bb6ef9ed164acd2,UNMAPPED,specs/features/README.md,EXCLUDED_NON_CODE,decision,docs(commerce): 回写COM-01 Feature Ready通过
codex/f-cut-001-matrices,8ca365605fd57ff4f8c0a5cc8bb6ef9ed164acd2,F-COM-001,tasks/features/F-COM-001.md,EXCLUDED_NON_CODE,decision,docs(commerce): 回写COM-01 Feature Ready通过
codex/f-cut-001-matrices,8ca365605fd57ff4f8c0a5cc8bb6ef9ed164acd2,UNMAPPED,-,NO_NET_CODE_CHANGE,decision,docs(commerce): 回写COM-01 Feature Ready通过
codex/f-cut-001-matrices,a0cf6d0658f03eb4ee0bdcbddaab8cf00bd8d3d7,F-COM-001,docs/superpowers/plans/2026-08-30-f-com-001-contract-order-delivery-scope.md,EXCLUDED_NON_CODE,decision,docs(commerce): 建立COM-01 Technical Plan候选
codex/f-cut-001-matrices,a0cf6d0658f03eb4ee0bdcbddaab8cf00bd8d3d7,F-COM-001,specs/features/F-COM-001-contract-order-and-delivery-scope.md,EXCLUDED_NON_CODE,decision,docs(commerce): 建立COM-01 Technical Plan候选
codex/f-cut-001-matrices,a0cf6d0658f03eb4ee0bdcbddaab8cf00bd8d3d7,F-COM-001,tasks/features/F-COM-001.md,EXCLUDED_NON_CODE,decision,docs(commerce): 建立COM-01 Technical Plan候选
codex/f-cut-001-matrices,a0cf6d0658f03eb4ee0bdcbddaab8cf00bd8d3d7,UNMAPPED,-,NO_NET_CODE_CHANGE,decision,docs(commerce): 建立COM-01 Technical Plan候选
codex/f-cut-001-matrices,4e86e5cff1a74663a8448b2dc1e6d386563297b7,F-COM-001,docs/superpowers/plans/2026-08-30-f-com-001-contract-order-delivery-scope.md,EXCLUDED_NON_CODE,decision,docs(commerce): 修正COM-01 Technical Plan边界
codex/f-cut-001-matrices,4e86e5cff1a74663a8448b2dc1e6d386563297b7,F-COM-001,tasks/features/F-COM-001.md,EXCLUDED_NON_CODE,decision,docs(commerce): 修正COM-01 Technical Plan边界
codex/f-cut-001-matrices,4e86e5cff1a74663a8448b2dc1e6d386563297b7,UNMAPPED,-,NO_NET_CODE_CHANGE,decision,docs(commerce): 修正COM-01 Technical Plan边界
codex/f-cut-001-matrices,6921a0dd1a8febf512e21b66d4cfe2e8e52a76fa,F-COM-001,docs/superpowers/plans/2026-08-30-f-com-001-contract-order-delivery-scope.md,EXCLUDED_NON_CODE,decision,docs(commerce): 收敛迁移批次两阶段生命周期
codex/f-cut-001-matrices,6921a0dd1a8febf512e21b66d4cfe2e8e52a76fa,F-COM-001,tasks/features/F-COM-001.md,EXCLUDED_NON_CODE,decision,docs(commerce): 收敛迁移批次两阶段生命周期
codex/f-cut-001-matrices,6921a0dd1a8febf512e21b66d4cfe2e8e52a76fa,UNMAPPED,-,NO_NET_CODE_CHANGE,decision,docs(commerce): 收敛迁移批次两阶段生命周期
codex/f-cut-001-matrices,8f5ec1c104a18910f231d51d50b7bd526cf6c70b,F-COM-001,tasks/features/F-COM-001.md,EXCLUDED_NON_CODE,decision,docs(commerce): 补齐迁移问题关闭路径
codex/f-cut-001-matrices,8f5ec1c104a18910f231d51d50b7bd526cf6c70b,UNMAPPED,-,NO_NET_CODE_CHANGE,decision,docs(commerce): 补齐迁移问题关闭路径
codex/f-cut-001-matrices,f309c9f332d874d0b46a7f6fbc3c7220c488c25a,F-COM-001,specs/features/F-COM-001-contract-order-and-delivery-scope.md,EXCLUDED_NON_CODE,decision,docs(commerce): 回写COM-01 Technical Plan通过
codex/f-cut-001-matrices,f309c9f332d874d0b46a7f6fbc3c7220c488c25a,F-COM-001,tasks/features/F-COM-001.md,EXCLUDED_NON_CODE,decision,docs(commerce): 回写COM-01 Technical Plan通过
codex/f-cut-001-matrices,f309c9f332d874d0b46a7f6fbc3c7220c488c25a,UNMAPPED,-,NO_NET_CODE_CHANGE,decision,docs(commerce): 回写COM-01 Technical Plan通过
codex/f-cut-001-matrices,5abbc82ba866c4f3dafc3d5b186c0afdce1e9d0d,UNMAPPED,docs/traceability/requirement-matrix.md,EXCLUDED_NON_CODE,decision,feat(commerce): 建立COM公开事实合同
codex/f-cut-001-matrices,5abbc82ba866c4f3dafc3d5b186c0afdce1e9d0d,UNMAPPED,docs/traceability/requirement-version-coverage.json,EXCLUDED_NON_CODE,decision,feat(commerce): 建立COM公开事实合同
codex/f-cut-001-matrices,5abbc82ba866c4f3dafc3d5b186c0afdce1e9d0d,UNMAPPED,specs/features/README.md,EXCLUDED_NON_CODE,decision,feat(commerce): 建立COM公开事实合同
codex/f-cut-001-matrices,5abbc82ba866c4f3dafc3d5b186c0afdce1e9d0d,F-COM-001,tasks/features/F-COM-001.md,EXCLUDED_NON_CODE,decision,feat(commerce): 建立COM公开事实合同
codex/f-cut-001-matrices,5abbc82ba866c4f3dafc3d5b186c0afdce1e9d0d,UNMAPPED,-,NO_NET_CODE_CHANGE,decision,feat(commerce): 建立COM公开事实合同
codex/f-cut-001-matrices,550e3fefb8212fa8dc7a8b06a53e0daf94a175d7,F-COM-001,tasks/features/F-COM-001.md,EXCLUDED_NON_CODE,decision,docs(commerce): 回写COM公开合同Gate通过
codex/f-cut-001-matrices,550e3fefb8212fa8dc7a8b06a53e0daf94a175d7,UNMAPPED,-,NO_NET_CODE_CHANGE,decision,docs(commerce): 回写COM公开合同Gate通过
codex/f-cut-001-matrices,ae1968c63af614700bd586915e37c74ef1b0152b,F-COM-001,tasks/features/F-COM-001.md,EXCLUDED_NON_CODE,decision,feat(commerce): 建立COM十表物理模型
codex/f-cut-001-matrices,ae1968c63af614700bd586915e37c74ef1b0152b,UNMAPPED,sql/migrations/V209__received_fcom001_contract_order_scope_schema.sql,APPLIED_MIGRATION_RENUMBERED,decision,V143 -> V209
codex/f-cut-001-matrices,ae1968c63af614700bd586915e37c74ef1b0152b,UNMAPPED,pms-module-commerce/src/main/java/cn/iocoder/yudao/module/pms/commerce/dal/dataobject/authority/ContractDO.java,APPLIED_CODE,decision,feat(commerce): 建立COM十表物理模型
codex/f-cut-001-matrices,ae1968c63af614700bd586915e37c74ef1b0152b,UNMAPPED,pms-module-commerce/src/main/java/cn/iocoder/yudao/module/pms/commerce/dal/dataobject/authority/SalesOrderDO.java,APPLIED_CODE,decision,feat(commerce): 建立COM十表物理模型
codex/f-cut-001-matrices,ae1968c63af614700bd586915e37c74ef1b0152b,UNMAPPED,pms-module-commerce/src/main/java/cn/iocoder/yudao/module/pms/commerce/dal/dataobject/scope/DeliveryScopeDetailDO.java,APPLIED_CODE,decision,feat(commerce): 建立COM十表物理模型
codex/f-cut-001-matrices,ae1968c63af614700bd586915e37c74ef1b0152b,UNMAPPED,pms-module-commerce/src/main/java/cn/iocoder/yudao/module/pms/commerce/dal/dataobject/scope/OrderLineDO.java,APPLIED_CODE,decision,feat(commerce): 建立COM十表物理模型
codex/f-cut-001-matrices,ae1968c63af614700bd586915e37c74ef1b0152b,UNMAPPED,pms-module-commerce/src/main/java/cn/iocoder/yudao/module/pms/commerce/dal/dataobject/scope/ProjectContractRelationDO.java,APPLIED_CODE,decision,feat(commerce): 建立COM十表物理模型
codex/f-cut-001-matrices,ae1968c63af614700bd586915e37c74ef1b0152b,UNMAPPED,pms-module-commerce/src/test/java/cn/iocoder/yudao/module/pms/commerce/FCom001MigrationContractTest.java,APPLIED_CODE,decision,feat(commerce): 建立COM十表物理模型
codex/f-cut-001-matrices,ae1968c63af614700bd586915e37c74ef1b0152b,UNMAPPED,pms-module-commerce/src/test/java/cn/iocoder/yudao/module/pms/commerce/FCom001MigrationMySqlTest.java,APPLIED_CODE,decision,feat(commerce): 建立COM十表物理模型
codex/f-cut-001-matrices,ae1968c63af614700bd586915e37c74ef1b0152b,UNMAPPED,sql/migrations/V209__received_fcom001_contract_order_scope_schema.sql,APPLIED_CODE,decision,feat(commerce): 建立COM十表物理模型
codex/f-cut-001-matrices,4996c75465fd57599054a305e62cddea8fb75102,F-COM-001,specs/features/F-COM-001-physical-contract.json,EXCLUDED_NON_CODE,decision,fix(commerce): 收敛COM来源版本与迁移预检
codex/f-cut-001-matrices,4996c75465fd57599054a305e62cddea8fb75102,F-COM-001,tasks/features/F-COM-001.md,EXCLUDED_NON_CODE,decision,fix(commerce): 收敛COM来源版本与迁移预检
codex/f-cut-001-matrices,4996c75465fd57599054a305e62cddea8fb75102,UNMAPPED,pms-module-commerce/src/test/java/cn/iocoder/yudao/module/pms/commerce/FCom001MigrationContractTest.java,APPLIED_CODE,decision,fix(commerce): 收敛COM来源版本与迁移预检
codex/f-cut-001-matrices,4996c75465fd57599054a305e62cddea8fb75102,UNMAPPED,pms-module-commerce/src/test/java/cn/iocoder/yudao/module/pms/commerce/FCom001MigrationMySqlTest.java,APPLIED_CODE,decision,fix(commerce): 收敛COM来源版本与迁移预检
codex/f-cut-001-matrices,4996c75465fd57599054a305e62cddea8fb75102,UNMAPPED,sql/migrations/V209__received_fcom001_contract_order_scope_schema.sql,APPLIED_CODE,decision,fix(commerce): 收敛COM来源版本与迁移预检
codex/f-cut-001-matrices,b711389db0e16ccbf73d7e76747e5f88b5653c00,F-COM-001,tasks/features/F-COM-001.md,EXCLUDED_NON_CODE,decision,docs(commerce): 回写COM十表Schema Gate通过
codex/f-cut-001-matrices,b711389db0e16ccbf73d7e76747e5f88b5653c00,UNMAPPED,-,NO_NET_CODE_CHANGE,decision,docs(commerce): 回写COM十表Schema Gate通过
codex/f-cut-001-matrices,2141204dc257aa67a24a4fe57e7139bdd906c135,UNMAPPED,docs/design/02d-cross-context-contracts.md,EXCLUDED_NON_CODE,decision,feat(platform): 建立迁移证据公共合同
codex/f-cut-001-matrices,2141204dc257aa67a24a4fe57e7139bdd906c135,UNMAPPED,docs/design/10-api-design.md,EXCLUDED_NON_CODE,decision,feat(platform): 建立迁移证据公共合同
codex/f-cut-001-matrices,2141204dc257aa67a24a4fe57e7139bdd906c135,UNMAPPED,docs/traceability/requirement-matrix.md,EXCLUDED_NON_CODE,decision,feat(platform): 建立迁移证据公共合同
codex/f-cut-001-matrices,2141204dc257aa67a24a4fe57e7139bdd906c135,F-COM-001,specs/features/F-COM-001-migration-evidence-api-contract.json,EXCLUDED_NON_CODE,decision,feat(platform): 建立迁移证据公共合同
codex/f-cut-001-matrices,2141204dc257aa67a24a4fe57e7139bdd906c135,F-COM-001,specs/features/F-COM-001-physical-contract.json,EXCLUDED_NON_CODE,decision,feat(platform): 建立迁移证据公共合同
codex/f-cut-001-matrices,2141204dc257aa67a24a4fe57e7139bdd906c135,F-COM-001,tasks/features/F-COM-001.md,EXCLUDED_NON_CODE,decision,feat(platform): 建立迁移证据公共合同
codex/f-cut-001-matrices,2141204dc257aa67a24a4fe57e7139bdd906c135,UNMAPPED,-,NO_NET_CODE_CHANGE,decision,feat(platform): 建立迁移证据公共合同
codex/f-cut-001-matrices,bf85007f2ec90105acf3c3ffa4a2353dd233a5f8,UNMAPPED,docs/design/02d-cross-context-contracts.md,EXCLUDED_NON_CODE,decision,fix(platform): 收敛迁移证据合同阻断
codex/f-cut-001-matrices,bf85007f2ec90105acf3c3ffa4a2353dd233a5f8,UNMAPPED,docs/design/10-api-design.md,EXCLUDED_NON_CODE,decision,fix(platform): 收敛迁移证据合同阻断
codex/f-cut-001-matrices,bf85007f2ec90105acf3c3ffa4a2353dd233a5f8,F-COM-001,specs/features/F-COM-001-migration-evidence-api-contract.json,EXCLUDED_NON_CODE,decision,fix(platform): 收敛迁移证据合同阻断
codex/f-cut-001-matrices,bf85007f2ec90105acf3c3ffa4a2353dd233a5f8,F-COM-001,specs/features/F-COM-001-physical-contract.json,EXCLUDED_NON_CODE,decision,fix(platform): 收敛迁移证据合同阻断
codex/f-cut-001-matrices,bf85007f2ec90105acf3c3ffa4a2353dd233a5f8,F-COM-001,tasks/features/F-COM-001.md,EXCLUDED_NON_CODE,decision,fix(platform): 收敛迁移证据合同阻断
codex/f-cut-001-matrices,bf85007f2ec90105acf3c3ffa4a2353dd233a5f8,UNMAPPED,-,NO_NET_CODE_CHANGE,decision,fix(platform): 收敛迁移证据合同阻断
codex/f-cut-001-matrices,df27632e73b560e90847e86a1a37a6ad7b5d929e,F-COM-001,tasks/features/F-COM-001.md,EXCLUDED_NON_CODE,decision,fix(platform): 关闭迁移暂存空值边界
codex/f-cut-001-matrices,df27632e73b560e90847e86a1a37a6ad7b5d929e,UNMAPPED,-,NO_NET_CODE_CHANGE,decision,fix(platform): 关闭迁移暂存空值边界
codex/f-cut-001-matrices,3c9b2a5a5a23ed4f5a0722a83be86dfb622ee957,F-COM-001,specs/features/F-COM-001-migration-evidence-api-contract.json,EXCLUDED_NON_CODE,decision,docs(platform): 回写迁移证据合同Gate通过
codex/f-cut-001-matrices,3c9b2a5a5a23ed4f5a0722a83be86dfb622ee957,F-COM-001,tasks/features/F-COM-001.md,EXCLUDED_NON_CODE,decision,docs(platform): 回写迁移证据合同Gate通过
codex/f-cut-001-matrices,3c9b2a5a5a23ed4f5a0722a83be86dfb622ee957,UNMAPPED,-,NO_NET_CODE_CHANGE,decision,docs(platform): 回写迁移证据合同Gate通过
codex/f-cut-001-matrices,58aedbb24134c43e0c0188097bc5a8c7e6f45644,F-COM-001,specs/features/F-COM-001-physical-contract.json,EXCLUDED_NON_CODE,decision,feat(platform): 建立迁移证据四表Schema
codex/f-cut-001-matrices,58aedbb24134c43e0c0188097bc5a8c7e6f45644,F-COM-001,tasks/features/F-COM-001.md,EXCLUDED_NON_CODE,decision,feat(platform): 建立迁移证据四表Schema
codex/f-cut-001-matrices,58aedbb24134c43e0c0188097bc5a8c7e6f45644,UNMAPPED,sql/migrations/V144__platform_migration_evidence.sql,NOOP_MIGRATION_EXACT,decision,sql/migrations/V176__platform_migration_evidence.sql
codex/f-cut-001-matrices,58aedbb24134c43e0c0188097bc5a8c7e6f45644,UNMAPPED,-,NO_NET_CODE_CHANGE,decision,feat(platform): 建立迁移证据四表Schema
codex/f-cut-001-matrices,8b41a096abb292a37d762c195b67685c4aab1902,F-COM-001,tasks/features/F-COM-001.md,EXCLUDED_NON_CODE,decision,feat(platform): 实现迁移证据事务Provider
codex/f-cut-001-matrices,8b41a096abb292a37d762c195b67685c4aab1902,UNMAPPED,-,NO_NET_CODE_CHANGE,decision,feat(platform): 实现迁移证据事务Provider
codex/f-cut-001-matrices,e507eae0aa2e4cdc3478849134c3b8a005914b46,F-COM-001,tasks/features/F-COM-001.md,EXCLUDED_NON_CODE,decision,docs(platform): 回写迁移证据Provider Gate通过
codex/f-cut-001-matrices,e507eae0aa2e4cdc3478849134c3b8a005914b46,UNMAPPED,-,NO_NET_CODE_CHANGE,decision,docs(platform): 回写迁移证据Provider Gate通过
codex/f-cut-001-matrices,dd0a26eed23af025ef705d989d6f28d96cbd6ba4,UNMAPPED,docs/design/02d-cross-context-contracts.md,EXCLUDED_NON_CODE,decision,fix(commerce): 收敛订单合同关系来源身份
codex/f-cut-001-matrices,dd0a26eed23af025ef705d989d6f28d96cbd6ba4,UNMAPPED,docs/design/09-database-design.md,EXCLUDED_NON_CODE,decision,fix(commerce): 收敛订单合同关系来源身份
codex/f-cut-001-matrices,dd0a26eed23af025ef705d989d6f28d96cbd6ba4,UNMAPPED,docs/design/10-api-design.md,EXCLUDED_NON_CODE,decision,fix(commerce): 收敛订单合同关系来源身份
codex/f-cut-001-matrices,dd0a26eed23af025ef705d989d6f28d96cbd6ba4,F-COM-001,specs/features/F-COM-001-contract-order-and-delivery-scope.md,EXCLUDED_NON_CODE,decision,fix(commerce): 收敛订单合同关系来源身份
codex/f-cut-001-matrices,dd0a26eed23af025ef705d989d6f28d96cbd6ba4,F-COM-001,specs/features/F-COM-001-physical-contract.json,EXCLUDED_NON_CODE,decision,fix(commerce): 收敛订单合同关系来源身份
codex/f-cut-001-matrices,dd0a26eed23af025ef705d989d6f28d96cbd6ba4,F-COM-001,tasks/features/F-COM-001.md,EXCLUDED_NON_CODE,decision,fix(commerce): 收敛订单合同关系来源身份
codex/f-cut-001-matrices,dd0a26eed23af025ef705d989d6f28d96cbd6ba4,UNMAPPED,pms-module-commerce/src/test/java/cn/iocoder/yudao/module/pms/commerce/FCom001RelationIdentityMigrationContractTest.java,APPLIED_CODE,decision,fix(commerce): 收敛订单合同关系来源身份
codex/f-cut-001-matrices,dd0a26eed23af025ef705d989d6f28d96cbd6ba4,UNMAPPED,pms-module-commerce/src/test/java/cn/iocoder/yudao/module/pms/commerce/api/CommercePublicContractTest.java,APPLIED_CODE,decision,fix(commerce): 收敛订单合同关系来源身份
codex/f-cut-001-matrices,2991ae058cb4c1bdb10223620d80aa7923048c58,F-COM-001,tasks/features/F-COM-001.md,EXCLUDED_NON_CODE,decision,docs(commerce): 回写关系来源身份Gate通过
codex/f-cut-001-matrices,2991ae058cb4c1bdb10223620d80aa7923048c58,UNMAPPED,-,NO_NET_CODE_CHANGE,decision,docs(commerce): 回写关系来源身份Gate通过
codex/f-cut-001-matrices,d8a275619ab20b2fa49e39f4bbb24be4ddc57a82,F-COM-001,tasks/features/F-COM-001.md,EXCLUDED_NON_CODE,decision,feat(commerce): 实现ERP权威批次接收
codex/f-cut-001-matrices,d8a275619ab20b2fa49e39f4bbb24be4ddc57a82,UNMAPPED,-,NO_NET_CODE_CHANGE,decision,feat(commerce): 实现ERP权威批次接收
codex/f-cut-001-matrices,bf98b97a48bfa4937fd7c1c290c4652173b1e509,F-COM-001,tasks/features/F-COM-001.md,EXCLUDED_NON_CODE,decision,docs(commerce): 回写ERP批次接收Gate通过
codex/f-cut-001-matrices,bf98b97a48bfa4937fd7c1c290c4652173b1e509,UNMAPPED,-,NO_NET_CODE_CHANGE,decision,docs(commerce): 回写ERP批次接收Gate通过
codex/f-cut-001-matrices,7c8b11fec472fd430d5a465af551f5431655fa8e,F-COM-001,tasks/features/F-COM-001.md,EXCLUDED_NON_CODE,decision,feat(commerce): 实现人工权威候选核对
codex/f-cut-001-matrices,7c8b11fec472fd430d5a465af551f5431655fa8e,UNMAPPED,-,NO_NET_CODE_CHANGE,decision,feat(commerce): 实现人工权威候选核对
codex/f-cut-001-matrices,f76525efcb720df2c7de12a17c0741e6d73d98c7,F-COM-001,tasks/features/F-COM-001.md,EXCLUDED_NON_CODE,decision,fix(commerce): 收敛候选载荷幂等边界
codex/f-cut-001-matrices,f76525efcb720df2c7de12a17c0741e6d73d98c7,UNMAPPED,-,NO_NET_CODE_CHANGE,decision,fix(commerce): 收敛候选载荷幂等边界
codex/f-cut-001-matrices,3e26a5375de05612eeafcb86f4f1fff4f9801c09,F-COM-001,tasks/features/F-COM-001.md,EXCLUDED_NON_CODE,decision,docs(commerce): 回写人工候选核对Gate通过
codex/f-cut-001-matrices,3e26a5375de05612eeafcb86f4f1fff4f9801c09,UNMAPPED,-,NO_NET_CODE_CHANGE,decision,docs(commerce): 回写人工候选核对Gate通过
codex/f-cut-001-matrices,18237796431cbf779e6aabcef5563024cdd700fa,F-COM-001,tasks/features/F-COM-001.md,EXCLUDED_NON_CODE,decision,feat(commerce): 实现项目交付范围命令
codex/f-cut-001-matrices,18237796431cbf779e6aabcef5563024cdd700fa,UNMAPPED,pms-module-commerce/src/main/java/cn/iocoder/yudao/module/pms/commerce/dal/mysql/scope/CommerceDeliveryScopeCommandMapper.java,APPLIED_CODE,decision,feat(commerce): 实现项目交付范围命令
codex/f-cut-001-matrices,18237796431cbf779e6aabcef5563024cdd700fa,UNMAPPED,pms-module-commerce/src/main/java/cn/iocoder/yudao/module/pms/commerce/dal/mysql/scope/query/CommerceDeliveryScopeCommandQuery.java,APPLIED_CODE,decision,feat(commerce): 实现项目交付范围命令
codex/f-cut-001-matrices,18237796431cbf779e6aabcef5563024cdd700fa,UNMAPPED,pms-module-commerce/src/main/java/cn/iocoder/yudao/module/pms/commerce/domain/scope/DeliveryScopeStateMachine.java,APPLIED_CODE,decision,feat(commerce): 实现项目交付范围命令
codex/f-cut-001-matrices,18237796431cbf779e6aabcef5563024cdd700fa,UNMAPPED,pms-module-commerce/src/main/java/cn/iocoder/yudao/module/pms/commerce/domain/scope/DeliveryScopeValidationRules.java,APPLIED_CODE,decision,feat(commerce): 实现项目交付范围命令
codex/f-cut-001-matrices,18237796431cbf779e6aabcef5563024cdd700fa,UNMAPPED,pms-module-commerce/src/main/java/cn/iocoder/yudao/module/pms/commerce/service/scope/CommerceDeliveryScopeCommandException.java,APPLIED_CODE,decision,feat(commerce): 实现项目交付范围命令
codex/f-cut-001-matrices,18237796431cbf779e6aabcef5563024cdd700fa,UNMAPPED,pms-module-commerce/src/main/java/cn/iocoder/yudao/module/pms/commerce/service/scope/CommerceDeliveryScopeCommands.java,APPLIED_CODE,decision,feat(commerce): 实现项目交付范围命令
codex/f-cut-001-matrices,18237796431cbf779e6aabcef5563024cdd700fa,UNMAPPED,pms-module-commerce/src/main/java/cn/iocoder/yudao/module/pms/commerce/service/scope/DeviceAndLocationFactAdapter.java,APPLIED_CODE,decision,feat(commerce): 实现项目交付范围命令
codex/f-cut-001-matrices,18237796431cbf779e6aabcef5563024cdd700fa,UNMAPPED,pms-module-commerce/src/main/java/cn/iocoder/yudao/module/pms/commerce/service/scope/ProjectScopeQualificationAdapter.java,APPLIED_CODE,decision,feat(commerce): 实现项目交付范围命令
codex/f-cut-001-matrices,18237796431cbf779e6aabcef5563024cdd700fa,UNMAPPED,pms-module-commerce/src/main/resources/mapper/scope/CommerceDeliveryScopeCommandMapper.xml,APPLIED_CODE,decision,feat(commerce): 实现项目交付范围命令
codex/f-cut-001-matrices,18237796431cbf779e6aabcef5563024cdd700fa,UNMAPPED,pms-module-commerce/src/test/java/cn/iocoder/yudao/module/pms/commerce/dal/mysql/scope/CommerceDeliveryScopeCommandMapperContractTest.java,APPLIED_CODE,decision,feat(commerce): 实现项目交付范围命令
codex/f-cut-001-matrices,18237796431cbf779e6aabcef5563024cdd700fa,UNMAPPED,pms-module-commerce/src/test/java/cn/iocoder/yudao/module/pms/commerce/service/scope/CommerceDeliveryScopeCommandMySqlTest.java,APPLIED_CODE,decision,feat(commerce): 实现项目交付范围命令
codex/f-cut-001-matrices,18237796431cbf779e6aabcef5563024cdd700fa,UNMAPPED,pms-module-commerce/src/test/java/cn/iocoder/yudao/module/pms/commerce/service/scope/DeviceAndLocationFactAdapterTest.java,APPLIED_CODE,decision,feat(commerce): 实现项目交付范围命令
codex/f-cut-001-matrices,9d029976fdeeeafc3a1e882ab47d883081da93e3,UNMAPPED,docs/design/02d-cross-context-contracts.md,EXCLUDED_NON_CODE,decision,feat(project): 新增交付范围资格公共契约
codex/f-cut-001-matrices,9d029976fdeeeafc3a1e882ab47d883081da93e3,UNMAPPED,docs/design/07-authorization-design.md,EXCLUDED_NON_CODE,decision,feat(project): 新增交付范围资格公共契约
codex/f-cut-001-matrices,9d029976fdeeeafc3a1e882ab47d883081da93e3,UNMAPPED,docs/design/10-api-design.md,EXCLUDED_NON_CODE,decision,feat(project): 新增交付范围资格公共契约
codex/f-cut-001-matrices,9d029976fdeeeafc3a1e882ab47d883081da93e3,F-COM-001,docs/superpowers/plans/2026-08-30-f-com-001-contract-order-delivery-scope.md,EXCLUDED_NON_CODE,decision,feat(project): 新增交付范围资格公共契约
codex/f-cut-001-matrices,9d029976fdeeeafc3a1e882ab47d883081da93e3,F-COM-001,specs/features/F-COM-001-contract-order-and-delivery-scope.md,EXCLUDED_NON_CODE,decision,feat(project): 新增交付范围资格公共契约
codex/f-cut-001-matrices,9d029976fdeeeafc3a1e882ab47d883081da93e3,F-COM-001,specs/features/F-COM-001-physical-contract.json,EXCLUDED_NON_CODE,decision,feat(project): 新增交付范围资格公共契约
codex/f-cut-001-matrices,9d029976fdeeeafc3a1e882ab47d883081da93e3,F-COM-001,specs/features/F-COM-001-project-qualification-contract.json,EXCLUDED_NON_CODE,decision,feat(project): 新增交付范围资格公共契约
codex/f-cut-001-matrices,9d029976fdeeeafc3a1e882ab47d883081da93e3,F-COM-001,tasks/features/F-COM-001.md,EXCLUDED_NON_CODE,decision,feat(project): 新增交付范围资格公共契约
codex/f-cut-001-matrices,9d029976fdeeeafc3a1e882ab47d883081da93e3,UNMAPPED,-,NO_NET_CODE_CHANGE,decision,feat(project): 新增交付范围资格公共契约
codex/f-cut-001-matrices,319a616e0a135aadab8dcf675e5a81ffabe1c333,UNMAPPED,docs/design/02d-cross-context-contracts.md,EXCLUDED_NON_CODE,decision,fix(project): 收敛交付范围资格机器契约
codex/f-cut-001-matrices,319a616e0a135aadab8dcf675e5a81ffabe1c333,UNMAPPED,docs/design/10-api-design.md,EXCLUDED_NON_CODE,decision,fix(project): 收敛交付范围资格机器契约
codex/f-cut-001-matrices,319a616e0a135aadab8dcf675e5a81ffabe1c333,F-COM-001,docs/superpowers/plans/2026-08-30-f-com-001-contract-order-delivery-scope.md,EXCLUDED_NON_CODE,decision,fix(project): 收敛交付范围资格机器契约
codex/f-cut-001-matrices,319a616e0a135aadab8dcf675e5a81ffabe1c333,F-COM-001,specs/features/F-COM-001-contract-order-and-delivery-scope.md,EXCLUDED_NON_CODE,decision,fix(project): 收敛交付范围资格机器契约
codex/f-cut-001-matrices,319a616e0a135aadab8dcf675e5a81ffabe1c333,F-COM-001,specs/features/F-COM-001-delivery-scope-audit-contract.json,EXCLUDED_NON_CODE,decision,fix(project): 收敛交付范围资格机器契约
codex/f-cut-001-matrices,319a616e0a135aadab8dcf675e5a81ffabe1c333,F-COM-001,specs/features/F-COM-001-physical-contract.json,EXCLUDED_NON_CODE,decision,fix(project): 收敛交付范围资格机器契约
codex/f-cut-001-matrices,319a616e0a135aadab8dcf675e5a81ffabe1c333,F-COM-001,specs/features/F-COM-001-project-qualification-contract.json,EXCLUDED_NON_CODE,decision,fix(project): 收敛交付范围资格机器契约
codex/f-cut-001-matrices,319a616e0a135aadab8dcf675e5a81ffabe1c333,F-COM-001,tasks/features/F-COM-001.md,EXCLUDED_NON_CODE,decision,fix(project): 收敛交付范围资格机器契约
codex/f-cut-001-matrices,319a616e0a135aadab8dcf675e5a81ffabe1c333,UNMAPPED,pms-module-commerce/src/test/java/cn/iocoder/yudao/module/pms/commerce/service/scope/CommerceDeliveryScopeAuditContractTest.java,APPLIED_CODE,decision,fix(project): 收敛交付范围资格机器契约
codex/f-cut-001-matrices,86ea27de4cf58d2b984c6c77cb7bab59c6729fd6,UNMAPPED,docs/design/10-api-design.md,EXCLUDED_NON_CODE,decision,fix(commerce): 消除交付范围合同判定冲突
codex/f-cut-001-matrices,86ea27de4cf58d2b984c6c77cb7bab59c6729fd6,F-COM-001,docs/superpowers/plans/2026-08-30-f-com-001-contract-order-delivery-scope.md,EXCLUDED_NON_CODE,decision,fix(commerce): 消除交付范围合同判定冲突
codex/f-cut-001-matrices,86ea27de4cf58d2b984c6c77cb7bab59c6729fd6,F-COM-001,specs/features/F-COM-001-contract-order-and-delivery-scope.md,EXCLUDED_NON_CODE,decision,fix(commerce): 消除交付范围合同判定冲突
codex/f-cut-001-matrices,86ea27de4cf58d2b984c6c77cb7bab59c6729fd6,F-COM-001,specs/features/F-COM-001-delivery-scope-audit-contract.json,EXCLUDED_NON_CODE,decision,fix(commerce): 消除交付范围合同判定冲突
codex/f-cut-001-matrices,86ea27de4cf58d2b984c6c77cb7bab59c6729fd6,F-COM-001,specs/features/F-COM-001-physical-contract.json,EXCLUDED_NON_CODE,decision,fix(commerce): 消除交付范围合同判定冲突
codex/f-cut-001-matrices,86ea27de4cf58d2b984c6c77cb7bab59c6729fd6,F-COM-001,tasks/features/F-COM-001.md,EXCLUDED_NON_CODE,decision,fix(commerce): 消除交付范围合同判定冲突
codex/f-cut-001-matrices,86ea27de4cf58d2b984c6c77cb7bab59c6729fd6,UNMAPPED,pms-module-commerce/src/test/java/cn/iocoder/yudao/module/pms/commerce/service/scope/CommerceDeliveryScopeAuditContractTest.java,APPLIED_CODE,decision,fix(commerce): 消除交付范围合同判定冲突
codex/f-cut-001-matrices,705f8b7ab5929c445fb9d43ef28420d9bd4d3c26,F-COM-001,specs/features/F-COM-001-delivery-scope-audit-contract.json,EXCLUDED_NON_CODE,decision,docs(commerce): 回写交付范围机器合同Gate通过
codex/f-cut-001-matrices,705f8b7ab5929c445fb9d43ef28420d9bd4d3c26,F-COM-001,tasks/features/F-COM-001.md,EXCLUDED_NON_CODE,decision,docs(commerce): 回写交付范围机器合同Gate通过
codex/f-cut-001-matrices,705f8b7ab5929c445fb9d43ef28420d9bd4d3c26,UNMAPPED,-,NO_NET_CODE_CHANGE,decision,docs(commerce): 回写交付范围机器合同Gate通过
codex/f-cut-001-matrices,e1c45b02038598b5e19709909728828dbc421596,F-CUT-001,docs/design/08a-domain-entity-migration-alignment.md,EXCLUDED_NON_CODE,decision,fix(cutover): 收敛旧割接任务迁移合同
codex/f-cut-001-matrices,e1c45b02038598b5e19709909728828dbc421596,F-CUT-001,docs/design/09-database-design.md,EXCLUDED_NON_CODE,decision,fix(cutover): 收敛旧割接任务迁移合同
codex/f-cut-001-matrices,e1c45b02038598b5e19709909728828dbc421596,F-CUT-001,docs/traceability/domain-entity-migration-contract.json,EXCLUDED_NON_CODE,decision,fix(cutover): 收敛旧割接任务迁移合同
codex/f-cut-001-matrices,e1c45b02038598b5e19709909728828dbc421596,F-CUT-001,docs/traceability/domain-entity-migration-contract.md,EXCLUDED_NON_CODE,decision,fix(cutover): 收敛旧割接任务迁移合同
codex/f-cut-001-matrices,e1c45b02038598b5e19709909728828dbc421596,F-CUT-002,specs/features/F-CUT-002-cutover-intake-and-manual-assessment.md,EXCLUDED_NON_CODE,decision,fix(cutover): 收敛旧割接任务迁移合同
codex/f-cut-001-matrices,e1c45b02038598b5e19709909728828dbc421596,F-CUT-002,specs/features/F-CUT-002-legacy-reuse-audit.md,EXCLUDED_NON_CODE,decision,fix(cutover): 收敛旧割接任务迁移合同
codex/f-cut-001-matrices,e1c45b02038598b5e19709909728828dbc421596,F-CUT-002,specs/features/F-CUT-002-physical-contract.json,EXCLUDED_NON_CODE,decision,fix(cutover): 收敛旧割接任务迁移合同
codex/f-cut-001-matrices,e1c45b02038598b5e19709909728828dbc421596,F-CUT-002,tasks/features/F-CUT-002.md,EXCLUDED_NON_CODE,decision,fix(cutover): 收敛旧割接任务迁移合同
codex/f-cut-001-matrices,e1c45b02038598b5e19709909728828dbc421596,F-CUT-001,scripts/generate_domain_entity_migration_contract.py,APPLIED_CODE,decision,fix(cutover): 收敛旧割接任务迁移合同
codex/f-cut-001-matrices,e1c45b02038598b5e19709909728828dbc421596,F-CUT-001,scripts/tests/test_fcut002_migration_contract.py,APPLIED_CODE,decision,fix(cutover): 收敛旧割接任务迁移合同
codex/f-cut-001-matrices,36d1b37ff73898907626fd61e78c8f62f605084b,F-CUT-001,docs/design/08a-domain-entity-migration-alignment.md,EXCLUDED_NON_CODE,decision,fix(cutover): 收紧旧任务迁移来源联合
codex/f-cut-001-matrices,36d1b37ff73898907626fd61e78c8f62f605084b,F-CUT-001,docs/design/09-database-design.md,EXCLUDED_NON_CODE,decision,fix(cutover): 收紧旧任务迁移来源联合
codex/f-cut-001-matrices,36d1b37ff73898907626fd61e78c8f62f605084b,F-CUT-001,docs/traceability/domain-entity-migration-contract.json,EXCLUDED_NON_CODE,decision,fix(cutover): 收紧旧任务迁移来源联合
codex/f-cut-001-matrices,36d1b37ff73898907626fd61e78c8f62f605084b,F-CUT-001,docs/traceability/domain-entity-migration-contract.md,EXCLUDED_NON_CODE,decision,fix(cutover): 收紧旧任务迁移来源联合
codex/f-cut-001-matrices,36d1b37ff73898907626fd61e78c8f62f605084b,F-CUT-002,specs/features/F-CUT-002-cutover-intake-and-manual-assessment.md,EXCLUDED_NON_CODE,decision,fix(cutover): 收紧旧任务迁移来源联合
codex/f-cut-001-matrices,36d1b37ff73898907626fd61e78c8f62f605084b,F-CUT-002,specs/features/F-CUT-002-physical-contract.json,EXCLUDED_NON_CODE,decision,fix(cutover): 收紧旧任务迁移来源联合
codex/f-cut-001-matrices,36d1b37ff73898907626fd61e78c8f62f605084b,F-CUT-002,tasks/features/F-CUT-002.md,EXCLUDED_NON_CODE,decision,fix(cutover): 收紧旧任务迁移来源联合
codex/f-cut-001-matrices,36d1b37ff73898907626fd61e78c8f62f605084b,F-CUT-001,scripts/generate_domain_entity_migration_contract.py,APPLIED_CODE,decision,fix(cutover): 收紧旧任务迁移来源联合
codex/f-cut-001-matrices,36d1b37ff73898907626fd61e78c8f62f605084b,F-CUT-001,scripts/tests/test_fcut002_migration_contract.py,APPLIED_CODE,decision,fix(cutover): 收紧旧任务迁移来源联合
codex/f-cut-001-matrices,afe840732d3dfb552057b0cbd474db513eb2d959,F-CUT-001,docs/traceability/domain-entity-migration-contract.json,EXCLUDED_NON_CODE,decision,docs(cutover): 回写旧任务迁移合同Gate通过
codex/f-cut-001-matrices,afe840732d3dfb552057b0cbd474db513eb2d959,F-CUT-001,docs/traceability/domain-entity-migration-contract.md,EXCLUDED_NON_CODE,decision,docs(cutover): 回写旧任务迁移合同Gate通过
codex/f-cut-001-matrices,afe840732d3dfb552057b0cbd474db513eb2d959,F-CUT-002,specs/features/F-CUT-002-cutover-intake-and-manual-assessment.md,EXCLUDED_NON_CODE,decision,docs(cutover): 回写旧任务迁移合同Gate通过
codex/f-cut-001-matrices,afe840732d3dfb552057b0cbd474db513eb2d959,F-CUT-002,specs/features/F-CUT-002-physical-contract.json,EXCLUDED_NON_CODE,decision,docs(cutover): 回写旧任务迁移合同Gate通过
codex/f-cut-001-matrices,afe840732d3dfb552057b0cbd474db513eb2d959,F-CUT-002,tasks/features/F-CUT-002.md,EXCLUDED_NON_CODE,decision,docs(cutover): 回写旧任务迁移合同Gate通过
codex/f-cut-001-matrices,afe840732d3dfb552057b0cbd474db513eb2d959,F-CUT-001,scripts/generate_domain_entity_migration_contract.py,APPLIED_CODE,decision,docs(cutover): 回写旧任务迁移合同Gate通过
codex/f-cut-001-matrices,afe840732d3dfb552057b0cbd474db513eb2d959,F-CUT-001,scripts/tests/test_fcut002_migration_contract.py,APPLIED_CODE,decision,docs(cutover): 回写旧任务迁移合同Gate通过
codex/f-cut-001-matrices,4f3d972dd3f789a6a9400211f86c3a12b1fbb405,UNMAPPED,docs/engineering/independent-adjudicator-role-and-review-rules.md,EXCLUDED_NON_CODE,decision,docs: 固化裁决正向收益优先规则
codex/f-cut-001-matrices,4f3d972dd3f789a6a9400211f86c3a12b1fbb405,UNMAPPED,-,NO_NET_CODE_CHANGE,decision,docs: 固化裁决正向收益优先规则
codex/f-cut-001-matrices,1a0ceb98e804831ab847a9eedb7de23eb4e391e4,F-CUT-001,docs/design/09-database-design.md,EXCLUDED_NON_CODE,decision,docs(cutover): 收敛任务接入机器合同
codex/f-cut-001-matrices,1a0ceb98e804831ab847a9eedb7de23eb4e391e4,F-CUT-001,docs/design/10-api-design.md,EXCLUDED_NON_CODE,decision,docs(cutover): 收敛任务接入机器合同
codex/f-cut-001-matrices,1a0ceb98e804831ab847a9eedb7de23eb4e391e4,F-CUT-002,specs/features/F-CUT-002-cutover-intake-and-manual-assessment.md,EXCLUDED_NON_CODE,decision,docs(cutover): 收敛任务接入机器合同
codex/f-cut-001-matrices,1a0ceb98e804831ab847a9eedb7de23eb4e391e4,F-CUT-002,specs/features/F-CUT-002-physical-contract.json,EXCLUDED_NON_CODE,decision,docs(cutover): 收敛任务接入机器合同
codex/f-cut-001-matrices,1a0ceb98e804831ab847a9eedb7de23eb4e391e4,F-CUT-002,specs/features/F-CUT-002-rest-api-contract.json,EXCLUDED_NON_CODE,decision,docs(cutover): 收敛任务接入机器合同
codex/f-cut-001-matrices,1a0ceb98e804831ab847a9eedb7de23eb4e391e4,F-CUT-002,tasks/features/F-CUT-002.md,EXCLUDED_NON_CODE,decision,docs(cutover): 收敛任务接入机器合同
codex/f-cut-001-matrices,1a0ceb98e804831ab847a9eedb7de23eb4e391e4,F-CUT-001,-,NO_NET_CODE_CHANGE,decision,docs(cutover): 收敛任务接入机器合同
codex/f-cut-001-matrices,02198211b900785f746522c7de05f777dbf1c164,F-CUT-001,docs/design/09-database-design.md,EXCLUDED_NON_CODE,decision,docs(cutover): 修正任务机器合同可达性
codex/f-cut-001-matrices,02198211b900785f746522c7de05f777dbf1c164,F-CUT-001,docs/design/10-api-design.md,EXCLUDED_NON_CODE,decision,docs(cutover): 修正任务机器合同可达性
codex/f-cut-001-matrices,02198211b900785f746522c7de05f777dbf1c164,F-CUT-002,specs/features/F-CUT-002-cutover-intake-and-manual-assessment.md,EXCLUDED_NON_CODE,decision,docs(cutover): 修正任务机器合同可达性
codex/f-cut-001-matrices,02198211b900785f746522c7de05f777dbf1c164,F-CUT-002,specs/features/F-CUT-002-physical-contract.json,EXCLUDED_NON_CODE,decision,docs(cutover): 修正任务机器合同可达性
codex/f-cut-001-matrices,02198211b900785f746522c7de05f777dbf1c164,F-CUT-002,specs/features/F-CUT-002-rest-api-contract.json,EXCLUDED_NON_CODE,decision,docs(cutover): 修正任务机器合同可达性
codex/f-cut-001-matrices,02198211b900785f746522c7de05f777dbf1c164,F-CUT-002,tasks/features/F-CUT-002.md,EXCLUDED_NON_CODE,decision,docs(cutover): 修正任务机器合同可达性
codex/f-cut-001-matrices,02198211b900785f746522c7de05f777dbf1c164,F-CUT-001,-,NO_NET_CODE_CHANGE,decision,docs(cutover): 修正任务机器合同可达性
codex/f-cut-001-matrices,b7f49166fc8887092c8928c00685f7d99680ca24,F-CUT-002,tasks/features/F-CUT-002.md,EXCLUDED_NON_CODE,decision,docs(cutover): 统一草稿就绪上下文语义
codex/f-cut-001-matrices,b7f49166fc8887092c8928c00685f7d99680ca24,F-CUT-001,-,NO_NET_CODE_CHANGE,decision,docs(cutover): 统一草稿就绪上下文语义
codex/f-cut-001-matrices,4cd088cf846c6b0b28fab564c2113d5b40f77177,F-CUT-002,specs/features/F-CUT-002-cutover-intake-and-manual-assessment.md,EXCLUDED_NON_CODE,decision,docs(cutover): 回写任务机器合同Gate通过
codex/f-cut-001-matrices,4cd088cf846c6b0b28fab564c2113d5b40f77177,F-CUT-002,specs/features/F-CUT-002-physical-contract.json,EXCLUDED_NON_CODE,decision,docs(cutover): 回写任务机器合同Gate通过
codex/f-cut-001-matrices,4cd088cf846c6b0b28fab564c2113d5b40f77177,F-CUT-002,tasks/features/F-CUT-002.md,EXCLUDED_NON_CODE,decision,docs(cutover): 回写任务机器合同Gate通过
codex/f-cut-001-matrices,4cd088cf846c6b0b28fab564c2113d5b40f77177,F-CUT-001,-,NO_NET_CODE_CHANGE,decision,docs(cutover): 回写任务机器合同Gate通过
codex/f-cut-001-matrices,891c6fa4feb595eecfd2752d807f1c11db07805b,UNMAPPED,docs/design/02d-cross-context-contracts.md,EXCLUDED_NON_CODE,decision,feat(engineering): 冻结实施就绪公开事实合同
codex/f-cut-001-matrices,891c6fa4feb595eecfd2752d807f1c11db07805b,UNMAPPED,docs/design/10-api-design.md,EXCLUDED_NON_CODE,decision,feat(engineering): 冻结实施就绪公开事实合同
codex/f-cut-001-matrices,891c6fa4feb595eecfd2752d807f1c11db07805b,F-IMP-001,specs/features/F-IMP-001-implementation-readiness-snapshot.md,EXCLUDED_NON_CODE,decision,feat(engineering): 冻结实施就绪公开事实合同
codex/f-cut-001-matrices,891c6fa4feb595eecfd2752d807f1c11db07805b,F-IMP-001,specs/features/F-IMP-001-physical-contract.json,EXCLUDED_NON_CODE,decision,feat(engineering): 冻结实施就绪公开事实合同
codex/f-cut-001-matrices,891c6fa4feb595eecfd2752d807f1c11db07805b,F-IMP-001,specs/features/F-IMP-001-readiness-api-contract.json,EXCLUDED_NON_CODE,decision,feat(engineering): 冻结实施就绪公开事实合同
codex/f-cut-001-matrices,891c6fa4feb595eecfd2752d807f1c11db07805b,F-CUT-002,tasks/features/F-CUT-002.md,EXCLUDED_NON_CODE,decision,feat(engineering): 冻结实施就绪公开事实合同
codex/f-cut-001-matrices,891c6fa4feb595eecfd2752d807f1c11db07805b,F-IMP-001,tasks/features/F-IMP-001.md,EXCLUDED_NON_CODE,decision,feat(engineering): 冻结实施就绪公开事实合同
codex/f-cut-001-matrices,891c6fa4feb595eecfd2752d807f1c11db07805b,F-IMP-001,pms-module-engineering-api/src/main/java/cn/iocoder/yudao/module/pms/engineering/api/implementationreadiness/ImplementationReadinessApi.java,APPLIED_CODE,decision,feat(engineering): 冻结实施就绪公开事实合同
codex/f-cut-001-matrices,891c6fa4feb595eecfd2752d807f1c11db07805b,F-IMP-001,pms-module-engineering-api/src/main/java/cn/iocoder/yudao/module/pms/engineering/api/implementationreadiness/ImplementationReadinessException.java,APPLIED_CODE,decision,feat(engineering): 冻结实施就绪公开事实合同
codex/f-cut-001-matrices,891c6fa4feb595eecfd2752d807f1c11db07805b,F-IMP-001,pms-module-engineering-api/src/main/java/cn/iocoder/yudao/module/pms/engineering/api/implementationreadiness/dto/ImplementationReadinessContextFact.java,APPLIED_CODE,decision,feat(engineering): 冻结实施就绪公开事实合同
codex/f-cut-001-matrices,891c6fa4feb595eecfd2752d807f1c11db07805b,F-IMP-001,pms-module-engineering-api/src/main/java/cn/iocoder/yudao/module/pms/engineering/api/implementationreadiness/dto/ImplementationReadinessQuery.java,APPLIED_CODE,decision,feat(engineering): 冻结实施就绪公开事实合同
codex/f-cut-001-matrices,891c6fa4feb595eecfd2752d807f1c11db07805b,F-IMP-001,pms-module-engineering-api/src/main/java/cn/iocoder/yudao/module/pms/engineering/api/implementationreadiness/dto/ImplementationReadinessResult.java,APPLIED_CODE,decision,feat(engineering): 冻结实施就绪公开事实合同
codex/f-cut-001-matrices,891c6fa4feb595eecfd2752d807f1c11db07805b,F-IMP-001,pms-module-engineering-api/src/main/java/cn/iocoder/yudao/module/pms/engineering/api/implementationreadiness/dto/ImplementationReadinessRevalidationQuery.java,APPLIED_CODE,decision,feat(engineering): 冻结实施就绪公开事实合同
codex/f-cut-001-matrices,891c6fa4feb595eecfd2752d807f1c11db07805b,F-IMP-001,pms-module-engineering-api/src/main/java/cn/iocoder/yudao/module/pms/engineering/api/implementationreadiness/dto/ImplementationReadinessSnapshotFact.java,APPLIED_CODE,decision,feat(engineering): 冻结实施就绪公开事实合同
codex/f-cut-001-matrices,891c6fa4feb595eecfd2752d807f1c11db07805b,F-IMP-001,pms-module-engineering/src/test/java/cn/iocoder/yudao/module/pms/engineering/api/implementationreadiness/ImplementationReadinessApiContractTest.java,APPLIED_CODE,decision,feat(engineering): 冻结实施就绪公开事实合同
codex/f-cut-001-matrices,0c92f3fc1c8b50fa9b26c85bae8faa8f70bc9c92,F-IMP-001,specs/features/F-IMP-001-implementation-readiness-snapshot.md,EXCLUDED_NON_CODE,decision,fix(engineering): 收紧实施就绪判定联合
codex/f-cut-001-matrices,0c92f3fc1c8b50fa9b26c85bae8faa8f70bc9c92,F-IMP-001,specs/features/F-IMP-001-readiness-api-contract.json,EXCLUDED_NON_CODE,decision,fix(engineering): 收紧实施就绪判定联合
codex/f-cut-001-matrices,0c92f3fc1c8b50fa9b26c85bae8faa8f70bc9c92,F-IMP-001,pms-module-engineering-api/src/main/java/cn/iocoder/yudao/module/pms/engineering/api/implementationreadiness/dto/ImplementationReadinessContextFact.java,APPLIED_CODE,decision,fix(engineering): 收紧实施就绪判定联合
codex/f-cut-001-matrices,0c92f3fc1c8b50fa9b26c85bae8faa8f70bc9c92,F-IMP-001,pms-module-engineering-api/src/main/java/cn/iocoder/yudao/module/pms/engineering/api/implementationreadiness/dto/ImplementationReadinessSnapshotFact.java,APPLIED_CODE,decision,fix(engineering): 收紧实施就绪判定联合
codex/f-cut-001-matrices,0c92f3fc1c8b50fa9b26c85bae8faa8f70bc9c92,F-IMP-001,pms-module-engineering/src/test/java/cn/iocoder/yudao/module/pms/engineering/api/implementationreadiness/ImplementationReadinessApiContractTest.java,APPLIED_CODE,decision,fix(engineering): 收紧实施就绪判定联合
codex/f-cut-001-matrices,38fc0d9d6189f3860ce951174e04f3f3cdc4f162,F-IMP-001,pms-module-engineering/src/test/java/cn/iocoder/yudao/module/pms/engineering/api/implementationreadiness/ImplementationReadinessApiContractTest.java,APPLIED_CODE,decision,test(engineering): 正向验证重开就绪事实
codex/f-cut-001-matrices,d13c522a1f9bbac0407dcc5d075337f63e69565f,F-IMP-001,specs/features/F-IMP-001-implementation-readiness-snapshot.md,EXCLUDED_NON_CODE,decision,docs(engineering): 回写实施就绪合同Gate通过
codex/f-cut-001-matrices,d13c522a1f9bbac0407dcc5d075337f63e69565f,F-IMP-001,specs/features/F-IMP-001-physical-contract.json,EXCLUDED_NON_CODE,decision,docs(engineering): 回写实施就绪合同Gate通过
codex/f-cut-001-matrices,d13c522a1f9bbac0407dcc5d075337f63e69565f,F-IMP-001,specs/features/F-IMP-001-readiness-api-contract.json,EXCLUDED_NON_CODE,decision,docs(engineering): 回写实施就绪合同Gate通过
codex/f-cut-001-matrices,d13c522a1f9bbac0407dcc5d075337f63e69565f,F-CUT-002,tasks/features/F-CUT-002.md,EXCLUDED_NON_CODE,decision,docs(engineering): 回写实施就绪合同Gate通过
codex/f-cut-001-matrices,d13c522a1f9bbac0407dcc5d075337f63e69565f,F-IMP-001,tasks/features/F-IMP-001.md,EXCLUDED_NON_CODE,decision,docs(engineering): 回写实施就绪合同Gate通过
codex/f-cut-001-matrices,d13c522a1f9bbac0407dcc5d075337f63e69565f,UNMAPPED,-,NO_NET_CODE_CHANGE,decision,docs(engineering): 回写实施就绪合同Gate通过
codex/f-cut-001-matrices,8771b141fee5cbde8dfa997fe8d23b40a43bf23d,UNMAPPED,docs/design/02d-cross-context-contracts.md,EXCLUDED_NON_CODE,decision,feat(customer): 冻结客户服务等级事实合同
codex/f-cut-001-matrices,8771b141fee5cbde8dfa997fe8d23b40a43bf23d,UNMAPPED,docs/design/04-module-design.md,EXCLUDED_NON_CODE,decision,feat(customer): 冻结客户服务等级事实合同
codex/f-cut-001-matrices,8771b141fee5cbde8dfa997fe8d23b40a43bf23d,UNMAPPED,docs/design/10-api-design.md,EXCLUDED_NON_CODE,decision,feat(customer): 冻结客户服务等级事实合同
codex/f-cut-001-matrices,8771b141fee5cbde8dfa997fe8d23b40a43bf23d,F-CUT-002,specs/features/F-CUT-002-customer-service-level-fact-contract.json,EXCLUDED_NON_CODE,decision,feat(customer): 冻结客户服务等级事实合同
codex/f-cut-001-matrices,8771b141fee5cbde8dfa997fe8d23b40a43bf23d,F-CUT-002,specs/features/F-CUT-002-cutover-intake-and-manual-assessment.md,EXCLUDED_NON_CODE,decision,feat(customer): 冻结客户服务等级事实合同
codex/f-cut-001-matrices,8771b141fee5cbde8dfa997fe8d23b40a43bf23d,F-CUT-002,specs/features/F-CUT-002-physical-contract.json,EXCLUDED_NON_CODE,decision,feat(customer): 冻结客户服务等级事实合同
codex/f-cut-001-matrices,8771b141fee5cbde8dfa997fe8d23b40a43bf23d,F-CUT-002,tasks/features/F-CUT-002.md,EXCLUDED_NON_CODE,decision,feat(customer): 冻结客户服务等级事实合同
codex/f-cut-001-matrices,8771b141fee5cbde8dfa997fe8d23b40a43bf23d,UNMAPPED,pms-module-customer/pms-module-customer-api/src/main/java/cn/iocoder/yudao/module/pms/customer/api/servicelevel/CustomerServiceLevelFactApi.java,APPLIED_CODE,decision,feat(customer): 冻结客户服务等级事实合同
codex/f-cut-001-matrices,8771b141fee5cbde8dfa997fe8d23b40a43bf23d,UNMAPPED,pms-module-customer/pms-module-customer-api/src/main/java/cn/iocoder/yudao/module/pms/customer/api/servicelevel/CustomerServiceLevelFactException.java,APPLIED_CODE,decision,feat(customer): 冻结客户服务等级事实合同
codex/f-cut-001-matrices,8771b141fee5cbde8dfa997fe8d23b40a43bf23d,UNMAPPED,pms-module-customer/pms-module-customer-api/src/main/java/cn/iocoder/yudao/module/pms/customer/api/servicelevel/dto/CustomerServiceLevelFact.java,APPLIED_CODE,decision,feat(customer): 冻结客户服务等级事实合同
codex/f-cut-001-matrices,8771b141fee5cbde8dfa997fe8d23b40a43bf23d,UNMAPPED,pms-module-customer/pms-module-customer-api/src/main/java/cn/iocoder/yudao/module/pms/customer/api/servicelevel/dto/CustomerServiceLevelFactQuery.java,APPLIED_CODE,decision,feat(customer): 冻结客户服务等级事实合同
codex/f-cut-001-matrices,8771b141fee5cbde8dfa997fe8d23b40a43bf23d,UNMAPPED,pms-module-customer/pms-module-customer-api/src/main/java/cn/iocoder/yudao/module/pms/customer/api/servicelevel/dto/CustomerServiceLevelFactResult.java,APPLIED_CODE,decision,feat(customer): 冻结客户服务等级事实合同
codex/f-cut-001-matrices,8771b141fee5cbde8dfa997fe8d23b40a43bf23d,UNMAPPED,pms-module-customer/pms-module-customer-api/src/main/java/cn/iocoder/yudao/module/pms/customer/api/servicelevel/dto/CustomerServiceLevelFactRevalidationQuery.java,APPLIED_CODE,decision,feat(customer): 冻结客户服务等级事实合同
codex/f-cut-001-matrices,8771b141fee5cbde8dfa997fe8d23b40a43bf23d,UNMAPPED,pms-module-customer/pms-module-customer-api/src/main/java/cn/iocoder/yudao/module/pms/customer/api/servicelevel/dto/ExpectedCustomerServiceLevelFact.java,APPLIED_CODE,decision,feat(customer): 冻结客户服务等级事实合同
codex/f-cut-001-matrices,8771b141fee5cbde8dfa997fe8d23b40a43bf23d,UNMAPPED,pms-module-customer/src/test/java/cn/iocoder/yudao/module/pms/customer/api/servicelevel/CustomerServiceLevelFactApiContractTest.java,APPLIED_CODE,decision,feat(customer): 冻结客户服务等级事实合同
codex/f-cut-001-matrices,64e3dbbd169088956bf8d103f7adbfd634b0dcf4,F-CUT-002,specs/features/F-CUT-002-rest-api-contract.json,EXCLUDED_NON_CODE,decision,fix(customer): 收紧客户等级重验合同
codex/f-cut-001-matrices,64e3dbbd169088956bf8d103f7adbfd634b0dcf4,UNMAPPED,pms-module-customer/pms-module-customer-api/src/main/java/cn/iocoder/yudao/module/pms/customer/api/servicelevel/CustomerServiceLevelFactException.java,APPLIED_CODE,decision,fix(customer): 收紧客户等级重验合同
codex/f-cut-001-matrices,64e3dbbd169088956bf8d103f7adbfd634b0dcf4,UNMAPPED,pms-module-customer/src/test/java/cn/iocoder/yudao/module/pms/customer/api/servicelevel/CustomerServiceLevelFactApiContractTest.java,APPLIED_CODE,decision,fix(customer): 收紧客户等级重验合同
codex/f-cut-001-matrices,cad8088ac96a3c5c1ece669a4c08681e7bf819e9,F-CUT-002,specs/features/F-CUT-002-cutover-intake-and-manual-assessment.md,EXCLUDED_NON_CODE,decision,docs(cutover): 回写客户等级合同Gate通过
codex/f-cut-001-matrices,cad8088ac96a3c5c1ece669a4c08681e7bf819e9,F-CUT-002,tasks/features/F-CUT-002.md,EXCLUDED_NON_CODE,decision,docs(cutover): 回写客户等级合同Gate通过
codex/f-cut-001-matrices,cad8088ac96a3c5c1ece669a4c08681e7bf819e9,F-CUT-001,-,NO_NET_CODE_CHANGE,decision,docs(cutover): 回写客户等级合同Gate通过
codex/f-cut-001-matrices,00af744c0eec2503fa4d0f715276beff89caa1a5,F-CUT-002,specs/features/F-CUT-002-cutover-intake-and-manual-assessment.md,EXCLUDED_NON_CODE,decision,docs(cutover): 回写任务接入Feature Ready
codex/f-cut-001-matrices,00af744c0eec2503fa4d0f715276beff89caa1a5,F-CUT-001,specs/features/README.md,EXCLUDED_NON_CODE,decision,docs(cutover): 回写任务接入Feature Ready
codex/f-cut-001-matrices,00af744c0eec2503fa4d0f715276beff89caa1a5,F-CUT-002,tasks/features/F-CUT-002.md,EXCLUDED_NON_CODE,decision,docs(cutover): 回写任务接入Feature Ready
codex/f-cut-001-matrices,00af744c0eec2503fa4d0f715276beff89caa1a5,F-CUT-001,-,NO_NET_CODE_CHANGE,decision,docs(cutover): 回写任务接入Feature Ready
codex/f-cut-001-matrices,2958e36646311dd506c655bd609859cef552af1f,F-CUT-002,docs/superpowers/plans/2026-08-31-f-cut-002-cutover-intake-and-manual-assessment.md,EXCLUDED_NON_CODE,decision,docs(cutover): 编制任务接入实施计划
codex/f-cut-001-matrices,2958e36646311dd506c655bd609859cef552af1f,F-CUT-002,specs/features/F-CUT-002-cutover-intake-and-manual-assessment.md,EXCLUDED_NON_CODE,decision,docs(cutover): 编制任务接入实施计划
codex/f-cut-001-matrices,2958e36646311dd506c655bd609859cef552af1f,F-CUT-002,specs/features/F-CUT-002-physical-contract.json,EXCLUDED_NON_CODE,decision,docs(cutover): 编制任务接入实施计划
codex/f-cut-001-matrices,2958e36646311dd506c655bd609859cef552af1f,F-CUT-002,tasks/features/F-CUT-002.md,EXCLUDED_NON_CODE,decision,docs(cutover): 编制任务接入实施计划
codex/f-cut-001-matrices,2958e36646311dd506c655bd609859cef552af1f,F-CUT-001,-,NO_NET_CODE_CHANGE,decision,docs(cutover): 编制任务接入实施计划
codex/f-cut-001-matrices,9cef17e4548b06a2507d0479c319b6073433847c,F-CUT-002,docs/superpowers/plans/2026-08-31-f-cut-002-cutover-intake-and-manual-assessment.md,EXCLUDED_NON_CODE,decision,docs(cutover): 收敛任务接入实施计划
codex/f-cut-001-matrices,9cef17e4548b06a2507d0479c319b6073433847c,F-CUT-002,tasks/features/F-CUT-002.md,EXCLUDED_NON_CODE,decision,docs(cutover): 收敛任务接入实施计划
codex/f-cut-001-matrices,9cef17e4548b06a2507d0479c319b6073433847c,F-CUT-001,-,NO_NET_CODE_CHANGE,decision,docs(cutover): 收敛任务接入实施计划
codex/f-cut-001-matrices,14440e458e42211196620c120d6385b20b1849b9,F-CUT-002,docs/superpowers/plans/2026-08-31-f-cut-002-cutover-intake-and-manual-assessment.md,EXCLUDED_NON_CODE,decision,docs(cutover): 修正任务接入计划执行边界
codex/f-cut-001-matrices,14440e458e42211196620c120d6385b20b1849b9,F-CUT-002,tasks/features/F-CUT-002.md,EXCLUDED_NON_CODE,decision,docs(cutover): 修正任务接入计划执行边界
codex/f-cut-001-matrices,14440e458e42211196620c120d6385b20b1849b9,F-CUT-001,-,NO_NET_CODE_CHANGE,decision,docs(cutover): 修正任务接入计划执行边界
codex/f-cut-001-matrices,1875bb89c427e1d22e91be8f23440f45882cb8c8,F-CUT-002,docs/superpowers/plans/2026-08-31-f-cut-002-cutover-intake-and-manual-assessment.md,EXCLUDED_NON_CODE,decision,docs(cutover): 回写任务接入实施计划通过
codex/f-cut-001-matrices,1875bb89c427e1d22e91be8f23440f45882cb8c8,F-CUT-002,specs/features/F-CUT-002-cutover-intake-and-manual-assessment.md,EXCLUDED_NON_CODE,decision,docs(cutover): 回写任务接入实施计划通过
codex/f-cut-001-matrices,1875bb89c427e1d22e91be8f23440f45882cb8c8,F-CUT-002,specs/features/F-CUT-002-physical-contract.json,EXCLUDED_NON_CODE,decision,docs(cutover): 回写任务接入实施计划通过
codex/f-cut-001-matrices,1875bb89c427e1d22e91be8f23440f45882cb8c8,F-CUT-002,tasks/features/F-CUT-002.md,EXCLUDED_NON_CODE,decision,docs(cutover): 回写任务接入实施计划通过
codex/f-cut-001-matrices,1875bb89c427e1d22e91be8f23440f45882cb8c8,F-CUT-001,-,NO_NET_CODE_CHANGE,decision,docs(cutover): 回写任务接入实施计划通过
codex/f-cut-001-matrices,e68ad4e02234f718f3dc38feca9ec90d11b6a143,F-CUT-001,docs/decisions/0036-project-cutover-context-fact.md,EXCLUDED_NON_CODE,decision,docs(cutover): 冻结项目割接上下文合同
codex/f-cut-001-matrices,e68ad4e02234f718f3dc38feca9ec90d11b6a143,F-CUT-001,docs/design/02d-cross-context-contracts.md,EXCLUDED_NON_CODE,decision,docs(cutover): 冻结项目割接上下文合同
codex/f-cut-001-matrices,e68ad4e02234f718f3dc38feca9ec90d11b6a143,F-CUT-001,docs/design/10-api-design.md,EXCLUDED_NON_CODE,decision,docs(cutover): 冻结项目割接上下文合同
codex/f-cut-001-matrices,e68ad4e02234f718f3dc38feca9ec90d11b6a143,F-CUT-002,docs/superpowers/plans/2026-08-31-f-cut-002-cutover-intake-and-manual-assessment.md,EXCLUDED_NON_CODE,decision,docs(cutover): 冻结项目割接上下文合同
codex/f-cut-001-matrices,e68ad4e02234f718f3dc38feca9ec90d11b6a143,F-CUT-002,specs/features/F-CUT-002-cutover-intake-and-manual-assessment.md,EXCLUDED_NON_CODE,decision,docs(cutover): 冻结项目割接上下文合同
codex/f-cut-001-matrices,e68ad4e02234f718f3dc38feca9ec90d11b6a143,F-CUT-002,specs/features/F-CUT-002-physical-contract.json,EXCLUDED_NON_CODE,decision,docs(cutover): 冻结项目割接上下文合同
codex/f-cut-001-matrices,e68ad4e02234f718f3dc38feca9ec90d11b6a143,F-CUT-002,specs/features/F-CUT-002-project-context-fact-contract.json,EXCLUDED_NON_CODE,decision,docs(cutover): 冻结项目割接上下文合同
codex/f-cut-001-matrices,e68ad4e02234f718f3dc38feca9ec90d11b6a143,F-CUT-002,specs/features/F-CUT-002-rest-api-contract.json,EXCLUDED_NON_CODE,decision,docs(cutover): 冻结项目割接上下文合同
codex/f-cut-001-matrices,e68ad4e02234f718f3dc38feca9ec90d11b6a143,F-CUT-002,tasks/features/F-CUT-002.md,EXCLUDED_NON_CODE,decision,docs(cutover): 冻结项目割接上下文合同
codex/f-cut-001-matrices,e68ad4e02234f718f3dc38feca9ec90d11b6a143,F-CUT-001,-,NO_NET_CODE_CHANGE,decision,docs(cutover): 冻结项目割接上下文合同
codex/f-cut-001-matrices,f04650b61114ba65edb6c4215a5a643a551a61ec,F-CUT-002,docs/superpowers/plans/2026-08-31-f-cut-002-cutover-intake-and-manual-assessment.md,EXCLUDED_NON_CODE,decision,docs(cutover): 回写项目上下文合同通过
codex/f-cut-001-matrices,f04650b61114ba65edb6c4215a5a643a551a61ec,F-CUT-002,specs/features/F-CUT-002-cutover-intake-and-manual-assessment.md,EXCLUDED_NON_CODE,decision,docs(cutover): 回写项目上下文合同通过
codex/f-cut-001-matrices,f04650b61114ba65edb6c4215a5a643a551a61ec,F-CUT-002,specs/features/F-CUT-002-physical-contract.json,EXCLUDED_NON_CODE,decision,docs(cutover): 回写项目上下文合同通过
codex/f-cut-001-matrices,f04650b61114ba65edb6c4215a5a643a551a61ec,F-CUT-002,specs/features/F-CUT-002-project-context-fact-contract.json,EXCLUDED_NON_CODE,decision,docs(cutover): 回写项目上下文合同通过
codex/f-cut-001-matrices,f04650b61114ba65edb6c4215a5a643a551a61ec,F-CUT-002,specs/features/F-CUT-002-rest-api-contract.json,EXCLUDED_NON_CODE,decision,docs(cutover): 回写项目上下文合同通过
codex/f-cut-001-matrices,f04650b61114ba65edb6c4215a5a643a551a61ec,F-CUT-002,tasks/features/F-CUT-002.md,EXCLUDED_NON_CODE,decision,docs(cutover): 回写项目上下文合同通过
codex/f-cut-001-matrices,f04650b61114ba65edb6c4215a5a643a551a61ec,F-CUT-001,-,NO_NET_CODE_CHANGE,decision,docs(cutover): 回写项目上下文合同通过
codex/f-cut-001-matrices,17c826e1f992e0cfafea3288d65422c21322c6fa,F-CUT-002,docs/superpowers/plans/2026-08-31-f-cut-002-cutover-intake-and-manual-assessment.md,EXCLUDED_NON_CODE,decision,docs(cutover): 明确项目上下文Provider归属
codex/f-cut-001-matrices,17c826e1f992e0cfafea3288d65422c21322c6fa,F-CUT-002,tasks/features/F-CUT-002.md,EXCLUDED_NON_CODE,decision,docs(cutover): 明确项目上下文Provider归属
codex/f-cut-001-matrices,17c826e1f992e0cfafea3288d65422c21322c6fa,F-CUT-001,-,NO_NET_CODE_CHANGE,decision,docs(cutover): 明确项目上下文Provider归属
codex/f-cut-001-matrices,5d33405086a1e21feff0a2dba15e954f05087141,F-CUT-001,docs/design/02d-cross-context-contracts.md,EXCLUDED_NON_CODE,decision,docs(cutover): 修正项目上下文重验合同
codex/f-cut-001-matrices,5d33405086a1e21feff0a2dba15e954f05087141,F-CUT-001,docs/design/10-api-design.md,EXCLUDED_NON_CODE,decision,docs(cutover): 修正项目上下文重验合同
codex/f-cut-001-matrices,5d33405086a1e21feff0a2dba15e954f05087141,F-CUT-002,specs/features/F-CUT-002-cutover-intake-and-manual-assessment.md,EXCLUDED_NON_CODE,decision,docs(cutover): 修正项目上下文重验合同
codex/f-cut-001-matrices,5d33405086a1e21feff0a2dba15e954f05087141,F-CUT-002,specs/features/F-CUT-002-project-context-fact-contract.json,EXCLUDED_NON_CODE,decision,docs(cutover): 修正项目上下文重验合同
codex/f-cut-001-matrices,5d33405086a1e21feff0a2dba15e954f05087141,F-CUT-002,specs/features/F-CUT-002-rest-api-contract.json,EXCLUDED_NON_CODE,decision,docs(cutover): 修正项目上下文重验合同
codex/f-cut-001-matrices,5d33405086a1e21feff0a2dba15e954f05087141,F-CUT-001,-,NO_NET_CODE_CHANGE,decision,docs(cutover): 修正项目上下文重验合同
codex/f-cut-001-matrices,15c25e8928c2e050e0724dff32e90caa54466f11,F-CUT-002,docs/superpowers/plans/2026-08-31-f-cut-002-cutover-intake-and-manual-assessment.md,EXCLUDED_NON_CODE,decision,docs(cutover): 对齐项目上下文完整重验
codex/f-cut-001-matrices,15c25e8928c2e050e0724dff32e90caa54466f11,F-CUT-001,-,NO_NET_CODE_CHANGE,decision,docs(cutover): 对齐项目上下文完整重验
codex/f-cut-001-matrices,8eb362225654b27ec1cdfb170e453286c827c34b,F-CUT-001,docs/decisions/0036-project-cutover-context-fact.md,EXCLUDED_NON_CODE,decision,docs(cutover): 收敛跨模块模拟实施边界
codex/f-cut-001-matrices,8eb362225654b27ec1cdfb170e453286c827c34b,F-CUT-002,docs/superpowers/plans/2026-08-31-f-cut-002-cutover-intake-and-manual-assessment.md,EXCLUDED_NON_CODE,decision,docs(cutover): 收敛跨模块模拟实施边界
codex/f-cut-001-matrices,8eb362225654b27ec1cdfb170e453286c827c34b,F-CUT-002,specs/features/F-CUT-002-cutover-intake-and-manual-assessment.md,EXCLUDED_NON_CODE,decision,docs(cutover): 收敛跨模块模拟实施边界
codex/f-cut-001-matrices,8eb362225654b27ec1cdfb170e453286c827c34b,F-CUT-002,specs/features/F-CUT-002-physical-contract.json,EXCLUDED_NON_CODE,decision,docs(cutover): 收敛跨模块模拟实施边界
codex/f-cut-001-matrices,8eb362225654b27ec1cdfb170e453286c827c34b,F-CUT-002,specs/features/F-CUT-002-project-context-fact-contract.json,EXCLUDED_NON_CODE,decision,docs(cutover): 收敛跨模块模拟实施边界
codex/f-cut-001-matrices,8eb362225654b27ec1cdfb170e453286c827c34b,F-CUT-002,specs/features/F-CUT-002-rest-api-contract.json,EXCLUDED_NON_CODE,decision,docs(cutover): 收敛跨模块模拟实施边界
codex/f-cut-001-matrices,8eb362225654b27ec1cdfb170e453286c827c34b,F-CUT-002,tasks/features/F-CUT-002.md,EXCLUDED_NON_CODE,decision,docs(cutover): 收敛跨模块模拟实施边界
codex/f-cut-001-matrices,8eb362225654b27ec1cdfb170e453286c827c34b,F-CUT-001,-,NO_NET_CODE_CHANGE,decision,docs(cutover): 收敛跨模块模拟实施边界
codex/f-cut-001-matrices,efcddc33ad85cac25c52f127c12073fd19b87259,F-CUT-001,docs/traceability/requirement-matrix.md,EXCLUDED_NON_CODE,decision,docs(cutover): 回写模拟闭环计划通过
codex/f-cut-001-matrices,efcddc33ad85cac25c52f127c12073fd19b87259,F-CUT-001,docs/traceability/requirement-version-coverage.json,EXCLUDED_NON_CODE,decision,docs(cutover): 回写模拟闭环计划通过
codex/f-cut-001-matrices,efcddc33ad85cac25c52f127c12073fd19b87259,F-CUT-002,tasks/features/F-CUT-002.md,EXCLUDED_NON_CODE,decision,docs(cutover): 回写模拟闭环计划通过
codex/f-cut-001-matrices,efcddc33ad85cac25c52f127c12073fd19b87259,F-CUT-001,-,NO_NET_CODE_CHANGE,decision,docs(cutover): 回写模拟闭环计划通过
codex/f-cut-001-matrices,93accdd2cda6ba10c0e5c3f8dffb8e412a3065dc,F-CUT-002,tasks/features/F-CUT-002.md,EXCLUDED_NON_CODE,decision,feat(cutover): 建立任务接入与人工分级内核
codex/f-cut-001-matrices,93accdd2cda6ba10c0e5c3f8dffb8e412a3065dc,F-CUT-002,sql/migrations/V146__fcut002_cutover_task_intake.sql,NOOP_MIGRATION_EXACT,decision,sql/migrations/V177__fcut002_cutover_task_intake.sql
codex/f-cut-001-matrices,93accdd2cda6ba10c0e5c3f8dffb8e412a3065dc,F-CUT-001,-,NO_NET_CODE_CHANGE,decision,feat(cutover): 建立任务接入与人工分级内核
codex/f-cut-001-matrices,9b3644d9e8eed22c93f5488fc9261a9d22ca7e1b,F-CUT-002,tasks/features/F-CUT-002.md,EXCLUDED_NON_CODE,decision,feat(cutover): 新增割接任务工作台页面
codex/f-cut-001-matrices,9b3644d9e8eed22c93f5488fc9261a9d22ca7e1b,F-CUT-001,-,NO_NET_CODE_CHANGE,decision,feat(cutover): 新增割接任务工作台页面
codex/f-cut-001-matrices,f7d2a39414a387d7dc95cea97726ab83932ac2dc,F-CUT-002,tasks/features/F-CUT-002.md,EXCLUDED_NON_CODE,decision,feat(cutover): 补全任务查询与创建上下文
codex/f-cut-001-matrices,f7d2a39414a387d7dc95cea97726ab83932ac2dc,F-CUT-001,-,NO_NET_CODE_CHANGE,decision,feat(cutover): 补全任务查询与创建上下文
codex/f-cut-001-matrices,c477f5e672db64198e1338b59eb17553ec84fcf4,F-CUT-003,specs/features/F-CUT-003-p3-dynamic-checklist-and-manual-fallback.md,EXCLUDED_NON_CODE,decision,docs(cutover): 形成动态采集清单Feature候选
codex/f-cut-001-matrices,c477f5e672db64198e1338b59eb17553ec84fcf4,F-CUT-003,specs/features/F-CUT-003-physical-contract.json,EXCLUDED_NON_CODE,decision,docs(cutover): 形成动态采集清单Feature候选
codex/f-cut-001-matrices,c477f5e672db64198e1338b59eb17553ec84fcf4,F-CUT-001,specs/features/README.md,EXCLUDED_NON_CODE,decision,docs(cutover): 形成动态采集清单Feature候选
codex/f-cut-001-matrices,c477f5e672db64198e1338b59eb17553ec84fcf4,F-CUT-001,scripts/tests/test_fcut003_feature_contract.py,APPLIED_CODE,decision,docs(cutover): 形成动态采集清单Feature候选
codex/f-cut-001-matrices,ea986d615ad497d0939dd3d551a000d0beaf15f7,F-CUT-001,scripts/tests/test_fcut003_feature_contract.py,APPLIED_CODE,decision,docs(cutover): 统一清单命令共享锁序
codex/f-cut-001-matrices,96f9805baba58e515cc25f89de973074514695b7,F-CUT-003,specs/features/F-CUT-003-p3-dynamic-checklist-and-manual-fallback.md,EXCLUDED_NON_CODE,decision,docs(cutover): 回写动态清单Feature通过
codex/f-cut-001-matrices,96f9805baba58e515cc25f89de973074514695b7,F-CUT-001,specs/features/README.md,EXCLUDED_NON_CODE,decision,docs(cutover): 回写动态清单Feature通过
codex/f-cut-001-matrices,96f9805baba58e515cc25f89de973074514695b7,F-CUT-001,scripts/tests/test_fcut003_feature_contract.py,APPLIED_CODE,decision,docs(cutover): 回写动态清单Feature通过
codex/f-cut-001-matrices,a243345bacc9e7fc23585cfcb220160db1ff0c6a,F-CUT-002,tasks/features/F-CUT-002.md,EXCLUDED_NON_CODE,decision,feat(cutover): 建立旧任务只读投影转换
codex/f-cut-001-matrices,a243345bacc9e7fc23585cfcb220160db1ff0c6a,F-CUT-001,-,NO_NET_CODE_CHANGE,decision,feat(cutover): 建立旧任务只读投影转换
codex/f-cut-001-matrices,4d65d7369599125b286d085faa080fb521c46999,F-CUT-003,docs/superpowers/plans/2026-08-31-f-cut-003-p3-dynamic-checklist.md,EXCLUDED_NON_CODE,decision,docs(cutover): 形成P3动态清单实施计划
codex/f-cut-001-matrices,4d65d7369599125b286d085faa080fb521c46999,F-CUT-003,specs/features/F-CUT-003-p3-dynamic-checklist-and-manual-fallback.md,EXCLUDED_NON_CODE,decision,docs(cutover): 形成P3动态清单实施计划
codex/f-cut-001-matrices,4d65d7369599125b286d085faa080fb521c46999,F-CUT-003,-,NO_NET_CODE_CHANGE,decision,docs(cutover): 形成P3动态清单实施计划
codex/f-cut-001-matrices,93b2ff0422fb7b143d5c66990df4db296c2e281d,F-CUT-002,tasks/features/F-CUT-002.md,EXCLUDED_NON_CODE,decision,test(cutover): 验证P2人工分级正向交互
codex/f-cut-001-matrices,93b2ff0422fb7b143d5c66990df4db296c2e281d,F-CUT-001,-,NO_NET_CODE_CHANGE,decision,test(cutover): 验证P2人工分级正向交互
codex/f-cut-001-matrices,9655336151af662c11e637e6d33fc8b4df62915d,F-CUT-002,tasks/features/F-CUT-002.md,EXCLUDED_NON_CODE,decision,feat(cutover): 打通旧任务迁移正向批次
codex/f-cut-001-matrices,9655336151af662c11e637e6d33fc8b4df62915d,F-CUT-001,pms-module-cutover/src/main/java/cn/iocoder/yudao/module/pms/cutover/dal/mysql/task/CutTaskMapper.java,APPLIED_CODE,decision,feat(cutover): 打通旧任务迁移正向批次
codex/f-cut-001-matrices,9655336151af662c11e637e6d33fc8b4df62915d,F-CUT-001,pms-module-cutover/src/main/java/cn/iocoder/yudao/module/pms/cutover/dal/mysql/task/query/LegacyCutoverSourceRowQuery.java,APPLIED_CODE,decision,feat(cutover): 打通旧任务迁移正向批次
codex/f-cut-001-matrices,9655336151af662c11e637e6d33fc8b4df62915d,F-CUT-002,pms-module-cutover/src/main/java/cn/iocoder/yudao/module/pms/cutover/dal/mysql/taskv2/query/LegacyCutoverTargetIdentityQuery.java,APPLIED_CODE,decision,feat(cutover): 打通旧任务迁移正向批次
codex/f-cut-001-matrices,9655336151af662c11e637e6d33fc8b4df62915d,F-CUT-001,pms-module-cutover/src/main/resources/mapper/task/CutTaskMapper.xml,APPLIED_CODE,decision,feat(cutover): 打通旧任务迁移正向批次
codex/f-cut-001-matrices,4cf2d011970d033b0950b91923c28ad79092dcac,F-CUT-001,docs/design/09-database-design.md,EXCLUDED_NON_CODE,decision,docs(cutover): 冻结任务创建配置身份
codex/f-cut-001-matrices,4cf2d011970d033b0950b91923c28ad79092dcac,F-CUT-001,docs/design/10-api-design.md,EXCLUDED_NON_CODE,decision,docs(cutover): 冻结任务创建配置身份
codex/f-cut-001-matrices,4cf2d011970d033b0950b91923c28ad79092dcac,F-CUT-001,docs/design/16-exception-and-idempotency.md,EXCLUDED_NON_CODE,decision,docs(cutover): 冻结任务创建配置身份
codex/f-cut-001-matrices,4cf2d011970d033b0950b91923c28ad79092dcac,F-CUT-002,specs/features/F-CUT-002-cutover-intake-and-manual-assessment.md,EXCLUDED_NON_CODE,decision,docs(cutover): 冻结任务创建配置身份
codex/f-cut-001-matrices,4cf2d011970d033b0950b91923c28ad79092dcac,F-CUT-002,specs/features/F-CUT-002-physical-contract.json,EXCLUDED_NON_CODE,decision,docs(cutover): 冻结任务创建配置身份
codex/f-cut-001-matrices,4cf2d011970d033b0950b91923c28ad79092dcac,F-CUT-003,specs/features/F-CUT-003-p3-dynamic-checklist-and-manual-fallback.md,EXCLUDED_NON_CODE,decision,docs(cutover): 冻结任务创建配置身份
codex/f-cut-001-matrices,4cf2d011970d033b0950b91923c28ad79092dcac,F-CUT-003,specs/features/F-CUT-003-physical-contract.json,EXCLUDED_NON_CODE,decision,docs(cutover): 冻结任务创建配置身份
codex/f-cut-001-matrices,4cf2d011970d033b0950b91923c28ad79092dcac,F-CUT-001,-,NO_NET_CODE_CHANGE,decision,docs(cutover): 冻结任务创建配置身份
codex/f-cut-001-matrices,3daef0f5a6561e9bf9a9cb4453b447881c9e17c5,F-CUT-002,tasks/features/F-CUT-002.md,EXCLUDED_NON_CODE,decision,feat(cutover): 补齐旧任务确定性迁移分类
codex/f-cut-001-matrices,3daef0f5a6561e9bf9a9cb4453b447881c9e17c5,F-CUT-001,pms-module-cutover/src/main/java/cn/iocoder/yudao/module/pms/cutover/dal/mysql/task/CutTaskMapper.java,APPLIED_CODE,decision,feat(cutover): 补齐旧任务确定性迁移分类
codex/f-cut-001-matrices,3daef0f5a6561e9bf9a9cb4453b447881c9e17c5,F-CUT-001,pms-module-cutover/src/main/java/cn/iocoder/yudao/module/pms/cutover/dal/mysql/task/query/LegacyCutoverSourceRowQuery.java,APPLIED_CODE,decision,feat(cutover): 补齐旧任务确定性迁移分类
codex/f-cut-001-matrices,3daef0f5a6561e9bf9a9cb4453b447881c9e17c5,F-CUT-002,pms-module-cutover/src/main/java/cn/iocoder/yudao/module/pms/cutover/dal/mysql/taskv2/query/LegacyCutoverTargetIdentityQuery.java,APPLIED_CODE,decision,feat(cutover): 补齐旧任务确定性迁移分类
codex/f-cut-001-matrices,3daef0f5a6561e9bf9a9cb4453b447881c9e17c5,F-CUT-001,pms-module-cutover/src/main/resources/mapper/task/CutTaskMapper.xml,APPLIED_CODE,decision,feat(cutover): 补齐旧任务确定性迁移分类
codex/f-cut-001-matrices,b06061eb43b748f03ef7bef5e561be6085dad14d,F-CUT-001,docs/design/09-database-design.md,EXCLUDED_NON_CODE,decision,docs(cutover): 明确历史配置修订补齐范围
codex/f-cut-001-matrices,b06061eb43b748f03ef7bef5e561be6085dad14d,F-CUT-002,specs/features/F-CUT-002-cutover-intake-and-manual-assessment.md,EXCLUDED_NON_CODE,decision,docs(cutover): 明确历史配置修订补齐范围
codex/f-cut-001-matrices,b06061eb43b748f03ef7bef5e561be6085dad14d,F-CUT-001,scripts/tests/test_fcut002_migration_contract.py,APPLIED_CODE,decision,docs(cutover): 明确历史配置修订补齐范围
codex/f-cut-001-matrices,ac740458f3523d41f840b792e2407c2f88db39f0,F-CUT-003,specs/features/F-CUT-003-p3-dynamic-checklist-and-manual-fallback.md,EXCLUDED_NON_CODE,decision,docs(cutover): 按冻结配置整改P3实施计划
codex/f-cut-001-matrices,ac740458f3523d41f840b792e2407c2f88db39f0,F-CUT-003,-,NO_NET_CODE_CHANGE,decision,docs(cutover): 按冻结配置整改P3实施计划
codex/f-cut-001-matrices,28e6db2cfee200b5c5617ec5cf94c2e5ffb02a71,F-CUT-003,tasks/features/F-CUT-003.md,EXCLUDED_NON_CODE,decision,docs(cutover): 启动P3动态清单实施任务
codex/f-cut-001-matrices,28e6db2cfee200b5c5617ec5cf94c2e5ffb02a71,F-CUT-003,-,NO_NET_CODE_CHANGE,decision,docs(cutover): 启动P3动态清单实施任务
codex/f-cut-001-matrices,146254d8420199851de4145e77b51f0055ca9cad,F-CUT-003,tasks/features/F-CUT-003.md,EXCLUDED_NON_CODE,decision,feat(cutover): 建立冻结配置匹配内核
codex/f-cut-001-matrices,146254d8420199851de4145e77b51f0055ca9cad,F-CUT-001,-,NO_NET_CODE_CHANGE,decision,feat(cutover): 建立冻结配置匹配内核
codex/f-cut-001-matrices,799b01873210e04e1e3462a00b37dbf617030b66,F-CUT-003,tasks/features/F-CUT-003.md,EXCLUDED_NON_CODE,decision,feat(cutover): 建立P3动态清单物理基础
codex/f-cut-001-matrices,799b01873210e04e1e3462a00b37dbf617030b66,UNMAPPED,sql/migrations/V210__received_fcut003_p3_dynamic_checklist.sql,APPLIED_MIGRATION_RENUMBERED,decision,V147 -> V210
codex/f-cut-001-matrices,799b01873210e04e1e3462a00b37dbf617030b66,F-CUT-003,sql/migrations/V210__received_fcut003_p3_dynamic_checklist.sql,APPLIED_CODE,decision,feat(cutover): 建立P3动态清单物理基础
codex/f-cut-001-matrices,7e47096840751a63966481fae55a74f3c0dab3d4,F-CUT-003,-,NO_NET_CODE_CHANGE,decision,test(cutover): 固定P3清单物理合同
codex/f-cut-001-matrices,76928bf8593cdbe9354a90686c2a292482f28364,F-CUT-003,tasks/features/F-CUT-003.md,EXCLUDED_NON_CODE,decision,feat(cutover): 打通P3动态清单命令闭环
codex/f-cut-001-matrices,76928bf8593cdbe9354a90686c2a292482f28364,F-CUT-003,sql/migrations/V210__received_fcut003_p3_dynamic_checklist.sql,APPLIED_CODE,decision,feat(cutover): 打通P3动态清单命令闭环
codex/f-cut-001-matrices,d9869165732f7c2371a48de926eac8b45c30cedf,F-CUT-003,tasks/features/F-CUT-003.md,EXCLUDED_NON_CODE,decision,docs(cutover): 更新P3正向链检查点
codex/f-cut-001-matrices,d9869165732f7c2371a48de926eac8b45c30cedf,F-CUT-003,-,NO_NET_CODE_CHANGE,decision,docs(cutover): 更新P3正向链检查点
codex/f-cut-001-matrices,aa29efcb1df31081949a1846ef9a965f16951e64,F-CUT-003,tasks/features/F-CUT-003.md,EXCLUDED_NON_CODE,decision,feat(cutover): 完成P3清单重匹配与查询
codex/f-cut-001-matrices,aa29efcb1df31081949a1846ef9a965f16951e64,F-CUT-003,-,NO_NET_CODE_CHANGE,decision,feat(cutover): 完成P3清单重匹配与查询
codex/f-cut-001-matrices,9156a1d86cbbe9ecf2671556c31c9c387468c678,F-CUT-001,docs/decisions/open-questions.md,EXCLUDED_NON_CODE,decision,docs(cutover): 登记设备类型Owner阻断
codex/f-cut-001-matrices,9156a1d86cbbe9ecf2671556c31c9c387468c678,F-CUT-003,tasks/features/F-CUT-003.md,EXCLUDED_NON_CODE,decision,docs(cutover): 登记设备类型Owner阻断
codex/f-cut-001-matrices,9156a1d86cbbe9ecf2671556c31c9c387468c678,F-CUT-001,-,NO_NET_CODE_CHANGE,decision,docs(cutover): 登记设备类型Owner阻断
codex/f-cut-001-matrices,cc33c6ba172ce14b111c7b3787c12ca20133f2ed,F-CUT-001,docs/decisions/0037-product-master-device-type-assignment.md,EXCLUDED_NON_CODE,decision,docs(cutover): 锁定设备类型预留接口边界
codex/f-cut-001-matrices,cc33c6ba172ce14b111c7b3787c12ca20133f2ed,F-CUT-001,docs/decisions/open-questions.md,EXCLUDED_NON_CODE,decision,docs(cutover): 锁定设备类型预留接口边界
codex/f-cut-001-matrices,cc33c6ba172ce14b111c7b3787c12ca20133f2ed,F-CUT-001,docs/design/02d-cross-context-contracts.md,EXCLUDED_NON_CODE,decision,docs(cutover): 锁定设备类型预留接口边界
codex/f-cut-001-matrices,cc33c6ba172ce14b111c7b3787c12ca20133f2ed,F-CUT-001,docs/design/08-data-model.md,EXCLUDED_NON_CODE,decision,docs(cutover): 锁定设备类型预留接口边界
codex/f-cut-001-matrices,cc33c6ba172ce14b111c7b3787c12ca20133f2ed,F-CUT-001,docs/design/09-database-design.md,EXCLUDED_NON_CODE,decision,docs(cutover): 锁定设备类型预留接口边界
codex/f-cut-001-matrices,cc33c6ba172ce14b111c7b3787c12ca20133f2ed,F-CUT-001,docs/design/10-api-design.md,EXCLUDED_NON_CODE,decision,docs(cutover): 锁定设备类型预留接口边界
codex/f-cut-001-matrices,cc33c6ba172ce14b111c7b3787c12ca20133f2ed,F-CUT-003,docs/superpowers/plans/2026-08-31-f-cut-003-p3-dynamic-checklist.md,EXCLUDED_NON_CODE,decision,docs(cutover): 锁定设备类型预留接口边界
codex/f-cut-001-matrices,cc33c6ba172ce14b111c7b3787c12ca20133f2ed,F-CUT-001,docs/traceability/requirement-matrix.md,EXCLUDED_NON_CODE,decision,docs(cutover): 锁定设备类型预留接口边界
codex/f-cut-001-matrices,cc33c6ba172ce14b111c7b3787c12ca20133f2ed,F-CUT-001,docs/traceability/requirement-version-coverage.json,EXCLUDED_NON_CODE,decision,docs(cutover): 锁定设备类型预留接口边界
codex/f-cut-001-matrices,cc33c6ba172ce14b111c7b3787c12ca20133f2ed,F-CUT-002,specs/features/F-CUT-002-cutover-intake-and-manual-assessment.md,EXCLUDED_NON_CODE,decision,docs(cutover): 锁定设备类型预留接口边界
codex/f-cut-001-matrices,cc33c6ba172ce14b111c7b3787c12ca20133f2ed,F-CUT-002,specs/features/F-CUT-002-physical-contract.json,EXCLUDED_NON_CODE,decision,docs(cutover): 锁定设备类型预留接口边界
codex/f-cut-001-matrices,cc33c6ba172ce14b111c7b3787c12ca20133f2ed,F-CUT-003,specs/features/F-CUT-003-p3-dynamic-checklist-and-manual-fallback.md,EXCLUDED_NON_CODE,decision,docs(cutover): 锁定设备类型预留接口边界
codex/f-cut-001-matrices,cc33c6ba172ce14b111c7b3787c12ca20133f2ed,F-CUT-003,specs/features/F-CUT-003-physical-contract.json,EXCLUDED_NON_CODE,decision,docs(cutover): 锁定设备类型预留接口边界
codex/f-cut-001-matrices,cc33c6ba172ce14b111c7b3787c12ca20133f2ed,F-IMP-001,specs/features/F-IMP-001-device-scope-fact-contract.json,EXCLUDED_NON_CODE,decision,docs(cutover): 锁定设备类型预留接口边界
codex/f-cut-001-matrices,cc33c6ba172ce14b111c7b3787c12ca20133f2ed,F-CUT-003,tasks/features/F-CUT-003.md,EXCLUDED_NON_CODE,decision,docs(cutover): 锁定设备类型预留接口边界
codex/f-cut-001-matrices,cc33c6ba172ce14b111c7b3787c12ca20133f2ed,F-CUT-001,-,NO_NET_CODE_CHANGE,decision,docs(cutover): 锁定设备类型预留接口边界
codex/f-cut-001-matrices,f767ffa8f1c6a010d67e13fa38f9e04ddf0a4036,F-CUT-001,docs/decisions/0037-product-master-device-type-assignment.md,EXCLUDED_NON_CODE,decision,docs(cutover): 对齐既有产品类型公开契约
codex/f-cut-001-matrices,f767ffa8f1c6a010d67e13fa38f9e04ddf0a4036,F-CUT-001,docs/decisions/open-questions.md,EXCLUDED_NON_CODE,decision,docs(cutover): 对齐既有产品类型公开契约
codex/f-cut-001-matrices,f767ffa8f1c6a010d67e13fa38f9e04ddf0a4036,F-CUT-001,docs/design/02d-cross-context-contracts.md,EXCLUDED_NON_CODE,decision,docs(cutover): 对齐既有产品类型公开契约
codex/f-cut-001-matrices,f767ffa8f1c6a010d67e13fa38f9e04ddf0a4036,F-CUT-001,docs/design/08-data-model.md,EXCLUDED_NON_CODE,decision,docs(cutover): 对齐既有产品类型公开契约
codex/f-cut-001-matrices,f767ffa8f1c6a010d67e13fa38f9e04ddf0a4036,F-CUT-001,docs/design/09-database-design.md,EXCLUDED_NON_CODE,decision,docs(cutover): 对齐既有产品类型公开契约
codex/f-cut-001-matrices,f767ffa8f1c6a010d67e13fa38f9e04ddf0a4036,F-CUT-001,docs/design/10-api-design.md,EXCLUDED_NON_CODE,decision,docs(cutover): 对齐既有产品类型公开契约
codex/f-cut-001-matrices,f767ffa8f1c6a010d67e13fa38f9e04ddf0a4036,F-CUT-003,tasks/features/F-CUT-003.md,EXCLUDED_NON_CODE,decision,docs(cutover): 对齐既有产品类型公开契约
codex/f-cut-001-matrices,f767ffa8f1c6a010d67e13fa38f9e04ddf0a4036,F-CUT-001,-,NO_NET_CODE_CHANGE,decision,docs(cutover): 对齐既有产品类型公开契约
codex/f-cut-001-matrices,37723669b6dd457b1e779ba0cc505a7e21ca20ad,F-CUT-003,tasks/features/F-CUT-003.md,EXCLUDED_NON_CODE,decision,feat(cutover): 冻结设备类型并驱动P3匹配
codex/f-cut-001-matrices,37723669b6dd457b1e779ba0cc505a7e21ca20ad,UNMAPPED,sql/migrations/V148__fcut_device_product_type_snapshot.sql,NOOP_MIGRATION_EXACT,decision,sql/migrations/V179__fcut_device_product_type_snapshot.sql
codex/f-cut-001-matrices,37723669b6dd457b1e779ba0cc505a7e21ca20ad,F-CUT-003,-,NO_NET_CODE_CHANGE,decision,feat(cutover): 冻结设备类型并驱动P3匹配
codex/f-cut-001-matrices,372f6895f614c15e592c71b235e0011cf617149a,F-CUT-001,-,NO_NET_CODE_CHANGE,decision,fix(cutover): 固定评估产品类型历史投影
codex/f-cut-001-matrices,810e1b7dfdc155d28993e508bbb6af2986b6b012,F-CUT-003,tasks/features/F-CUT-003.md,EXCLUDED_NON_CODE,decision,docs(cutover): 回写P3清单Task 1评审结果
codex/f-cut-001-matrices,810e1b7dfdc155d28993e508bbb6af2986b6b012,F-CUT-003,-,NO_NET_CODE_CHANGE,decision,docs(cutover): 回写P3清单Task 1评审结果
codex/f-cut-001-matrices,abc5b534edd6df8aba933f5f399a4c26aba8cddd,F-CUT-003,tasks/features/F-CUT-003.md,EXCLUDED_NON_CODE,decision,feat(cutover): 接入P3清单正向工作台候选
codex/f-cut-001-matrices,abc5b534edd6df8aba933f5f399a4c26aba8cddd,F-CUT-003,-,NO_NET_CODE_CHANGE,decision,feat(cutover): 接入P3清单正向工作台候选
codex/f-cut-001-matrices,c8c75ce5f99219147799ded08af8ce11110cef09,F-CUT-003,-,NO_NET_CODE_CHANGE,decision,fix(cutover): 修复P3清单面板与答案往返
codex/f-cut-001-matrices,587db48d18f5b5d075be1006d3edf748ddc8794c,F-CUT-003,specs/features/README.md,EXCLUDED_NON_CODE,decision,docs(cutover): 回写P3工作台候选评审状态
codex/f-cut-001-matrices,587db48d18f5b5d075be1006d3edf748ddc8794c,F-CUT-003,tasks/features/F-CUT-003.md,EXCLUDED_NON_CODE,decision,docs(cutover): 回写P3工作台候选评审状态
codex/f-cut-001-matrices,587db48d18f5b5d075be1006d3edf748ddc8794c,F-CUT-003,-,NO_NET_CODE_CHANGE,decision,docs(cutover): 回写P3工作台候选评审状态
codex/f-cut-001-matrices,d5f220a99a59bc93712bd75608514e26270da3ac,F-CUT-003,-,NO_NET_CODE_CHANGE,decision,docs(cutover): 锁定P3采集消费端口闭环
codex/f-cut-001-matrices,148af0e859d4fc4086052516e7a07527f26c6397,F-CUT-003,-,NO_NET_CODE_CHANGE,decision,feat(cutover): 补齐P3自定义项与采集闭环
codex/f-cut-001-matrices,23dff6cdcd3c0d287bd0a26c03447522e5de257c,F-CUT-003,-,NO_NET_CODE_CHANGE,decision,fix(cutover): 收口P3采集异步结果链
codex/f-cut-001-matrices,ad2c854ce0ecab562fe06cd7f16e28c161713496,F-CUT-003,tasks/features/F-CUT-003.md,EXCLUDED_NON_CODE,decision,docs(cutover): 回写P3采集整改评审结果
codex/f-cut-001-matrices,ad2c854ce0ecab562fe06cd7f16e28c161713496,F-CUT-003,-,NO_NET_CODE_CHANGE,decision,docs(cutover): 回写P3采集整改评审结果
codex/f-cut-001-matrices,2c898d661abd405bb02249b3409e11ea017d813b,F-CUT-001,-,NO_NET_CODE_CHANGE,decision,feat(cutover): 接通任务创建六路由候选
codex/f-cut-001-matrices,97ac132d20a6c42c9a1dbf888142a80a1ec0210e,F-CUT-001,yudao-ui/yudao-ui-admin-vue3/src/views/pms/cutover/cutover-task/cutoverTaskInteraction.spec.ts,APPLIED_CODE,decision,fix(cutover): 收口任务创建候选门禁
codex/f-cut-001-matrices,3ca73f0450b98c21a10d75fca56867cd952ce4f4,F-CUT-001,-,NO_NET_CODE_CHANGE,decision,fix(cutover): 收口六路由错误合同
codex/f-cut-001-matrices,99dc9c66ba66490111b165176dba2ff38fb48e19,F-CUT-002,tasks/features/F-CUT-002.md,EXCLUDED_NON_CODE,decision,docs(cutover): 回写六路由候选评审结果
codex/f-cut-001-matrices,99dc9c66ba66490111b165176dba2ff38fb48e19,F-CUT-001,-,NO_NET_CODE_CHANGE,decision,docs(cutover): 回写六路由候选评审结果
codex/f-cut-001-matrices,a5734d00e8578a6b74f9b711f1ffea112f1ef72a,F-CUT-001,-,NO_NET_CODE_CHANGE,decision,fix(cutover): 收口任务动作与迁移归类
codex/f-cut-001-matrices,744105da67652858801924e9189a3b5958c21cee,F-CUT-001,-,NO_NET_CODE_CHANGE,decision,fix(cutover): 归类项目事实业务异常
codex/f-cut-001-matrices,15ba476c4e74944d654e4c054c4029d4bf77d391,F-CUT-002,tasks/features/F-CUT-002.md,EXCLUDED_NON_CODE,decision,docs(cutover): 回写任务一整改状态
codex/f-cut-001-matrices,15ba476c4e74944d654e4c054c4029d4bf77d391,F-CUT-001,-,NO_NET_CODE_CHANGE,decision,docs(cutover): 回写任务一整改状态
codex/f-cut-001-matrices,9b1a613ed54d2bfa58c332238bc11188ca90792f,UNMAPPED,sql/migrations/V149__fcut002_task_origin_assessment_checks.sql,NOOP_MIGRATION_EXACT,decision,sql/migrations/V180__fcut002_task_origin_assessment_checks.sql
codex/f-cut-001-matrices,9b1a613ed54d2bfa58c332238bc11188ca90792f,F-CUT-001,-,NO_NET_CODE_CHANGE,decision,fix(cutover): 补齐任务来源与评估约束
codex/f-cut-001-matrices,f397f4bc9c9511d7f5ef17924c1e460e305d41ef,F-CUT-002,tasks/features/F-CUT-002.md,EXCLUDED_NON_CODE,decision,docs(cutover): 关闭任务一实施状态
codex/f-cut-001-matrices,f397f4bc9c9511d7f5ef17924c1e460e305d41ef,F-CUT-001,-,NO_NET_CODE_CHANGE,decision,docs(cutover): 关闭任务一实施状态
codex/f-cut-001-matrices,9f791d64aa1e2350e7e7ef704c4270d8e4514a02,F-CUT-002,tasks/features/F-CUT-002.md,EXCLUDED_NON_CODE,decision,feat(cutover): 收口任务工作台正向交互
codex/f-cut-001-matrices,9f791d64aa1e2350e7e7ef704c4270d8e4514a02,F-CUT-001,-,NO_NET_CODE_CHANGE,decision,feat(cutover): 收口任务工作台正向交互
codex/f-cut-001-matrices,0c18ed0f33051f57c80b9578c655a285083cd6ee,F-CUT-001,-,NO_NET_CODE_CHANGE,decision,fix(cutover): 要求明确选择候选项目
codex/f-cut-001-matrices,83cc20d73dcf5f21ad49d2bec63cb200cc5fae82,F-CUT-002,tasks/features/F-CUT-002.md,EXCLUDED_NON_CODE,decision,docs(cutover): 回写任务二页面复审状态
codex/f-cut-001-matrices,83cc20d73dcf5f21ad49d2bec63cb200cc5fae82,F-CUT-001,-,NO_NET_CODE_CHANGE,decision,docs(cutover): 回写任务二页面复审状态
codex/f-cut-001-matrices,04b650dfdabe364d6428c5ed7e249062f439d0e2,F-CUT-004,docs/design/05-state-machine.md,EXCLUDED_NON_CODE,decision,docs(cutover): 建立P4方案Feature候选
codex/f-cut-001-matrices,04b650dfdabe364d6428c5ed7e249062f439d0e2,F-CUT-004,docs/design/06-workflow-design.md,EXCLUDED_NON_CODE,decision,docs(cutover): 建立P4方案Feature候选
codex/f-cut-001-matrices,04b650dfdabe364d6428c5ed7e249062f439d0e2,F-CUT-004,docs/design/08a-domain-entity-migration-alignment.md,EXCLUDED_NON_CODE,decision,docs(cutover): 建立P4方案Feature候选
codex/f-cut-001-matrices,04b650dfdabe364d6428c5ed7e249062f439d0e2,F-CUT-004,docs/design/10-api-design.md,EXCLUDED_NON_CODE,decision,docs(cutover): 建立P4方案Feature候选
codex/f-cut-001-matrices,04b650dfdabe364d6428c5ed7e249062f439d0e2,F-CUT-004,docs/design/11-event-design.md,EXCLUDED_NON_CODE,decision,docs(cutover): 建立P4方案Feature候选
codex/f-cut-001-matrices,04b650dfdabe364d6428c5ed7e249062f439d0e2,F-CUT-004,docs/design/16-exception-and-idempotency.md,EXCLUDED_NON_CODE,decision,docs(cutover): 建立P4方案Feature候选
codex/f-cut-001-matrices,04b650dfdabe364d6428c5ed7e249062f439d0e2,F-CUT-004,docs/traceability/domain-entity-migration-contract.json,EXCLUDED_NON_CODE,decision,docs(cutover): 建立P4方案Feature候选
codex/f-cut-001-matrices,04b650dfdabe364d6428c5ed7e249062f439d0e2,F-CUT-004,docs/traceability/domain-entity-migration-contract.md,EXCLUDED_NON_CODE,decision,docs(cutover): 建立P4方案Feature候选
codex/f-cut-001-matrices,04b650dfdabe364d6428c5ed7e249062f439d0e2,F-CUT-004,docs/traceability/phase2-contract-map.md,EXCLUDED_NON_CODE,decision,docs(cutover): 建立P4方案Feature候选
codex/f-cut-001-matrices,04b650dfdabe364d6428c5ed7e249062f439d0e2,F-CUT-004,docs/traceability/requirement-matrix.md,EXCLUDED_NON_CODE,decision,docs(cutover): 建立P4方案Feature候选
codex/f-cut-001-matrices,04b650dfdabe364d6428c5ed7e249062f439d0e2,F-CUT-004,docs/traceability/requirement-version-coverage.json,EXCLUDED_NON_CODE,decision,docs(cutover): 建立P4方案Feature候选
codex/f-cut-001-matrices,04b650dfdabe364d6428c5ed7e249062f439d0e2,F-CUT-004,specs/features/F-CUT-004-api-contract.json,EXCLUDED_NON_CODE,decision,docs(cutover): 建立P4方案Feature候选
codex/f-cut-001-matrices,04b650dfdabe364d6428c5ed7e249062f439d0e2,F-CUT-004,specs/features/F-CUT-004-legacy-reuse-audit.md,EXCLUDED_NON_CODE,decision,docs(cutover): 建立P4方案Feature候选
codex/f-cut-001-matrices,04b650dfdabe364d6428c5ed7e249062f439d0e2,F-CUT-004,specs/features/F-CUT-004-p4-cutover-plan-authoring.md,EXCLUDED_NON_CODE,decision,docs(cutover): 建立P4方案Feature候选
codex/f-cut-001-matrices,04b650dfdabe364d6428c5ed7e249062f439d0e2,F-CUT-004,specs/features/F-CUT-004-physical-contract.json,EXCLUDED_NON_CODE,decision,docs(cutover): 建立P4方案Feature候选
codex/f-cut-001-matrices,04b650dfdabe364d6428c5ed7e249062f439d0e2,F-CUT-004,specs/features/README.md,EXCLUDED_NON_CODE,decision,docs(cutover): 建立P4方案Feature候选
codex/f-cut-001-matrices,04b650dfdabe364d6428c5ed7e249062f439d0e2,F-CUT-004,tasks/features/F-CUT-004.md,EXCLUDED_NON_CODE,decision,docs(cutover): 建立P4方案Feature候选
codex/f-cut-001-matrices,04b650dfdabe364d6428c5ed7e249062f439d0e2,F-CUT-004,scripts/generate_domain_entity_migration_contract.py,APPLIED_CODE,decision,docs(cutover): 建立P4方案Feature候选
codex/f-cut-001-matrices,04b650dfdabe364d6428c5ed7e249062f439d0e2,F-CUT-004,scripts/generate_phase2_contract_map.py,APPLIED_CODE,decision,docs(cutover): 建立P4方案Feature候选
codex/f-cut-001-matrices,04b650dfdabe364d6428c5ed7e249062f439d0e2,F-CUT-004,scripts/tests/test_fcut004_feature_contract.py,APPLIED_CODE,decision,docs(cutover): 建立P4方案Feature候选
codex/f-cut-001-matrices,a5334616852cad576297977846c9d579cbd3dd26,F-CUT-004,docs/design/05-state-machine.md,EXCLUDED_NON_CODE,decision,docs(cutover): 收敛P4方案机器合同
codex/f-cut-001-matrices,a5334616852cad576297977846c9d579cbd3dd26,F-CUT-004,docs/design/06-workflow-design.md,EXCLUDED_NON_CODE,decision,docs(cutover): 收敛P4方案机器合同
codex/f-cut-001-matrices,a5334616852cad576297977846c9d579cbd3dd26,F-CUT-004,docs/design/08a-domain-entity-migration-alignment.md,EXCLUDED_NON_CODE,decision,docs(cutover): 收敛P4方案机器合同
codex/f-cut-001-matrices,a5334616852cad576297977846c9d579cbd3dd26,F-CUT-004,docs/design/09-database-design.md,EXCLUDED_NON_CODE,decision,docs(cutover): 收敛P4方案机器合同
codex/f-cut-001-matrices,a5334616852cad576297977846c9d579cbd3dd26,F-CUT-004,docs/design/10-api-design.md,EXCLUDED_NON_CODE,decision,docs(cutover): 收敛P4方案机器合同
codex/f-cut-001-matrices,a5334616852cad576297977846c9d579cbd3dd26,F-CUT-004,docs/design/11-event-design.md,EXCLUDED_NON_CODE,decision,docs(cutover): 收敛P4方案机器合同
codex/f-cut-001-matrices,a5334616852cad576297977846c9d579cbd3dd26,F-CUT-004,docs/design/16-exception-and-idempotency.md,EXCLUDED_NON_CODE,decision,docs(cutover): 收敛P4方案机器合同
codex/f-cut-001-matrices,a5334616852cad576297977846c9d579cbd3dd26,F-CUT-004,docs/traceability/domain-entity-migration-contract.json,EXCLUDED_NON_CODE,decision,docs(cutover): 收敛P4方案机器合同
codex/f-cut-001-matrices,a5334616852cad576297977846c9d579cbd3dd26,F-CUT-004,docs/traceability/domain-entity-migration-contract.md,EXCLUDED_NON_CODE,decision,docs(cutover): 收敛P4方案机器合同
codex/f-cut-001-matrices,a5334616852cad576297977846c9d579cbd3dd26,F-CUT-004,docs/traceability/phase2-contract-map.md,EXCLUDED_NON_CODE,decision,docs(cutover): 收敛P4方案机器合同
codex/f-cut-001-matrices,a5334616852cad576297977846c9d579cbd3dd26,F-CUT-004,specs/features/F-CUT-004-api-contract.json,EXCLUDED_NON_CODE,decision,docs(cutover): 收敛P4方案机器合同
codex/f-cut-001-matrices,a5334616852cad576297977846c9d579cbd3dd26,F-CUT-004,specs/features/F-CUT-004-legacy-reuse-audit.md,EXCLUDED_NON_CODE,decision,docs(cutover): 收敛P4方案机器合同
codex/f-cut-001-matrices,a5334616852cad576297977846c9d579cbd3dd26,F-CUT-004,specs/features/F-CUT-004-p4-cutover-plan-authoring.md,EXCLUDED_NON_CODE,decision,docs(cutover): 收敛P4方案机器合同
codex/f-cut-001-matrices,a5334616852cad576297977846c9d579cbd3dd26,F-CUT-004,specs/features/F-CUT-004-physical-contract.json,EXCLUDED_NON_CODE,decision,docs(cutover): 收敛P4方案机器合同
codex/f-cut-001-matrices,a5334616852cad576297977846c9d579cbd3dd26,F-CUT-005,specs/features/F-CUT-005-approval-owner-contract.json,EXCLUDED_NON_CODE,decision,docs(cutover): 收敛P4方案机器合同
codex/f-cut-001-matrices,a5334616852cad576297977846c9d579cbd3dd26,F-CUT-004,tasks/features/F-CUT-004.md,EXCLUDED_NON_CODE,decision,docs(cutover): 收敛P4方案机器合同
codex/f-cut-001-matrices,a5334616852cad576297977846c9d579cbd3dd26,F-CUT-004,scripts/generate_domain_entity_migration_contract.py,APPLIED_CODE,decision,docs(cutover): 收敛P4方案机器合同
codex/f-cut-001-matrices,a5334616852cad576297977846c9d579cbd3dd26,F-CUT-004,scripts/generate_phase2_contract_map.py,APPLIED_CODE,decision,docs(cutover): 收敛P4方案机器合同
codex/f-cut-001-matrices,a5334616852cad576297977846c9d579cbd3dd26,F-CUT-004,scripts/tests/test_fcut004_feature_contract.py,APPLIED_CODE,decision,docs(cutover): 收敛P4方案机器合同
codex/f-cut-001-matrices,9c13fcf3ae552247f5a17b322fdb33bfd61c9e74,F-CUT-004,docs/design/09-database-design.md,EXCLUDED_NON_CODE,decision,docs(cutover): 修正P4方案事实边界
codex/f-cut-001-matrices,9c13fcf3ae552247f5a17b322fdb33bfd61c9e74,F-CUT-004,specs/features/F-CUT-004-api-contract.json,EXCLUDED_NON_CODE,decision,docs(cutover): 修正P4方案事实边界
codex/f-cut-001-matrices,9c13fcf3ae552247f5a17b322fdb33bfd61c9e74,F-CUT-004,specs/features/F-CUT-004-p4-cutover-plan-authoring.md,EXCLUDED_NON_CODE,decision,docs(cutover): 修正P4方案事实边界
codex/f-cut-001-matrices,9c13fcf3ae552247f5a17b322fdb33bfd61c9e74,F-CUT-004,specs/features/F-CUT-004-physical-contract.json,EXCLUDED_NON_CODE,decision,docs(cutover): 修正P4方案事实边界
codex/f-cut-001-matrices,9c13fcf3ae552247f5a17b322fdb33bfd61c9e74,F-CUT-004,tasks/features/F-CUT-004.md,EXCLUDED_NON_CODE,decision,docs(cutover): 修正P4方案事实边界
codex/f-cut-001-matrices,9c13fcf3ae552247f5a17b322fdb33bfd61c9e74,F-CUT-004,scripts/tests/test_fcut004_feature_contract.py,APPLIED_CODE,decision,docs(cutover): 修正P4方案事实边界
codex/f-cut-001-matrices,87b0b066da68840bd7ae172cf41d94cdbb44dee9,F-CUT-001,docs/design/09-database-design.md,EXCLUDED_NON_CODE,decision,docs(cutover): 统一联系人变更版本
codex/f-cut-001-matrices,87b0b066da68840bd7ae172cf41d94cdbb44dee9,F-CUT-004,specs/features/F-CUT-004-api-contract.json,EXCLUDED_NON_CODE,decision,docs(cutover): 统一联系人变更版本
codex/f-cut-001-matrices,87b0b066da68840bd7ae172cf41d94cdbb44dee9,F-CUT-004,specs/features/F-CUT-004-p4-cutover-plan-authoring.md,EXCLUDED_NON_CODE,decision,docs(cutover): 统一联系人变更版本
codex/f-cut-001-matrices,87b0b066da68840bd7ae172cf41d94cdbb44dee9,F-CUT-004,tasks/features/F-CUT-004.md,EXCLUDED_NON_CODE,decision,docs(cutover): 统一联系人变更版本
codex/f-cut-001-matrices,87b0b066da68840bd7ae172cf41d94cdbb44dee9,F-CUT-001,scripts/tests/test_fcut004_feature_contract.py,APPLIED_CODE,decision,docs(cutover): 统一联系人变更版本
codex/f-cut-001-matrices,644816f244483e24b72f03d8bf7d242f64a5d8ca,F-CUT-004,specs/features/F-CUT-004-api-contract.json,EXCLUDED_NON_CODE,decision,docs(cutover): 回写P4机器合同通过
codex/f-cut-001-matrices,644816f244483e24b72f03d8bf7d242f64a5d8ca,F-CUT-004,specs/features/F-CUT-004-p4-cutover-plan-authoring.md,EXCLUDED_NON_CODE,decision,docs(cutover): 回写P4机器合同通过
codex/f-cut-001-matrices,644816f244483e24b72f03d8bf7d242f64a5d8ca,F-CUT-004,specs/features/F-CUT-004-physical-contract.json,EXCLUDED_NON_CODE,decision,docs(cutover): 回写P4机器合同通过
codex/f-cut-001-matrices,644816f244483e24b72f03d8bf7d242f64a5d8ca,F-CUT-005,specs/features/F-CUT-005-approval-owner-contract.json,EXCLUDED_NON_CODE,decision,docs(cutover): 回写P4机器合同通过
codex/f-cut-001-matrices,644816f244483e24b72f03d8bf7d242f64a5d8ca,F-CUT-004,tasks/features/F-CUT-004.md,EXCLUDED_NON_CODE,decision,docs(cutover): 回写P4机器合同通过
codex/f-cut-001-matrices,644816f244483e24b72f03d8bf7d242f64a5d8ca,F-CUT-004,-,NO_NET_CODE_CHANGE,decision,docs(cutover): 回写P4机器合同通过
codex/f-cut-001-matrices,55087b962165a6a0379641c452987ed05b73da6b,F-CUT-004,specs/features/F-CUT-004-p4-cutover-plan-authoring.md,EXCLUDED_NON_CODE,decision,docs(cutover): 基线化P4方案Feature
codex/f-cut-001-matrices,55087b962165a6a0379641c452987ed05b73da6b,F-CUT-004,specs/features/README.md,EXCLUDED_NON_CODE,decision,docs(cutover): 基线化P4方案Feature
codex/f-cut-001-matrices,55087b962165a6a0379641c452987ed05b73da6b,F-CUT-004,tasks/features/F-CUT-004.md,EXCLUDED_NON_CODE,decision,docs(cutover): 基线化P4方案Feature
codex/f-cut-001-matrices,55087b962165a6a0379641c452987ed05b73da6b,F-CUT-004,-,NO_NET_CODE_CHANGE,decision,docs(cutover): 基线化P4方案Feature
codex/f-cut-001-matrices,90e181bb0258082d07609baeffc3988cda9537d2,F-CUT-004,docs/superpowers/plans/2026-09-01-f-cut-004-p4-cutover-plan-authoring.md,EXCLUDED_NON_CODE,decision,docs(cutover): 制定P4方案实施计划
codex/f-cut-001-matrices,90e181bb0258082d07609baeffc3988cda9537d2,F-CUT-004,specs/features/F-CUT-004-p4-cutover-plan-authoring.md,EXCLUDED_NON_CODE,decision,docs(cutover): 制定P4方案实施计划
codex/f-cut-001-matrices,90e181bb0258082d07609baeffc3988cda9537d2,F-CUT-004,tasks/features/F-CUT-004.md,EXCLUDED_NON_CODE,decision,docs(cutover): 制定P4方案实施计划
codex/f-cut-001-matrices,90e181bb0258082d07609baeffc3988cda9537d2,F-CUT-004,-,NO_NET_CODE_CHANGE,decision,docs(cutover): 制定P4方案实施计划
codex/f-cut-001-matrices,9ef7545d9fabe7ff3f839988295c95c9fef4744d,F-CUT-004,docs/superpowers/plans/2026-09-01-f-cut-004-p4-cutover-plan-authoring.md,EXCLUDED_NON_CODE,decision,docs(cutover): 改为P4正向闭环实施顺序
codex/f-cut-001-matrices,9ef7545d9fabe7ff3f839988295c95c9fef4744d,F-CUT-004,-,NO_NET_CODE_CHANGE,decision,docs(cutover): 改为P4正向闭环实施顺序
codex/f-cut-001-matrices,7b92358b380350051a3797d73b5f044275500b5a,F-CUT-004,docs/traceability/requirement-matrix.md,EXCLUDED_NON_CODE,decision,docs(cutover): 回写P4方案计划通过
codex/f-cut-001-matrices,7b92358b380350051a3797d73b5f044275500b5a,F-CUT-004,docs/traceability/requirement-version-coverage.json,EXCLUDED_NON_CODE,decision,docs(cutover): 回写P4方案计划通过
codex/f-cut-001-matrices,7b92358b380350051a3797d73b5f044275500b5a,F-CUT-004,specs/features/README.md,EXCLUDED_NON_CODE,decision,docs(cutover): 回写P4方案计划通过
codex/f-cut-001-matrices,7b92358b380350051a3797d73b5f044275500b5a,F-CUT-004,tasks/features/F-CUT-004.md,EXCLUDED_NON_CODE,decision,docs(cutover): 回写P4方案计划通过
codex/f-cut-001-matrices,7b92358b380350051a3797d73b5f044275500b5a,F-CUT-004,-,NO_NET_CODE_CHANGE,decision,docs(cutover): 回写P4方案计划通过
codex/f-cut-001-matrices,38fd6cfd2c9e7e23fb132562ea293da68c3e96f8,F-CUT-004,tasks/features/F-CUT-004.md,EXCLUDED_NON_CODE,decision,feat(cutover): 预留割接审批事实合同
codex/f-cut-001-matrices,38fd6cfd2c9e7e23fb132562ea293da68c3e96f8,F-CUT-001,-,NO_NET_CODE_CHANGE,decision,feat(cutover): 预留割接审批事实合同
codex/f-cut-001-matrices,82164e22f01f631019175d10804855eb254ace84,F-CUT-004,tasks/features/F-CUT-004.md,EXCLUDED_NON_CODE,decision,docs(cutover): 回写审批合同任务通过
codex/f-cut-001-matrices,82164e22f01f631019175d10804855eb254ace84,F-CUT-001,-,NO_NET_CODE_CHANGE,decision,docs(cutover): 回写审批合同任务通过
codex/f-cut-001-matrices,e2fa3cdd8440fed5e762e0e557771661eca4b510,F-CUT-004,tasks/features/F-CUT-004.md,EXCLUDED_NON_CODE,decision,feat(cutover): 建立P4方案物理基础
codex/f-cut-001-matrices,e2fa3cdd8440fed5e762e0e557771661eca4b510,F-CUT-004,sql/migrations/V211__received_fcut004_p4_cutover_plan.sql,APPLIED_MIGRATION_RENUMBERED,decision,V150 -> V211
codex/f-cut-001-matrices,e2fa3cdd8440fed5e762e0e557771661eca4b510,F-CUT-004,sql/migrations/V211__received_fcut004_p4_cutover_plan.sql,APPLIED_CODE,decision,feat(cutover): 建立P4方案物理基础
codex/f-cut-001-matrices,ddda602faadc72b6726ad20902b313acc84adc10,F-CUT-004,sql/migrations/V211__received_fcut004_p4_cutover_plan.sql,APPLIED_CODE,decision,fix(cutover): 收紧P4方案空值约束
codex/f-cut-001-matrices,627835ad9c4a10deda1a70cbcd64590c56dcc3b4,F-CUT-004,tasks/features/F-CUT-004.md,EXCLUDED_NON_CODE,decision,docs(cutover): 回写P4物理基础通过
codex/f-cut-001-matrices,627835ad9c4a10deda1a70cbcd64590c56dcc3b4,F-CUT-004,-,NO_NET_CODE_CHANGE,decision,docs(cutover): 回写P4物理基础通过
codex/f-cut-001-matrices,3a32c4f7435accb061d99dc2fa98bce3af33a99b,F-CUT-004,tasks/features/F-CUT-004.md,EXCLUDED_NON_CODE,decision,feat(cutover): 建立P4方案内容消费模型
codex/f-cut-001-matrices,3a32c4f7435accb061d99dc2fa98bce3af33a99b,F-CUT-004,-,NO_NET_CODE_CHANGE,decision,feat(cutover): 建立P4方案内容消费模型
codex/f-cut-001-matrices,6672440033ee22b5836739ef15611196f3509ccc,UNMAPPED,docs/engineering/independent-adjudicator-role-and-review-rules.md,EXCLUDED_NON_CODE,decision,docs: 收紧裁决负向测试禁令
codex/f-cut-001-matrices,6672440033ee22b5836739ef15611196f3509ccc,UNMAPPED,-,NO_NET_CODE_CHANGE,decision,docs: 收紧裁决负向测试禁令
codex/f-cut-001-matrices,b6ca8f7172e14878d630f643fae65240b7a64122,F-CUT-004,specs/features/F-CUT-004-api-contract.json,EXCLUDED_NON_CODE,decision,fix(cutover): 分离P4草稿与提交完整性
codex/f-cut-001-matrices,b6ca8f7172e14878d630f643fae65240b7a64122,F-CUT-004,specs/features/F-CUT-004-physical-contract.json,EXCLUDED_NON_CODE,decision,fix(cutover): 分离P4草稿与提交完整性
codex/f-cut-001-matrices,b6ca8f7172e14878d630f643fae65240b7a64122,F-CUT-004,tasks/features/F-CUT-004.md,EXCLUDED_NON_CODE,decision,fix(cutover): 分离P4草稿与提交完整性
codex/f-cut-001-matrices,b6ca8f7172e14878d630f643fae65240b7a64122,F-CUT-004,-,NO_NET_CODE_CHANGE,decision,fix(cutover): 分离P4草稿与提交完整性
codex/f-cut-001-matrices,d30544d111e06aafb6733f09d140b9de95a5705d,F-CUT-004,tasks/features/F-CUT-004.md,EXCLUDED_NON_CODE,decision,docs(cutover): 回写P4内容模型通过
codex/f-cut-001-matrices,d30544d111e06aafb6733f09d140b9de95a5705d,F-CUT-004,-,NO_NET_CODE_CHANGE,decision,docs(cutover): 回写P4内容模型通过
codex/f-cut-001-matrices,b903e730cd422f27515b127c1885810a8ea5c191,F-CUT-004,docs/design/10-api-design.md,EXCLUDED_NON_CODE,decision,docs(cutover): 补齐P4草稿可执行合同
codex/f-cut-001-matrices,b903e730cd422f27515b127c1885810a8ea5c191,F-CUT-004,specs/features/F-CUT-004-api-contract.json,EXCLUDED_NON_CODE,decision,docs(cutover): 补齐P4草稿可执行合同
codex/f-cut-001-matrices,b903e730cd422f27515b127c1885810a8ea5c191,F-CUT-004,specs/features/F-CUT-004-p4-cutover-plan-authoring.md,EXCLUDED_NON_CODE,decision,docs(cutover): 补齐P4草稿可执行合同
codex/f-cut-001-matrices,b903e730cd422f27515b127c1885810a8ea5c191,F-CUT-004,specs/features/F-CUT-004-physical-contract.json,EXCLUDED_NON_CODE,decision,docs(cutover): 补齐P4草稿可执行合同
codex/f-cut-001-matrices,b903e730cd422f27515b127c1885810a8ea5c191,F-CUT-004,tasks/features/F-CUT-004.md,EXCLUDED_NON_CODE,decision,docs(cutover): 补齐P4草稿可执行合同
codex/f-cut-001-matrices,b903e730cd422f27515b127c1885810a8ea5c191,F-CUT-004,-,NO_NET_CODE_CHANGE,decision,docs(cutover): 补齐P4草稿可执行合同
codex/f-cut-001-matrices,94157db221b994552189f29a7a11f9756cb51e10,F-CUT-004,docs/design/10-api-design.md,EXCLUDED_NON_CODE,decision,docs(cutover): 闭合P4创建来源陈旧错误
codex/f-cut-001-matrices,94157db221b994552189f29a7a11f9756cb51e10,F-CUT-004,specs/features/F-CUT-004-api-contract.json,EXCLUDED_NON_CODE,decision,docs(cutover): 闭合P4创建来源陈旧错误
codex/f-cut-001-matrices,94157db221b994552189f29a7a11f9756cb51e10,F-CUT-004,tasks/features/F-CUT-004.md,EXCLUDED_NON_CODE,decision,docs(cutover): 闭合P4创建来源陈旧错误
codex/f-cut-001-matrices,94157db221b994552189f29a7a11f9756cb51e10,F-CUT-004,-,NO_NET_CODE_CHANGE,decision,docs(cutover): 闭合P4创建来源陈旧错误
codex/f-cut-001-matrices,952e16482f47952305553252da645963e791ea28,F-CUT-004,tasks/features/F-CUT-004.md,EXCLUDED_NON_CODE,decision,docs(cutover): 回写P4可执行合同通过
codex/f-cut-001-matrices,952e16482f47952305553252da645963e791ea28,F-CUT-004,-,NO_NET_CODE_CHANGE,decision,docs(cutover): 回写P4可执行合同通过
codex/f-cut-001-matrices,e81345864b7d39e28efe5961ec8ae76e4cbc10ab,F-CUT-004,tasks/features/F-CUT-004.md,EXCLUDED_NON_CODE,decision,fix(cutover): 显式布尔化P4阶段迁移检查
codex/f-cut-001-matrices,e81345864b7d39e28efe5961ec8ae76e4cbc10ab,F-CUT-004,-,NO_NET_CODE_CHANGE,decision,fix(cutover): 显式布尔化P4阶段迁移检查
codex/f-cut-001-matrices,6ceaddc27a01ee5ff32c7c50731cac18834d1dde,F-CUT-004,-,NO_NET_CODE_CHANGE,decision,docs(cutover): 回写P4迁移整改通过
codex/f-cut-001-matrices,f3e81acd231c476e754320a2621f0b0c7c320baa,F-CUT-004,tasks/features/F-CUT-004.md,EXCLUDED_NON_CODE,decision,feat(cutover): 建立P4草稿正向闭环
codex/f-cut-001-matrices,f3e81acd231c476e754320a2621f0b0c7c320baa,F-CUT-004,-,NO_NET_CODE_CHANGE,decision,feat(cutover): 建立P4草稿正向闭环
codex/f-cut-001-matrices,b2aba46255a8a7e7c2bc5f1faf499bfa36f1dbaf,F-CUT-004,tasks/features/F-CUT-004.md,EXCLUDED_NON_CODE,decision,fix(cutover): 闭合P4草稿应用审查缺口
codex/f-cut-001-matrices,b2aba46255a8a7e7c2bc5f1faf499bfa36f1dbaf,F-CUT-004,-,NO_NET_CODE_CHANGE,decision,fix(cutover): 闭合P4草稿应用审查缺口
codex/f-cut-001-matrices,c9de3fac88aaa328be34857aae91a07786fe1332,F-CUT-004,tasks/features/F-CUT-004.md,EXCLUDED_NON_CODE,decision,fix(cutover): 收敛P4来源与legacy投影
codex/f-cut-001-matrices,c9de3fac88aaa328be34857aae91a07786fe1332,F-CUT-004,-,NO_NET_CODE_CHANGE,decision,fix(cutover): 收敛P4来源与legacy投影
codex/f-cut-001-matrices,08d98e0b3146f8c5c449b61c67bc016597579146,F-CUT-004,tasks/features/F-CUT-004.md,EXCLUDED_NON_CODE,decision,fix(cutover): 规范P4新平台来源投影
codex/f-cut-001-matrices,08d98e0b3146f8c5c449b61c67bc016597579146,F-CUT-004,-,NO_NET_CODE_CHANGE,decision,fix(cutover): 规范P4新平台来源投影
codex/f-cut-001-matrices,f7980df3be167a22019d7eee7a9f065c56b03ad5,F-CUT-004,tasks/features/F-CUT-004.md,EXCLUDED_NON_CODE,decision,docs(cutover): 回写P4草稿应用门禁通过
codex/f-cut-001-matrices,f7980df3be167a22019d7eee7a9f065c56b03ad5,F-CUT-004,-,NO_NET_CODE_CHANGE,decision,docs(cutover): 回写P4草稿应用门禁通过
codex/f-cut-001-matrices,bd4ead05eb83c62d25999af830d5928ad2a22c47,F-CUT-004,-,NO_NET_CODE_CHANGE,decision,feat(cutover): 实现P4初稿下载闭环
codex/f-cut-001-matrices,a9b87b4782317a5e164eb239a205a81491a4ee00,F-CUT-005,-,NO_NET_CODE_CHANGE,decision,feat(cutover): 实现P4方案提交至P5
codex/f-cut-001-matrices,fe50aaf9ab9903e49589db88fb15c368a96c58b0,F-CUT-005,-,NO_NET_CODE_CHANGE,decision,feat(cutover): 实现P5来源失效回退
codex/f-cut-001-matrices,5222816e2d9bbaac4da276276e67476b2fcd19ae,F-CUT-004,tasks/features/F-CUT-004.md,EXCLUDED_NON_CODE,decision,docs(cutover): 记录Task 5实现候选
codex/f-cut-001-matrices,5222816e2d9bbaac4da276276e67476b2fcd19ae,F-CUT-001,-,NO_NET_CODE_CHANGE,decision,docs(cutover): 记录Task 5实现候选
codex/f-cut-001-matrices,d559c02cdad024b18abeb2db8b29d8288c98cf08,F-CUT-004,-,NO_NET_CODE_CHANGE,decision,fix(cutover): 锁定重验P4初稿来源
codex/f-cut-001-matrices,221f8d54e5c728f458d9188164c10bf3ecf50f94,F-CUT-004,tasks/features/F-CUT-004.md,EXCLUDED_NON_CODE,decision,docs(cutover): 回写Task 5门禁通过
codex/f-cut-001-matrices,221f8d54e5c728f458d9188164c10bf3ecf50f94,F-CUT-001,-,NO_NET_CODE_CHANGE,decision,docs(cutover): 回写Task 5门禁通过
codex/f-cut-001-matrices,937cacc6baecad7a0188b18f101dcb0d43ff1c3b,F-CUT-001,docs/decisions/open-questions.md,EXCLUDED_NON_CODE,decision,docs(cutover): 锁定职责变化实施边界
codex/f-cut-001-matrices,937cacc6baecad7a0188b18f101dcb0d43ff1c3b,F-CUT-001,docs/design/05-state-machine.md,EXCLUDED_NON_CODE,decision,docs(cutover): 锁定职责变化实施边界
codex/f-cut-001-matrices,937cacc6baecad7a0188b18f101dcb0d43ff1c3b,F-CUT-001,docs/design/10-api-design.md,EXCLUDED_NON_CODE,decision,docs(cutover): 锁定职责变化实施边界
codex/f-cut-001-matrices,937cacc6baecad7a0188b18f101dcb0d43ff1c3b,F-CUT-004,docs/superpowers/plans/2026-09-01-f-cut-004-p4-cutover-plan-authoring.md,EXCLUDED_NON_CODE,decision,docs(cutover): 锁定职责变化实施边界
codex/f-cut-001-matrices,937cacc6baecad7a0188b18f101dcb0d43ff1c3b,F-CUT-004,specs/features/F-CUT-004-api-contract.json,EXCLUDED_NON_CODE,decision,docs(cutover): 锁定职责变化实施边界
codex/f-cut-001-matrices,937cacc6baecad7a0188b18f101dcb0d43ff1c3b,F-CUT-004,tasks/features/F-CUT-004.md,EXCLUDED_NON_CODE,decision,docs(cutover): 锁定职责变化实施边界
codex/f-cut-001-matrices,937cacc6baecad7a0188b18f101dcb0d43ff1c3b,F-CUT-001,-,NO_NET_CODE_CHANGE,decision,docs(cutover): 锁定职责变化实施边界
codex/f-cut-001-matrices,6a1a362d65190acdb7b3f6c3a72ec4440192b631,F-CUT-001,-,NO_NET_CODE_CHANGE,decision,docs(cutover): 对齐Task 6职责变化阻断
codex/f-cut-001-matrices,d4a827c0149f32b6f4e1d0a265ed77de5ad97e77,F-CUT-001,-,NO_NET_CODE_CHANGE,decision,feat(cutover): 实现方案修订与联系人变更
codex/f-cut-001-matrices,c6c295cb56f8c4ee4929e4d1acf4103824d34ab0,F-CUT-004,tasks/features/F-CUT-004.md,EXCLUDED_NON_CODE,decision,fix(cutover): 重建修订草稿来源投影
codex/f-cut-001-matrices,c6c295cb56f8c4ee4929e4d1acf4103824d34ab0,F-CUT-001,-,NO_NET_CODE_CHANGE,decision,fix(cutover): 重建修订草稿来源投影
codex/f-cut-001-matrices,a075c37d83d2d7a7894cc5fb8141fab324109bbc,F-CUT-004,tasks/features/F-CUT-004.md,EXCLUDED_NON_CODE,decision,docs(cutover): 回写Task 6门禁通过
codex/f-cut-001-matrices,a075c37d83d2d7a7894cc5fb8141fab324109bbc,F-CUT-001,-,NO_NET_CODE_CHANGE,decision,docs(cutover): 回写Task 6门禁通过
codex/f-cut-001-matrices,e38aaa8aad4d9e7d8b9d8af362c0dc1758155a34,F-CUT-004,tasks/features/F-CUT-004.md,EXCLUDED_NON_CODE,decision,feat(cutover): 实现P4方案七路由候选
codex/f-cut-001-matrices,e38aaa8aad4d9e7d8b9d8af362c0dc1758155a34,F-CUT-004,-,NO_NET_CODE_CHANGE,decision,feat(cutover): 实现P4方案七路由候选
codex/f-cut-001-matrices,7c0cba236053c32a1d50e1747152c28c1502d331,F-CUT-004,tasks/features/F-CUT-004.md,EXCLUDED_NON_CODE,decision,fix(cutover): 收敛P4方案REST机器合同
codex/f-cut-001-matrices,7c0cba236053c32a1d50e1747152c28c1502d331,F-CUT-004,-,NO_NET_CODE_CHANGE,decision,fix(cutover): 收敛P4方案REST机器合同
codex/f-cut-001-matrices,359be6bd75c59cff641704e6521f179c3decff09,F-CUT-004,tasks/features/F-CUT-004.md,EXCLUDED_NON_CODE,decision,fix(cutover): 修正P4方案Owner错误分轴
codex/f-cut-001-matrices,359be6bd75c59cff641704e6521f179c3decff09,F-CUT-004,-,NO_NET_CODE_CHANGE,decision,fix(cutover): 修正P4方案Owner错误分轴
codex/f-cut-001-matrices,403d80e0c2d54b7dc0ee6e6f9367509f09e3ce56,F-CUT-004,tasks/features/F-CUT-004.md,EXCLUDED_NON_CODE,decision,docs(cutover): 回写Task 7门禁通过
codex/f-cut-001-matrices,403d80e0c2d54b7dc0ee6e6f9367509f09e3ce56,F-CUT-001,-,NO_NET_CODE_CHANGE,decision,docs(cutover): 回写Task 7门禁通过
codex/f-cut-001-matrices,40dfd80c61daf6bf128baa38f2a936ef6762822a,F-CUT-004,tasks/features/F-CUT-004.md,EXCLUDED_NON_CODE,decision,feat(cutover): 实现旧方案前向核对
codex/f-cut-001-matrices,40dfd80c61daf6bf128baa38f2a936ef6762822a,UNMAPPED,sql/migrations/V151__fcut004_legacy_plan_job.sql,NOOP_MIGRATION_EXACT,decision,sql/migrations/V182__fcut004_legacy_plan_job.sql
codex/f-cut-001-matrices,40dfd80c61daf6bf128baa38f2a936ef6762822a,F-CUT-001,-,NO_NET_CODE_CHANGE,decision,feat(cutover): 实现旧方案前向核对
codex/f-cut-001-matrices,258549d819ba8cbe791baa361e44ae4b6fe35763,F-CUT-001,-,NO_NET_CODE_CHANGE,decision,fix(cutover): 闭合旧方案目标映射身份
codex/f-cut-001-matrices,dee5424133f23f670c21e32fca0e0f031bb51c4e,F-CUT-004,tasks/features/F-CUT-004.md,EXCLUDED_NON_CODE,decision,docs(cutover): 回写Task 8门禁通过
codex/f-cut-001-matrices,dee5424133f23f670c21e32fca0e0f031bb51c4e,F-CUT-001,-,NO_NET_CODE_CHANGE,decision,docs(cutover): 回写Task 8门禁通过
codex/f-cut-001-matrices,5fee04d10cf3522f00ee056220fac7a1110d8682,F-CUT-004,-,NO_NET_CODE_CHANGE,decision,feat(cutover): project plan allowed actions
codex/f-cut-001-matrices,4734752e7e74d7adac9fdef4e8831c2348ffa022,F-CUT-004,tasks/features/F-CUT-004.md,EXCLUDED_NON_CODE,decision,feat(cutover): add P4 plan workbench
codex/f-cut-001-matrices,4734752e7e74d7adac9fdef4e8831c2348ffa022,F-CUT-004,-,NO_NET_CODE_CHANGE,decision,feat(cutover): add P4 plan workbench
codex/f-cut-001-matrices,b51963ff56ee63fddf9dd267201af5e0e6c72124,F-CUT-004,-,NO_NET_CODE_CHANGE,decision,fix(cutover): complete plan workbench flows
codex/f-cut-001-matrices,65f5ee5fa1dd6607d31209521239422f84370800,F-CUT-004,tasks/features/F-CUT-004.md,EXCLUDED_NON_CODE,decision,docs(cutover): 回写Task 9门禁通过
codex/f-cut-001-matrices,65f5ee5fa1dd6607d31209521239422f84370800,F-CUT-001,-,NO_NET_CODE_CHANGE,decision,docs(cutover): 回写Task 9门禁通过
codex/f-cut-001-matrices,501cae2a11de9f8b16e6b6597a1cd4edf6a41f81,F-CUT-004,tasks/features/F-CUT-004.md,EXCLUDED_NON_CODE,decision,feat(cutover): seed plan workbench metadata
codex/f-cut-001-matrices,501cae2a11de9f8b16e6b6597a1cd4edf6a41f81,UNMAPPED,sql/migrations/V152__fcut004_plan_seed.sql,NOOP_MIGRATION_EXACT,decision,sql/migrations/V183__fcut004_plan_seed.sql
codex/f-cut-001-matrices,501cae2a11de9f8b16e6b6597a1cd4edf6a41f81,F-CUT-004,pms-module-cutover/src/test/java/cn/iocoder/yudao/module/pms/cutover/migration/Fcut004MigrationContractTest.java,APPLIED_CODE,decision,feat(cutover): seed plan workbench metadata
codex/f-cut-001-matrices,15f5fc8e5de4691c24890c8db6b5ad7098b548e7,F-CUT-004,tasks/features/F-CUT-004.md,EXCLUDED_NON_CODE,decision,docs(cutover): 回写Task 10门禁通过
codex/f-cut-001-matrices,15f5fc8e5de4691c24890c8db6b5ad7098b548e7,F-CUT-001,-,NO_NET_CODE_CHANGE,decision,docs(cutover): 回写Task 10门禁通过
codex/f-cut-001-matrices,1b461a54a6aa38a07d9d34e2b37436632fb15590,F-CUT-004,tasks/features/F-CUT-004.md,EXCLUDED_NON_CODE,decision,test(cutover): cover controlled plan loops
codex/f-cut-001-matrices,1b461a54a6aa38a07d9d34e2b37436632fb15590,F-CUT-004,-,NO_NET_CODE_CHANGE,decision,test(cutover): cover controlled plan loops
codex/f-cut-001-matrices,0e9065fae76513a2746f3670ddf5f40536c9bef2,F-CUT-004,tasks/features/F-CUT-004.md,EXCLUDED_NON_CODE,decision,test(cutover): verify rejected plan replacement
codex/f-cut-001-matrices,0e9065fae76513a2746f3670ddf5f40536c9bef2,F-CUT-004,-,NO_NET_CODE_CHANGE,decision,test(cutover): verify rejected plan replacement
codex/f-cut-001-matrices,b058edb3d0540163d6d020cc3564189fdeb2601e,F-CUT-004,tasks/features/F-CUT-004.md,EXCLUDED_NON_CODE,decision,docs(cutover): 回写Task 11受控闭环
codex/f-cut-001-matrices,b058edb3d0540163d6d020cc3564189fdeb2601e,F-CUT-001,-,NO_NET_CODE_CHANGE,decision,docs(cutover): 回写Task 11受控闭环
codex/f-cut-001-matrices,f4ecbfdd72362732cb0673d223633906b4e4c411,F-CUT-001,-,NO_NET_CODE_CHANGE,decision,docs(cutover): 记录Task 12依赖阻断
codex/f-cut-001-matrices,5e3ce44c98b8968be6d9dbd5f98f1d2a3b36494d,F-CUT-005,docs/design/02d-cross-context-contracts.md,EXCLUDED_NON_CODE,decision,docs(cutover): 建立P5分级审批规格候选
codex/f-cut-001-matrices,5e3ce44c98b8968be6d9dbd5f98f1d2a3b36494d,F-CUT-005,docs/design/05-state-machine.md,EXCLUDED_NON_CODE,decision,docs(cutover): 建立P5分级审批规格候选
codex/f-cut-001-matrices,5e3ce44c98b8968be6d9dbd5f98f1d2a3b36494d,F-CUT-005,docs/design/06-workflow-design.md,EXCLUDED_NON_CODE,decision,docs(cutover): 建立P5分级审批规格候选
codex/f-cut-001-matrices,5e3ce44c98b8968be6d9dbd5f98f1d2a3b36494d,F-CUT-005,docs/design/07-authorization-design.md,EXCLUDED_NON_CODE,decision,docs(cutover): 建立P5分级审批规格候选
codex/f-cut-001-matrices,5e3ce44c98b8968be6d9dbd5f98f1d2a3b36494d,F-CUT-005,docs/design/08-data-model.md,EXCLUDED_NON_CODE,decision,docs(cutover): 建立P5分级审批规格候选
codex/f-cut-001-matrices,5e3ce44c98b8968be6d9dbd5f98f1d2a3b36494d,F-CUT-005,docs/design/09-database-design.md,EXCLUDED_NON_CODE,decision,docs(cutover): 建立P5分级审批规格候选
codex/f-cut-001-matrices,5e3ce44c98b8968be6d9dbd5f98f1d2a3b36494d,F-CUT-005,docs/design/10-api-design.md,EXCLUDED_NON_CODE,decision,docs(cutover): 建立P5分级审批规格候选
codex/f-cut-001-matrices,5e3ce44c98b8968be6d9dbd5f98f1d2a3b36494d,F-CUT-005,docs/design/11-event-design.md,EXCLUDED_NON_CODE,decision,docs(cutover): 建立P5分级审批规格候选
codex/f-cut-001-matrices,5e3ce44c98b8968be6d9dbd5f98f1d2a3b36494d,F-CUT-005,docs/design/15-cache-and-concurrency.md,EXCLUDED_NON_CODE,decision,docs(cutover): 建立P5分级审批规格候选
codex/f-cut-001-matrices,5e3ce44c98b8968be6d9dbd5f98f1d2a3b36494d,F-CUT-005,docs/design/16-exception-and-idempotency.md,EXCLUDED_NON_CODE,decision,docs(cutover): 建立P5分级审批规格候选
codex/f-cut-001-matrices,5e3ce44c98b8968be6d9dbd5f98f1d2a3b36494d,F-CUT-005,docs/traceability/requirement-matrix.md,EXCLUDED_NON_CODE,decision,docs(cutover): 建立P5分级审批规格候选
codex/f-cut-001-matrices,5e3ce44c98b8968be6d9dbd5f98f1d2a3b36494d,F-CUT-005,docs/traceability/requirement-version-coverage.json,EXCLUDED_NON_CODE,decision,docs(cutover): 建立P5分级审批规格候选
codex/f-cut-001-matrices,5e3ce44c98b8968be6d9dbd5f98f1d2a3b36494d,F-CUT-005,specs/features/F-CUT-005-api-contract.json,EXCLUDED_NON_CODE,decision,docs(cutover): 建立P5分级审批规格候选
codex/f-cut-001-matrices,5e3ce44c98b8968be6d9dbd5f98f1d2a3b36494d,F-CUT-005,specs/features/F-CUT-005-approval-owner-contract.json,EXCLUDED_NON_CODE,decision,docs(cutover): 建立P5分级审批规格候选
codex/f-cut-001-matrices,5e3ce44c98b8968be6d9dbd5f98f1d2a3b36494d,F-CUT-005,specs/features/F-CUT-005-candidate-owner-contract.json,EXCLUDED_NON_CODE,decision,docs(cutover): 建立P5分级审批规格候选
codex/f-cut-001-matrices,5e3ce44c98b8968be6d9dbd5f98f1d2a3b36494d,F-CUT-005,specs/features/F-CUT-005-p5-graded-approval.md,EXCLUDED_NON_CODE,decision,docs(cutover): 建立P5分级审批规格候选
codex/f-cut-001-matrices,5e3ce44c98b8968be6d9dbd5f98f1d2a3b36494d,F-CUT-005,specs/features/F-CUT-005-physical-contract.json,EXCLUDED_NON_CODE,decision,docs(cutover): 建立P5分级审批规格候选
codex/f-cut-001-matrices,5e3ce44c98b8968be6d9dbd5f98f1d2a3b36494d,F-CUT-005,specs/features/README.md,EXCLUDED_NON_CODE,decision,docs(cutover): 建立P5分级审批规格候选
codex/f-cut-001-matrices,5e3ce44c98b8968be6d9dbd5f98f1d2a3b36494d,F-CUT-005,tasks/features/F-CUT-005.md,EXCLUDED_NON_CODE,decision,docs(cutover): 建立P5分级审批规格候选
codex/f-cut-001-matrices,5e3ce44c98b8968be6d9dbd5f98f1d2a3b36494d,F-CUT-005,-,NO_NET_CODE_CHANGE,decision,docs(cutover): 建立P5分级审批规格候选
codex/f-cut-001-matrices,2efad8cee892b1d1c7f2eedb03ff4d61baba999b,F-CUT-005,docs/design/02d-cross-context-contracts.md,EXCLUDED_NON_CODE,decision,docs(cutover): 收敛P5审批机器合同
codex/f-cut-001-matrices,2efad8cee892b1d1c7f2eedb03ff4d61baba999b,F-CUT-005,docs/design/07-authorization-design.md,EXCLUDED_NON_CODE,decision,docs(cutover): 收敛P5审批机器合同
codex/f-cut-001-matrices,2efad8cee892b1d1c7f2eedb03ff4d61baba999b,F-CUT-005,docs/design/09-database-design.md,EXCLUDED_NON_CODE,decision,docs(cutover): 收敛P5审批机器合同
codex/f-cut-001-matrices,2efad8cee892b1d1c7f2eedb03ff4d61baba999b,F-CUT-005,docs/design/10-api-design.md,EXCLUDED_NON_CODE,decision,docs(cutover): 收敛P5审批机器合同
codex/f-cut-001-matrices,2efad8cee892b1d1c7f2eedb03ff4d61baba999b,F-CUT-005,docs/design/11-event-design.md,EXCLUDED_NON_CODE,decision,docs(cutover): 收敛P5审批机器合同
codex/f-cut-001-matrices,2efad8cee892b1d1c7f2eedb03ff4d61baba999b,F-CUT-005,docs/design/15-cache-and-concurrency.md,EXCLUDED_NON_CODE,decision,docs(cutover): 收敛P5审批机器合同
codex/f-cut-001-matrices,2efad8cee892b1d1c7f2eedb03ff4d61baba999b,F-CUT-005,docs/design/16-exception-and-idempotency.md,EXCLUDED_NON_CODE,decision,docs(cutover): 收敛P5审批机器合同
codex/f-cut-001-matrices,2efad8cee892b1d1c7f2eedb03ff4d61baba999b,F-CUT-005,specs/features/F-CUT-005-api-contract.json,EXCLUDED_NON_CODE,decision,docs(cutover): 收敛P5审批机器合同
codex/f-cut-001-matrices,2efad8cee892b1d1c7f2eedb03ff4d61baba999b,F-CUT-005,specs/features/F-CUT-005-approval-owner-contract.json,EXCLUDED_NON_CODE,decision,docs(cutover): 收敛P5审批机器合同
codex/f-cut-001-matrices,2efad8cee892b1d1c7f2eedb03ff4d61baba999b,F-CUT-005,specs/features/F-CUT-005-p5-graded-approval.md,EXCLUDED_NON_CODE,decision,docs(cutover): 收敛P5审批机器合同
codex/f-cut-001-matrices,2efad8cee892b1d1c7f2eedb03ff4d61baba999b,F-CUT-005,specs/features/F-CUT-005-physical-contract.json,EXCLUDED_NON_CODE,decision,docs(cutover): 收敛P5审批机器合同
codex/f-cut-001-matrices,2efad8cee892b1d1c7f2eedb03ff4d61baba999b,F-CUT-005,tasks/features/F-CUT-005.md,EXCLUDED_NON_CODE,decision,docs(cutover): 收敛P5审批机器合同
codex/f-cut-001-matrices,2efad8cee892b1d1c7f2eedb03ff4d61baba999b,F-CUT-005,-,NO_NET_CODE_CHANGE,decision,docs(cutover): 收敛P5审批机器合同
codex/f-cut-001-matrices,2e3fdba3b795da153da3ab332b9eb0cb15c2cf14,F-CUT-005,docs/design/07-authorization-design.md,EXCLUDED_NON_CODE,decision,docs(cutover): 补齐P5改派投影
codex/f-cut-001-matrices,2e3fdba3b795da153da3ab332b9eb0cb15c2cf14,F-CUT-005,docs/design/10-api-design.md,EXCLUDED_NON_CODE,decision,docs(cutover): 补齐P5改派投影
codex/f-cut-001-matrices,2e3fdba3b795da153da3ab332b9eb0cb15c2cf14,F-CUT-005,tasks/features/F-CUT-005.md,EXCLUDED_NON_CODE,decision,docs(cutover): 补齐P5改派投影
codex/f-cut-001-matrices,2e3fdba3b795da153da3ab332b9eb0cb15c2cf14,F-CUT-005,-,NO_NET_CODE_CHANGE,decision,docs(cutover): 补齐P5改派投影
codex/f-cut-001-matrices,5c49bbb52570a3d8907e05205688cf580b952c69,F-CUT-005,specs/features/README.md,EXCLUDED_NON_CODE,decision,docs(cutover): 回写P5审批Ready状态
codex/f-cut-001-matrices,5c49bbb52570a3d8907e05205688cf580b952c69,F-CUT-005,tasks/features/F-CUT-005.md,EXCLUDED_NON_CODE,decision,docs(cutover): 回写P5审批Ready状态
codex/f-cut-001-matrices,5c49bbb52570a3d8907e05205688cf580b952c69,F-CUT-005,-,NO_NET_CODE_CHANGE,decision,docs(cutover): 回写P5审批Ready状态
codex/f-cut-001-matrices,1a45569ff663a59317d6454dd468725faebd99f5,F-CUT-005,docs/superpowers/plans/2026-09-01-f-cut-005-p5-graded-approval.md,EXCLUDED_NON_CODE,decision,docs(cutover): 制定P5审批技术计划
codex/f-cut-001-matrices,1a45569ff663a59317d6454dd468725faebd99f5,F-CUT-005,specs/features/F-CUT-005-p5-graded-approval.md,EXCLUDED_NON_CODE,decision,docs(cutover): 制定P5审批技术计划
codex/f-cut-001-matrices,1a45569ff663a59317d6454dd468725faebd99f5,F-CUT-005,tasks/features/F-CUT-005.md,EXCLUDED_NON_CODE,decision,docs(cutover): 制定P5审批技术计划
codex/f-cut-001-matrices,1a45569ff663a59317d6454dd468725faebd99f5,F-CUT-005,-,NO_NET_CODE_CHANGE,decision,docs(cutover): 制定P5审批技术计划
codex/f-cut-001-matrices,d990c205568db636f8596949bd6ffd1d8280768a,F-CUT-005,docs/superpowers/plans/2026-09-01-f-cut-005-p5-graded-approval.md,EXCLUDED_NON_CODE,decision,docs(cutover): 修正P5审批计划依赖
codex/f-cut-001-matrices,d990c205568db636f8596949bd6ffd1d8280768a,F-CUT-005,tasks/features/F-CUT-005.md,EXCLUDED_NON_CODE,decision,docs(cutover): 修正P5审批计划依赖
codex/f-cut-001-matrices,d990c205568db636f8596949bd6ffd1d8280768a,F-CUT-005,-,NO_NET_CODE_CHANGE,decision,docs(cutover): 修正P5审批计划依赖
codex/f-cut-001-matrices,912d0cdbf4db3bb461ebf0b044fdaa1fa9aebfca,F-CUT-005,-,NO_NET_CODE_CHANGE,decision,docs(cutover): 对齐P5审批Owner合同
codex/f-cut-001-matrices,121c9d9fd0aa079c7a8409ef3b43d52f9aadadea,F-CUT-005,tasks/features/F-CUT-005.md,EXCLUDED_NON_CODE,decision,docs(cutover): 回写P5审批计划Gate
codex/f-cut-001-matrices,121c9d9fd0aa079c7a8409ef3b43d52f9aadadea,F-CUT-005,-,NO_NET_CODE_CHANGE,decision,docs(cutover): 回写P5审批计划Gate
codex/f-cut-001-matrices,b78120e99f21a7fe650715d953d8dbec617ee92e,F-CUT-005,docs/traceability/requirement-matrix.md,EXCLUDED_NON_CODE,decision,feat(cutover): 建立P5审批领域合同
codex/f-cut-001-matrices,b78120e99f21a7fe650715d953d8dbec617ee92e,F-CUT-005,docs/traceability/requirement-version-coverage.json,EXCLUDED_NON_CODE,decision,feat(cutover): 建立P5审批领域合同
codex/f-cut-001-matrices,b78120e99f21a7fe650715d953d8dbec617ee92e,F-CUT-005,tasks/features/F-CUT-005.md,EXCLUDED_NON_CODE,decision,feat(cutover): 建立P5审批领域合同
codex/f-cut-001-matrices,b78120e99f21a7fe650715d953d8dbec617ee92e,F-CUT-005,-,NO_NET_CODE_CHANGE,decision,feat(cutover): 建立P5审批领域合同
codex/f-cut-001-matrices,e6dac9fe14ad6fade916b8ca18c2464560ea19a6,F-CUT-005,-,NO_NET_CODE_CHANGE,decision,fix(cutover): 收敛P5快照身份校验
codex/f-cut-001-matrices,c9ba7a869212533a1e813bebf65ba52a3dbaa200,F-CUT-005,tasks/features/F-CUT-005.md,EXCLUDED_NON_CODE,decision,docs(cutover): 回写P5审批Task1 Gate
codex/f-cut-001-matrices,c9ba7a869212533a1e813bebf65ba52a3dbaa200,F-CUT-005,-,NO_NET_CODE_CHANGE,decision,docs(cutover): 回写P5审批Task1 Gate
codex/f-cut-001-matrices,73a4f4aba31c8d674caa323f8446ed2915474aa3,F-CUT-005,tasks/features/F-CUT-005.md,EXCLUDED_NON_CODE,decision,feat(cutover): 建立P5审批物理基础
codex/f-cut-001-matrices,73a4f4aba31c8d674caa323f8446ed2915474aa3,UNMAPPED,sql/migrations/V153__fcut005_p5_graded_approval.sql,NOOP_MIGRATION_EXACT,decision,sql/migrations/V184__fcut005_p5_graded_approval.sql
codex/f-cut-001-matrices,73a4f4aba31c8d674caa323f8446ed2915474aa3,F-CUT-005,-,NO_NET_CODE_CHANGE,decision,feat(cutover): 建立P5审批物理基础
codex/f-cut-001-matrices,367438e602d01b5fbf07232804950cf26ecff52d,F-CUT-005,-,NO_NET_CODE_CHANGE,decision,fix(cutover): 对齐P5审批审计类型与排序
codex/f-cut-001-matrices,85b93828eb041db3b21611edf52b9180b673a5e0,F-CUT-005,tasks/features/F-CUT-005.md,EXCLUDED_NON_CODE,decision,docs(cutover): 回写P5审批Task2 Gate
codex/f-cut-001-matrices,85b93828eb041db3b21611edf52b9180b673a5e0,F-CUT-005,-,NO_NET_CODE_CHANGE,decision,docs(cutover): 回写P5审批Task2 Gate
codex/f-cut-001-matrices,f3177ec606a8f764586e36490d913720847d221c,F-CUT-005,-,NO_NET_CODE_CHANGE,decision,feat(cutover): 实现P5审批启动与事实Provider
codex/f-cut-001-matrices,df406b0c6ec231cc41cd45c7d6b05e7a1d6accb0,F-CUT-005,-,NO_NET_CODE_CHANGE,decision,fix(cutover): 收敛P5审批启动运行契约
codex/f-cut-001-matrices,d3cdd9da3f111cdae3cb2859a0713c17b8872714,F-CUT-005,tasks/features/F-CUT-005.md,EXCLUDED_NON_CODE,decision,docs(cutover): 回写P5审批Task3 Gate
codex/f-cut-001-matrices,d3cdd9da3f111cdae3cb2859a0713c17b8872714,F-CUT-005,-,NO_NET_CODE_CHANGE,decision,docs(cutover): 回写P5审批Task3 Gate
codex/f-cut-001-matrices,8791b4cc169d5a5b8c19212a257c3cb9e56ee88a,F-CUT-005,-,NO_NET_CODE_CHANGE,decision,feat(cutover): 实现P5审批决定闭环
codex/f-cut-001-matrices,3e022c68e8ef04788f29b63373b441344d804197,F-CUT-005,-,NO_NET_CODE_CHANGE,decision,fix(cutover): 收敛P5审批决定运行契约
codex/f-cut-001-matrices,6dae8751bb34a36074cab6515b60bfd4b70beb67,F-CUT-001,-,NO_NET_CODE_CHANGE,decision,fix(cutover): 完成审批候选交集重验
codex/f-cut-001-matrices,f8b4d8e2488afdc15f095b145556fbc11bdc9d08,F-CUT-005,tasks/features/F-CUT-005.md,EXCLUDED_NON_CODE,decision,docs(cutover): 回写P5审批Task4 Gate
codex/f-cut-001-matrices,f8b4d8e2488afdc15f095b145556fbc11bdc9d08,F-CUT-005,-,NO_NET_CODE_CHANGE,decision,docs(cutover): 回写P5审批Task4 Gate
codex/f-cut-001-matrices,d689703262ac196c8fb3e47c7b10d572f5b6d3c6,F-CUT-005,-,NO_NET_CODE_CHANGE,decision,feat(cutover): 实现P5审批查询投影
codex/f-cut-001-matrices,baaabcc4b22b7ae3b226703da41f7da53b7feeb2,F-CUT-005,-,NO_NET_CODE_CHANGE,decision,feat(cutover): 实现P5审批管理员改派
codex/f-cut-001-matrices,0142e01e8240d800e90f3252351199de41752a60,F-CUT-001,-,NO_NET_CODE_CHANGE,decision,fix(cutover): 收敛审批查询与改派一致性
codex/f-cut-001-matrices,c288c2cb300d24feedf09917bc5248f32d8f5eb2,F-CUT-005,tasks/features/F-CUT-005.md,EXCLUDED_NON_CODE,decision,docs(cutover): 回写Task 5审批工作台Gate
codex/f-cut-001-matrices,c288c2cb300d24feedf09917bc5248f32d8f5eb2,F-CUT-001,-,NO_NET_CODE_CHANGE,decision,docs(cutover): 回写Task 5审批工作台Gate
codex/f-cut-001-matrices,2414ac3828adb65f2b9747ce55d6c75b684791e8,F-CUT-001,-,NO_NET_CODE_CHANGE,decision,feat(cutover): 实现审批通知提交后投递
codex/f-cut-001-matrices,e5aff40882a132fed14dea7b7c5ed514bd7fd425,F-CUT-001,-,NO_NET_CODE_CHANGE,decision,fix(cutover): 隔离审批通知Provider事务
codex/f-cut-001-matrices,b03c35937fc0b93472bbb392c096d1c166e7d878,F-CUT-005,tasks/features/F-CUT-005.md,EXCLUDED_NON_CODE,decision,docs(cutover): 回写Task 6通知投递Gate
codex/f-cut-001-matrices,b03c35937fc0b93472bbb392c096d1c166e7d878,F-CUT-001,-,NO_NET_CODE_CHANGE,decision,docs(cutover): 回写Task 6通知投递Gate
codex/f-cut-001-matrices,daee020ba85e8af3ffdcbdeb32ea79f09a23e27a,F-CUT-001,-,NO_NET_CODE_CHANGE,decision,feat(cutover): 实现分级审批六路由REST
codex/f-cut-001-matrices,0f98d5277aa203d2840a6620da331aa88a804f0b,F-CUT-001,-,NO_NET_CODE_CHANGE,decision,fix(cutover): 收敛审批响应与错误合同
codex/f-cut-001-matrices,eefb40eccdcce7b727925b9c6c6f4dc592591e0c,F-CUT-001,-,NO_NET_CODE_CHANGE,decision,fix(cutover): 支持审批决定幂等重放
codex/f-cut-001-matrices,e506126e0a7eba50a96158a5534af009bc7830d3,F-CUT-005,tasks/features/F-CUT-005.md,EXCLUDED_NON_CODE,decision,docs(cutover): 回写Task 7审批接口Gate
codex/f-cut-001-matrices,e506126e0a7eba50a96158a5534af009bc7830d3,F-CUT-001,-,NO_NET_CODE_CHANGE,decision,docs(cutover): 回写Task 7审批接口Gate
codex/f-cut-001-matrices,327d14778d91de6f591bf9d02109db0879315d47,F-CUT-005,tasks/features/F-CUT-005.md,EXCLUDED_NON_CODE,decision,feat(cutover): 实现P5审批工作台
codex/f-cut-001-matrices,327d14778d91de6f591bf9d02109db0879315d47,F-CUT-005,-,NO_NET_CODE_CHANGE,decision,feat(cutover): 实现P5审批工作台
codex/f-cut-001-matrices,ac8a6e5f47f7ce550649bb6ee4571aa149ad565b,F-CUT-005,tasks/features/F-CUT-005.md,EXCLUDED_NON_CODE,decision,fix(cutover): 闭合审批工作台交互
codex/f-cut-001-matrices,ac8a6e5f47f7ce550649bb6ee4571aa149ad565b,F-CUT-001,yudao-ui/yudao-ui-admin-vue3/src/views/pms/cutover/cutover-task/index.vue,APPLIED_CODE,decision,fix(cutover): 闭合审批工作台交互
codex/f-cut-001-matrices,b8058096761e0ce6bbb7784f852e5ef8e028d6ee,F-CUT-005,tasks/features/F-CUT-005.md,EXCLUDED_NON_CODE,decision,docs(cutover): 回写Task 8工作台Gate
codex/f-cut-001-matrices,b8058096761e0ce6bbb7784f852e5ef8e028d6ee,F-CUT-001,-,NO_NET_CODE_CHANGE,decision,docs(cutover): 回写Task 8工作台Gate
codex/f-cut-001-matrices,6be558c4f3fdbdd21285af6b84ba7e2be7037b49,F-CUT-005,tasks/features/F-CUT-005.md,EXCLUDED_NON_CODE,decision,feat(cutover): 初始化P5审批平台资产
codex/f-cut-001-matrices,6be558c4f3fdbdd21285af6b84ba7e2be7037b49,UNMAPPED,sql/migrations/V154__fcut005_p5_approval_seed.sql,NOOP_MIGRATION_EXACT,decision,sql/migrations/V185__fcut005_p5_approval_seed.sql
codex/f-cut-001-matrices,6be558c4f3fdbdd21285af6b84ba7e2be7037b49,F-CUT-005,pms-module-cutover/src/test/java/cn/iocoder/yudao/module/pms/cutover/migration/Fcut005MigrationContractTest.java,APPLIED_CODE,decision,feat(cutover): 初始化P5审批平台资产
codex/f-cut-001-matrices,ff099d7c00c424691dc85503a2520b944d95cb57,F-CUT-005,tasks/features/F-CUT-005.md,EXCLUDED_NON_CODE,decision,docs(cutover): 回写Task 9种子Gate
codex/f-cut-001-matrices,ff099d7c00c424691dc85503a2520b944d95cb57,F-CUT-001,-,NO_NET_CODE_CHANGE,decision,docs(cutover): 回写Task 9种子Gate
codex/f-cut-001-matrices,9e812f9c8cbec1cc65a58044ec5d4da5417093dd,F-CUT-005,tasks/features/F-CUT-005.md,EXCLUDED_NON_CODE,decision,test(cutover): close controlled approval loop
codex/f-cut-001-matrices,9e812f9c8cbec1cc65a58044ec5d4da5417093dd,F-CUT-005,-,NO_NET_CODE_CHANGE,decision,test(cutover): close controlled approval loop
codex/f-cut-001-matrices,a7e5b7b356cc4a2f437db3bd22dc9e062cc07559,F-CUT-005,tasks/features/F-CUT-005.md,EXCLUDED_NON_CODE,decision,fix(cutover): preserve uploaded approval content
codex/f-cut-001-matrices,a7e5b7b356cc4a2f437db3bd22dc9e062cc07559,F-CUT-005,-,NO_NET_CODE_CHANGE,decision,fix(cutover): preserve uploaded approval content
codex/f-cut-001-matrices,25e1424e30cbea5c65e5b6db769d20ecf1d7a466,F-CUT-001,-,NO_NET_CODE_CHANGE,decision,docs(cutover): record task 10 gate pass
codex/f-cut-001-matrices,d52acdfbb3008d762701122b66d94582ecdabf1f,F-CUT-006,docs/traceability/domain-entity-migration-contract.json,EXCLUDED_NON_CODE,decision,docs(cutover): define P6 closure feature
codex/f-cut-001-matrices,d52acdfbb3008d762701122b66d94582ecdabf1f,F-CUT-006,docs/traceability/domain-entity-migration-contract.md,EXCLUDED_NON_CODE,decision,docs(cutover): define P6 closure feature
codex/f-cut-001-matrices,d52acdfbb3008d762701122b66d94582ecdabf1f,F-CUT-006,docs/traceability/requirement-matrix.md,EXCLUDED_NON_CODE,decision,docs(cutover): define P6 closure feature
codex/f-cut-001-matrices,d52acdfbb3008d762701122b66d94582ecdabf1f,F-CUT-006,docs/traceability/requirement-version-coverage.json,EXCLUDED_NON_CODE,decision,docs(cutover): define P6 closure feature
codex/f-cut-001-matrices,d52acdfbb3008d762701122b66d94582ecdabf1f,F-CUT-006,specs/features/F-CUT-006-api-contract.json,EXCLUDED_NON_CODE,decision,docs(cutover): define P6 closure feature
codex/f-cut-001-matrices,d52acdfbb3008d762701122b66d94582ecdabf1f,F-CUT-006,specs/features/F-CUT-006-legacy-reuse-audit.md,EXCLUDED_NON_CODE,decision,docs(cutover): define P6 closure feature
codex/f-cut-001-matrices,d52acdfbb3008d762701122b66d94582ecdabf1f,F-CUT-006,specs/features/F-CUT-006-p6-cutover-closure.md,EXCLUDED_NON_CODE,decision,docs(cutover): define P6 closure feature
codex/f-cut-001-matrices,d52acdfbb3008d762701122b66d94582ecdabf1f,F-CUT-006,specs/features/F-CUT-006-physical-contract.json,EXCLUDED_NON_CODE,decision,docs(cutover): define P6 closure feature
codex/f-cut-001-matrices,d52acdfbb3008d762701122b66d94582ecdabf1f,F-CUT-006,specs/features/README.md,EXCLUDED_NON_CODE,decision,docs(cutover): define P6 closure feature
codex/f-cut-001-matrices,d52acdfbb3008d762701122b66d94582ecdabf1f,F-CUT-006,tasks/features/F-CUT-006.md,EXCLUDED_NON_CODE,decision,docs(cutover): define P6 closure feature
codex/f-cut-001-matrices,d52acdfbb3008d762701122b66d94582ecdabf1f,F-CUT-006,scripts/generate_domain_entity_migration_contract.py,APPLIED_CODE,decision,docs(cutover): define P6 closure feature
codex/f-cut-001-matrices,4e390d4f8b7b529ef54e569a05d8f33428661517,F-CUT-006,docs/traceability/domain-entity-migration-contract.json,EXCLUDED_NON_CODE,decision,docs(cutover): close P6 feature contract gaps
codex/f-cut-001-matrices,4e390d4f8b7b529ef54e569a05d8f33428661517,F-CUT-006,docs/traceability/domain-entity-migration-contract.md,EXCLUDED_NON_CODE,decision,docs(cutover): close P6 feature contract gaps
codex/f-cut-001-matrices,4e390d4f8b7b529ef54e569a05d8f33428661517,F-CUT-006,specs/features/F-CUT-006-api-contract.json,EXCLUDED_NON_CODE,decision,docs(cutover): close P6 feature contract gaps
codex/f-cut-001-matrices,4e390d4f8b7b529ef54e569a05d8f33428661517,F-CUT-006,specs/features/F-CUT-006-p6-cutover-closure.md,EXCLUDED_NON_CODE,decision,docs(cutover): close P6 feature contract gaps
codex/f-cut-001-matrices,4e390d4f8b7b529ef54e569a05d8f33428661517,F-CUT-006,specs/features/F-CUT-006-physical-contract.json,EXCLUDED_NON_CODE,decision,docs(cutover): close P6 feature contract gaps
codex/f-cut-001-matrices,4e390d4f8b7b529ef54e569a05d8f33428661517,F-CUT-006,tasks/features/F-CUT-006.md,EXCLUDED_NON_CODE,decision,docs(cutover): close P6 feature contract gaps
codex/f-cut-001-matrices,4e390d4f8b7b529ef54e569a05d8f33428661517,F-CUT-006,scripts/generate_domain_entity_migration_contract.py,APPLIED_CODE,decision,docs(cutover): close P6 feature contract gaps
codex/f-cut-001-matrices,cce9e7893b072df71b8b9af3c5e82301099246ff,F-CUT-006,specs/features/F-CUT-006-p6-cutover-closure.md,EXCLUDED_NON_CODE,decision,docs(cutover): mark P6 feature ready
codex/f-cut-001-matrices,cce9e7893b072df71b8b9af3c5e82301099246ff,F-CUT-006,specs/features/README.md,EXCLUDED_NON_CODE,decision,docs(cutover): mark P6 feature ready
codex/f-cut-001-matrices,cce9e7893b072df71b8b9af3c5e82301099246ff,F-CUT-006,tasks/features/F-CUT-006.md,EXCLUDED_NON_CODE,decision,docs(cutover): mark P6 feature ready
codex/f-cut-001-matrices,cce9e7893b072df71b8b9af3c5e82301099246ff,F-CUT-006,-,NO_NET_CODE_CHANGE,decision,docs(cutover): mark P6 feature ready
codex/f-cut-001-matrices,e0fb30fe35500c196e679d741773039215a13141,F-CUT-006,docs/superpowers/plans/2026-09-02-f-cut-006-p6-cutover-closure.md,EXCLUDED_NON_CODE,decision,docs(cutover): plan P6 closure implementation
codex/f-cut-001-matrices,e0fb30fe35500c196e679d741773039215a13141,F-CUT-006,specs/features/F-CUT-006-p6-cutover-closure.md,EXCLUDED_NON_CODE,decision,docs(cutover): plan P6 closure implementation
codex/f-cut-001-matrices,e0fb30fe35500c196e679d741773039215a13141,F-CUT-006,tasks/features/F-CUT-006.md,EXCLUDED_NON_CODE,decision,docs(cutover): plan P6 closure implementation
codex/f-cut-001-matrices,e0fb30fe35500c196e679d741773039215a13141,F-CUT-006,-,NO_NET_CODE_CHANGE,decision,docs(cutover): plan P6 closure implementation
codex/f-cut-001-matrices,354471f12cb880ab63610c759a58f7462306cdd7,F-CUT-006,docs/superpowers/plans/2026-09-02-f-cut-006-p6-cutover-closure.md,EXCLUDED_NON_CODE,decision,docs(cutover): refine P6 implementation plan
codex/f-cut-001-matrices,354471f12cb880ab63610c759a58f7462306cdd7,F-CUT-006,specs/features/F-CUT-006-p6-cutover-closure.md,EXCLUDED_NON_CODE,decision,docs(cutover): refine P6 implementation plan
codex/f-cut-001-matrices,354471f12cb880ab63610c759a58f7462306cdd7,F-CUT-006,tasks/features/F-CUT-006.md,EXCLUDED_NON_CODE,decision,docs(cutover): refine P6 implementation plan
codex/f-cut-001-matrices,354471f12cb880ab63610c759a58f7462306cdd7,F-CUT-006,-,NO_NET_CODE_CHANGE,decision,docs(cutover): refine P6 implementation plan
codex/f-cut-001-matrices,6c9c37e676e0d6180354917157a5a00a368ed604,F-CUT-006,tasks/features/F-CUT-006.md,EXCLUDED_NON_CODE,decision,docs(cutover): approve P6 technical plan
codex/f-cut-001-matrices,6c9c37e676e0d6180354917157a5a00a368ed604,F-CUT-006,-,NO_NET_CODE_CHANGE,decision,docs(cutover): approve P6 technical plan
codex/f-cut-001-matrices,124295f9bae47ff7f67cb51a19aa180a3e154851,F-CUT-006,tasks/features/F-CUT-006.md,EXCLUDED_NON_CODE,decision,feat(cutover): add P6 closure consumer ports
codex/f-cut-001-matrices,124295f9bae47ff7f67cb51a19aa180a3e154851,F-CUT-006,-,NO_NET_CODE_CHANGE,decision,feat(cutover): add P6 closure consumer ports
codex/f-cut-001-matrices,35c8462d90842aee663a246981b9fe880ab1b2f5,F-CUT-006,tasks/features/F-CUT-006.md,EXCLUDED_NON_CODE,decision,fix(cutover): bind collection recovery to request digest
codex/f-cut-001-matrices,35c8462d90842aee663a246981b9fe880ab1b2f5,F-INT-012,-,NO_NET_CODE_CHANGE,decision,fix(cutover): bind collection recovery to request digest
codex/f-cut-001-matrices,7099e55fb9b6f0e0d0dfa226ae4de4d63773b814,F-CUT-006,tasks/features/F-CUT-006.md,EXCLUDED_NON_CODE,decision,docs(cutover): record P6 closure ports gate
codex/f-cut-001-matrices,7099e55fb9b6f0e0d0dfa226ae4de4d63773b814,F-CUT-006,-,NO_NET_CODE_CHANGE,decision,docs(cutover): record P6 closure ports gate
codex/f-cut-001-matrices,cb5098f36239f70db639f07e0564300033138f16,F-CUT-006,tasks/features/F-CUT-006.md,EXCLUDED_NON_CODE,decision,feat(cutover): add P6 closure schema
codex/f-cut-001-matrices,cb5098f36239f70db639f07e0564300033138f16,F-CUT-006,sql/migrations/V212__received_fcut006_p6_cutover_closure.sql,APPLIED_MIGRATION_RENUMBERED,decision,V155 -> V212
codex/f-cut-001-matrices,cb5098f36239f70db639f07e0564300033138f16,F-CUT-006,sql/migrations/V212__received_fcut006_p6_cutover_closure.sql,APPLIED_CODE,decision,feat(cutover): add P6 closure schema
codex/f-cut-001-matrices,6c3dd42472dc319cc64c5b303f25104b69d57a45,F-CUT-006,tasks/features/F-CUT-006.md,EXCLUDED_NON_CODE,decision,fix(cutover): preserve P6 closure identity case
codex/f-cut-001-matrices,6c3dd42472dc319cc64c5b303f25104b69d57a45,F-CUT-006,sql/migrations/V212__received_fcut006_p6_cutover_closure.sql,APPLIED_CODE,decision,fix(cutover): preserve P6 closure identity case
codex/f-cut-001-matrices,feab63087b658187e7f23cd355f39f4019e64503,F-CUT-006,tasks/features/F-CUT-006.md,EXCLUDED_NON_CODE,decision,docs(cutover): record P6 schema gate
codex/f-cut-001-matrices,feab63087b658187e7f23cd355f39f4019e64503,F-CUT-006,-,NO_NET_CODE_CHANGE,decision,docs(cutover): record P6 schema gate
codex/f-cut-001-matrices,6d6f0e46e22d7c50e7175eede7d9e50ccb2401e4,F-CUT-006,tasks/features/F-CUT-006.md,EXCLUDED_NON_CODE,decision,feat(cutover): add P6 closure draft flow
codex/f-cut-001-matrices,6d6f0e46e22d7c50e7175eede7d9e50ccb2401e4,F-CUT-006,-,NO_NET_CODE_CHANGE,decision,feat(cutover): add P6 closure draft flow
codex/f-cut-001-matrices,4d7e42350eab7da0a4826a90a13aab0d4356c695,F-CUT-006,tasks/features/F-CUT-006.md,EXCLUDED_NON_CODE,decision,fix(cutover): align P6 draft lifecycle
codex/f-cut-001-matrices,4d7e42350eab7da0a4826a90a13aab0d4356c695,F-CUT-006,-,NO_NET_CODE_CHANGE,decision,fix(cutover): align P6 draft lifecycle
codex/f-cut-001-matrices,a99ddf5b726f0dc480bf206cc7ec5c52c24ae580,F-CUT-006,tasks/features/F-CUT-006.md,EXCLUDED_NON_CODE,decision,fix(cutover): map project scope failures
codex/f-cut-001-matrices,a99ddf5b726f0dc480bf206cc7ec5c52c24ae580,F-CUT-001,-,NO_NET_CODE_CHANGE,decision,fix(cutover): map project scope failures
codex/f-cut-001-matrices,50a70351a0b2c3924bf2799879df8209aa12fee5,F-CUT-006,tasks/features/F-CUT-006.md,EXCLUDED_NON_CODE,decision,docs(cutover): record P6 draft flow gate
codex/f-cut-001-matrices,50a70351a0b2c3924bf2799879df8209aa12fee5,F-CUT-006,-,NO_NET_CODE_CHANGE,decision,docs(cutover): record P6 draft flow gate
codex/f-cut-001-matrices,55dc8e4996b3cf424b0ccce642860cfc556c643f,F-CUT-006,tasks/features/F-CUT-006.md,EXCLUDED_NON_CODE,decision,feat(cutover): add P6 collection flow
codex/f-cut-001-matrices,55dc8e4996b3cf424b0ccce642860cfc556c643f,F-INT-012,-,NO_NET_CODE_CHANGE,decision,feat(cutover): add P6 collection flow
codex/f-cut-001-matrices,c6fe303e2ed9a677b815e11bc37ad639a150bb74,F-CUT-006,tasks/features/F-CUT-006.md,EXCLUDED_NON_CODE,decision,fix(cutover): stabilize collection result identity
codex/f-cut-001-matrices,c6fe303e2ed9a677b815e11bc37ad639a150bb74,F-INT-012,-,NO_NET_CODE_CHANGE,decision,fix(cutover): stabilize collection result identity
codex/f-cut-001-matrices,126963e26da27701bb2101f4372b1906e13b2529,F-CUT-006,tasks/features/F-CUT-006.md,EXCLUDED_NON_CODE,decision,docs(cutover): record Task 4 gate approval
codex/f-cut-001-matrices,126963e26da27701bb2101f4372b1906e13b2529,F-CUT-005,-,NO_NET_CODE_CHANGE,decision,docs(cutover): record Task 4 gate approval
codex/f-cut-001-matrices,3a790c41743377eea35b0cd451f77606622bd616,F-CUT-006,tasks/features/F-CUT-006.md,EXCLUDED_NON_CODE,decision,feat(cutover): submit P6 closure
codex/f-cut-001-matrices,3a790c41743377eea35b0cd451f77606622bd616,F-CUT-006,-,NO_NET_CODE_CHANGE,decision,feat(cutover): submit P6 closure
codex/f-cut-001-matrices,39083446ec8aba91e65e1788419730eaae0893a5,F-CUT-006,tasks/features/F-CUT-006.md,EXCLUDED_NON_CODE,decision,fix(cutover): complete closure event payload
codex/f-cut-001-matrices,39083446ec8aba91e65e1788419730eaae0893a5,F-CUT-006,-,NO_NET_CODE_CHANGE,decision,fix(cutover): complete closure event payload
codex/f-cut-001-matrices,301c99fe51094e742fc0564a5bfaec2f1f5a52e6,F-CUT-006,tasks/features/F-CUT-006.md,EXCLUDED_NON_CODE,decision,docs(cutover): record Task 5 gate approval
codex/f-cut-001-matrices,301c99fe51094e742fc0564a5bfaec2f1f5a52e6,F-CUT-005,-,NO_NET_CODE_CHANGE,decision,docs(cutover): record Task 5 gate approval
codex/f-cut-001-matrices,df1b78304ec29c1b5f44e1547c4fc986cb2891ca,F-CUT-006,tasks/features/F-CUT-006.md,EXCLUDED_NON_CODE,decision,feat(cutover): expose P6 closure routes
codex/f-cut-001-matrices,df1b78304ec29c1b5f44e1547c4fc986cb2891ca,F-CUT-006,-,NO_NET_CODE_CHANGE,decision,feat(cutover): expose P6 closure routes
codex/f-cut-001-matrices,97ee0904a20dedf2a8f0089fabef0a7cfaefa37e,F-CUT-006,tasks/features/F-CUT-006.md,EXCLUDED_NON_CODE,decision,fix(cutover): preserve closure error identity
codex/f-cut-001-matrices,97ee0904a20dedf2a8f0089fabef0a7cfaefa37e,F-CUT-006,-,NO_NET_CODE_CHANGE,decision,fix(cutover): preserve closure error identity
codex/f-cut-001-matrices,705a934d49a0fa8b2d6433b71c52e0f46a28a41f,F-CUT-006,tasks/features/F-CUT-006.md,EXCLUDED_NON_CODE,decision,docs(cutover): record task 6 gate pass
codex/f-cut-001-matrices,705a934d49a0fa8b2d6433b71c52e0f46a28a41f,F-CUT-001,-,NO_NET_CODE_CHANGE,decision,docs(cutover): record task 6 gate pass
codex/f-cut-001-matrices,739aad09a6c2eca4c6dd313059dc4d27af15c9fd,F-CUT-006,tasks/features/F-CUT-006.md,EXCLUDED_NON_CODE,decision,feat(cutover): classify legacy closure evidence
codex/f-cut-001-matrices,739aad09a6c2eca4c6dd313059dc4d27af15c9fd,UNMAPPED,sql/migrations/V156__fcut006_legacy_closure_job.sql,NOOP_MIGRATION_EXACT,decision,sql/migrations/V187__fcut006_legacy_closure_job.sql
codex/f-cut-001-matrices,739aad09a6c2eca4c6dd313059dc4d27af15c9fd,F-CUT-006,pms-module-cutover/src/test/java/cn/iocoder/yudao/module/pms/cutover/migration/Fcut006MigrationContractTest.java,APPLIED_CODE,decision,feat(cutover): classify legacy closure evidence
codex/f-cut-001-matrices,b57201f15a676b0db4e520876fcd81fc4ab74746,F-CUT-006,tasks/features/F-CUT-006.md,EXCLUDED_NON_CODE,decision,docs(cutover): record task 7 gate pass
codex/f-cut-001-matrices,b57201f15a676b0db4e520876fcd81fc4ab74746,F-CUT-001,-,NO_NET_CODE_CHANGE,decision,docs(cutover): record task 7 gate pass
codex/f-cut-001-matrices,c8a793f048b72fd8bac2051c773a5febb9743abd,F-CUT-006,tasks/features/F-CUT-006.md,EXCLUDED_NON_CODE,decision,feat(cutover): add P6 closure workbench
codex/f-cut-001-matrices,c8a793f048b72fd8bac2051c773a5febb9743abd,F-CUT-006,-,NO_NET_CODE_CHANGE,decision,feat(cutover): add P6 closure workbench
codex/f-cut-001-matrices,de2fdb49624a4ea0a664bd0f9cd008a76516b678,F-CUT-006,tasks/features/F-CUT-006.md,EXCLUDED_NON_CODE,decision,fix(cutover): bind closure files to closure
codex/f-cut-001-matrices,de2fdb49624a4ea0a664bd0f9cd008a76516b678,F-CUT-006,-,NO_NET_CODE_CHANGE,decision,fix(cutover): bind closure files to closure
codex/f-cut-001-matrices,d4747badef26e6cac4cd9d2a52a4e503c70cc52d,F-CUT-006,tasks/features/F-CUT-006.md,EXCLUDED_NON_CODE,decision,docs(cutover): record task 8 gate pass
codex/f-cut-001-matrices,d4747badef26e6cac4cd9d2a52a4e503c70cc52d,F-CUT-001,-,NO_NET_CODE_CHANGE,decision,docs(cutover): record task 8 gate pass
codex/f-cut-001-matrices,ee891fa6b6a9ded7ecf8226909aafaced31f321b,F-CUT-006,tasks/features/F-CUT-006.md,EXCLUDED_NON_CODE,decision,test(cutover): verify P6 closure positive loop
codex/f-cut-001-matrices,ee891fa6b6a9ded7ecf8226909aafaced31f321b,F-CUT-006,-,NO_NET_CODE_CHANGE,decision,test(cutover): verify P6 closure positive loop
codex/f-cut-001-matrices,fec9a0f50933d1090487f59fa66e105bce36fb41,F-CUT-006,tasks/features/F-CUT-006.md,EXCLUDED_NON_CODE,decision,docs(cutover): record task 9 gate pass
codex/f-cut-001-matrices,fec9a0f50933d1090487f59fa66e105bce36fb41,F-CUT-001,-,NO_NET_CODE_CHANGE,decision,docs(cutover): record task 9 gate pass
codex/f-cut-001-matrices,d80ace31caf8e2f28acea83fbe0d0521658bcc07,F-CUT-002,tasks/features/F-CUT-002.md,EXCLUDED_NON_CODE,decision,test(cutover): verify intake positive loop
codex/f-cut-001-matrices,d80ace31caf8e2f28acea83fbe0d0521658bcc07,F-CUT-002,-,NO_NET_CODE_CHANGE,decision,test(cutover): verify intake positive loop
codex/f-cut-001-matrices,0e3411b0c3aeff70eb44d37b4e7aeff4c3127c99,F-CUT-002,-,NO_NET_CODE_CHANGE,decision,docs(cutover): record intake loop gate pass
codex/f-cut-001-matrices,d3161d9d105dac521ad05b058613ac611620dccb,F-CUT-003,tasks/features/F-CUT-003.md,EXCLUDED_NON_CODE,decision,test(cutover): verify checklist positive loop
codex/f-cut-001-matrices,d3161d9d105dac521ad05b058613ac611620dccb,F-CUT-003,-,NO_NET_CODE_CHANGE,decision,test(cutover): verify checklist positive loop
codex/f-cut-001-matrices,3c39e4a073840bb65002036bbaaa388d30de5244,F-CUT-003,tasks/features/F-CUT-003.md,EXCLUDED_NON_CODE,decision,docs(cutover): record checklist loop gate pass
codex/f-cut-001-matrices,3c39e4a073840bb65002036bbaaa388d30de5244,F-CUT-003,-,NO_NET_CODE_CHANGE,decision,docs(cutover): record checklist loop gate pass
codex/f-cut-001-matrices,ec268ab9befc7c9e255ed63a05ecbf646cf03244,F-CUT-003,tasks/features/F-CUT-003.md,EXCLUDED_NON_CODE,decision,test(cutover): verify checklist frontend loop
codex/f-cut-001-matrices,ec268ab9befc7c9e255ed63a05ecbf646cf03244,F-CUT-003,-,NO_NET_CODE_CHANGE,decision,test(cutover): verify checklist frontend loop
codex/f-cut-001-matrices,f23ffb031b0791d6b4b563f6aac5742ab1a2d6da,F-CUT-003,-,NO_NET_CODE_CHANGE,decision,docs(cutover): record checklist frontend gate pass
codex/f-cut-001-matrices,f8d16f37435d7a02cce25d7e9d3a199bea97ab48,F-CUT-001,docs/traceability/requirement-matrix.md,EXCLUDED_NON_CODE,decision,docs(cutover): align controlled implementation states
codex/f-cut-001-matrices,f8d16f37435d7a02cce25d7e9d3a199bea97ab48,F-CUT-001,specs/features/README.md,EXCLUDED_NON_CODE,decision,docs(cutover): align controlled implementation states
codex/f-cut-001-matrices,f8d16f37435d7a02cce25d7e9d3a199bea97ab48,F-CUT-004,tasks/features/F-CUT-004.md,EXCLUDED_NON_CODE,decision,docs(cutover): align controlled implementation states
codex/f-cut-001-matrices,f8d16f37435d7a02cce25d7e9d3a199bea97ab48,F-CUT-001,-,NO_NET_CODE_CHANGE,decision,docs(cutover): align controlled implementation states
codex/f-cut-001-matrices,1a8cdb7dc7a9ca99b69dff007224529a8e799a35,F-CUT-004,specs/features/README.md,EXCLUDED_NON_CODE,decision,docs(cutover): preserve plan spec blocker
codex/f-cut-001-matrices,1a8cdb7dc7a9ca99b69dff007224529a8e799a35,F-CUT-004,-,NO_NET_CODE_CHANGE,decision,docs(cutover): preserve plan spec blocker
codex/f-cut-001-matrices,4d54f4e1c4864869745d4b9ec89fd6a69726f8ce,F-CUT-006,-,NO_NET_CODE_CHANGE,decision,fix(cutover): close controlled p1-p6 workflow
codex/f-cut-001-matrices,5978212712f6f4f1728610335b4d77681b3cd5d4,F-CUT-006,tasks/features/F-CUT-006.md,EXCLUDED_NON_CODE,decision,docs(cutover): record controlled full-flow gate
codex/f-cut-001-matrices,5978212712f6f4f1728610335b4d77681b3cd5d4,F-CUT-001,-,NO_NET_CODE_CHANGE,decision,docs(cutover): record controlled full-flow gate
codex/f-cut-001-matrices,d584263f8d7a019b57a687c07677d294eaab09e1,F-CUT-006,-,NO_NET_CODE_CHANGE,decision,test(cutover): verify controlled p1-p6 ui flow
codex/f-cut-001-matrices,b3c50150761da03a959a5a46f114fe6ed99161c2,F-CUT-006,-,NO_NET_CODE_CHANGE,decision,test(cutover): exercise unified p1-p6 workbench
codex/f-cut-001-matrices,216fe62016715ba2a94ea0645ff8c07522bc5aba,F-CUT-001,-,NO_NET_CODE_CHANGE,decision,docs(cutover): record unified workbench gate
codex/f-cut-001-matrices,3c7e91922c31ade2f0ae1c6b04381bb38132973d,F-CUT-007,docs/design/07-authorization-design.md,EXCLUDED_NON_CODE,decision,docs(cutover): draft authorized dashboard kpi feature
codex/f-cut-001-matrices,3c7e91922c31ade2f0ae1c6b04381bb38132973d,F-CUT-007,docs/design/10-api-design.md,EXCLUDED_NON_CODE,decision,docs(cutover): draft authorized dashboard kpi feature
codex/f-cut-001-matrices,3c7e91922c31ade2f0ae1c6b04381bb38132973d,F-CUT-007,docs/design/20-test-design.md,EXCLUDED_NON_CODE,decision,docs(cutover): draft authorized dashboard kpi feature
codex/f-cut-001-matrices,3c7e91922c31ade2f0ae1c6b04381bb38132973d,F-CUT-007,docs/traceability/requirement-matrix.md,EXCLUDED_NON_CODE,decision,docs(cutover): draft authorized dashboard kpi feature
codex/f-cut-001-matrices,3c7e91922c31ade2f0ae1c6b04381bb38132973d,F-CUT-007,docs/traceability/requirement-version-coverage.json,EXCLUDED_NON_CODE,decision,docs(cutover): draft authorized dashboard kpi feature
codex/f-cut-001-matrices,3c7e91922c31ade2f0ae1c6b04381bb38132973d,F-CUT-007,specs/features/F-CUT-007-api-contract.json,EXCLUDED_NON_CODE,decision,docs(cutover): draft authorized dashboard kpi feature
codex/f-cut-001-matrices,3c7e91922c31ade2f0ae1c6b04381bb38132973d,F-CUT-007,specs/features/F-CUT-007-cutover-dashboard-kpis.md,EXCLUDED_NON_CODE,decision,docs(cutover): draft authorized dashboard kpi feature
codex/f-cut-001-matrices,3c7e91922c31ade2f0ae1c6b04381bb38132973d,F-CUT-007,specs/features/F-CUT-007-physical-contract.json,EXCLUDED_NON_CODE,decision,docs(cutover): draft authorized dashboard kpi feature
codex/f-cut-001-matrices,3c7e91922c31ade2f0ae1c6b04381bb38132973d,F-CUT-007,specs/features/README.md,EXCLUDED_NON_CODE,decision,docs(cutover): draft authorized dashboard kpi feature
codex/f-cut-001-matrices,3c7e91922c31ade2f0ae1c6b04381bb38132973d,F-CUT-007,tasks/features/F-CUT-007.md,EXCLUDED_NON_CODE,decision,docs(cutover): draft authorized dashboard kpi feature
codex/f-cut-001-matrices,3c7e91922c31ade2f0ae1c6b04381bb38132973d,F-CUT-007,-,NO_NET_CODE_CHANGE,decision,docs(cutover): draft authorized dashboard kpi feature
codex/f-cut-001-matrices,2d33777568c7182ff1ec91a72638100067c091c6,F-CUT-007,specs/features/F-CUT-007-api-contract.json,EXCLUDED_NON_CODE,decision,docs(cutover): preserve dashboard owner failures
codex/f-cut-001-matrices,2d33777568c7182ff1ec91a72638100067c091c6,F-CUT-007,specs/features/F-CUT-007-cutover-dashboard-kpis.md,EXCLUDED_NON_CODE,decision,docs(cutover): preserve dashboard owner failures
codex/f-cut-001-matrices,2d33777568c7182ff1ec91a72638100067c091c6,F-CUT-007,tasks/features/F-CUT-007.md,EXCLUDED_NON_CODE,decision,docs(cutover): preserve dashboard owner failures
codex/f-cut-001-matrices,2d33777568c7182ff1ec91a72638100067c091c6,F-CUT-007,-,NO_NET_CODE_CHANGE,decision,docs(cutover): preserve dashboard owner failures
codex/f-cut-001-matrices,b65af8e4fae344dccb57c79f81f5ebc115c2919b,F-CUT-007,tasks/features/F-CUT-007.md,EXCLUDED_NON_CODE,decision,docs(cutover): fix dashboard error envelope
codex/f-cut-001-matrices,b65af8e4fae344dccb57c79f81f5ebc115c2919b,F-CUT-007,-,NO_NET_CODE_CHANGE,decision,docs(cutover): fix dashboard error envelope
codex/f-cut-001-matrices,f6141e21b92bc373836ac2b8b245c8d8b2048446,F-CUT-007,tasks/features/F-CUT-007.md,EXCLUDED_NON_CODE,decision,docs(cutover): record dashboard contract gate
codex/f-cut-001-matrices,f6141e21b92bc373836ac2b8b245c8d8b2048446,F-CUT-007,-,NO_NET_CODE_CHANGE,decision,docs(cutover): record dashboard contract gate
codex/f-cut-001-matrices,01733982f9bb4b4313b1a1913730ce93c16142b9,F-CUT-007,specs/features/F-CUT-007-cutover-dashboard-kpis.md,EXCLUDED_NON_CODE,decision,docs(cutover): baseline dashboard kpi feature
codex/f-cut-001-matrices,01733982f9bb4b4313b1a1913730ce93c16142b9,F-CUT-007,specs/features/README.md,EXCLUDED_NON_CODE,decision,docs(cutover): baseline dashboard kpi feature
codex/f-cut-001-matrices,01733982f9bb4b4313b1a1913730ce93c16142b9,F-CUT-007,tasks/features/F-CUT-007.md,EXCLUDED_NON_CODE,decision,docs(cutover): baseline dashboard kpi feature
codex/f-cut-001-matrices,01733982f9bb4b4313b1a1913730ce93c16142b9,F-CUT-007,-,NO_NET_CODE_CHANGE,decision,docs(cutover): baseline dashboard kpi feature
codex/f-cut-001-matrices,715afe593ceae084435009f999b0a08954c497bd,F-CUT-007,docs/superpowers/plans/2026-09-02-f-cut-007-cutover-dashboard-kpis.md,EXCLUDED_NON_CODE,decision,docs(cutover): plan dashboard kpi implementation
codex/f-cut-001-matrices,715afe593ceae084435009f999b0a08954c497bd,F-CUT-007,specs/features/F-CUT-007-cutover-dashboard-kpis.md,EXCLUDED_NON_CODE,decision,docs(cutover): plan dashboard kpi implementation
codex/f-cut-001-matrices,715afe593ceae084435009f999b0a08954c497bd,F-CUT-007,tasks/features/F-CUT-007.md,EXCLUDED_NON_CODE,decision,docs(cutover): plan dashboard kpi implementation
codex/f-cut-001-matrices,715afe593ceae084435009f999b0a08954c497bd,F-CUT-007,-,NO_NET_CODE_CHANGE,decision,docs(cutover): plan dashboard kpi implementation
codex/f-cut-001-matrices,fad19d81a7d6721422df715209dd1da5bebb652a,F-CUT-007,docs/superpowers/plans/2026-09-02-f-cut-007-cutover-dashboard-kpis.md,EXCLUDED_NON_CODE,decision,docs(cutover): focus dashboard plan on positive flow
codex/f-cut-001-matrices,fad19d81a7d6721422df715209dd1da5bebb652a,F-CUT-007,-,NO_NET_CODE_CHANGE,decision,docs(cutover): focus dashboard plan on positive flow
codex/f-cut-001-matrices,38fae079fc2780e6a225285b679c079c48d91310,F-CUT-007,docs/traceability/requirement-matrix.md,EXCLUDED_NON_CODE,decision,docs(cutover): start dashboard kpi implementation
codex/f-cut-001-matrices,38fae079fc2780e6a225285b679c079c48d91310,F-CUT-007,docs/traceability/requirement-version-coverage.json,EXCLUDED_NON_CODE,decision,docs(cutover): start dashboard kpi implementation
codex/f-cut-001-matrices,38fae079fc2780e6a225285b679c079c48d91310,F-CUT-007,specs/features/README.md,EXCLUDED_NON_CODE,decision,docs(cutover): start dashboard kpi implementation
codex/f-cut-001-matrices,38fae079fc2780e6a225285b679c079c48d91310,F-CUT-007,tasks/features/F-CUT-007.md,EXCLUDED_NON_CODE,decision,docs(cutover): start dashboard kpi implementation
codex/f-cut-001-matrices,38fae079fc2780e6a225285b679c079c48d91310,F-CUT-007,-,NO_NET_CODE_CHANGE,decision,docs(cutover): start dashboard kpi implementation
codex/f-cut-001-matrices,7d6a2886c06abd42a1deeb87a0ef6ccd34e33efd,F-CUT-007,-,NO_NET_CODE_CHANGE,decision,feat(cutover): add dashboard action policy contract
codex/f-cut-001-matrices,a96b0b6fdcd941a132757a3ac41053ba8f50a3c7,F-CUT-007,-,NO_NET_CODE_CHANGE,decision,refactor(cutover): share dashboard action policies
codex/f-cut-001-matrices,b9a3ab3259bd841b3a13bb75909e8c4e37ced51a,F-CUT-007,-,NO_NET_CODE_CHANGE,decision,fix(cutover): share dashboard approval eligibility
codex/f-cut-001-matrices,8742892eca24350148682bcc18999610f75d480f,F-CUT-007,tasks/features/F-CUT-007.md,EXCLUDED_NON_CODE,decision,docs(cutover): record dashboard policy gate
codex/f-cut-001-matrices,8742892eca24350148682bcc18999610f75d480f,F-CUT-007,-,NO_NET_CODE_CHANGE,decision,docs(cutover): record dashboard policy gate
codex/f-cut-001-matrices,22ce22c6e913ae2e03b90e5bab95fb693eb7d2d1,F-CUT-007,-,NO_NET_CODE_CHANGE,decision,feat(cutover): aggregate authorized dashboard kpis
codex/f-cut-001-matrices,d80fd05c4261efa734290b69968a76e087fc7562,F-CUT-007,-,NO_NET_CODE_CHANGE,decision,fix(cutover): map dashboard project scope failures
codex/f-cut-001-matrices,a457ab82b019c786d006bd569b6982aff809c154,F-CUT-007,tasks/features/F-CUT-007.md,EXCLUDED_NON_CODE,decision,docs(cutover): record dashboard query gate
codex/f-cut-001-matrices,a457ab82b019c786d006bd569b6982aff809c154,F-CUT-007,-,NO_NET_CODE_CHANGE,decision,docs(cutover): record dashboard query gate
codex/f-cut-001-matrices,f5fd52f8e3f52377740f3398285915868162123b,F-CUT-007,-,NO_NET_CODE_CHANGE,decision,feat(cutover): expose dashboard kpi contract
codex/f-cut-001-matrices,cd8234e6b9924e4223c7e5b2d9a713717a93c65b,F-CUT-007,tasks/features/F-CUT-007.md,EXCLUDED_NON_CODE,decision,docs(cutover): record dashboard rest gate
codex/f-cut-001-matrices,cd8234e6b9924e4223c7e5b2d9a713717a93c65b,F-CUT-007,-,NO_NET_CODE_CHANGE,decision,docs(cutover): record dashboard rest gate
codex/f-cut-001-matrices,da1ea93e2cfa4d73bd7513d0c9ed3221058a3f09,F-CUT-007,-,NO_NET_CODE_CHANGE,decision,feat(cutover): add authorized dashboard cards
codex/f-cut-001-matrices,8405de56beb7721836a2ff89dedc18ef4e71a0d9,F-CUT-007,tasks/features/F-CUT-007.md,EXCLUDED_NON_CODE,decision,docs(cutover): record dashboard frontend gate
codex/f-cut-001-matrices,8405de56beb7721836a2ff89dedc18ef4e71a0d9,F-CUT-007,-,NO_NET_CODE_CHANGE,decision,docs(cutover): record dashboard frontend gate
codex/f-cut-001-matrices,7f1f44ed77caadd16bb5241ac55209e8e225d51a,F-CUT-007,docs/superpowers/plans/2026-09-02-f-cut-007-cutover-dashboard-kpis.md,EXCLUDED_NON_CODE,decision,test(cutover): verify controlled dashboard closure
codex/f-cut-001-matrices,7f1f44ed77caadd16bb5241ac55209e8e225d51a,F-CUT-007,tasks/features/F-CUT-007.md,EXCLUDED_NON_CODE,decision,test(cutover): verify controlled dashboard closure
codex/f-cut-001-matrices,7f1f44ed77caadd16bb5241ac55209e8e225d51a,F-CUT-007,-,NO_NET_CODE_CHANGE,decision,test(cutover): verify controlled dashboard closure
codex/f-cut-001-matrices,75dc5500e0ab0a2eb884b7f50b001b1581f3829b,F-CUT-007,specs/features/README.md,EXCLUDED_NON_CODE,decision,docs(cutover): record controlled dashboard gate
codex/f-cut-001-matrices,75dc5500e0ab0a2eb884b7f50b001b1581f3829b,F-CUT-007,-,NO_NET_CODE_CHANGE,decision,docs(cutover): record controlled dashboard gate
codex/f-cut-001-matrices,f5c66d57a631c16180ae47b0dd27ab70aa206a65,F-CUT-005,docs/design/08-data-model.md,EXCLUDED_NON_CODE,decision,docs(cutover): 建立P5提前时间与外部提醒规格
codex/f-cut-001-matrices,f5c66d57a631c16180ae47b0dd27ab70aa206a65,F-CUT-005,docs/design/09-database-design.md,EXCLUDED_NON_CODE,decision,docs(cutover): 建立P5提前时间与外部提醒规格
codex/f-cut-001-matrices,f5c66d57a631c16180ae47b0dd27ab70aa206a65,F-CUT-005,docs/design/10-api-design.md,EXCLUDED_NON_CODE,decision,docs(cutover): 建立P5提前时间与外部提醒规格
codex/f-cut-001-matrices,f5c66d57a631c16180ae47b0dd27ab70aa206a65,F-CUT-005,docs/design/12-integration-design.md,EXCLUDED_NON_CODE,decision,docs(cutover): 建立P5提前时间与外部提醒规格
codex/f-cut-001-matrices,f5c66d57a631c16180ae47b0dd27ab70aa206a65,F-CUT-005,docs/traceability/requirement-matrix.md,EXCLUDED_NON_CODE,decision,docs(cutover): 建立P5提前时间与外部提醒规格
codex/f-cut-001-matrices,f5c66d57a631c16180ae47b0dd27ab70aa206a65,F-CUT-005,docs/traceability/requirement-version-coverage.json,EXCLUDED_NON_CODE,decision,docs(cutover): 建立P5提前时间与外部提醒规格
codex/f-cut-001-matrices,f5c66d57a631c16180ae47b0dd27ab70aa206a65,F-CUT-008,specs/features/F-CUT-008-api-contract.json,EXCLUDED_NON_CODE,decision,docs(cutover): 建立P5提前时间与外部提醒规格
codex/f-cut-001-matrices,f5c66d57a631c16180ae47b0dd27ab70aa206a65,F-CUT-008,specs/features/F-CUT-008-external-notification-contract.json,EXCLUDED_NON_CODE,decision,docs(cutover): 建立P5提前时间与外部提醒规格
codex/f-cut-001-matrices,f5c66d57a631c16180ae47b0dd27ab70aa206a65,F-CUT-008,specs/features/F-CUT-008-legacy-reuse-audit.md,EXCLUDED_NON_CODE,decision,docs(cutover): 建立P5提前时间与外部提醒规格
codex/f-cut-001-matrices,f5c66d57a631c16180ae47b0dd27ab70aa206a65,F-CUT-008,specs/features/F-CUT-008-p5-lead-time-and-external-reminders.md,EXCLUDED_NON_CODE,decision,docs(cutover): 建立P5提前时间与外部提醒规格
codex/f-cut-001-matrices,f5c66d57a631c16180ae47b0dd27ab70aa206a65,F-CUT-008,specs/features/F-CUT-008-physical-contract.json,EXCLUDED_NON_CODE,decision,docs(cutover): 建立P5提前时间与外部提醒规格
codex/f-cut-001-matrices,f5c66d57a631c16180ae47b0dd27ab70aa206a65,F-CUT-005,specs/features/README.md,EXCLUDED_NON_CODE,decision,docs(cutover): 建立P5提前时间与外部提醒规格
codex/f-cut-001-matrices,f5c66d57a631c16180ae47b0dd27ab70aa206a65,F-CUT-008,tasks/features/F-CUT-008.md,EXCLUDED_NON_CODE,decision,docs(cutover): 建立P5提前时间与外部提醒规格
codex/f-cut-001-matrices,f5c66d57a631c16180ae47b0dd27ab70aa206a65,F-CUT-005,-,NO_NET_CODE_CHANGE,decision,docs(cutover): 建立P5提前时间与外部提醒规格
codex/f-cut-001-matrices,d9b43077ce2cac261ebec83df7bf811ab313d005,F-CUT-008,specs/features/F-CUT-008-physical-contract.json,EXCLUDED_NON_CODE,decision,docs(cutover): 收敛P5外部提醒机器边界
codex/f-cut-001-matrices,d9b43077ce2cac261ebec83df7bf811ab313d005,F-CUT-008,tasks/features/F-CUT-008.md,EXCLUDED_NON_CODE,decision,docs(cutover): 收敛P5外部提醒机器边界
codex/f-cut-001-matrices,d9b43077ce2cac261ebec83df7bf811ab313d005,F-CUT-005,-,NO_NET_CODE_CHANGE,decision,docs(cutover): 收敛P5外部提醒机器边界
codex/f-cut-001-matrices,b5155fcf61b18bedbb9cd0f834d37219811f837c,F-CUT-005,specs/features/README.md,EXCLUDED_NON_CODE,decision,docs(cutover): 记录P5 V2 Feature Ready
codex/f-cut-001-matrices,b5155fcf61b18bedbb9cd0f834d37219811f837c,F-CUT-008,tasks/features/F-CUT-008.md,EXCLUDED_NON_CODE,decision,docs(cutover): 记录P5 V2 Feature Ready
codex/f-cut-001-matrices,b5155fcf61b18bedbb9cd0f834d37219811f837c,F-CUT-005,-,NO_NET_CODE_CHANGE,decision,docs(cutover): 记录P5 V2 Feature Ready
codex/f-cut-001-matrices,ff1dc761a24db8c85b917ab5692e5e3b3742f9d4,F-CUT-008,docs/superpowers/plans/2026-09-02-f-cut-008-p5-lead-time-external-reminders.md,EXCLUDED_NON_CODE,decision,docs(cutover): 制定P5 V2实施计划
codex/f-cut-001-matrices,ff1dc761a24db8c85b917ab5692e5e3b3742f9d4,F-CUT-008,specs/features/F-CUT-008-p5-lead-time-and-external-reminders.md,EXCLUDED_NON_CODE,decision,docs(cutover): 制定P5 V2实施计划
codex/f-cut-001-matrices,ff1dc761a24db8c85b917ab5692e5e3b3742f9d4,F-CUT-008,tasks/features/F-CUT-008.md,EXCLUDED_NON_CODE,decision,docs(cutover): 制定P5 V2实施计划
codex/f-cut-001-matrices,ff1dc761a24db8c85b917ab5692e5e3b3742f9d4,F-CUT-005,-,NO_NET_CODE_CHANGE,decision,docs(cutover): 制定P5 V2实施计划
codex/f-cut-001-matrices,e09b150a3e1b81c8e6916c11ca1ada1f5964f19b,F-CUT-008,docs/superpowers/plans/2026-09-02-f-cut-008-p5-lead-time-external-reminders.md,EXCLUDED_NON_CODE,decision,docs(cutover): 收敛P5 V2计划执行边界
codex/f-cut-001-matrices,e09b150a3e1b81c8e6916c11ca1ada1f5964f19b,F-CUT-008,tasks/features/F-CUT-008.md,EXCLUDED_NON_CODE,decision,docs(cutover): 收敛P5 V2计划执行边界
codex/f-cut-001-matrices,e09b150a3e1b81c8e6916c11ca1ada1f5964f19b,F-CUT-005,-,NO_NET_CODE_CHANGE,decision,docs(cutover): 收敛P5 V2计划执行边界
codex/f-cut-001-matrices,4b7dea6c9e7edacc92ff2206a54c7b7b4cc6503f,F-CUT-008,tasks/features/F-CUT-008.md,EXCLUDED_NON_CODE,decision,docs(cutover): 记录P5 V2计划评审通过
codex/f-cut-001-matrices,4b7dea6c9e7edacc92ff2206a54c7b7b4cc6503f,F-CUT-005,-,NO_NET_CODE_CHANGE,decision,docs(cutover): 记录P5 V2计划评审通过
codex/f-cut-001-matrices,a344321013c94cc6805e1e52d51e6a9272acf3c3,F-CUT-008,tasks/features/F-CUT-008.md,EXCLUDED_NON_CODE,decision,feat(cutover): 实现P5提前时间快照规则
codex/f-cut-001-matrices,a344321013c94cc6805e1e52d51e6a9272acf3c3,F-CUT-005,-,NO_NET_CODE_CHANGE,decision,feat(cutover): 实现P5提前时间快照规则
codex/f-cut-001-matrices,57e6d3db41e4243b6179a05eea7019482100761e,F-CUT-008,tasks/features/F-CUT-008.md,EXCLUDED_NON_CODE,decision,docs(cutover): 记录提前时间规则评审通过
codex/f-cut-001-matrices,57e6d3db41e4243b6179a05eea7019482100761e,F-CUT-001,-,NO_NET_CODE_CHANGE,decision,docs(cutover): 记录提前时间规则评审通过
codex/f-cut-001-matrices,3f87003b69bf8653273e66b64bf2399c11788baf,F-CUT-008,tasks/features/F-CUT-008.md,EXCLUDED_NON_CODE,decision,feat(cutover): 扩展P5提醒物理模型
codex/f-cut-001-matrices,3f87003b69bf8653273e66b64bf2399c11788baf,F-CUT-005,-,NO_NET_CODE_CHANGE,decision,feat(cutover): 扩展P5提醒物理模型
codex/f-cut-001-matrices,5804f57be45d9549f70a7ba31b92b68102564d49,F-CUT-008,tasks/features/F-CUT-008.md,EXCLUDED_NON_CODE,decision,fix(cutover): 收紧外部提醒重试状态
codex/f-cut-001-matrices,5804f57be45d9549f70a7ba31b92b68102564d49,F-CUT-001,-,NO_NET_CODE_CHANGE,decision,fix(cutover): 收紧外部提醒重试状态
codex/f-cut-001-matrices,e1111ff82cf77a2452edba0e53782a9525563cb5,F-CUT-008,tasks/features/F-CUT-008.md,EXCLUDED_NON_CODE,decision,docs(cutover): 记录P5物理模型评审通过
codex/f-cut-001-matrices,e1111ff82cf77a2452edba0e53782a9525563cb5,F-CUT-005,-,NO_NET_CODE_CHANGE,decision,docs(cutover): 记录P5物理模型评审通过
codex/f-cut-001-matrices,2011aa5a4baab0d64566a0f4df7a06a83ec22799,F-CUT-008,tasks/features/F-CUT-008.md,EXCLUDED_NON_CODE,decision,feat(cutover): 冻结P5提前时间判断
codex/f-cut-001-matrices,2011aa5a4baab0d64566a0f4df7a06a83ec22799,F-CUT-005,-,NO_NET_CODE_CHANGE,decision,feat(cutover): 冻结P5提前时间判断
codex/f-cut-001-matrices,1edc713e5975821abb4f845f76701d5954e22535,F-CUT-004,docs/design/10-api-design.md,EXCLUDED_NON_CODE,decision,fix(cutover): 统一P4提交与审批冻结时间
codex/f-cut-001-matrices,1edc713e5975821abb4f845f76701d5954e22535,F-CUT-008,tasks/features/F-CUT-008.md,EXCLUDED_NON_CODE,decision,fix(cutover): 统一P4提交与审批冻结时间
codex/f-cut-001-matrices,1edc713e5975821abb4f845f76701d5954e22535,F-CUT-004,-,NO_NET_CODE_CHANGE,decision,fix(cutover): 统一P4提交与审批冻结时间
codex/f-cut-001-matrices,9a9811426b226de6503b98d2d0593200856ae3b1,F-CUT-008,tasks/features/F-CUT-008.md,EXCLUDED_NON_CODE,decision,docs(cutover): 记录P5提前时间评审通过
codex/f-cut-001-matrices,9a9811426b226de6503b98d2d0593200856ae3b1,F-CUT-005,-,NO_NET_CODE_CHANGE,decision,docs(cutover): 记录P5提前时间评审通过
codex/f-cut-001-matrices,aa2376d2d5ba78ce3cb9c04bd9fc2012dd7cd6af,F-CUT-005,-,NO_NET_CODE_CHANGE,decision,feat(cutover): 创建P5外部提醒请求
codex/f-cut-001-matrices,701d84dbcb1613d5adac60a0d9a335e9696f53ae,F-CUT-008,tasks/features/F-CUT-008.md,EXCLUDED_NON_CODE,decision,docs(cutover): 记录P5提醒请求评审通过
codex/f-cut-001-matrices,701d84dbcb1613d5adac60a0d9a335e9696f53ae,F-CUT-005,-,NO_NET_CODE_CHANGE,decision,docs(cutover): 记录P5提醒请求评审通过
codex/f-cut-001-matrices,a026e0250ddad411a6a1153922495745135d78e6,F-CUT-008,tasks/features/F-CUT-008.md,EXCLUDED_NON_CODE,decision,docs(cutover): 锁定外部提醒关联链来源
codex/f-cut-001-matrices,a026e0250ddad411a6a1153922495745135d78e6,F-CUT-001,-,NO_NET_CODE_CHANGE,decision,docs(cutover): 锁定外部提醒关联链来源
codex/f-cut-001-matrices,2fa9f62c33f6e336cb6d22356e615f033b879311,F-CUT-008,docs/superpowers/plans/2026-09-02-f-cut-008-p5-lead-time-external-reminders.md,EXCLUDED_NON_CODE,decision,docs(cutover): 编排提醒关联链物理修补
codex/f-cut-001-matrices,2fa9f62c33f6e336cb6d22356e615f033b879311,F-CUT-001,-,NO_NET_CODE_CHANGE,decision,docs(cutover): 编排提醒关联链物理修补
codex/f-cut-001-matrices,1c181df816f3f0f4df7750038e45a3fbe3a58915,F-CUT-001,-,NO_NET_CODE_CHANGE,decision,docs(cutover): 收敛关联链正向验证边界
codex/f-cut-001-matrices,aee09358f31849598372f21406388768f547e331,F-CUT-008,tasks/features/F-CUT-008.md,EXCLUDED_NON_CODE,decision,docs(cutover): 记录提醒关联链合同通过
codex/f-cut-001-matrices,aee09358f31849598372f21406388768f547e331,F-CUT-001,-,NO_NET_CODE_CHANGE,decision,docs(cutover): 记录提醒关联链合同通过
codex/f-cut-001-matrices,8889fe968477c9e3443d7ec5d943adaabebca265,UNMAPPED,sql/migrations/V158__fcut008_notification_correlation_provenance.sql,NOOP_MIGRATION_EXACT,decision,sql/migrations/V189__fcut008_notification_correlation_provenance.sql
codex/f-cut-001-matrices,8889fe968477c9e3443d7ec5d943adaabebca265,F-CUT-005,-,NO_NET_CODE_CHANGE,decision,feat(cutover): 持久化P5提醒关联链
codex/f-cut-001-matrices,03a69e390c53e6d7ec0faee7bc0d821f4cf12d83,F-CUT-008,tasks/features/F-CUT-008.md,EXCLUDED_NON_CODE,decision,docs(cutover): 记录P5提醒关联链评审通过
codex/f-cut-001-matrices,03a69e390c53e6d7ec0faee7bc0d821f4cf12d83,F-CUT-005,-,NO_NET_CODE_CHANGE,decision,docs(cutover): 记录P5提醒关联链评审通过
codex/f-cut-001-matrices,373a78839a090abf225b3d07b7681a1096da045e,F-CUT-008,tasks/features/F-CUT-008.md,EXCLUDED_NON_CODE,decision,feat(cutover): 增加P5外部提醒投递候选
codex/f-cut-001-matrices,373a78839a090abf225b3d07b7681a1096da045e,F-CUT-005,-,NO_NET_CODE_CHANGE,decision,feat(cutover): 增加P5外部提醒投递候选
codex/f-cut-001-matrices,439cb4b526171799ce93c7553bcdb73ec6c4e748,F-CUT-008,tasks/features/F-CUT-008.md,EXCLUDED_NON_CODE,decision,docs(cutover): 记录P5外部提醒评审通过
codex/f-cut-001-matrices,439cb4b526171799ce93c7553bcdb73ec6c4e748,F-CUT-005,-,NO_NET_CODE_CHANGE,decision,docs(cutover): 记录P5外部提醒评审通过
codex/f-cut-001-matrices,8d09fdc363d29cf0aa3804e8abf84376ad325d3c,F-CUT-008,tasks/features/F-CUT-008.md,EXCLUDED_NON_CODE,decision,feat(cutover): 展示P5提前时间参考
codex/f-cut-001-matrices,8d09fdc363d29cf0aa3804e8abf84376ad325d3c,F-CUT-005,-,NO_NET_CODE_CHANGE,decision,feat(cutover): 展示P5提前时间参考
codex/f-cut-001-matrices,831a6506f29edfdd6db5fec5622318108ed61fcc,F-CUT-008,tasks/features/F-CUT-008.md,EXCLUDED_NON_CODE,decision,docs(cutover): 记录P5提前时间组件评审通过
codex/f-cut-001-matrices,831a6506f29edfdd6db5fec5622318108ed61fcc,F-CUT-005,-,NO_NET_CODE_CHANGE,decision,docs(cutover): 记录P5提前时间组件评审通过
codex/f-cut-001-matrices,aa281aa0f7ec5b6ad4dc72e43dcdfc87108347e0,F-CUT-008,tasks/features/F-CUT-008.md,EXCLUDED_NON_CODE,decision,feat(cutover): 登记P5外部提醒暂停任务
codex/f-cut-001-matrices,aa281aa0f7ec5b6ad4dc72e43dcdfc87108347e0,UNMAPPED,sql/migrations/V159__fcut008_external_notification_job_seed.sql,NOOP_MIGRATION_EXACT,decision,sql/migrations/V190__fcut008_external_notification_job_seed.sql
codex/f-cut-001-matrices,aa281aa0f7ec5b6ad4dc72e43dcdfc87108347e0,F-CUT-005,pms-module-cutover/src/test/java/cn/iocoder/yudao/module/pms/cutover/migration/Fcut008MigrationContractTest.java,APPLIED_CODE,decision,feat(cutover): 登记P5外部提醒暂停任务
codex/f-cut-001-matrices,af5024f42f6e827e6e5f8b679681c6a0e494c600,F-CUT-008,tasks/features/F-CUT-008.md,EXCLUDED_NON_CODE,decision,docs(cutover): 记录P5外部提醒暂停任务评审通过
codex/f-cut-001-matrices,af5024f42f6e827e6e5f8b679681c6a0e494c600,F-CUT-005,-,NO_NET_CODE_CHANGE,decision,docs(cutover): 记录P5外部提醒暂停任务评审通过
codex/f-cut-001-matrices,7219532a3058b6fb944825a3d42923af2324de10,F-CUT-005,docs/traceability/requirement-matrix.md,EXCLUDED_NON_CODE,decision,test(cutover): 验证P5提前时间与外部提醒闭环
codex/f-cut-001-matrices,7219532a3058b6fb944825a3d42923af2324de10,F-CUT-005,docs/traceability/requirement-version-coverage.json,EXCLUDED_NON_CODE,decision,test(cutover): 验证P5提前时间与外部提醒闭环
codex/f-cut-001-matrices,7219532a3058b6fb944825a3d42923af2324de10,F-CUT-008,tasks/features/F-CUT-008.md,EXCLUDED_NON_CODE,decision,test(cutover): 验证P5提前时间与外部提醒闭环
codex/f-cut-001-matrices,7219532a3058b6fb944825a3d42923af2324de10,F-CUT-005,-,NO_NET_CODE_CHANGE,decision,test(cutover): 验证P5提前时间与外部提醒闭环
codex/f-cut-001-matrices,5f8ceade7da0a2cc7a0b77a4bb4cf512c52aa8a5,F-CUT-005,-,NO_NET_CODE_CHANGE,decision,docs(cutover): 记录P5受控正向闭环通过
codex/f-cut-001-matrices,85603c0612823d7fd3bcb8ab337c2ac47e9270c2,F-CUT-005,specs/features/README.md,EXCLUDED_NON_CODE,decision,docs(cutover): 同步P5受控实现索引
codex/f-cut-001-matrices,85603c0612823d7fd3bcb8ab337c2ac47e9270c2,F-CUT-005,-,NO_NET_CODE_CHANGE,decision,docs(cutover): 同步P5受控实现索引
codex/f-cut-001-matrices,7bc8f98d0d7dd75c93de33bd6178624900294c98,F-CUT-003,docs/decisions/open-questions.md,EXCLUDED_NON_CODE,decision,docs(cutover): 建立P3导出与导航Feature候选
codex/f-cut-001-matrices,7bc8f98d0d7dd75c93de33bd6178624900294c98,F-CUT-003,docs/traceability/requirement-matrix.md,EXCLUDED_NON_CODE,decision,docs(cutover): 建立P3导出与导航Feature候选
codex/f-cut-001-matrices,7bc8f98d0d7dd75c93de33bd6178624900294c98,F-CUT-003,docs/traceability/requirement-version-coverage.json,EXCLUDED_NON_CODE,decision,docs(cutover): 建立P3导出与导航Feature候选
codex/f-cut-001-matrices,7bc8f98d0d7dd75c93de33bd6178624900294c98,F-CUT-009,specs/features/F-CUT-009-api-contract.json,EXCLUDED_NON_CODE,decision,docs(cutover): 建立P3导出与导航Feature候选
codex/f-cut-001-matrices,7bc8f98d0d7dd75c93de33bd6178624900294c98,F-CUT-009,specs/features/F-CUT-009-legacy-reuse-audit.md,EXCLUDED_NON_CODE,decision,docs(cutover): 建立P3导出与导航Feature候选
codex/f-cut-001-matrices,7bc8f98d0d7dd75c93de33bd6178624900294c98,F-CUT-009,specs/features/F-CUT-009-p3-authorized-export-and-navigation.md,EXCLUDED_NON_CODE,decision,docs(cutover): 建立P3导出与导航Feature候选
codex/f-cut-001-matrices,7bc8f98d0d7dd75c93de33bd6178624900294c98,F-CUT-009,specs/features/F-CUT-009-physical-contract.json,EXCLUDED_NON_CODE,decision,docs(cutover): 建立P3导出与导航Feature候选
codex/f-cut-001-matrices,7bc8f98d0d7dd75c93de33bd6178624900294c98,F-CUT-003,specs/features/README.md,EXCLUDED_NON_CODE,decision,docs(cutover): 建立P3导出与导航Feature候选
codex/f-cut-001-matrices,7bc8f98d0d7dd75c93de33bd6178624900294c98,F-CUT-009,tasks/features/F-CUT-009.md,EXCLUDED_NON_CODE,decision,docs(cutover): 建立P3导出与导航Feature候选
codex/f-cut-001-matrices,7bc8f98d0d7dd75c93de33bd6178624900294c98,F-CUT-003,-,NO_NET_CODE_CHANGE,decision,docs(cutover): 建立P3导出与导航Feature候选
codex/f-cut-001-matrices,8ab118f8680c5fc35e32d0547bc949025718d5f4,F-CUT-003,docs/decisions/open-questions.md,EXCLUDED_NON_CODE,decision,docs(cutover): 收敛P3导出与导航合同
codex/f-cut-001-matrices,8ab118f8680c5fc35e32d0547bc949025718d5f4,F-CUT-009,specs/features/F-CUT-009-api-contract.json,EXCLUDED_NON_CODE,decision,docs(cutover): 收敛P3导出与导航合同
codex/f-cut-001-matrices,8ab118f8680c5fc35e32d0547bc949025718d5f4,F-CUT-009,specs/features/F-CUT-009-p3-authorized-export-and-navigation.md,EXCLUDED_NON_CODE,decision,docs(cutover): 收敛P3导出与导航合同
codex/f-cut-001-matrices,8ab118f8680c5fc35e32d0547bc949025718d5f4,F-CUT-009,specs/features/F-CUT-009-physical-contract.json,EXCLUDED_NON_CODE,decision,docs(cutover): 收敛P3导出与导航合同
codex/f-cut-001-matrices,8ab118f8680c5fc35e32d0547bc949025718d5f4,F-CUT-009,tasks/features/F-CUT-009.md,EXCLUDED_NON_CODE,decision,docs(cutover): 收敛P3导出与导航合同
codex/f-cut-001-matrices,8ab118f8680c5fc35e32d0547bc949025718d5f4,F-CUT-003,-,NO_NET_CODE_CHANGE,decision,docs(cutover): 收敛P3导出与导航合同
codex/f-cut-001-matrices,51239c53c31696de8c58ac47955195152c577187,F-CUT-009,tasks/features/F-CUT-009.md,EXCLUDED_NON_CODE,decision,docs(cutover): 修正P3导出与配置端点合同
codex/f-cut-001-matrices,51239c53c31696de8c58ac47955195152c577187,F-CUT-003,-,NO_NET_CODE_CHANGE,decision,docs(cutover): 修正P3导出与配置端点合同
codex/f-cut-001-matrices,24d2cff49632f3f61e70c357e98ac8fe6e7ba7e3,F-CUT-003,specs/features/README.md,EXCLUDED_NON_CODE,decision,docs(cutover): 回写P3导出Feature Ready
codex/f-cut-001-matrices,24d2cff49632f3f61e70c357e98ac8fe6e7ba7e3,F-CUT-009,tasks/features/F-CUT-009.md,EXCLUDED_NON_CODE,decision,docs(cutover): 回写P3导出Feature Ready
codex/f-cut-001-matrices,24d2cff49632f3f61e70c357e98ac8fe6e7ba7e3,F-CUT-003,-,NO_NET_CODE_CHANGE,decision,docs(cutover): 回写P3导出Feature Ready
codex/f-cut-001-matrices,b3713bca0d51236fcaf2a62f2cf4cc381a2ee61c,F-CUT-009,docs/superpowers/plans/2026-09-02-f-cut-009-p3-authorized-export-and-navigation.md,EXCLUDED_NON_CODE,decision,docs(cutover): 编制P3导出与导航计划
codex/f-cut-001-matrices,b3713bca0d51236fcaf2a62f2cf4cc381a2ee61c,F-CUT-009,tasks/features/F-CUT-009.md,EXCLUDED_NON_CODE,decision,docs(cutover): 编制P3导出与导航计划
codex/f-cut-001-matrices,b3713bca0d51236fcaf2a62f2cf4cc381a2ee61c,F-CUT-003,-,NO_NET_CODE_CHANGE,decision,docs(cutover): 编制P3导出与导航计划
codex/f-cut-001-matrices,e9b2a25c6813c176b6fc061fefd54e0ceaa293a9,F-CUT-009,tasks/features/F-CUT-009.md,EXCLUDED_NON_CODE,decision,docs(cutover): 修正P3导航事务与导出审计计划
codex/f-cut-001-matrices,e9b2a25c6813c176b6fc061fefd54e0ceaa293a9,F-CUT-003,-,NO_NET_CODE_CHANGE,decision,docs(cutover): 修正P3导航事务与导出审计计划
codex/f-cut-001-matrices,301ebbc8966863055a6aef0cc647d22d7c8481c1,F-CUT-003,docs/traceability/requirement-matrix.md,EXCLUDED_NON_CODE,decision,docs(cutover): 回写P3导出技术计划Gate
codex/f-cut-001-matrices,301ebbc8966863055a6aef0cc647d22d7c8481c1,F-CUT-003,docs/traceability/requirement-version-coverage.json,EXCLUDED_NON_CODE,decision,docs(cutover): 回写P3导出技术计划Gate
codex/f-cut-001-matrices,301ebbc8966863055a6aef0cc647d22d7c8481c1,F-CUT-003,specs/features/README.md,EXCLUDED_NON_CODE,decision,docs(cutover): 回写P3导出技术计划Gate
codex/f-cut-001-matrices,301ebbc8966863055a6aef0cc647d22d7c8481c1,F-CUT-009,tasks/features/F-CUT-009.md,EXCLUDED_NON_CODE,decision,docs(cutover): 回写P3导出技术计划Gate
codex/f-cut-001-matrices,301ebbc8966863055a6aef0cc647d22d7c8481c1,F-CUT-003,-,NO_NET_CODE_CHANGE,decision,docs(cutover): 回写P3导出技术计划Gate
codex/f-cut-001-matrices,706b6c2a7c9c861b09a3e0118877f68f0d6654a5,UNMAPPED,sql/migrations/V160__fcut009_navigation_rule.sql,NOOP_MIGRATION_EXACT,decision,sql/migrations/V191__fcut009_navigation_rule.sql
codex/f-cut-001-matrices,706b6c2a7c9c861b09a3e0118877f68f0d6654a5,F-CUT-003,-,NO_NET_CODE_CHANGE,decision,feat(cutover): 接通P3提交导航决定
codex/f-cut-001-matrices,c7d3aa0fcf6099d85045002a03b71614779e972b,F-CUT-001,-,NO_NET_CODE_CHANGE,decision,fix(cutover): 补齐导航规则门禁闭环
codex/f-cut-001-matrices,2b30664dbbf95c3930fa587d786ab88efcfa9456,F-CUT-001,-,NO_NET_CODE_CHANGE,decision,fix(cutover): 统一导航字段缺失错误
codex/f-cut-001-matrices,0ecca8b0cee0ed7d8ec40207cc8d5809b83144dd,F-CUT-009,tasks/features/F-CUT-009.md,EXCLUDED_NON_CODE,decision,docs(cutover): 回写F-CUT-009 Task 1 Gate
codex/f-cut-001-matrices,0ecca8b0cee0ed7d8ec40207cc8d5809b83144dd,F-CUT-009,-,NO_NET_CODE_CHANGE,decision,docs(cutover): 回写F-CUT-009 Task 1 Gate
codex/f-cut-001-matrices,523520c9dc79518399b39f41b73032f41bf31e55,F-CUT-001,-,NO_NET_CODE_CHANGE,decision,feat(cutover): 增加授权清单导出
codex/f-cut-001-matrices,f90227655b9df37da20a59adf26203d1381494b4,F-CUT-001,-,NO_NET_CODE_CHANGE,decision,fix(cutover): 映射导出Owner事实异常
codex/f-cut-001-matrices,c9e0f15386cbfa517d5039b9ee2914b5f9e6e1b4,F-CUT-009,tasks/features/F-CUT-009.md,EXCLUDED_NON_CODE,decision,docs(cutover): 回写F-CUT-009 Task 2 Gate
codex/f-cut-001-matrices,c9e0f15386cbfa517d5039b9ee2914b5f9e6e1b4,F-CUT-009,-,NO_NET_CODE_CHANGE,decision,docs(cutover): 回写F-CUT-009 Task 2 Gate
codex/f-cut-001-matrices,dc0e6d390152b215adbc80a44e67460a977cfd23,F-CUT-003,-,NO_NET_CODE_CHANGE,decision,feat(cutover): 接通P3导出与导航交互
codex/f-cut-001-matrices,cd2d6e04afc06e595fa25033ab88109eccc3bd13,F-CUT-009,-,NO_NET_CODE_CHANGE,decision,docs(cutover): 收口F-CUT-009受控闭环
codex/f-cut-001-matrices,cf3743f949a503bd2104da0a2c03ac604e1f5511,F-CUT-010,docs/design/02d-cross-context-contracts.md,EXCLUDED_NON_CODE,decision,docs(cutover): 建立CUT-08备件协同规格
codex/f-cut-001-matrices,cf3743f949a503bd2104da0a2c03ac604e1f5511,F-CUT-010,docs/design/09-database-design.md,EXCLUDED_NON_CODE,decision,docs(cutover): 建立CUT-08备件协同规格
codex/f-cut-001-matrices,cf3743f949a503bd2104da0a2c03ac604e1f5511,F-CUT-010,docs/design/10-api-design.md,EXCLUDED_NON_CODE,decision,docs(cutover): 建立CUT-08备件协同规格
codex/f-cut-001-matrices,cf3743f949a503bd2104da0a2c03ac604e1f5511,F-CUT-010,docs/design/12-integration-design.md,EXCLUDED_NON_CODE,decision,docs(cutover): 建立CUT-08备件协同规格
codex/f-cut-001-matrices,cf3743f949a503bd2104da0a2c03ac604e1f5511,F-CUT-010,docs/design/16-exception-and-idempotency.md,EXCLUDED_NON_CODE,decision,docs(cutover): 建立CUT-08备件协同规格
codex/f-cut-001-matrices,cf3743f949a503bd2104da0a2c03ac604e1f5511,F-CUT-010,docs/traceability/requirement-matrix.md,EXCLUDED_NON_CODE,decision,docs(cutover): 建立CUT-08备件协同规格
codex/f-cut-001-matrices,cf3743f949a503bd2104da0a2c03ac604e1f5511,F-CUT-010,docs/traceability/requirement-version-coverage.json,EXCLUDED_NON_CODE,decision,docs(cutover): 建立CUT-08备件协同规格
codex/f-cut-001-matrices,cf3743f949a503bd2104da0a2c03ac604e1f5511,F-CUT-011,specs/features/F-CUT-011-api-contract.json,EXCLUDED_NON_CODE,decision,docs(cutover): 建立CUT-08备件协同规格
codex/f-cut-001-matrices,cf3743f949a503bd2104da0a2c03ac604e1f5511,F-CUT-011,specs/features/F-CUT-011-cutover-spare-system-coordination.md,EXCLUDED_NON_CODE,decision,docs(cutover): 建立CUT-08备件协同规格
codex/f-cut-001-matrices,cf3743f949a503bd2104da0a2c03ac604e1f5511,F-CUT-011,specs/features/F-CUT-011-legacy-reuse-audit.md,EXCLUDED_NON_CODE,decision,docs(cutover): 建立CUT-08备件协同规格
codex/f-cut-001-matrices,cf3743f949a503bd2104da0a2c03ac604e1f5511,F-CUT-011,specs/features/F-CUT-011-physical-contract.json,EXCLUDED_NON_CODE,decision,docs(cutover): 建立CUT-08备件协同规格
codex/f-cut-001-matrices,cf3743f949a503bd2104da0a2c03ac604e1f5511,F-CUT-010,specs/features/README.md,EXCLUDED_NON_CODE,decision,docs(cutover): 建立CUT-08备件协同规格
codex/f-cut-001-matrices,cf3743f949a503bd2104da0a2c03ac604e1f5511,F-CUT-011,tasks/features/F-CUT-011.md,EXCLUDED_NON_CODE,decision,docs(cutover): 建立CUT-08备件协同规格
codex/f-cut-001-matrices,cf3743f949a503bd2104da0a2c03ac604e1f5511,F-CUT-010,-,NO_NET_CODE_CHANGE,decision,docs(cutover): 建立CUT-08备件协同规格
codex/f-cut-001-matrices,ee632ba5e140035161abbb180ff47dde43ad1357,F-CUT-001,docs/design/09-database-design.md,EXCLUDED_NON_CODE,decision,fix(cutover): 恢复CUT-08 Feature编号
codex/f-cut-001-matrices,ee632ba5e140035161abbb180ff47dde43ad1357,F-CUT-001,docs/design/10-api-design.md,EXCLUDED_NON_CODE,decision,fix(cutover): 恢复CUT-08 Feature编号
codex/f-cut-001-matrices,ee632ba5e140035161abbb180ff47dde43ad1357,F-CUT-001,docs/traceability/requirement-matrix.md,EXCLUDED_NON_CODE,decision,fix(cutover): 恢复CUT-08 Feature编号
codex/f-cut-001-matrices,ee632ba5e140035161abbb180ff47dde43ad1357,F-CUT-001,docs/traceability/requirement-version-coverage.json,EXCLUDED_NON_CODE,decision,fix(cutover): 恢复CUT-08 Feature编号
codex/f-cut-001-matrices,ee632ba5e140035161abbb180ff47dde43ad1357,F-CUT-010,specs/features/F-CUT-010-api-contract.json,EXCLUDED_NON_CODE,decision,fix(cutover): 恢复CUT-08 Feature编号
codex/f-cut-001-matrices,ee632ba5e140035161abbb180ff47dde43ad1357,F-CUT-010,specs/features/F-CUT-010-cutover-spare-system-coordination.md,EXCLUDED_NON_CODE,decision,fix(cutover): 恢复CUT-08 Feature编号
codex/f-cut-001-matrices,ee632ba5e140035161abbb180ff47dde43ad1357,F-CUT-010,specs/features/F-CUT-010-physical-contract.json,EXCLUDED_NON_CODE,decision,fix(cutover): 恢复CUT-08 Feature编号
codex/f-cut-001-matrices,ee632ba5e140035161abbb180ff47dde43ad1357,F-CUT-001,specs/features/README.md,EXCLUDED_NON_CODE,decision,fix(cutover): 恢复CUT-08 Feature编号
codex/f-cut-001-matrices,ee632ba5e140035161abbb180ff47dde43ad1357,F-CUT-010,tasks/features/F-CUT-010.md,EXCLUDED_NON_CODE,decision,fix(cutover): 恢复CUT-08 Feature编号
codex/f-cut-001-matrices,ee632ba5e140035161abbb180ff47dde43ad1357,F-CUT-001,-,NO_NET_CODE_CHANGE,decision,fix(cutover): 恢复CUT-08 Feature编号
codex/f-cut-001-matrices,1a37a546f4d95519e8ac631c20dc91c4f01db5fb,F-CUT-010,docs/design/02-domain-model.md,EXCLUDED_NON_CODE,decision,fix(cutover): 收敛备件协同Feature合同
codex/f-cut-001-matrices,1a37a546f4d95519e8ac631c20dc91c4f01db5fb,F-CUT-010,docs/design/02d-cross-context-contracts.md,EXCLUDED_NON_CODE,decision,fix(cutover): 收敛备件协同Feature合同
codex/f-cut-001-matrices,1a37a546f4d95519e8ac631c20dc91c4f01db5fb,F-CUT-010,docs/design/08-data-model.md,EXCLUDED_NON_CODE,decision,fix(cutover): 收敛备件协同Feature合同
codex/f-cut-001-matrices,1a37a546f4d95519e8ac631c20dc91c4f01db5fb,F-CUT-010,docs/design/09-database-design.md,EXCLUDED_NON_CODE,decision,fix(cutover): 收敛备件协同Feature合同
codex/f-cut-001-matrices,1a37a546f4d95519e8ac631c20dc91c4f01db5fb,F-CUT-010,docs/design/10-api-design.md,EXCLUDED_NON_CODE,decision,fix(cutover): 收敛备件协同Feature合同
codex/f-cut-001-matrices,1a37a546f4d95519e8ac631c20dc91c4f01db5fb,F-CUT-010,docs/design/12-integration-design.md,EXCLUDED_NON_CODE,decision,fix(cutover): 收敛备件协同Feature合同
codex/f-cut-001-matrices,1a37a546f4d95519e8ac631c20dc91c4f01db5fb,F-CUT-010,docs/engineering/gates/phase-2/README.md,EXCLUDED_NON_CODE,decision,fix(cutover): 收敛备件协同Feature合同
codex/f-cut-001-matrices,1a37a546f4d95519e8ac631c20dc91c4f01db5fb,F-CUT-010,docs/engineering/gates/phase-2/gate-status.md,EXCLUDED_NON_CODE,decision,fix(cutover): 收敛备件协同Feature合同
codex/f-cut-001-matrices,1a37a546f4d95519e8ac631c20dc91c4f01db5fb,F-CUT-010,docs/engineering/gates/phase-2/independent-review.md,EXCLUDED_NON_CODE,decision,fix(cutover): 收敛备件协同Feature合同
codex/f-cut-001-matrices,1a37a546f4d95519e8ac631c20dc91c4f01db5fb,F-CUT-010,docs/engineering/gates/phase-2/self-review.md,EXCLUDED_NON_CODE,decision,fix(cutover): 收敛备件协同Feature合同
codex/f-cut-001-matrices,1a37a546f4d95519e8ac631c20dc91c4f01db5fb,F-CUT-010,docs/traceability/domain-entity-migration-contract.json,EXCLUDED_NON_CODE,decision,fix(cutover): 收敛备件协同Feature合同
codex/f-cut-001-matrices,1a37a546f4d95519e8ac631c20dc91c4f01db5fb,F-CUT-010,docs/traceability/domain-entity-migration-contract.md,EXCLUDED_NON_CODE,decision,fix(cutover): 收敛备件协同Feature合同
codex/f-cut-001-matrices,1a37a546f4d95519e8ac631c20dc91c4f01db5fb,F-CUT-010,docs/traceability/domain-object-table-map.json,EXCLUDED_NON_CODE,decision,fix(cutover): 收敛备件协同Feature合同
codex/f-cut-001-matrices,1a37a546f4d95519e8ac631c20dc91c4f01db5fb,F-CUT-010,docs/traceability/phase2-contract-map.md,EXCLUDED_NON_CODE,decision,fix(cutover): 收敛备件协同Feature合同
codex/f-cut-001-matrices,1a37a546f4d95519e8ac631c20dc91c4f01db5fb,F-CUT-010,specs/features/F-CUT-010-api-contract.json,EXCLUDED_NON_CODE,decision,fix(cutover): 收敛备件协同Feature合同
codex/f-cut-001-matrices,1a37a546f4d95519e8ac631c20dc91c4f01db5fb,F-CUT-010,specs/features/F-CUT-010-cutover-spare-system-coordination.md,EXCLUDED_NON_CODE,decision,fix(cutover): 收敛备件协同Feature合同
codex/f-cut-001-matrices,1a37a546f4d95519e8ac631c20dc91c4f01db5fb,F-CUT-010,specs/features/F-CUT-010-physical-contract.json,EXCLUDED_NON_CODE,decision,fix(cutover): 收敛备件协同Feature合同
codex/f-cut-001-matrices,1a37a546f4d95519e8ac631c20dc91c4f01db5fb,F-CUT-010,tasks/features/F-CUT-010.md,EXCLUDED_NON_CODE,decision,fix(cutover): 收敛备件协同Feature合同
codex/f-cut-001-matrices,1a37a546f4d95519e8ac631c20dc91c4f01db5fb,F-CUT-010,scripts/generate_domain_entity_migration_contract.py,APPLIED_CODE,decision,fix(cutover): 收敛备件协同Feature合同
codex/f-cut-001-matrices,1a37a546f4d95519e8ac631c20dc91c4f01db5fb,F-CUT-010,scripts/generate_phase2_contract_map.py,APPLIED_CODE,decision,fix(cutover): 收敛备件协同Feature合同
codex/f-cut-001-matrices,c4b1a9395075b532b90cf90471b842380fb83176,F-CUT-010,docs/design/02d-cross-context-contracts.md,EXCLUDED_NON_CODE,decision,fix(cutover): 锁定备件引用状态与来源版本
codex/f-cut-001-matrices,c4b1a9395075b532b90cf90471b842380fb83176,F-CUT-010,docs/design/12-integration-design.md,EXCLUDED_NON_CODE,decision,fix(cutover): 锁定备件引用状态与来源版本
codex/f-cut-001-matrices,c4b1a9395075b532b90cf90471b842380fb83176,F-CUT-010,tasks/features/F-CUT-010.md,EXCLUDED_NON_CODE,decision,fix(cutover): 锁定备件引用状态与来源版本
codex/f-cut-001-matrices,c4b1a9395075b532b90cf90471b842380fb83176,F-CUT-010,-,NO_NET_CODE_CHANGE,decision,fix(cutover): 锁定备件引用状态与来源版本
codex/f-cut-001-matrices,20c382e2964430c8c669d3d424b503a7737e4ce5,F-CUT-001,specs/features/README.md,EXCLUDED_NON_CODE,decision,docs(cutover): 回写CUT-08 Feature Ready
codex/f-cut-001-matrices,20c382e2964430c8c669d3d424b503a7737e4ce5,F-CUT-010,tasks/features/F-CUT-010.md,EXCLUDED_NON_CODE,decision,docs(cutover): 回写CUT-08 Feature Ready
codex/f-cut-001-matrices,20c382e2964430c8c669d3d424b503a7737e4ce5,F-CUT-001,-,NO_NET_CODE_CHANGE,decision,docs(cutover): 回写CUT-08 Feature Ready
codex/f-cut-001-matrices,810c54b4b0bc2abc280716aeb961644336be165c,F-CUT-010,docs/superpowers/plans/2026-09-02-f-cut-010-cutover-spare-system-coordination.md,EXCLUDED_NON_CODE,decision,docs(cutover): 编制CUT-08实施计划
codex/f-cut-001-matrices,810c54b4b0bc2abc280716aeb961644336be165c,F-CUT-010,tasks/features/F-CUT-010.md,EXCLUDED_NON_CODE,decision,docs(cutover): 编制CUT-08实施计划
codex/f-cut-001-matrices,810c54b4b0bc2abc280716aeb961644336be165c,F-CUT-001,-,NO_NET_CODE_CHANGE,decision,docs(cutover): 编制CUT-08实施计划
codex/f-cut-001-matrices,f840cbbc55c10e59d9815aa7944fcce2f89e1896,F-CUT-010,tasks/features/F-CUT-010.md,EXCLUDED_NON_CODE,decision,fix(cutover): 收敛CUT-08实施计划
codex/f-cut-001-matrices,f840cbbc55c10e59d9815aa7944fcce2f89e1896,F-CUT-001,-,NO_NET_CODE_CHANGE,decision,fix(cutover): 收敛CUT-08实施计划
codex/f-cut-001-matrices,ab5bc4f324b9f209f199702bab4e5a1e22683736,F-CUT-001,docs/traceability/requirement-matrix.md,EXCLUDED_NON_CODE,decision,docs(cutover): 回写CUT-08计划Gate
codex/f-cut-001-matrices,ab5bc4f324b9f209f199702bab4e5a1e22683736,F-CUT-001,specs/features/README.md,EXCLUDED_NON_CODE,decision,docs(cutover): 回写CUT-08计划Gate
codex/f-cut-001-matrices,ab5bc4f324b9f209f199702bab4e5a1e22683736,F-CUT-010,tasks/features/F-CUT-010.md,EXCLUDED_NON_CODE,decision,docs(cutover): 回写CUT-08计划Gate
codex/f-cut-001-matrices,ab5bc4f324b9f209f199702bab4e5a1e22683736,F-CUT-001,-,NO_NET_CODE_CHANGE,decision,docs(cutover): 回写CUT-08计划Gate
codex/f-cut-001-matrices,aa803a52e342f93253a0865c077f00795d14c714,F-CUT-010,tasks/features/F-CUT-010.md,EXCLUDED_NON_CODE,decision,feat(cutover): 建立备件协同公共合同
codex/f-cut-001-matrices,aa803a52e342f93253a0865c077f00795d14c714,F-CUT-010,-,NO_NET_CODE_CHANGE,decision,feat(cutover): 建立备件协同公共合同
codex/f-cut-001-matrices,26c02ac2883eed09b23372f2595705d61ec41e4a,F-CUT-010,tasks/features/F-CUT-010.md,EXCLUDED_NON_CODE,decision,fix(cutover): 规范化备件状态事实
codex/f-cut-001-matrices,26c02ac2883eed09b23372f2595705d61ec41e4a,F-CUT-010,-,NO_NET_CODE_CHANGE,decision,fix(cutover): 规范化备件状态事实
codex/f-cut-001-matrices,bf1e016e8e25d10856cacb84a61175ba1c784ee6,F-CUT-010,tasks/features/F-CUT-010.md,EXCLUDED_NON_CODE,decision,docs(cutover): 回写备件协同Task1 Gate
codex/f-cut-001-matrices,bf1e016e8e25d10856cacb84a61175ba1c784ee6,F-CUT-010,-,NO_NET_CODE_CHANGE,decision,docs(cutover): 回写备件协同Task1 Gate
codex/f-cut-001-matrices,750ef1abf8a88c1d6ed0c4821797ef512aa22296,F-CUT-010,tasks/features/F-CUT-010.md,EXCLUDED_NON_CODE,decision,feat(cutover): 建立备件协同持久化合同
codex/f-cut-001-matrices,750ef1abf8a88c1d6ed0c4821797ef512aa22296,UNMAPPED,sql/migrations/V161__fcut010_spare_system_coordination.sql,NOOP_MIGRATION_EXACT,decision,sql/migrations/V192__fcut010_spare_system_coordination.sql
codex/f-cut-001-matrices,750ef1abf8a88c1d6ed0c4821797ef512aa22296,F-CUT-010,-,NO_NET_CODE_CHANGE,decision,feat(cutover): 建立备件协同持久化合同
codex/f-cut-001-matrices,a95c14b9975566377036bfcddab92e4245909323,F-CUT-010,tasks/features/F-CUT-010.md,EXCLUDED_NON_CODE,decision,docs(cutover): 回写备件协同Task2 Gate
codex/f-cut-001-matrices,a95c14b9975566377036bfcddab92e4245909323,F-CUT-010,-,NO_NET_CODE_CHANGE,decision,docs(cutover): 回写备件协同Task2 Gate
codex/f-cut-001-matrices,831a85b9aae1913c1f25b7e2aab344b33cb0c13e,F-CUT-010,tasks/features/F-CUT-010.md,EXCLUDED_NON_CODE,decision,feat(cutover): 投影备件协同查询与P5摘要
codex/f-cut-001-matrices,831a85b9aae1913c1f25b7e2aab344b33cb0c13e,F-CUT-010,-,NO_NET_CODE_CHANGE,decision,feat(cutover): 投影备件协同查询与P5摘要
codex/f-cut-001-matrices,faed8387d09a82c018f5f03efbbf4b148ffbac69,F-CUT-010,-,NO_NET_CODE_CHANGE,decision,docs(cutover): 回写备件协同Task3 Gate
codex/f-acc-001-sds,26531772ea6fe59befdbda4461fdb242c3c807a4,UNMAPPED,scripts/generate_domain_entity_migration_contract.py,CONFLICT_OURS_ADAPT_REQUIRED,conflict,docs(sds): 锁定COM办事处与验收守卫差量
codex/f-acc-001-sds,20f03ba316ca431a55f96aa9c3c97be54d08b4e0,UNMAPPED,scripts/generate_domain_entity_migration_contract.py,CONFLICT_OURS_ADAPT_REQUIRED,conflict,docs(sds): 补齐COM V70必填字段转换
codex/f-acc-001-sds,b17ae89f92b01488378aeb8c36a77a5b2d46ad29,UNMAPPED,scripts/generate_domain_entity_migration_contract.py,CONFLICT_OURS_ADAPT_REQUIRED,conflict,docs(sds): 锁定验收阶段范围绑定时序
codex/f-acc-001-sds,bcbeffd60804fe82b22a5be38daf91a23819df4f,UNMAPPED,scripts/tests/test_fcom001_feature_contract.py,CONFLICT_OURS_ADAPT_REQUIRED,conflict,docs(commerce): 整改COM Feature物理契约
codex/f-acc-001-sds,7ed8801a536f8f78795537d016a17d55c7e4ce2f,UNMAPPED,scripts/tests/test_fcom001_feature_contract.py,CONFLICT_OURS_ADAPT_REQUIRED,conflict,docs(commerce): 补齐真实Provider复用审计
codex/f-acc-001-sds,dbfc8e5571852350d98e75da1bf0b3692df2b00d,UNMAPPED,scripts/tests/test_fcom001_feature_contract.py,CONFLICT_OURS_ADAPT_REQUIRED,conflict,docs(commerce): 锁定冲突通知与序列号校验
codex/f-acc-001-sds,c57ee7b5f5226f5dc902d817c034ff1a8f6618c3,UNMAPPED,scripts/tests/test_fcom001_feature_contract.py,CONFLICT_OURS_ADAPT_REQUIRED,conflict,docs(commerce): 提交合同订单Feature完整复审
codex/f-acc-001-sds,ead6c8bf3eca721a221564ac13c6f656aeb44f9e,UNMAPPED,scripts/tests/test_fcom001_feature_contract.py,CONFLICT_OURS_ADAPT_REQUIRED,conflict,docs(commerce): 回写合同订单Feature Ready裁决
codex/f-acc-001-sds,3412e38397776d471c6ea3867def2001609d5b46,UNMAPPED,scripts/tests/test_fcom001_feature_contract.py,CONFLICT_OURS_ADAPT_REQUIRED,conflict,docs(commerce): 隔离V72受管种子转换
codex/f-acc-001-sds,c541126b644ff28d72ad8735534a6b63f859c729,UNMAPPED,pms-module-commerce/pms-module-commerce-api/src/main/java/cn/iocoder/yudao/module/pms/commerce/api/authority/CommerceAuthorityWriteApi.java,CONFLICT_OURS_ADAPT_REQUIRED,conflict,feat(commerce): 新增合同范围协作契约
codex/f-acc-001-sds,c541126b644ff28d72ad8735534a6b63f859c729,UNMAPPED,pms-module-commerce/pms-module-commerce-api/src/main/java/cn/iocoder/yudao/module/pms/commerce/api/authority/dto/AuthorityWriteResult.java,CONFLICT_OURS_ADAPT_REQUIRED,conflict,feat(commerce): 新增合同范围协作契约
codex/f-acc-001-sds,c541126b644ff28d72ad8735534a6b63f859c729,UNMAPPED,pms-module-commerce/pms-module-commerce-api/src/main/java/cn/iocoder/yudao/module/pms/commerce/api/authority/dto/CommerceAuthorityWriteCommand.java,CONFLICT_OURS_ADAPT_REQUIRED,conflict,feat(commerce): 新增合同范围协作契约
codex/f-acc-001-sds,c541126b644ff28d72ad8735534a6b63f859c729,UNMAPPED,pms-module-project/pms-module-project-api/src/main/java/cn/iocoder/yudao/module/pms/project/api/commerce/dto/ProjectOfficeFact.java,CONFLICT_OURS_ADAPT_REQUIRED,conflict,feat(commerce): 新增合同范围协作契约
codex/f-acc-001-sds,c541126b644ff28d72ad8735534a6b63f859c729,UNMAPPED,pms-module-project/src/test/java/cn/iocoder/yudao/module/pms/project/api/Fcom001PublicApiContractTest.java,CONFLICT_OURS_ADAPT_REQUIRED,conflict,feat(commerce): 新增合同范围协作契约
codex/f-acc-001-sds,3b9e680a0ede81dd20c1075d8c0ad7982afc5073,UNMAPPED,pms-module-project/src/main/java/cn/iocoder/yudao/module/pms/project/api/commerce/ProjectOfficeFactApiImpl.java,CONFLICT_OURS_ADAPT_REQUIRED,conflict,feat(project): 提供合同范围项目事实
codex/f-acc-001-sds,3b9e680a0ede81dd20c1075d8c0ad7982afc5073,UNMAPPED,pms-module-project/src/test/java/cn/iocoder/yudao/module/pms/project/api/commerce/ProjectOfficeFactApiImplTest.java,CONFLICT_OURS_ADAPT_REQUIRED,conflict,feat(project): 提供合同范围项目事实
codex/f-acc-001-sds,6490d44c035b74ec5b9e06377c2b32a1619a69ae,UNMAPPED,pms-module-project/src/main/java/cn/iocoder/yudao/module/pms/project/dal/dataobject/acceptancescope/AcceptanceScopeBindingDO.java,CONFLICT_OURS_ADAPT_REQUIRED,conflict,feat(acceptance): 新增验收范围锁定事实
codex/f-acc-001-sds,6490d44c035b74ec5b9e06377c2b32a1619a69ae,UNMAPPED,pms-module-project/src/main/java/cn/iocoder/yudao/module/pms/project/enums/ErrorCodeConstants.java,CONFLICT_OURS_ADAPT_REQUIRED,conflict,feat(acceptance): 新增验收范围锁定事实
codex/f-acc-001-sds,6490d44c035b74ec5b9e06377c2b32a1619a69ae,UNMAPPED,pms-module-project/src/test/java/cn/iocoder/yudao/module/pms/project/service/acceptancescope/AcceptanceScopeBindingServiceTest.java,CONFLICT_OURS_ADAPT_REQUIRED,conflict,feat(acceptance): 新增验收范围锁定事实
codex/f-acc-001-sds,9fd37981611e926ff8bce2c39c13685e14f28499,UNMAPPED,pms-module-commerce/src/main/java/cn/iocoder/yudao/module/pms/commerce/dal/mysql/scope/DeliveryScopeMapper.java,CONFLICT_OURS_ADAPT_REQUIRED,conflict,feat(commerce): 提供验收范围稳定锁读
codex/f-acc-001-sds,9fd37981611e926ff8bce2c39c13685e14f28499,UNMAPPED,pms-module-commerce/src/main/resources/mapper/scope/DeliveryScopeMapper.xml,CONFLICT_OURS_ADAPT_REQUIRED,conflict,feat(commerce): 提供验收范围稳定锁读
codex/f-acc-001-sds,43d63dcd50b65d62ce6ec3a35de55ee7a9e22bc1,UNMAPPED,pms-module-commerce/src/test/java/cn/iocoder/yudao/module/pms/commerce/migration/Fcom001MigrationContractTest.java,CONFLICT_OURS_ADAPT_REQUIRED,conflict,feat(commerce): 实现V124原子前向切换
codex/f-acc-001-sds,aabf19d7009779dbd9e07c1581935390f4d56bc7,UNMAPPED,pms-module-commerce/pom.xml,CONFLICT_OURS_ADAPT_REQUIRED,conflict,feat(commerce): 实现权威副本与合同公司范围
codex/f-acc-001-sds,aabf19d7009779dbd9e07c1581935390f4d56bc7,UNMAPPED,pms-module-commerce/src/main/java/cn/iocoder/yudao/module/pms/commerce/dal/dataobject/contract/ContractDO.java,CONFLICT_OURS_ADAPT_REQUIRED,conflict,feat(commerce): 实现权威副本与合同公司范围
codex/f-acc-001-sds,aabf19d7009779dbd9e07c1581935390f4d56bc7,UNMAPPED,pms-module-commerce/src/main/java/cn/iocoder/yudao/module/pms/commerce/dal/dataobject/order/SalesOrderDO.java,CONFLICT_OURS_ADAPT_REQUIRED,conflict,feat(commerce): 实现权威副本与合同公司范围
codex/f-acc-001-sds,aabf19d7009779dbd9e07c1581935390f4d56bc7,UNMAPPED,pms-module-commerce/src/main/java/cn/iocoder/yudao/module/pms/commerce/dal/dataobject/order/SalesOrderLineDO.java,CONFLICT_OURS_ADAPT_REQUIRED,conflict,feat(commerce): 实现权威副本与合同公司范围
codex/f-acc-001-sds,aabf19d7009779dbd9e07c1581935390f4d56bc7,UNMAPPED,pms-module-commerce/src/main/java/cn/iocoder/yudao/module/pms/commerce/dal/mysql/contract/ContractMapper.java,CONFLICT_OURS_ADAPT_REQUIRED,conflict,feat(commerce): 实现权威副本与合同公司范围
codex/f-acc-001-sds,aabf19d7009779dbd9e07c1581935390f4d56bc7,UNMAPPED,pms-module-commerce/src/main/java/cn/iocoder/yudao/module/pms/commerce/dal/mysql/contract/ProjectContractRelationMapper.java,CONFLICT_OURS_ADAPT_REQUIRED,conflict,feat(commerce): 实现权威副本与合同公司范围
codex/f-acc-001-sds,aabf19d7009779dbd9e07c1581935390f4d56bc7,UNMAPPED,pms-module-commerce/src/main/java/cn/iocoder/yudao/module/pms/commerce/dal/mysql/contract/query/ContractCompanyScopeQuery.java,CONFLICT_OURS_ADAPT_REQUIRED,conflict,feat(commerce): 实现权威副本与合同公司范围
codex/f-acc-001-sds,aabf19d7009779dbd9e07c1581935390f4d56bc7,UNMAPPED,pms-module-commerce/src/main/java/cn/iocoder/yudao/module/pms/commerce/dal/mysql/contract/query/ContractDetailScopeQuery.java,CONFLICT_OURS_ADAPT_REQUIRED,conflict,feat(commerce): 实现权威副本与合同公司范围
codex/f-acc-001-sds,aabf19d7009779dbd9e07c1581935390f4d56bc7,UNMAPPED,pms-module-commerce/src/main/java/cn/iocoder/yudao/module/pms/commerce/dal/mysql/order/SalesOrderLineMapper.java,CONFLICT_OURS_ADAPT_REQUIRED,conflict,feat(commerce): 实现权威副本与合同公司范围
codex/f-acc-001-sds,aabf19d7009779dbd9e07c1581935390f4d56bc7,UNMAPPED,pms-module-commerce/src/main/java/cn/iocoder/yudao/module/pms/commerce/dal/mysql/order/SalesOrderMapper.java,CONFLICT_OURS_ADAPT_REQUIRED,conflict,feat(commerce): 实现权威副本与合同公司范围
codex/f-acc-001-sds,aabf19d7009779dbd9e07c1581935390f4d56bc7,UNMAPPED,pms-module-commerce/src/main/java/cn/iocoder/yudao/module/pms/commerce/dal/mysql/order/query/SalesOrderCompanyScopeQuery.java,CONFLICT_OURS_ADAPT_REQUIRED,conflict,feat(commerce): 实现权威副本与合同公司范围
codex/f-acc-001-sds,aabf19d7009779dbd9e07c1581935390f4d56bc7,UNMAPPED,pms-module-commerce/src/main/java/cn/iocoder/yudao/module/pms/commerce/dal/mysql/order/query/SalesOrderLineCompanyScopeQuery.java,CONFLICT_OURS_ADAPT_REQUIRED,conflict,feat(commerce): 实现权威副本与合同公司范围
codex/f-acc-001-sds,aabf19d7009779dbd9e07c1581935390f4d56bc7,UNMAPPED,pms-module-commerce/src/main/java/cn/iocoder/yudao/module/pms/commerce/service/authority/CommerceAuthorityWriteService.java,CONFLICT_OURS_ADAPT_REQUIRED,conflict,feat(commerce): 实现权威副本与合同公司范围
codex/f-acc-001-sds,aabf19d7009779dbd9e07c1581935390f4d56bc7,UNMAPPED,pms-module-commerce/src/main/java/cn/iocoder/yudao/module/pms/commerce/service/contract/ContractAccessService.java,CONFLICT_OURS_ADAPT_REQUIRED,conflict,feat(commerce): 实现权威副本与合同公司范围
codex/f-acc-001-sds,aabf19d7009779dbd9e07c1581935390f4d56bc7,UNMAPPED,pms-module-commerce/src/main/java/cn/iocoder/yudao/module/pms/commerce/service/contract/ContractRelationCommandService.java,CONFLICT_OURS_ADAPT_REQUIRED,conflict,feat(commerce): 实现权威副本与合同公司范围
codex/f-acc-001-sds,aabf19d7009779dbd9e07c1581935390f4d56bc7,UNMAPPED,pms-module-commerce/src/main/resources/mapper/contract/ContractMapper.xml,CONFLICT_OURS_ADAPT_REQUIRED,conflict,feat(commerce): 实现权威副本与合同公司范围
codex/f-acc-001-sds,aabf19d7009779dbd9e07c1581935390f4d56bc7,UNMAPPED,pms-module-commerce/src/main/resources/mapper/contract/ProjectContractRelationMapper.xml,CONFLICT_OURS_ADAPT_REQUIRED,conflict,feat(commerce): 实现权威副本与合同公司范围
codex/f-acc-001-sds,aabf19d7009779dbd9e07c1581935390f4d56bc7,UNMAPPED,pms-module-commerce/src/main/resources/mapper/order/SalesOrderLineMapper.xml,CONFLICT_OURS_ADAPT_REQUIRED,conflict,feat(commerce): 实现权威副本与合同公司范围
codex/f-acc-001-sds,aabf19d7009779dbd9e07c1581935390f4d56bc7,UNMAPPED,pms-module-commerce/src/main/resources/mapper/order/SalesOrderMapper.xml,CONFLICT_OURS_ADAPT_REQUIRED,conflict,feat(commerce): 实现权威副本与合同公司范围
codex/f-acc-001-sds,aabf19d7009779dbd9e07c1581935390f4d56bc7,UNMAPPED,pms-module-commerce/src/test/java/cn/iocoder/yudao/module/pms/commerce/service/authority/CommerceAuthorityWriteServiceTest.java,CONFLICT_OURS_ADAPT_REQUIRED,conflict,feat(commerce): 实现权威副本与合同公司范围
codex/f-acc-001-sds,aabf19d7009779dbd9e07c1581935390f4d56bc7,UNMAPPED,pms-module-commerce/src/test/java/cn/iocoder/yudao/module/pms/commerce/service/contract/ContractAccessServiceTest.java,CONFLICT_OURS_ADAPT_REQUIRED,conflict,feat(commerce): 实现权威副本与合同公司范围
codex/f-acc-001-sds,aabf19d7009779dbd9e07c1581935390f4d56bc7,UNMAPPED,pms-module-commerce/src/test/java/cn/iocoder/yudao/module/pms/commerce/service/contract/ContractRelationCommandServiceTest.java,CONFLICT_OURS_ADAPT_REQUIRED,conflict,feat(commerce): 实现权威副本与合同公司范围
codex/f-acc-001-sds,cc03787ec9c761358756da6320728928b47eaa39,UNMAPPED,pms-module-commerce/src/main/java/cn/iocoder/yudao/module/pms/commerce/service/authority/CommerceAuthorityWriteService.java,CONFLICT_OURS_ADAPT_REQUIRED,conflict,feat(commerce): 补齐无SN范围产品事实
codex/f-acc-001-sds,cc03787ec9c761358756da6320728928b47eaa39,UNMAPPED,pms-module-commerce/src/test/java/cn/iocoder/yudao/module/pms/commerce/service/authority/CommerceAuthorityWriteServiceTest.java,CONFLICT_OURS_ADAPT_REQUIRED,conflict,feat(commerce): 补齐无SN范围产品事实
codex/f-acc-001-sds,cc03787ec9c761358756da6320728928b47eaa39,UNMAPPED,scripts/tests/test_fcom001_feature_contract.py,CONFLICT_OURS_ADAPT_REQUIRED,conflict,feat(commerce): 补齐无SN范围产品事实
codex/f-acc-001-sds,cc03787ec9c761358756da6320728928b47eaa39,UNMAPPED,sql/migrations/V125__fcom001_permissions_menu_and_acceptance_seed.sql,MIGRATION_ADAPT_REQUIRED,conflict,old version or mixed/existing table owner
codex/f-acc-001-sds,05af6f3685ce5db5a13df0ec2cc3428e789d700c,UNMAPPED,pms-module-commerce/src/main/java/cn/iocoder/yudao/module/pms/commerce/api/scope/DeliveryScopeApiImpl.java,CONFLICT_OURS_ADAPT_REQUIRED,conflict,feat(commerce): 接通范围Owner版本与兼容分配
codex/f-acc-001-sds,05af6f3685ce5db5a13df0ec2cc3428e789d700c,UNMAPPED,pms-module-commerce/src/main/java/cn/iocoder/yudao/module/pms/commerce/dal/mysql/order/SalesOrderLineMapper.java,CONFLICT_OURS_ADAPT_REQUIRED,conflict,feat(commerce): 接通范围Owner版本与兼容分配
codex/f-acc-001-sds,05af6f3685ce5db5a13df0ec2cc3428e789d700c,UNMAPPED,pms-module-commerce/src/main/java/cn/iocoder/yudao/module/pms/commerce/dal/mysql/scope/DeliveryScopeMapper.java,CONFLICT_OURS_ADAPT_REQUIRED,conflict,feat(commerce): 接通范围Owner版本与兼容分配
codex/f-acc-001-sds,05af6f3685ce5db5a13df0ec2cc3428e789d700c,UNMAPPED,pms-module-commerce/src/main/java/cn/iocoder/yudao/module/pms/commerce/service/scope/DeliveryScopeCompatibilityService.java,CONFLICT_OURS_ADAPT_REQUIRED,conflict,feat(commerce): 接通范围Owner版本与兼容分配
codex/f-acc-001-sds,05af6f3685ce5db5a13df0ec2cc3428e789d700c,UNMAPPED,pms-module-commerce/src/main/resources/mapper/scope/DeliveryScopeMapper.xml,CONFLICT_OURS_ADAPT_REQUIRED,conflict,feat(commerce): 接通范围Owner版本与兼容分配
codex/f-acc-001-sds,05af6f3685ce5db5a13df0ec2cc3428e789d700c,UNMAPPED,pms-module-commerce/src/test/java/cn/iocoder/yudao/module/pms/commerce/service/scope/DeliveryScopeCompatibilityServiceTest.java,CONFLICT_OURS_ADAPT_REQUIRED,conflict,feat(commerce): 接通范围Owner版本与兼容分配
codex/f-acc-001-sds,05af6f3685ce5db5a13df0ec2cc3428e789d700c,UNMAPPED,scripts/tests/test_fcom001_feature_contract.py,CONFLICT_OURS_ADAPT_REQUIRED,conflict,feat(commerce): 接通范围Owner版本与兼容分配
codex/f-acc-001-sds,63b6efc0a149bf713da6fbd9717ab6648f4cea79,UNMAPPED,pms-module-commerce/src/main/java/cn/iocoder/yudao/module/pms/commerce/dal/mysql/scope/DeliveryScopeMapper.java,CONFLICT_OURS_ADAPT_REQUIRED,conflict,feat(commerce): 冻结ERP减量冲突范围
codex/f-acc-001-sds,63b6efc0a149bf713da6fbd9717ab6648f4cea79,UNMAPPED,pms-module-commerce/src/main/java/cn/iocoder/yudao/module/pms/commerce/service/authority/CommerceAuthorityWriteService.java,CONFLICT_OURS_ADAPT_REQUIRED,conflict,feat(commerce): 冻结ERP减量冲突范围
codex/f-acc-001-sds,63b6efc0a149bf713da6fbd9717ab6648f4cea79,UNMAPPED,pms-module-commerce/src/main/resources/mapper/scope/DeliveryScopeMapper.xml,CONFLICT_OURS_ADAPT_REQUIRED,conflict,feat(commerce): 冻结ERP减量冲突范围
codex/f-acc-001-sds,63b6efc0a149bf713da6fbd9717ab6648f4cea79,UNMAPPED,pms-module-commerce/src/test/java/cn/iocoder/yudao/module/pms/commerce/service/authority/CommerceAuthorityWriteServiceTest.java,CONFLICT_OURS_ADAPT_REQUIRED,conflict,feat(commerce): 冻结ERP减量冲突范围
codex/f-acc-001-sds,b6c0176c9ad0f4c130ab4ece83e42d7595dd3c52,UNMAPPED,pms-module-commerce/src/main/java/cn/iocoder/yudao/module/pms/commerce/service/scope/CommerceDeliveryScopeCommandService.java,CONFLICT_OURS_ADAPT_REQUIRED,conflict,feat(commerce): 实现范围调整与释放命令
codex/f-acc-001-sds,b6c0176c9ad0f4c130ab4ece83e42d7595dd3c52,UNMAPPED,pms-module-commerce/src/main/java/cn/iocoder/yudao/module/pms/commerce/service/scope/DeliveryScopeAssignCommand.java,CONFLICT_OURS_ADAPT_REQUIRED,conflict,feat(commerce): 实现范围调整与释放命令
codex/f-acc-001-sds,b6c0176c9ad0f4c130ab4ece83e42d7595dd3c52,UNMAPPED,pms-module-commerce/src/main/java/cn/iocoder/yudao/module/pms/commerce/service/scope/DeliveryScopeChangeCommand.java,CONFLICT_OURS_ADAPT_REQUIRED,conflict,feat(commerce): 实现范围调整与释放命令
codex/f-acc-001-sds,b6c0176c9ad0f4c130ab4ece83e42d7595dd3c52,UNMAPPED,pms-module-commerce/src/main/resources/mapper/scope/DeliveryScopeMapper.xml,CONFLICT_OURS_ADAPT_REQUIRED,conflict,feat(commerce): 实现范围调整与释放命令
codex/f-acc-001-sds,b6c0176c9ad0f4c130ab4ece83e42d7595dd3c52,UNMAPPED,pms-module-commerce/src/test/java/cn/iocoder/yudao/module/pms/commerce/service/scope/CommerceDeliveryScopeCommandServiceTest.java,CONFLICT_OURS_ADAPT_REQUIRED,conflict,feat(commerce): 实现范围调整与释放命令
codex/f-acc-001-sds,f25e0ebfd38c78e80937de4100a6564b35533da5,UNMAPPED,pms-module-commerce/src/main/java/cn/iocoder/yudao/module/pms/commerce/service/scope/DeliveryScopeCompatibilityService.java,CONFLICT_OURS_ADAPT_REQUIRED,conflict,feat(commerce): 原子绑定验收阶段内新范围
codex/f-acc-001-sds,f25e0ebfd38c78e80937de4100a6564b35533da5,UNMAPPED,pms-module-commerce/src/test/java/cn/iocoder/yudao/module/pms/commerce/service/scope/CommerceDeliveryScopeCommandServiceTest.java,CONFLICT_OURS_ADAPT_REQUIRED,conflict,feat(commerce): 原子绑定验收阶段内新范围
codex/f-acc-001-sds,f25e0ebfd38c78e80937de4100a6564b35533da5,UNMAPPED,pms-module-commerce/src/test/java/cn/iocoder/yudao/module/pms/commerce/service/scope/DeliveryScopeCompatibilityServiceTest.java,CONFLICT_OURS_ADAPT_REQUIRED,conflict,feat(commerce): 原子绑定验收阶段内新范围
codex/f-acc-001-sds,21c07181b6667f47e18a81ca3dee2114ab3d5074,UNMAPPED,pms-module-project/src/main/java/cn/iocoder/yudao/module/pms/project/dal/mysql/projectmanual/ProjectStageInstanceMapper.java,CONFLICT_OURS_ADAPT_REQUIRED,conflict,feat(project): 原子进入项目验收阶段
codex/f-acc-001-sds,21c07181b6667f47e18a81ca3dee2114ab3d5074,UNMAPPED,pms-module-project/src/main/java/cn/iocoder/yudao/module/pms/project/dal/mysql/projectmanual/query/ProjectStageStatusUpdate.java,CONFLICT_OURS_ADAPT_REQUIRED,conflict,feat(project): 原子进入项目验收阶段
codex/f-acc-001-sds,21c07181b6667f47e18a81ca3dee2114ab3d5074,UNMAPPED,pms-module-project/src/main/java/cn/iocoder/yudao/module/pms/project/domain/projectgovernance/ProjectStageSnapshotRules.java,CONFLICT_OURS_ADAPT_REQUIRED,conflict,feat(project): 原子进入项目验收阶段
codex/f-acc-001-sds,21c07181b6667f47e18a81ca3dee2114ab3d5074,UNMAPPED,pms-module-project/src/main/resources/mapper/projectmanual/ProjectStageInstanceMapper.xml,CONFLICT_OURS_ADAPT_REQUIRED,conflict,feat(project): 原子进入项目验收阶段
codex/f-acc-001-sds,a8418dbb6800fe892ddb1a51b9380d149574b4a5,UNMAPPED,pms-module-commerce/src/main/java/cn/iocoder/yudao/module/pms/commerce/dal/mysql/order/SalesOrderMapper.java,CONFLICT_OURS_ADAPT_REQUIRED,conflict,feat(commerce): 收紧合同访问与关系范围
codex/f-acc-001-sds,a8418dbb6800fe892ddb1a51b9380d149574b4a5,UNMAPPED,pms-module-commerce/src/main/java/cn/iocoder/yudao/module/pms/commerce/service/contract/ContractAccessService.java,CONFLICT_OURS_ADAPT_REQUIRED,conflict,feat(commerce): 收紧合同访问与关系范围
codex/f-acc-001-sds,a8418dbb6800fe892ddb1a51b9380d149574b4a5,UNMAPPED,pms-module-commerce/src/main/resources/mapper/contract/ContractMapper.xml,CONFLICT_OURS_ADAPT_REQUIRED,conflict,feat(commerce): 收紧合同访问与关系范围
codex/f-acc-001-sds,a8418dbb6800fe892ddb1a51b9380d149574b4a5,UNMAPPED,pms-module-commerce/src/main/resources/mapper/order/SalesOrderMapper.xml,CONFLICT_OURS_ADAPT_REQUIRED,conflict,feat(commerce): 收紧合同访问与关系范围
codex/f-acc-001-sds,a8418dbb6800fe892ddb1a51b9380d149574b4a5,UNMAPPED,pms-module-commerce/src/test/java/cn/iocoder/yudao/module/pms/commerce/service/contract/ContractAccessServiceTest.java,CONFLICT_OURS_ADAPT_REQUIRED,conflict,feat(commerce): 收紧合同访问与关系范围
codex/f-acc-001-sds,06593a42796076cb67392dcd71e4ab5ad29de665,UNMAPPED,pms-module-commerce/src/main/java/cn/iocoder/yudao/module/pms/commerce/service/scope/CommerceDeliveryScopeQueryService.java,CONFLICT_OURS_ADAPT_REQUIRED,conflict,feat(commerce): 新增交付范围授权查询
codex/f-acc-001-sds,06593a42796076cb67392dcd71e4ab5ad29de665,UNMAPPED,pms-module-commerce/src/test/java/cn/iocoder/yudao/module/pms/commerce/service/scope/CommerceDeliveryScopeQueryServiceTest.java,CONFLICT_OURS_ADAPT_REQUIRED,conflict,feat(commerce): 新增交付范围授权查询
codex/f-acc-001-sds,76a3dfc7721e427dbf0e80e89dd26aab6c87701c,UNMAPPED,pms-module-commerce/src/main/java/cn/iocoder/yudao/module/pms/commerce/controller/admin/contract/ContractController.java,CONFLICT_OURS_ADAPT_REQUIRED,conflict,feat(commerce): 接通商务与验收阶段REST
codex/f-acc-001-sds,76a3dfc7721e427dbf0e80e89dd26aab6c87701c,UNMAPPED,pms-module-commerce/src/main/java/cn/iocoder/yudao/module/pms/commerce/controller/admin/order/OrderController.java,CONFLICT_OURS_ADAPT_REQUIRED,conflict,feat(commerce): 接通商务与验收阶段REST
codex/f-acc-001-sds,76a3dfc7721e427dbf0e80e89dd26aab6c87701c,UNMAPPED,pms-module-commerce/src/main/java/cn/iocoder/yudao/module/pms/commerce/controller/admin/scope/DeliveryScopeController.java,CONFLICT_OURS_ADAPT_REQUIRED,conflict,feat(commerce): 接通商务与验收阶段REST
codex/f-acc-001-sds,76a3dfc7721e427dbf0e80e89dd26aab6c87701c,UNMAPPED,pms-module-commerce/src/main/java/cn/iocoder/yudao/module/pms/commerce/controller/admin/scope/vo/DeliveryScopeAdjustReqVO.java,CONFLICT_OURS_ADAPT_REQUIRED,conflict,feat(commerce): 接通商务与验收阶段REST
codex/f-acc-001-sds,76a3dfc7721e427dbf0e80e89dd26aab6c87701c,UNMAPPED,pms-module-commerce/src/main/java/cn/iocoder/yudao/module/pms/commerce/controller/admin/scope/vo/DeliveryScopeAssignReqVO.java,CONFLICT_OURS_ADAPT_REQUIRED,conflict,feat(commerce): 接通商务与验收阶段REST
codex/f-acc-001-sds,76a3dfc7721e427dbf0e80e89dd26aab6c87701c,UNMAPPED,pms-module-commerce/src/main/java/cn/iocoder/yudao/module/pms/commerce/controller/admin/scope/vo/DeliveryScopePreviewReqVO.java,CONFLICT_OURS_ADAPT_REQUIRED,conflict,feat(commerce): 接通商务与验收阶段REST
codex/f-acc-001-sds,76a3dfc7721e427dbf0e80e89dd26aab6c87701c,UNMAPPED,pms-module-commerce/src/main/java/cn/iocoder/yudao/module/pms/commerce/controller/admin/scope/vo/DeliveryScopeReleaseReqVO.java,CONFLICT_OURS_ADAPT_REQUIRED,conflict,feat(commerce): 接通商务与验收阶段REST
codex/f-acc-001-sds,76a3dfc7721e427dbf0e80e89dd26aab6c87701c,UNMAPPED,pms-module-commerce/src/main/java/cn/iocoder/yudao/module/pms/commerce/service/scope/DeliveryScopePreviewCommand.java,CONFLICT_OURS_ADAPT_REQUIRED,conflict,feat(commerce): 接通商务与验收阶段REST
codex/f-acc-001-sds,76a3dfc7721e427dbf0e80e89dd26aab6c87701c,UNMAPPED,pms-module-commerce/src/test/java/cn/iocoder/yudao/module/pms/commerce/service/scope/CommerceDeliveryScopeCommandServiceTest.java,CONFLICT_OURS_ADAPT_REQUIRED,conflict,feat(commerce): 接通商务与验收阶段REST
codex/f-acc-001-sds,65639c9c913cf506430fb74fec88ba59be0c2501,UNMAPPED,scripts/tests/test_fcom001_feature_contract.py,CONFLICT_OURS_ADAPT_REQUIRED,conflict,feat(commerce): 完成V125权限与验收种子
codex/f-acc-001-sds,65639c9c913cf506430fb74fec88ba59be0c2501,UNMAPPED,sql/migrations/V125__fcom001_permissions_menu_and_acceptance_seed.sql,MIGRATION_ADAPT_REQUIRED,conflict,old version or mixed/existing table owner
codex/f-acc-001-sds,835a1a57f17b483068cbd841b4861d153ef24147,UNMAPPED,yudao-ui/yudao-ui-admin-vue3/src/api/pms/commerce/index.ts,CONFLICT_OURS_ADAPT_REQUIRED,conflict,feat(commerce): 新增合同与交付范围工作台
codex/f-acc-001-sds,835a1a57f17b483068cbd841b4861d153ef24147,UNMAPPED,yudao-ui/yudao-ui-admin-vue3/src/views/pms/commerce/commercePages.spec.ts,CONFLICT_OURS_ADAPT_REQUIRED,conflict,feat(commerce): 新增合同与交付范围工作台
codex/f-acc-001-sds,835a1a57f17b483068cbd841b4861d153ef24147,UNMAPPED,yudao-ui/yudao-ui-admin-vue3/src/views/pms/commerce/contracts/detail.vue,CONFLICT_OURS_ADAPT_REQUIRED,conflict,feat(commerce): 新增合同与交付范围工作台
codex/f-acc-001-sds,835a1a57f17b483068cbd841b4861d153ef24147,UNMAPPED,yudao-ui/yudao-ui-admin-vue3/src/views/pms/commerce/delivery-scope/DeliveryScopeEditor.vue,CONFLICT_OURS_ADAPT_REQUIRED,conflict,feat(commerce): 新增合同与交付范围工作台
codex/f-acc-001-sds,835a1a57f17b483068cbd841b4861d153ef24147,UNMAPPED,yudao-ui/yudao-ui-admin-vue3/src/views/pms/commerce/delivery-scope/index.vue,CONFLICT_OURS_ADAPT_REQUIRED,conflict,feat(commerce): 新增合同与交付范围工作台
codex/f-acc-001-sds,ac8a6c9a39ed6abd35b3885fbaddd601ba26868c,UNMAPPED,pms-module-commerce/src/test/java/cn/iocoder/yudao/module/pms/commerce/service/scope/Fcom001ApplicationMySqlIntegrationTest.java,CONFLICT_OURS_ADAPT_REQUIRED,conflict,fix(commerce): 修复V125并补全真实事务验证
codex/f-acc-001-sds,0eb01df12559deb3ad98dc33e25550fe3c53194a,UNMAPPED,pms-module-commerce/src/main/java/cn/iocoder/yudao/module/pms/commerce/controller/admin/authority/CommerceAuthorityImportController.java,CONFLICT_OURS_ADAPT_REQUIRED,conflict,feat(commerce): 新增权威批次受控导入
codex/f-acc-001-sds,0eb01df12559deb3ad98dc33e25550fe3c53194a,UNMAPPED,pms-module-commerce/src/main/java/cn/iocoder/yudao/module/pms/commerce/controller/admin/authority/vo/CommerceAuthorityImportBatchReqVO.java,CONFLICT_OURS_ADAPT_REQUIRED,conflict,feat(commerce): 新增权威批次受控导入
codex/f-acc-001-sds,0eb01df12559deb3ad98dc33e25550fe3c53194a,UNMAPPED,pms-module-commerce/src/main/java/cn/iocoder/yudao/module/pms/commerce/service/authority/CommerceAuthorityImportApplicationService.java,CONFLICT_OURS_ADAPT_REQUIRED,conflict,feat(commerce): 新增权威批次受控导入
codex/f-acc-001-sds,0eb01df12559deb3ad98dc33e25550fe3c53194a,UNMAPPED,pms-module-commerce/src/test/java/cn/iocoder/yudao/module/pms/commerce/controller/admin/authority/CommerceAuthorityImportControllerTest.java,CONFLICT_OURS_ADAPT_REQUIRED,conflict,feat(commerce): 新增权威批次受控导入
codex/f-acc-001-sds,0eb01df12559deb3ad98dc33e25550fe3c53194a,UNMAPPED,pms-module-commerce/src/test/java/cn/iocoder/yudao/module/pms/commerce/service/authority/CommerceAuthorityImportApplicationServiceTest.java,CONFLICT_OURS_ADAPT_REQUIRED,conflict,feat(commerce): 新增权威批次受控导入
codex/f-acc-001-sds,7d578e3749e8a1262e1589d1d3342c98872d91aa,UNMAPPED,sql/migrations/V126__fcom001_stage_entry_acceptance_seed.sql,MIGRATION_ADAPT_REQUIRED,conflict,old version or mixed/existing table owner
codex/f-acc-001-sds,32092b115a32262070d62b60bb3d429da3e496c6,UNMAPPED,sql/migrations/V127__fcom001_acceptance_identity_authorization_fix.sql,MIGRATION_ADAPT_REQUIRED,conflict,old version or mixed/existing table owner
codex/f-acc-001-sds,3a78e2beee6ef574cb03734ab2235c8f7506cf11,UNMAPPED,pms-module-commerce/src/main/java/cn/iocoder/yudao/module/pms/commerce/controller/admin/contract/ContractController.java,CONFLICT_OURS_ADAPT_REQUIRED,conflict,fix(commerce): 隔离合同商务敏感字段
codex/f-acc-001-sds,3a78e2beee6ef574cb03734ab2235c8f7506cf11,UNMAPPED,pms-module-commerce/src/test/java/cn/iocoder/yudao/module/pms/commerce/controller/admin/contract/ContractControllerTest.java,CONFLICT_OURS_ADAPT_REQUIRED,conflict,fix(commerce): 隔离合同商务敏感字段
codex/f-acc-001-sds,a57c23c861d13097c67cb7c49f685db4a8996657,UNMAPPED,scripts/tests/run_fcom001_browser_acceptance.cjs,CONFLICT_OURS_ADAPT_REQUIRED,conflict,test(commerce): 完成真实浏览器验收
codex/f-acc-001-sds,5e56728152f642302bfee63e641465ab29b4af36,UNMAPPED,pms-module-commerce/src/main/java/cn/iocoder/yudao/module/pms/commerce/service/scope/CommerceDeliveryScopeCommandService.java,CONFLICT_OURS_ADAPT_REQUIRED,conflict,fix(commerce): 闭合公开读取与业务拒绝语义
codex/f-acc-001-sds,5e56728152f642302bfee63e641465ab29b4af36,UNMAPPED,pms-module-commerce/src/main/resources/mapper/order/SalesOrderLineMapper.xml,CONFLICT_OURS_ADAPT_REQUIRED,conflict,fix(commerce): 闭合公开读取与业务拒绝语义
codex/f-acc-001-sds,5e56728152f642302bfee63e641465ab29b4af36,UNMAPPED,pms-module-commerce/src/test/java/cn/iocoder/yudao/module/pms/commerce/service/scope/CommerceDeliveryScopeCommandServiceTest.java,CONFLICT_OURS_ADAPT_REQUIRED,conflict,fix(commerce): 闭合公开读取与业务拒绝语义
codex/f-acc-001-sds,5e56728152f642302bfee63e641465ab29b4af36,UNMAPPED,scripts/tests/run_fcom001_browser_acceptance.cjs,CONFLICT_OURS_ADAPT_REQUIRED,conflict,fix(commerce): 闭合公开读取与业务拒绝语义
codex/f-acc-001-sds,20bca44b9aa1a4c083685673cfe8536308aca9c9,UNMAPPED,scripts/generate_domain_entity_migration_contract.py,CONFLICT_OURS_ADAPT_REQUIRED,conflict,docs(acceptance): 形成验收报告版本SDS差量
codex/f-acc-001-sds,5c1e1ff2498abf838310da607ae5d1426953b3ad,UNMAPPED,scripts/generate_domain_entity_migration_contract.py,CONFLICT_OURS_ADAPT_REQUIRED,conflict,docs(acceptance): 闭合报告换版与撤销契约
codex/f-acc-001-sds,b628ee3eb1899f7c7e83d84b860ae7fd648f2a83,UNMAPPED,scripts/tests/test_facc001_feature_contract.py,CONFLICT_OURS_ADAPT_REQUIRED,conflict,docs(acceptance): 形成报告版本Feature候选
codex/f-acc-001-sds,bde0feac019baf820634ecc6a0e88272672b601d,UNMAPPED,scripts/tests/test_facc001_feature_contract.py,CONFLICT_OURS_ADAPT_REQUIRED,conflict,docs(acceptance): 闭合Feature文件与活动契约
codex/f-acc-001-sds,9f3d31100c589ba3041e1d65b639066418e8c5a0,UNMAPPED,scripts/tests/test_facc001_feature_contract.py,CONFLICT_OURS_ADAPT_REQUIRED,conflict,docs(acceptance): 回写Feature Ready裁决
codex/f-acc-001-sds,fca9626c4fce4ccf4b03efdebe997343ce7b5a42,UNMAPPED,scripts/tests/test_facc001_feature_contract.py,CONFLICT_OURS_ADAPT_REQUIRED,conflict,docs(acceptance): 闭合报告Technical Plan执行边界
codex/f-acc-001-sds,fec7c69e3892115c8a402d78f223462c3ca81fa4,UNMAPPED,pms-module-platform/pms-module-platform-api/src/main/java/cn/iocoder/yudao/module/pms/platform/api/file/FileArtifactApi.java,CONFLICT_OURS_ADAPT_REQUIRED,conflict,feat(acceptance): 建立报告文件与活动Owner基础
codex/f-acc-001-sds,fec7c69e3892115c8a402d78f223462c3ca81fa4,UNMAPPED,pms-module-platform/pms-module-platform-api/src/main/java/cn/iocoder/yudao/module/pms/platform/api/file/dto/ArchiveFileReferenceSetsCommand.java,CONFLICT_OURS_ADAPT_REQUIRED,conflict,feat(acceptance): 建立报告文件与活动Owner基础
codex/f-acc-001-sds,fec7c69e3892115c8a402d78f223462c3ca81fa4,UNMAPPED,pms-module-platform/pms-module-platform-api/src/main/java/cn/iocoder/yudao/module/pms/platform/api/file/dto/ExistingFileReferenceTarget.java,CONFLICT_OURS_ADAPT_REQUIRED,conflict,feat(acceptance): 建立报告文件与活动Owner基础
codex/f-acc-001-sds,fec7c69e3892115c8a402d78f223462c3ca81fa4,UNMAPPED,pms-module-platform/src/main/java/cn/iocoder/yudao/module/pms/platform/service/file/FileArtifactApiImpl.java,CONFLICT_OURS_ADAPT_REQUIRED,conflict,feat(acceptance): 建立报告文件与活动Owner基础
codex/f-acc-001-sds,fec7c69e3892115c8a402d78f223462c3ca81fa4,UNMAPPED,pms-module-platform/src/main/java/cn/iocoder/yudao/module/pms/platform/service/outbox/PlatformOutboxDeliveryApiImpl.java,CONFLICT_OURS_ADAPT_REQUIRED,conflict,feat(acceptance): 建立报告文件与活动Owner基础
codex/f-acc-001-sds,fec7c69e3892115c8a402d78f223462c3ca81fa4,UNMAPPED,pms-module-platform/src/test/java/cn/iocoder/yudao/module/pms/platform/file/FileArtifactApiImplTest.java,CONFLICT_OURS_ADAPT_REQUIRED,conflict,feat(acceptance): 建立报告文件与活动Owner基础
codex/f-acc-001-sds,fec7c69e3892115c8a402d78f223462c3ca81fa4,F-ACC-001,pms-module-project/pms-module-project-api/src/main/java/cn/iocoder/yudao/module/pms/project/api/acceptanceactivity/dto/AcceptanceActivityCompletionCommand.java,CONFLICT_OURS_ADAPT_REQUIRED,conflict,feat(acceptance): 建立报告文件与活动Owner基础
codex/f-acc-001-sds,fec7c69e3892115c8a402d78f223462c3ca81fa4,F-ACC-001,pms-module-project/src/main/java/cn/iocoder/yudao/module/pms/project/dal/dataobject/acceptancereport/AcceptanceReportVersionDO.java,CONFLICT_OURS_ADAPT_REQUIRED,conflict,feat(acceptance): 建立报告文件与活动Owner基础
codex/f-acc-001-sds,fec7c69e3892115c8a402d78f223462c3ca81fa4,F-ACC-001,pms-module-project/src/main/java/cn/iocoder/yudao/module/pms/project/dal/mysql/acceptance/AccProjectDeliverableMapper.java,CONFLICT_OURS_ADAPT_REQUIRED,conflict,feat(acceptance): 建立报告文件与活动Owner基础
codex/f-acc-001-sds,fec7c69e3892115c8a402d78f223462c3ca81fa4,F-ACC-001,pms-module-project/src/main/java/cn/iocoder/yudao/module/pms/project/dal/mysql/acceptancereport/AcceptanceActivityMapper.java,CONFLICT_OURS_ADAPT_REQUIRED,conflict,feat(acceptance): 建立报告文件与活动Owner基础
codex/f-acc-001-sds,fec7c69e3892115c8a402d78f223462c3ca81fa4,F-ACC-001,pms-module-project/src/main/java/cn/iocoder/yudao/module/pms/project/dal/mysql/acceptancereport/AcceptanceReportVersionMapper.java,CONFLICT_OURS_ADAPT_REQUIRED,conflict,feat(acceptance): 建立报告文件与活动Owner基础
codex/f-acc-001-sds,fec7c69e3892115c8a402d78f223462c3ca81fa4,F-ACC-001,pms-module-project/src/main/resources/mapper/acceptance/AccProjectDeliverableMapper.xml,CONFLICT_OURS_ADAPT_REQUIRED,conflict,feat(acceptance): 建立报告文件与活动Owner基础
codex/f-acc-001-sds,fec7c69e3892115c8a402d78f223462c3ca81fa4,F-ACC-001,pms-module-project/src/main/resources/mapper/acceptancereport/AcceptanceActivityMapper.xml,CONFLICT_OURS_ADAPT_REQUIRED,conflict,feat(acceptance): 建立报告文件与活动Owner基础
codex/f-acc-001-sds,fec7c69e3892115c8a402d78f223462c3ca81fa4,F-ACC-001,pms-module-project/src/main/resources/mapper/acceptancereport/AcceptanceReportVersionMapper.xml,CONFLICT_OURS_ADAPT_REQUIRED,conflict,feat(acceptance): 建立报告文件与活动Owner基础
codex/f-acc-001-sds,8d582aea1aa4e226fe483c58c83b70995c4801e4,UNMAPPED,pms-module-platform/src/main/java/cn/iocoder/yudao/module/pms/platform/service/file/FileArtifactApiImpl.java,CONFLICT_OURS_ADAPT_REQUIRED,conflict,feat(acceptance): 实现报告版本与归档补偿
codex/f-acc-001-sds,8d582aea1aa4e226fe483c58c83b70995c4801e4,F-ACC-001,pms-module-project/src/main/java/cn/iocoder/yudao/module/pms/project/api/acceptanceactivity/AcceptanceActivityCompletionFactApiImpl.java,CONFLICT_OURS_ADAPT_REQUIRED,conflict,feat(acceptance): 实现报告版本与归档补偿
codex/f-acc-001-sds,8d582aea1aa4e226fe483c58c83b70995c4801e4,F-ACC-001,pms-module-project/src/main/java/cn/iocoder/yudao/module/pms/project/dal/dataobject/acceptancereport/ProjectDeliverableSourceVersionDO.java,CONFLICT_OURS_ADAPT_REQUIRED,conflict,feat(acceptance): 实现报告版本与归档补偿
codex/f-acc-001-sds,8d582aea1aa4e226fe483c58c83b70995c4801e4,F-ACC-001,pms-module-project/src/main/java/cn/iocoder/yudao/module/pms/project/dal/mysql/acceptance/AccProjectDeliverableMapper.java,CONFLICT_OURS_ADAPT_REQUIRED,conflict,feat(acceptance): 实现报告版本与归档补偿
codex/f-acc-001-sds,8d582aea1aa4e226fe483c58c83b70995c4801e4,F-ACC-001,pms-module-project/src/main/java/cn/iocoder/yudao/module/pms/project/dal/mysql/acceptancereport/AcceptanceActivityMapper.java,CONFLICT_OURS_ADAPT_REQUIRED,conflict,feat(acceptance): 实现报告版本与归档补偿
codex/f-acc-001-sds,8d582aea1aa4e226fe483c58c83b70995c4801e4,F-ACC-001,pms-module-project/src/main/java/cn/iocoder/yudao/module/pms/project/dal/mysql/acceptancereport/ProjectDeliverableSourceVersionMapper.java,CONFLICT_OURS_ADAPT_REQUIRED,conflict,feat(acceptance): 实现报告版本与归档补偿
codex/f-acc-001-sds,8d582aea1aa4e226fe483c58c83b70995c4801e4,UNMAPPED,pms-module-project/src/main/java/cn/iocoder/yudao/module/pms/project/enums/ErrorCodeConstants.java,CONFLICT_OURS_ADAPT_REQUIRED,conflict,feat(acceptance): 实现报告版本与归档补偿
codex/f-acc-001-sds,8d582aea1aa4e226fe483c58c83b70995c4801e4,F-ACC-001,pms-module-project/src/main/java/cn/iocoder/yudao/module/pms/project/service/acceptancereport/AcceptanceReportArchiveCompensationJob.java,CONFLICT_OURS_ADAPT_REQUIRED,conflict,feat(acceptance): 实现报告版本与归档补偿
codex/f-acc-001-sds,8d582aea1aa4e226fe483c58c83b70995c4801e4,F-ACC-001,pms-module-project/src/main/java/cn/iocoder/yudao/module/pms/project/service/acceptancereport/AcceptanceReportArchiveCompensationService.java,CONFLICT_OURS_ADAPT_REQUIRED,conflict,feat(acceptance): 实现报告版本与归档补偿
codex/f-acc-001-sds,8d582aea1aa4e226fe483c58c83b70995c4801e4,F-ACC-001,pms-module-project/src/main/java/cn/iocoder/yudao/module/pms/project/service/acceptancereport/AcceptanceReportCommandService.java,CONFLICT_OURS_ADAPT_REQUIRED,conflict,feat(acceptance): 实现报告版本与归档补偿
codex/f-acc-001-sds,8d582aea1aa4e226fe483c58c83b70995c4801e4,F-ACC-001,pms-module-project/src/main/java/cn/iocoder/yudao/module/pms/project/service/acceptancereport/AcceptanceReportOutboxDeliveryJob.java,CONFLICT_OURS_ADAPT_REQUIRED,conflict,feat(acceptance): 实现报告版本与归档补偿
codex/f-acc-001-sds,8d582aea1aa4e226fe483c58c83b70995c4801e4,F-ACC-001,pms-module-project/src/main/resources/mapper/acceptance/AccProjectDeliverableMapper.xml,CONFLICT_OURS_ADAPT_REQUIRED,conflict,feat(acceptance): 实现报告版本与归档补偿
codex/f-acc-001-sds,8d582aea1aa4e226fe483c58c83b70995c4801e4,F-ACC-001,pms-module-project/src/main/resources/mapper/acceptancereport/AcceptanceActivityMapper.xml,CONFLICT_OURS_ADAPT_REQUIRED,conflict,feat(acceptance): 实现报告版本与归档补偿
codex/f-acc-001-sds,8d582aea1aa4e226fe483c58c83b70995c4801e4,F-ACC-001,pms-module-project/src/main/resources/mapper/acceptancereport/ProjectDeliverableSourceVersionMapper.xml,CONFLICT_OURS_ADAPT_REQUIRED,conflict,feat(acceptance): 实现报告版本与归档补偿
codex/f-acc-001-sds,8d582aea1aa4e226fe483c58c83b70995c4801e4,F-ACC-001,pms-module-project/src/test/java/cn/iocoder/yudao/module/pms/project/api/acceptanceactivity/AcceptanceActivityCompletionFactApiImplTest.java,CONFLICT_OURS_ADAPT_REQUIRED,conflict,feat(acceptance): 实现报告版本与归档补偿
codex/f-acc-001-sds,8d582aea1aa4e226fe483c58c83b70995c4801e4,F-ACC-001,pms-module-project/src/test/java/cn/iocoder/yudao/module/pms/project/service/acceptancereport/AcceptanceReportCommandServiceTest.java,CONFLICT_OURS_ADAPT_REQUIRED,conflict,feat(acceptance): 实现报告版本与归档补偿
codex/f-acc-001-sds,8d582aea1aa4e226fe483c58c83b70995c4801e4,F-ACC-001,pms-module-project/src/test/java/cn/iocoder/yudao/module/pms/project/service/acceptancereport/AcceptanceReportOutboxDeliveryJobTest.java,CONFLICT_OURS_ADAPT_REQUIRED,conflict,feat(acceptance): 实现报告版本与归档补偿
codex/f-acc-001-sds,e31f08b31fe20ee9bf80b2b65d4495a6d4410940,UNMAPPED,pms-module-project/src/main/java/cn/iocoder/yudao/module/pms/project/service/projectmanual/ProjectManualCreationServiceImpl.java,CONFLICT_OURS_ADAPT_REQUIRED,conflict,feat(project): 接入验收活动执行契约
codex/f-acc-001-sds,e31f08b31fe20ee9bf80b2b65d4495a6d4410940,UNMAPPED,pms-module-project/src/main/java/cn/iocoder/yudao/module/pms/project/service/taskworkbench/ProjectTaskLifecycleService.java,CONFLICT_OURS_ADAPT_REQUIRED,conflict,feat(project): 接入验收活动执行契约
codex/f-acc-001-sds,e31f08b31fe20ee9bf80b2b65d4495a6d4410940,UNMAPPED,pms-module-project/src/test/java/cn/iocoder/yudao/module/pms/project/service/taskworkbench/ProjectTaskLifecycleServiceTest.java,CONFLICT_OURS_ADAPT_REQUIRED,conflict,feat(project): 接入验收活动执行契约
codex/f-acc-001-sds,229e9f4b946c3933405b43ca2cd11e519d7d921c,UNMAPPED,pms-module-project/src/test/java/cn/iocoder/yudao/module/pms/project/migration/Facc001MigrationContractTest.java,CONFLICT_OURS_ADAPT_REQUIRED,conflict,feat(acceptance): 建立报告版本前向迁移
codex/f-acc-001-sds,ba8a4def8583ee29da3652472eae3f0660c4ad9f,F-ACC-001,pms-module-project/src/main/java/cn/iocoder/yudao/module/pms/project/service/acceptancereport/AcceptanceReportQueryService.java,CONFLICT_OURS_ADAPT_REQUIRED,conflict,feat(acceptance): 开放验收报告管理接口
codex/f-acc-001-sds,ba8a4def8583ee29da3652472eae3f0660c4ad9f,F-ACC-001,pms-module-project/src/test/java/cn/iocoder/yudao/module/pms/project/service/acceptancereport/AcceptanceReportQueryServiceTest.java,CONFLICT_OURS_ADAPT_REQUIRED,conflict,feat(acceptance): 开放验收报告管理接口
codex/f-acc-001-sds,0b1671cb93a81a6a5c9dbee774b2d32a7950a4c5,F-ACC-001,pms-module-project/src/test/java/cn/iocoder/yudao/module/pms/project/service/acceptancereport/Facc001ApplicationMySqlIntegrationTest.java,CONFLICT_OURS_ADAPT_REQUIRED,conflict,feat(acceptance): 建立报告页面与真实验收准备
codex/f-acc-001-sds,0b1671cb93a81a6a5c9dbee774b2d32a7950a4c5,UNMAPPED,scripts/tests/run_facc001_browser_acceptance.cjs,CONFLICT_OURS_ADAPT_REQUIRED,conflict,feat(acceptance): 建立报告页面与真实验收准备
codex/f-acc-001-sds,3a27eeffb1f081a0a70842b6326b66d90b9c95cf,UNMAPPED,pms-module-project/src/test/java/cn/iocoder/yudao/module/pms/project/migration/Facc001MigrationContractTest.java,CONFLICT_OURS_ADAPT_REQUIRED,conflict,fix(acceptance): 收口正式验收迁移与调度
codex/f-acc-001-sds,3a27eeffb1f081a0a70842b6326b66d90b9c95cf,UNMAPPED,scripts/tests/run_facc001_browser_acceptance.cjs,CONFLICT_OURS_ADAPT_REQUIRED,conflict,fix(acceptance): 收口正式验收迁移与调度
codex/f-acc-001-sds,3a27eeffb1f081a0a70842b6326b66d90b9c95cf,UNMAPPED,sql/migrations/V129__facc001_acceptance_role_menu_ancestor_fix.sql,MIGRATION_ADAPT_REQUIRED,conflict,old version or mixed/existing table owner
codex/f-acc-001-sds,3a27eeffb1f081a0a70842b6326b66d90b9c95cf,UNMAPPED,sql/migrations/V130__facc001_acceptance_activity_contract_identity_fix.sql,MIGRATION_ADAPT_REQUIRED,conflict,old version or mixed/existing table owner
codex/f-acc-001-sds,3a27eeffb1f081a0a70842b6326b66d90b9c95cf,UNMAPPED,sql/migrations/V131__facc001_acceptance_report_jobs.sql,MIGRATION_ADAPT_REQUIRED,conflict,old version or mixed/existing table owner
codex/f-acc-001-sds,41a71649420edb7034b31b503eff8a6906c4d08d,F-ACC-001,pms-module-project/src/main/resources/mapper/acceptancereport/ProjectDeliverableSourceVersionMapper.xml,CONFLICT_OURS_ADAPT_REQUIRED,conflict,fix(acceptance): 闭合归档补偿与正式验收证据
codex/f-acc-001-sds,41a71649420edb7034b31b503eff8a6906c4d08d,UNMAPPED,pms-module-project/src/test/java/cn/iocoder/yudao/module/pms/project/migration/Facc001MigrationContractTest.java,CONFLICT_OURS_ADAPT_REQUIRED,conflict,fix(acceptance): 闭合归档补偿与正式验收证据
codex/f-acc-001-sds,41a71649420edb7034b31b503eff8a6906c4d08d,UNMAPPED,scripts/tests/run_facc001_browser_acceptance.cjs,CONFLICT_OURS_ADAPT_REQUIRED,conflict,fix(acceptance): 闭合归档补偿与正式验收证据
codex/f-acc-001-sds,41a71649420edb7034b31b503eff8a6906c4d08d,UNMAPPED,sql/migrations/V132__facc001_acceptance_project_query_permission.sql,MIGRATION_ADAPT_REQUIRED,conflict,old version or mixed/existing table owner
codex/f-acc-001-sds,fea30001c9872a8a94185add4291d1a3d3f75fb8,UNMAPPED,scripts/tests/run_facc001_browser_acceptance.cjs,CONFLICT_OURS_ADAPT_REQUIRED,conflict,test(acceptance): 补齐跨范围下载验收证据
codex/f-acc-001-sds,54ec4e00789bc676d6569de65c99e0f3db82ac70,F-ACC-002,scripts/generate_domain_entity_migration_contract.py,CONFLICT_OURS_ADAPT_REQUIRED,conflict,docs(acceptance): 锁定满意度问卷与归档来源契约
codex/f-acc-001-sds,b98d0caafb724a13433aec382bafa30c02d30091,F-ACC-002,scripts/generate_domain_entity_migration_contract.py,CONFLICT_OURS_ADAPT_REQUIRED,conflict,docs(acceptance): 闭合满意度应交根与整改身份
codex/f-acc-001-sds,38901259fd595799a3fd40f470e78119ea89d595,F-ACC-002,scripts/tests/test_facc002_feature_contract.py,CONFLICT_OURS_ADAPT_REQUIRED,conflict,docs(acceptance): 形成满意度Feature契约
codex/f-acc-001-sds,145e4a61ea936d0679f2ec41a7d412975572e5a3,F-ACC-002,scripts/tests/test_facc002_feature_contract.py,CONFLICT_OURS_ADAPT_REQUIRED,conflict,docs(acceptance): 闭合满意度Feature契约边界
codex/f-acc-001-sds,27f5bcb2c451fb224fce3bc70376af0cf07b6882,F-ACC-002,scripts/tests/test_facc002_feature_contract.py,CONFLICT_OURS_ADAPT_REQUIRED,conflict,docs(acceptance): 回写满意度Feature Ready裁决
codex/f-acc-001-sds,a55567ce12c91ce086a8923e28e8ba6dd387f415,F-ACC-002,scripts/tests/test_facc002_feature_contract.py,CONFLICT_OURS_ADAPT_REQUIRED,conflict,docs(acceptance): 锁定满意度结果生成文件契约
codex/f-acc-001-sds,700b659d7e11e6fbcbe88c05b02269a35b82084f,UNMAPPED,scripts/generate_domain_entity_migration_contract.py,CONFLICT_OURS_ADAPT_REQUIRED,conflict,docs(platform): 锁定统一异步导出公共契约
codex/f-acc-001-sds,41f92526919e8c18b11c04f188365be2105240ac,F-ACC-002,scripts/tests/test_facc002_feature_contract.py,CONFLICT_OURS_ADAPT_REQUIRED,conflict,docs(acceptance): 闭合满意度实施计划导出链
codex/f-acc-001-sds,a43ed4c1c7e7ecec2a2923aa3914fda566eb4e67,UNMAPPED,pms-module-platform/src/main/java/cn/iocoder/yudao/module/pms/platform/controller/admin/export/ExportTaskController.java,CONFLICT_OURS_ADAPT_REQUIRED,conflict,feat(platform): 实现统一异步导出基础能力
codex/f-acc-001-sds,a43ed4c1c7e7ecec2a2923aa3914fda566eb4e67,UNMAPPED,pms-module-platform/src/main/java/cn/iocoder/yudao/module/pms/platform/service/export/ExportFileExpirationJob.java,CONFLICT_OURS_ADAPT_REQUIRED,conflict,feat(platform): 实现统一异步导出基础能力
codex/f-acc-001-sds,a43ed4c1c7e7ecec2a2923aa3914fda566eb4e67,UNMAPPED,pms-module-platform/src/main/java/cn/iocoder/yudao/module/pms/platform/service/export/ExportTaskExecutionJob.java,CONFLICT_OURS_ADAPT_REQUIRED,conflict,feat(platform): 实现统一异步导出基础能力
codex/f-acc-001-sds,a43ed4c1c7e7ecec2a2923aa3914fda566eb4e67,UNMAPPED,pms-module-platform/src/main/java/cn/iocoder/yudao/module/pms/platform/service/export/ExportTaskExecutionService.java,CONFLICT_OURS_ADAPT_REQUIRED,conflict,feat(platform): 实现统一异步导出基础能力
codex/f-acc-001-sds,a43ed4c1c7e7ecec2a2923aa3914fda566eb4e67,UNMAPPED,pms-module-platform/src/main/java/cn/iocoder/yudao/module/pms/platform/service/export/PlatformExportFilePolicyProvider.java,CONFLICT_OURS_ADAPT_REQUIRED,conflict,feat(platform): 实现统一异步导出基础能力
codex/f-acc-001-sds,a43ed4c1c7e7ecec2a2923aa3914fda566eb4e67,UNMAPPED,pms-module-platform/src/main/java/cn/iocoder/yudao/module/pms/platform/service/export/PlatformExportFileWriter.java,CONFLICT_OURS_ADAPT_REQUIRED,conflict,feat(platform): 实现统一异步导出基础能力
codex/f-acc-001-sds,a43ed4c1c7e7ecec2a2923aa3914fda566eb4e67,UNMAPPED,pms-module-project/src/test/java/cn/iocoder/yudao/module/pms/project/migration/Facc002MigrationContractTest.java,CONFLICT_OURS_ADAPT_REQUIRED,conflict,feat(platform): 实现统一异步导出基础能力
codex/f-acc-001-sds,1cb0461f3424a2ae7fd573d5dd43d0cd8252fe54,F-ACC-002,pms-module-project/pms-module-project-api/src/main/java/cn/iocoder/yudao/module/pms/project/api/satisfaction/dto/SatisfactionResultFactQuery.java,CONFLICT_OURS_ADAPT_REQUIRED,conflict,feat(acceptance): 初始化满意度采集任务
codex/f-acc-001-sds,1cb0461f3424a2ae7fd573d5dd43d0cd8252fe54,F-ACC-002,pms-module-project/pms-module-project-api/src/main/java/cn/iocoder/yudao/module/pms/project/api/workbinding/ProjectWorkBindingFactApi.java,CONFLICT_OURS_ADAPT_REQUIRED,conflict,feat(acceptance): 初始化满意度采集任务
codex/f-acc-001-sds,1cb0461f3424a2ae7fd573d5dd43d0cd8252fe54,F-ACC-002,pms-module-project/src/main/java/cn/iocoder/yudao/module/pms/project/api/acceptanceactivity/AcceptanceActivityCompletionFactApiImpl.java,CONFLICT_OURS_ADAPT_REQUIRED,conflict,feat(acceptance): 初始化满意度采集任务
codex/f-acc-001-sds,1cb0461f3424a2ae7fd573d5dd43d0cd8252fe54,F-ACC-002,pms-module-project/src/main/java/cn/iocoder/yudao/module/pms/project/api/satisfaction/SatisfactionTaskInitializationApiImpl.java,CONFLICT_OURS_ADAPT_REQUIRED,conflict,feat(acceptance): 初始化满意度采集任务
codex/f-acc-001-sds,1cb0461f3424a2ae7fd573d5dd43d0cd8252fe54,F-ACC-002,pms-module-project/src/main/java/cn/iocoder/yudao/module/pms/project/api/workbinding/ProjectWorkBindingFactApiImpl.java,CONFLICT_OURS_ADAPT_REQUIRED,conflict,feat(acceptance): 初始化满意度采集任务
codex/f-acc-001-sds,1cb0461f3424a2ae7fd573d5dd43d0cd8252fe54,F-ACC-002,pms-module-project/src/main/java/cn/iocoder/yudao/module/pms/project/dal/mysql/satisfaction/SatisfactionCollectionTaskMapper.java,CONFLICT_OURS_ADAPT_REQUIRED,conflict,feat(acceptance): 初始化满意度采集任务
codex/f-acc-001-sds,1cb0461f3424a2ae7fd573d5dd43d0cd8252fe54,F-ACC-002,pms-module-project/src/main/java/cn/iocoder/yudao/module/pms/project/dal/mysql/satisfaction/SatisfactionQuestionnaireMapper.java,CONFLICT_OURS_ADAPT_REQUIRED,conflict,feat(acceptance): 初始化满意度采集任务
codex/f-acc-001-sds,1cb0461f3424a2ae7fd573d5dd43d0cd8252fe54,F-ACC-002,pms-module-project/src/main/java/cn/iocoder/yudao/module/pms/project/dal/mysql/satisfaction/SatisfactionQuestionnaireTemplateMapper.java,CONFLICT_OURS_ADAPT_REQUIRED,conflict,feat(acceptance): 初始化满意度采集任务
codex/f-acc-001-sds,1cb0461f3424a2ae7fd573d5dd43d0cd8252fe54,F-ACC-002,pms-module-project/src/main/java/cn/iocoder/yudao/module/pms/project/dal/mysql/satisfaction/SatisfactionQuestionnaireTemplateRevisionMapper.java,CONFLICT_OURS_ADAPT_REQUIRED,conflict,feat(acceptance): 初始化满意度采集任务
codex/f-acc-001-sds,1cb0461f3424a2ae7fd573d5dd43d0cd8252fe54,F-ACC-002,pms-module-project/src/main/java/cn/iocoder/yudao/module/pms/project/dal/mysql/taskworkbench/ProjectWorkBindingFactMapper.java,CONFLICT_OURS_ADAPT_REQUIRED,conflict,feat(acceptance): 初始化满意度采集任务
codex/f-acc-001-sds,1cb0461f3424a2ae7fd573d5dd43d0cd8252fe54,F-ACC-002,pms-module-project/src/main/resources/mapper/satisfaction/SatisfactionCollectionTaskMapper.xml,CONFLICT_OURS_ADAPT_REQUIRED,conflict,feat(acceptance): 初始化满意度采集任务
codex/f-acc-001-sds,1cb0461f3424a2ae7fd573d5dd43d0cd8252fe54,F-ACC-002,pms-module-project/src/main/resources/mapper/satisfaction/SatisfactionQuestionnaireTemplateMapper.xml,CONFLICT_OURS_ADAPT_REQUIRED,conflict,feat(acceptance): 初始化满意度采集任务
codex/f-acc-001-sds,1cb0461f3424a2ae7fd573d5dd43d0cd8252fe54,F-ACC-002,pms-module-project/src/main/resources/mapper/satisfaction/SatisfactionQuestionnaireTemplateRevisionMapper.xml,CONFLICT_OURS_ADAPT_REQUIRED,conflict,feat(acceptance): 初始化满意度采集任务
codex/f-acc-001-sds,1cb0461f3424a2ae7fd573d5dd43d0cd8252fe54,F-ACC-002,pms-module-project/src/main/resources/mapper/taskworkbench/ProjectWorkBindingFactMapper.xml,CONFLICT_OURS_ADAPT_REQUIRED,conflict,feat(acceptance): 初始化满意度采集任务
codex/f-acc-001-sds,1cb0461f3424a2ae7fd573d5dd43d0cd8252fe54,F-ACC-002,pms-module-project/src/test/java/cn/iocoder/yudao/module/pms/project/api/acceptanceactivity/AcceptanceActivityCompletionFactApiImplTest.java,CONFLICT_OURS_ADAPT_REQUIRED,conflict,feat(acceptance): 初始化满意度采集任务
codex/f-acc-001-sds,1cb0461f3424a2ae7fd573d5dd43d0cd8252fe54,F-ACC-002,pms-module-project/src/test/java/cn/iocoder/yudao/module/pms/project/api/satisfaction/SatisfactionTaskInitializationApiImplTest.java,CONFLICT_OURS_ADAPT_REQUIRED,conflict,feat(acceptance): 初始化满意度采集任务
codex/f-acc-001-sds,1cb0461f3424a2ae7fd573d5dd43d0cd8252fe54,F-ACC-002,pms-module-project/src/test/java/cn/iocoder/yudao/module/pms/project/api/workbinding/ProjectWorkBindingFactApiImplTest.java,CONFLICT_OURS_ADAPT_REQUIRED,conflict,feat(acceptance): 初始化满意度采集任务
codex/f-acc-001-sds,1cb0461f3424a2ae7fd573d5dd43d0cd8252fe54,F-ACC-002,pms-module-project/src/test/java/cn/iocoder/yudao/module/pms/project/migration/Facc002MigrationContractTest.java,CONFLICT_OURS_ADAPT_REQUIRED,conflict,feat(acceptance): 初始化满意度采集任务
codex/f-acc-001-sds,fab9e06f98d446acc138499c14eae908037f3d9c,F-ACC-002,pms-module-project/src/main/java/cn/iocoder/yudao/module/pms/project/api/satisfaction/SatisfactionResultFactApiImpl.java,CONFLICT_OURS_ADAPT_REQUIRED,conflict,feat(acceptance): 提供满意度结果Owner事实
codex/f-acc-001-sds,fab9e06f98d446acc138499c14eae908037f3d9c,F-ACC-002,pms-module-project/src/main/java/cn/iocoder/yudao/module/pms/project/dal/mysql/satisfaction/SatisfactionResultMapper.java,CONFLICT_OURS_ADAPT_REQUIRED,conflict,feat(acceptance): 提供满意度结果Owner事实
codex/f-acc-001-sds,fab9e06f98d446acc138499c14eae908037f3d9c,F-ACC-002,pms-module-project/src/main/resources/mapper/satisfaction/SatisfactionResultMapper.xml,CONFLICT_OURS_ADAPT_REQUIRED,conflict,feat(acceptance): 提供满意度结果Owner事实
codex/f-acc-001-sds,a276347d44fa062ee6ee10d95a8e83e3e3a73d4d,F-ACC-002,pms-module-project/src/main/java/cn/iocoder/yudao/module/pms/project/controller/admin/satisfaction/SatisfactionQuestionnairePublicController.java,CONFLICT_OURS_ADAPT_REQUIRED,conflict,feat(acceptance): 提供满意度受控访问链接
codex/f-acc-001-sds,a276347d44fa062ee6ee10d95a8e83e3e3a73d4d,F-ACC-002,pms-module-project/src/main/java/cn/iocoder/yudao/module/pms/project/controller/admin/satisfaction/SatisfactionTaskController.java,CONFLICT_OURS_ADAPT_REQUIRED,conflict,feat(acceptance): 提供满意度受控访问链接
codex/f-acc-001-sds,a276347d44fa062ee6ee10d95a8e83e3e3a73d4d,F-ACC-002,pms-module-project/src/main/java/cn/iocoder/yudao/module/pms/project/dal/mysql/satisfaction/SatisfactionAccessGrantMapper.java,CONFLICT_OURS_ADAPT_REQUIRED,conflict,feat(acceptance): 提供满意度受控访问链接
codex/f-acc-001-sds,a276347d44fa062ee6ee10d95a8e83e3e3a73d4d,F-ACC-002,pms-module-project/src/main/java/cn/iocoder/yudao/module/pms/project/service/satisfaction/SatisfactionAccessGrantService.java,CONFLICT_OURS_ADAPT_REQUIRED,conflict,feat(acceptance): 提供满意度受控访问链接
codex/f-acc-001-sds,a276347d44fa062ee6ee10d95a8e83e3e3a73d4d,F-ACC-002,pms-module-project/src/main/resources/mapper/satisfaction/SatisfactionAccessGrantMapper.xml,CONFLICT_OURS_ADAPT_REQUIRED,conflict,feat(acceptance): 提供满意度受控访问链接
codex/f-acc-001-sds,120605575c50667d93fa4b39fda200050f9ea19d,F-ACC-002,pms-module-project/src/main/java/cn/iocoder/yudao/module/pms/project/dal/mysql/satisfaction/SatisfactionCollectionTaskMapper.java,CONFLICT_OURS_ADAPT_REQUIRED,conflict,feat(acceptance): 持久化满意度不可变答卷
codex/f-acc-001-sds,120605575c50667d93fa4b39fda200050f9ea19d,F-ACC-002,pms-module-project/src/main/java/cn/iocoder/yudao/module/pms/project/dal/mysql/satisfaction/SatisfactionResponseFileMapper.java,CONFLICT_OURS_ADAPT_REQUIRED,conflict,feat(acceptance): 持久化满意度不可变答卷
codex/f-acc-001-sds,120605575c50667d93fa4b39fda200050f9ea19d,F-ACC-002,pms-module-project/src/main/java/cn/iocoder/yudao/module/pms/project/dal/mysql/satisfaction/SatisfactionResponseMapper.java,CONFLICT_OURS_ADAPT_REQUIRED,conflict,feat(acceptance): 持久化满意度不可变答卷
codex/f-acc-001-sds,120605575c50667d93fa4b39fda200050f9ea19d,F-ACC-002,pms-module-project/src/main/java/cn/iocoder/yudao/module/pms/project/service/satisfaction/SatisfactionResponseSubmissionService.java,CONFLICT_OURS_ADAPT_REQUIRED,conflict,feat(acceptance): 持久化满意度不可变答卷
codex/f-acc-001-sds,120605575c50667d93fa4b39fda200050f9ea19d,F-ACC-002,pms-module-project/src/main/resources/mapper/satisfaction/SatisfactionCollectionTaskMapper.xml,CONFLICT_OURS_ADAPT_REQUIRED,conflict,feat(acceptance): 持久化满意度不可变答卷
codex/f-acc-001-sds,120605575c50667d93fa4b39fda200050f9ea19d,F-ACC-002,pms-module-project/src/main/resources/mapper/satisfaction/SatisfactionResponseMapper.xml,CONFLICT_OURS_ADAPT_REQUIRED,conflict,feat(acceptance): 持久化满意度不可变答卷
codex/f-acc-001-sds,120605575c50667d93fa4b39fda200050f9ea19d,F-ACC-002,pms-module-project/src/test/java/cn/iocoder/yudao/module/pms/project/service/satisfaction/SatisfactionResponseSubmissionServiceTest.java,CONFLICT_OURS_ADAPT_REQUIRED,conflict,feat(acceptance): 持久化满意度不可变答卷
codex/f-acc-001-sds,b9c0686a161547a1610b9e48f26023303b8ef784,UNMAPPED,pms-module-platform/pms-module-platform-api/src/main/java/cn/iocoder/yudao/module/pms/platform/api/file/FileBusinessObjectPolicyProvider.java,CONFLICT_OURS_ADAPT_REQUIRED,conflict,feat(acceptance): 实现Result文件Owner重验
codex/f-acc-001-sds,b9c0686a161547a1610b9e48f26023303b8ef784,UNMAPPED,pms-module-platform/src/main/java/cn/iocoder/yudao/module/pms/platform/service/file/FileBusinessObjectPolicyRegistry.java,CONFLICT_OURS_ADAPT_REQUIRED,conflict,feat(acceptance): 实现Result文件Owner重验
codex/f-acc-001-sds,b9c0686a161547a1610b9e48f26023303b8ef784,F-ACC-002,pms-module-project/src/main/java/cn/iocoder/yudao/module/pms/project/dal/mysql/satisfaction/SatisfactionResultMapper.java,CONFLICT_OURS_ADAPT_REQUIRED,conflict,feat(acceptance): 实现Result文件Owner重验
codex/f-acc-001-sds,b9c0686a161547a1610b9e48f26023303b8ef784,F-ACC-002,pms-module-project/src/main/java/cn/iocoder/yudao/module/pms/project/service/satisfaction/SatisfactionResultFilePolicyProvider.java,CONFLICT_OURS_ADAPT_REQUIRED,conflict,feat(acceptance): 实现Result文件Owner重验
codex/f-acc-001-sds,b9c0686a161547a1610b9e48f26023303b8ef784,F-ACC-002,pms-module-project/src/main/resources/mapper/satisfaction/SatisfactionResultMapper.xml,CONFLICT_OURS_ADAPT_REQUIRED,conflict,feat(acceptance): 实现Result文件Owner重验
codex/f-acc-001-sds,b9c0686a161547a1610b9e48f26023303b8ef784,F-ACC-002,pms-module-project/src/test/java/cn/iocoder/yudao/module/pms/project/service/satisfaction/SatisfactionResultFilePolicyProviderTest.java,CONFLICT_OURS_ADAPT_REQUIRED,conflict,feat(acceptance): 实现Result文件Owner重验
codex/f-acc-001-sds,369c92bd21e9c14b94fc653c08d9070e535dce22,UNMAPPED,pms-module-platform/pms-module-platform-api/src/main/java/cn/iocoder/yudao/module/pms/platform/api/file/FileArtifactApi.java,CONFLICT_OURS_ADAPT_REQUIRED,conflict,feat(platform): 支持Result生成文件原子持久化
codex/f-acc-001-sds,369c92bd21e9c14b94fc653c08d9070e535dce22,UNMAPPED,pms-module-platform/src/main/java/cn/iocoder/yudao/module/pms/platform/dal/mysql/file/FileUploadSessionMapper.java,CONFLICT_OURS_ADAPT_REQUIRED,conflict,feat(platform): 支持Result生成文件原子持久化
codex/f-acc-001-sds,369c92bd21e9c14b94fc653c08d9070e535dce22,UNMAPPED,pms-module-platform/src/main/java/cn/iocoder/yudao/module/pms/platform/service/file/FileArtifactApiImpl.java,CONFLICT_OURS_ADAPT_REQUIRED,conflict,feat(platform): 支持Result生成文件原子持久化
codex/f-acc-001-sds,369c92bd21e9c14b94fc653c08d9070e535dce22,UNMAPPED,pms-module-platform/src/test/java/cn/iocoder/yudao/module/pms/platform/file/FileArtifactApiImplTest.java,CONFLICT_OURS_ADAPT_REQUIRED,conflict,feat(platform): 支持Result生成文件原子持久化
codex/f-acc-001-sds,369c92bd21e9c14b94fc653c08d9070e535dce22,UNMAPPED,pms-module-platform/src/test/java/cn/iocoder/yudao/module/pms/platform/file/FileContractAndMapperTest.java,CONFLICT_OURS_ADAPT_REQUIRED,conflict,feat(platform): 支持Result生成文件原子持久化
codex/f-acc-001-sds,9f178dc322dbcd7412e6b6570ad7d9a7cc2ff26a,UNMAPPED,scripts/generate_domain_entity_migration_contract.py,CONFLICT_OURS_ADAPT_REQUIRED,conflict,docs(acceptance): 锁定可配置问卷计分契约
codex/f-acc-001-sds,b7231e73eacd0697b7c597a9ed494a5bbfd407a4,F-ACC-002,pms-module-project/src/main/java/cn/iocoder/yudao/module/pms/project/domain/satisfaction/SatisfactionQuestionnaireDefinition.java,CONFLICT_OURS_ADAPT_REQUIRED,conflict,feat(acceptance): 实现可配置问卷确定性计分
codex/f-acc-001-sds,b7231e73eacd0697b7c597a9ed494a5bbfd407a4,F-ACC-002,pms-module-project/src/main/java/cn/iocoder/yudao/module/pms/project/service/satisfaction/SatisfactionResponseSubmissionService.java,CONFLICT_OURS_ADAPT_REQUIRED,conflict,feat(acceptance): 实现可配置问卷确定性计分
codex/f-acc-001-sds,b7231e73eacd0697b7c597a9ed494a5bbfd407a4,F-ACC-002,pms-module-project/src/test/java/cn/iocoder/yudao/module/pms/project/service/satisfaction/SatisfactionResponseSubmissionServiceTest.java,CONFLICT_OURS_ADAPT_REQUIRED,conflict,feat(acceptance): 实现可配置问卷确定性计分
codex/f-acc-001-sds,98feb4564a8c6cbdae37c4c340fc92fa6827958b,F-ACC-002,pms-module-project/src/main/java/cn/iocoder/yudao/module/pms/project/dal/mysql/satisfaction/SatisfactionCollectionTaskMapper.java,CONFLICT_OURS_ADAPT_REQUIRED,conflict,feat(acceptance): 形成满意度判定结果事务
codex/f-acc-001-sds,98feb4564a8c6cbdae37c4c340fc92fa6827958b,F-ACC-002,pms-module-project/src/main/java/cn/iocoder/yudao/module/pms/project/dal/mysql/satisfaction/SatisfactionResultFileMapper.java,CONFLICT_OURS_ADAPT_REQUIRED,conflict,feat(acceptance): 形成满意度判定结果事务
codex/f-acc-001-sds,98feb4564a8c6cbdae37c4c340fc92fa6827958b,F-ACC-002,pms-module-project/src/main/java/cn/iocoder/yudao/module/pms/project/service/satisfaction/SatisfactionResultDecisionService.java,CONFLICT_OURS_ADAPT_REQUIRED,conflict,feat(acceptance): 形成满意度判定结果事务
codex/f-acc-001-sds,98feb4564a8c6cbdae37c4c340fc92fa6827958b,F-ACC-002,pms-module-project/src/test/java/cn/iocoder/yudao/module/pms/project/service/satisfaction/SatisfactionResultDecisionServiceTest.java,CONFLICT_OURS_ADAPT_REQUIRED,conflict,feat(acceptance): 形成满意度判定结果事务
codex/f-acc-001-sds,e83cda3ff05dc97bbaa145871adb8148faee5790,F-ACC-002,pms-module-project/src/main/java/cn/iocoder/yudao/module/pms/project/controller/admin/satisfaction/SatisfactionQuestionnairePublicController.java,CONFLICT_OURS_ADAPT_REQUIRED,conflict,feat(acceptance): 接通公开满意度答卷判定
codex/f-acc-001-sds,e83cda3ff05dc97bbaa145871adb8148faee5790,F-ACC-002,pms-module-project/src/main/java/cn/iocoder/yudao/module/pms/project/controller/admin/satisfaction/vo/SatisfactionPublicResponseSubmitReqVO.java,CONFLICT_OURS_ADAPT_REQUIRED,conflict,feat(acceptance): 接通公开满意度答卷判定
codex/f-acc-001-sds,e83cda3ff05dc97bbaa145871adb8148faee5790,F-ACC-002,pms-module-project/src/main/java/cn/iocoder/yudao/module/pms/project/service/satisfaction/SatisfactionPublicSubmissionApplicationService.java,CONFLICT_OURS_ADAPT_REQUIRED,conflict,feat(acceptance): 接通公开满意度答卷判定
codex/f-acc-001-sds,e83cda3ff05dc97bbaa145871adb8148faee5790,F-ACC-002,pms-module-project/src/main/java/cn/iocoder/yudao/module/pms/project/service/satisfaction/SatisfactionResultDecisionService.java,CONFLICT_OURS_ADAPT_REQUIRED,conflict,feat(acceptance): 接通公开满意度答卷判定
codex/f-acc-001-sds,e83cda3ff05dc97bbaa145871adb8148faee5790,F-ACC-002,pms-module-project/src/test/java/cn/iocoder/yudao/module/pms/project/service/satisfaction/SatisfactionPublicSubmissionApplicationServiceTest.java,CONFLICT_OURS_ADAPT_REQUIRED,conflict,feat(acceptance): 接通公开满意度答卷判定
codex/f-acc-001-sds,4f6d51bd67867c1acd2e4afa9b6bacd6cae33147,UNMAPPED,scripts/tests/test_facc002_feature_contract.py,CONFLICT_OURS_ADAPT_REQUIRED,conflict,docs(acceptance): 锁定grant上传Response身份
codex/f-acc-001-sds,98e4ae22a7f2f7dd3056ce674cbadaf6f865eafe,UNMAPPED,pms-module-platform/pms-module-platform-api/src/main/java/cn/iocoder/yudao/module/pms/platform/api/file/FileArtifactApi.java,CONFLICT_OURS_ADAPT_REQUIRED,conflict,feat(acceptance): 接通受控问卷文件上传
codex/f-acc-001-sds,98e4ae22a7f2f7dd3056ce674cbadaf6f865eafe,UNMAPPED,pms-module-platform/pms-module-platform-api/src/main/java/cn/iocoder/yudao/module/pms/platform/api/file/FileBusinessObjectPolicyProvider.java,CONFLICT_OURS_ADAPT_REQUIRED,conflict,feat(acceptance): 接通受控问卷文件上传
codex/f-acc-001-sds,98e4ae22a7f2f7dd3056ce674cbadaf6f865eafe,UNMAPPED,pms-module-platform/src/main/java/cn/iocoder/yudao/module/pms/platform/service/file/BusinessGrantFileUploadService.java,CONFLICT_OURS_ADAPT_REQUIRED,conflict,feat(acceptance): 接通受控问卷文件上传
codex/f-acc-001-sds,98e4ae22a7f2f7dd3056ce674cbadaf6f865eafe,UNMAPPED,pms-module-platform/src/main/java/cn/iocoder/yudao/module/pms/platform/service/file/FileArtifactApiImpl.java,CONFLICT_OURS_ADAPT_REQUIRED,conflict,feat(acceptance): 接通受控问卷文件上传
codex/f-acc-001-sds,98e4ae22a7f2f7dd3056ce674cbadaf6f865eafe,UNMAPPED,pms-module-platform/src/main/java/cn/iocoder/yudao/module/pms/platform/service/file/FileBusinessObjectPolicyRegistry.java,CONFLICT_OURS_ADAPT_REQUIRED,conflict,feat(acceptance): 接通受控问卷文件上传
codex/f-acc-001-sds,98e4ae22a7f2f7dd3056ce674cbadaf6f865eafe,UNMAPPED,pms-module-platform/src/test/java/cn/iocoder/yudao/module/pms/platform/file/BusinessGrantFileUploadServiceTest.java,CONFLICT_OURS_ADAPT_REQUIRED,conflict,feat(acceptance): 接通受控问卷文件上传
codex/f-acc-001-sds,98e4ae22a7f2f7dd3056ce674cbadaf6f865eafe,UNMAPPED,pms-module-platform/src/test/java/cn/iocoder/yudao/module/pms/platform/file/FileArtifactApiImplTest.java,CONFLICT_OURS_ADAPT_REQUIRED,conflict,feat(acceptance): 接通受控问卷文件上传
codex/f-acc-001-sds,98e4ae22a7f2f7dd3056ce674cbadaf6f865eafe,F-ACC-002,pms-module-project/src/main/java/cn/iocoder/yudao/module/pms/project/controller/admin/satisfaction/SatisfactionQuestionnairePublicController.java,CONFLICT_OURS_ADAPT_REQUIRED,conflict,feat(acceptance): 接通受控问卷文件上传
codex/f-acc-001-sds,98e4ae22a7f2f7dd3056ce674cbadaf6f865eafe,F-ACC-002,pms-module-project/src/main/java/cn/iocoder/yudao/module/pms/project/service/satisfaction/SatisfactionResponseFilePolicyProvider.java,CONFLICT_OURS_ADAPT_REQUIRED,conflict,feat(acceptance): 接通受控问卷文件上传
codex/f-acc-001-sds,98e4ae22a7f2f7dd3056ce674cbadaf6f865eafe,F-ACC-002,pms-module-project/src/main/java/cn/iocoder/yudao/module/pms/project/service/satisfaction/SatisfactionResponseSubmissionService.java,CONFLICT_OURS_ADAPT_REQUIRED,conflict,feat(acceptance): 接通受控问卷文件上传
codex/f-acc-001-sds,98e4ae22a7f2f7dd3056ce674cbadaf6f865eafe,F-ACC-002,pms-module-project/src/test/java/cn/iocoder/yudao/module/pms/project/service/satisfaction/SatisfactionPublicSubmissionApplicationServiceTest.java,CONFLICT_OURS_ADAPT_REQUIRED,conflict,feat(acceptance): 接通受控问卷文件上传
codex/f-acc-001-sds,98e4ae22a7f2f7dd3056ce674cbadaf6f865eafe,F-ACC-002,pms-module-project/src/test/java/cn/iocoder/yudao/module/pms/project/service/satisfaction/SatisfactionResponseFilePolicyProviderTest.java,CONFLICT_OURS_ADAPT_REQUIRED,conflict,feat(acceptance): 接通受控问卷文件上传
codex/f-acc-001-sds,98e4ae22a7f2f7dd3056ce674cbadaf6f865eafe,F-ACC-002,pms-module-project/src/test/java/cn/iocoder/yudao/module/pms/project/service/satisfaction/SatisfactionResponseSubmissionServiceTest.java,CONFLICT_OURS_ADAPT_REQUIRED,conflict,feat(acceptance): 接通受控问卷文件上传
codex/f-acc-001-sds,57b2dcd223b9cf685e2aff648003b54f03e82de8,UNMAPPED,pms-module-platform/src/main/java/cn/iocoder/yudao/module/pms/platform/service/file/BusinessGrantFileUploadService.java,CONFLICT_OURS_ADAPT_REQUIRED,conflict,fix(acceptance): 绑定grant上传重放身份
codex/f-acc-001-sds,57b2dcd223b9cf685e2aff648003b54f03e82de8,UNMAPPED,pms-module-platform/src/test/java/cn/iocoder/yudao/module/pms/platform/file/BusinessGrantFileUploadServiceTest.java,CONFLICT_OURS_ADAPT_REQUIRED,conflict,fix(acceptance): 绑定grant上传重放身份
codex/f-acc-001-sds,0f3769755f59a7a76c0ceec715c67f3af3bf134c,F-ACC-002,pms-module-platform/src/main/java/cn/iocoder/yudao/module/pms/platform/service/outbox/PlatformOutboxDeliveryApiImpl.java,CONFLICT_OURS_ADAPT_REQUIRED,conflict,feat(acceptance): 接通满意度结果来源投影
codex/f-acc-001-sds,0f3769755f59a7a76c0ceec715c67f3af3bf134c,F-ACC-002,pms-module-project/pms-module-project-api/src/main/java/cn/iocoder/yudao/module/pms/project/api/workbinding/ProjectWorkBindingFactApi.java,CONFLICT_OURS_ADAPT_REQUIRED,conflict,feat(acceptance): 接通满意度结果来源投影
codex/f-acc-001-sds,0f3769755f59a7a76c0ceec715c67f3af3bf134c,F-ACC-002,pms-module-project/src/main/java/cn/iocoder/yudao/module/pms/project/api/workbinding/ProjectWorkBindingFactApiImpl.java,CONFLICT_OURS_ADAPT_REQUIRED,conflict,feat(acceptance): 接通满意度结果来源投影
codex/f-acc-001-sds,0f3769755f59a7a76c0ceec715c67f3af3bf134c,F-ACC-002,pms-module-project/src/main/java/cn/iocoder/yudao/module/pms/project/service/satisfaction/SatisfactionResultDecisionService.java,CONFLICT_OURS_ADAPT_REQUIRED,conflict,feat(acceptance): 接通满意度结果来源投影
codex/f-acc-001-sds,0f3769755f59a7a76c0ceec715c67f3af3bf134c,F-ACC-002,pms-module-project/src/main/java/cn/iocoder/yudao/module/pms/project/service/satisfaction/SatisfactionResultQuartzRegistrar.java,CONFLICT_OURS_ADAPT_REQUIRED,conflict,feat(acceptance): 接通满意度结果来源投影
codex/f-acc-001-sds,0f3769755f59a7a76c0ceec715c67f3af3bf134c,F-ACC-002,pms-module-project/src/main/java/cn/iocoder/yudao/module/pms/project/service/satisfaction/SatisfactionResultSourceProjectionService.java,CONFLICT_OURS_ADAPT_REQUIRED,conflict,feat(acceptance): 接通满意度结果来源投影
codex/f-acc-001-sds,0f3769755f59a7a76c0ceec715c67f3af3bf134c,F-ACC-002,pms-module-project/src/main/java/cn/iocoder/yudao/module/pms/project/service/satisfaction/event/SatisfactionResultVersionChangedMessage.java,CONFLICT_OURS_ADAPT_REQUIRED,conflict,feat(acceptance): 接通满意度结果来源投影
codex/f-acc-001-sds,0f3769755f59a7a76c0ceec715c67f3af3bf134c,F-ACC-002,pms-module-project/src/test/java/cn/iocoder/yudao/module/pms/project/api/workbinding/ProjectWorkBindingFactApiImplTest.java,CONFLICT_OURS_ADAPT_REQUIRED,conflict,feat(acceptance): 接通满意度结果来源投影
codex/f-acc-001-sds,0f3769755f59a7a76c0ceec715c67f3af3bf134c,F-ACC-002,pms-module-project/src/test/java/cn/iocoder/yudao/module/pms/project/service/satisfaction/SatisfactionResultDecisionServiceTest.java,CONFLICT_OURS_ADAPT_REQUIRED,conflict,feat(acceptance): 接通满意度结果来源投影
codex/f-acc-001-sds,0f3769755f59a7a76c0ceec715c67f3af3bf134c,F-ACC-002,pms-module-project/src/test/java/cn/iocoder/yudao/module/pms/project/service/satisfaction/SatisfactionResultSourceProjectionServiceTest.java,CONFLICT_OURS_ADAPT_REQUIRED,conflict,feat(acceptance): 接通满意度结果来源投影
codex/f-acc-001-sds,4a84f6f9e6491c621ff69e0b6b00edba8dfb5eda,F-ACC-002,pms-module-project/src/main/java/cn/iocoder/yudao/module/pms/project/dal/mysql/acceptance/AccProjectDeliverableMapper.java,CONFLICT_OURS_ADAPT_REQUIRED,conflict,fix(acceptance): 清理失效满意度来源指针
codex/f-acc-001-sds,4a84f6f9e6491c621ff69e0b6b00edba8dfb5eda,F-ACC-002,pms-module-project/src/test/java/cn/iocoder/yudao/module/pms/project/service/satisfaction/SatisfactionResultSourceProjectionMySqlIntegrationTest.java,CONFLICT_OURS_ADAPT_REQUIRED,conflict,fix(acceptance): 清理失效满意度来源指针
codex/f-acc-001-sds,6ec1b2459a436f16d9a87bf03358ab98e0af4bfc,F-ACC-002,pms-module-platform/src/main/java/cn/iocoder/yudao/module/pms/platform/service/outbox/PlatformOutboxDeliveryApiImpl.java,CONFLICT_OURS_ADAPT_REQUIRED,conflict,feat(acceptance): 接通满意度待办与归档补偿
codex/f-acc-001-sds,6ec1b2459a436f16d9a87bf03358ab98e0af4bfc,F-ACC-002,pms-module-project/src/main/java/cn/iocoder/yudao/module/pms/project/api/satisfaction/SatisfactionTaskInitializationApiImpl.java,CONFLICT_OURS_ADAPT_REQUIRED,conflict,feat(acceptance): 接通满意度待办与归档补偿
codex/f-acc-001-sds,6ec1b2459a436f16d9a87bf03358ab98e0af4bfc,F-ACC-002,pms-module-project/src/main/java/cn/iocoder/yudao/module/pms/project/dal/mysql/satisfaction/SatisfactionResultMapper.java,CONFLICT_OURS_ADAPT_REQUIRED,conflict,feat(acceptance): 接通满意度待办与归档补偿
codex/f-acc-001-sds,6ec1b2459a436f16d9a87bf03358ab98e0af4bfc,F-ACC-002,pms-module-project/src/main/java/cn/iocoder/yudao/module/pms/project/service/satisfaction/SatisfactionResponseFilePolicyProvider.java,CONFLICT_OURS_ADAPT_REQUIRED,conflict,feat(acceptance): 接通满意度待办与归档补偿
codex/f-acc-001-sds,6ec1b2459a436f16d9a87bf03358ab98e0af4bfc,F-ACC-002,pms-module-project/src/main/java/cn/iocoder/yudao/module/pms/project/service/satisfaction/SatisfactionResultDecisionService.java,CONFLICT_OURS_ADAPT_REQUIRED,conflict,feat(acceptance): 接通满意度待办与归档补偿
codex/f-acc-001-sds,6ec1b2459a436f16d9a87bf03358ab98e0af4bfc,F-ACC-002,pms-module-project/src/main/java/cn/iocoder/yudao/module/pms/project/service/satisfaction/SatisfactionResultFilePolicyProvider.java,CONFLICT_OURS_ADAPT_REQUIRED,conflict,feat(acceptance): 接通满意度待办与归档补偿
codex/f-acc-001-sds,6ec1b2459a436f16d9a87bf03358ab98e0af4bfc,F-ACC-002,pms-module-project/src/main/resources/mapper/satisfaction/SatisfactionResultMapper.xml,CONFLICT_OURS_ADAPT_REQUIRED,conflict,feat(acceptance): 接通满意度待办与归档补偿
codex/f-acc-001-sds,6ec1b2459a436f16d9a87bf03358ab98e0af4bfc,F-ACC-002,pms-module-project/src/test/java/cn/iocoder/yudao/module/pms/project/service/satisfaction/SatisfactionResponseFilePolicyProviderTest.java,CONFLICT_OURS_ADAPT_REQUIRED,conflict,feat(acceptance): 接通满意度待办与归档补偿
codex/f-acc-001-sds,0ffaebe3d1c32733abe9955f2733b6fe7cd02349,F-ACC-002,pms-module-project/src/main/java/cn/iocoder/yudao/module/pms/project/controller/admin/satisfaction/SatisfactionTemplateController.java,CONFLICT_OURS_ADAPT_REQUIRED,conflict,feat(acceptance): 接通满意度模板管理
codex/f-acc-001-sds,e3cc9eed198272c8cc56291d81c73da6ac837835,F-ACC-002,pms-module-project/src/main/java/cn/iocoder/yudao/module/pms/project/controller/admin/satisfaction/SatisfactionTaskController.java,CONFLICT_OURS_ADAPT_REQUIRED,conflict,feat(acceptance): 接通满意度任务管理
codex/f-acc-001-sds,e3cc9eed198272c8cc56291d81c73da6ac837835,F-ACC-002,pms-module-project/src/main/java/cn/iocoder/yudao/module/pms/project/service/satisfaction/SatisfactionTaskManagementService.java,CONFLICT_OURS_ADAPT_REQUIRED,conflict,feat(acceptance): 接通满意度任务管理
codex/f-acc-001-sds,d00501f486afe5e3b8c73046eda64439ff496449,F-ACC-002,pms-module-project/src/main/java/cn/iocoder/yudao/module/pms/project/controller/admin/satisfaction/SatisfactionResultController.java,CONFLICT_OURS_ADAPT_REQUIRED,conflict,feat(acceptance): 接通满意度结果管理
codex/f-acc-001-sds,5f4054e56799d3b0009b01e190c5648243e2f68f,F-ACC-002,pms-module-project/src/main/java/cn/iocoder/yudao/module/pms/project/controller/admin/satisfaction/SatisfactionTaskController.java,CONFLICT_OURS_ADAPT_REQUIRED,conflict,feat(acceptance): 接通现场协助答卷
codex/f-acc-001-sds,5f4054e56799d3b0009b01e190c5648243e2f68f,F-ACC-002,pms-module-project/src/main/java/cn/iocoder/yudao/module/pms/project/service/satisfaction/SatisfactionResponseSubmissionService.java,CONFLICT_OURS_ADAPT_REQUIRED,conflict,feat(acceptance): 接通现场协助答卷
codex/f-acc-001-sds,0b832c37d0bf152af72e5a5012e46d39c97a2f4f,F-ACC-002,yudao-ui/yudao-ui-admin-vue3/src/api/pms/project/satisfaction/index.ts,CONFLICT_OURS_ADAPT_REQUIRED,conflict,feat(acceptance): 接通满意度前端闭环
codex/f-acc-001-sds,0b832c37d0bf152af72e5a5012e46d39c97a2f4f,F-ACC-002,yudao-ui/yudao-ui-admin-vue3/src/views/pms/project/satisfaction/TaskPanel.vue,CONFLICT_OURS_ADAPT_REQUIRED,conflict,feat(acceptance): 接通满意度前端闭环
codex/f-acc-001-sds,486727a3a856fe5de19683f3e7eef1d38b88f6a0,F-ACC-002,scripts/tests/run_facc002_browser_acceptance.cjs,CONFLICT_OURS_ADAPT_REQUIRED,conflict,feat(acceptance): 完成满意度纵向闭环
codex/f-acc-001-sds,486727a3a856fe5de19683f3e7eef1d38b88f6a0,UNMAPPED,sql/migrations/V134__restore_project_task_assign_permission.sql,MIGRATION_ADAPT_REQUIRED,conflict,old version or mixed/existing table owner
prereq-parallel-check-kKiAdn,8425805911703c3c75387ba7e9bea75dedd6f076,UNMAPPED,pms-module-integration/pom.xml,CONFLICT_OURS_ADAPT_REQUIRED,conflict,feat(integration): 建立 Device Ops 集成基础能力
prereq-parallel-check-kKiAdn,8425805911703c3c75387ba7e9bea75dedd6f076,F-INT-012,pms-module-platform/src/main/java/cn/iocoder/yudao/module/pms/platform/dal/dataobject/collection/CollectionTaskDO.java,CONFLICT_OURS_ADAPT_REQUIRED,conflict,feat(integration): 建立 Device Ops 集成基础能力
prereq-parallel-check-kKiAdn,8425805911703c3c75387ba7e9bea75dedd6f076,F-INT-012,pms-module-platform/src/main/java/cn/iocoder/yudao/module/pms/platform/dal/mysql/collection/CollectionBatchMapper.java,CONFLICT_OURS_ADAPT_REQUIRED,conflict,feat(integration): 建立 Device Ops 集成基础能力
prereq-parallel-check-kKiAdn,8425805911703c3c75387ba7e9bea75dedd6f076,F-INT-012,pms-module-platform/src/main/java/cn/iocoder/yudao/module/pms/platform/dal/mysql/collection/CollectionTaskMapper.java,CONFLICT_OURS_ADAPT_REQUIRED,conflict,feat(integration): 建立 Device Ops 集成基础能力
prereq-parallel-check-kKiAdn,8425805911703c3c75387ba7e9bea75dedd6f076,F-INT-012,pms-module-platform/src/main/java/cn/iocoder/yudao/module/pms/platform/service/collection/CredentialTokenService.java,CONFLICT_OURS_ADAPT_REQUIRED,conflict,feat(integration): 建立 Device Ops 集成基础能力
prereq-parallel-check-kKiAdn,8425805911703c3c75387ba7e9bea75dedd6f076,F-INT-012,pms-module-platform/src/main/resources/mapper/collection/CollectionBatchMapper.xml,CONFLICT_OURS_ADAPT_REQUIRED,conflict,feat(integration): 建立 Device Ops 集成基础能力
prereq-parallel-check-kKiAdn,8425805911703c3c75387ba7e9bea75dedd6f076,F-INT-012,pms-module-platform/src/main/resources/mapper/collection/CollectionTaskMapper.xml,CONFLICT_OURS_ADAPT_REQUIRED,conflict,feat(integration): 建立 Device Ops 集成基础能力
prereq-parallel-check-kKiAdn,8425805911703c3c75387ba7e9bea75dedd6f076,UNMAPPED,yudao-module-infra/pom.xml,CONFLICT_OURS_ADAPT_REQUIRED,conflict,feat(integration): 建立 Device Ops 集成基础能力
prereq-parallel-check-kKiAdn,8425805911703c3c75387ba7e9bea75dedd6f076,UNMAPPED,yudao-module-infra/src/main/java/cn/iocoder/yudao/module/infra/api/file/ArtifactFileApi.java,EXCLUDED_DUPLICATE_OWNER,conflict,feat(integration): 建立 Device Ops 集成基础能力
prereq-parallel-check-kKiAdn,8425805911703c3c75387ba7e9bea75dedd6f076,UNMAPPED,yudao-module-infra/src/main/java/cn/iocoder/yudao/module/infra/api/file/dto/ArtifactFileCreateCommand.java,EXCLUDED_DUPLICATE_OWNER,conflict,feat(integration): 建立 Device Ops 集成基础能力
prereq-parallel-check-kKiAdn,8425805911703c3c75387ba7e9bea75dedd6f076,UNMAPPED,yudao-module-infra/src/main/java/cn/iocoder/yudao/module/infra/api/file/dto/ArtifactFileVersionDTO.java,EXCLUDED_DUPLICATE_OWNER,conflict,feat(integration): 建立 Device Ops 集成基础能力
prereq-parallel-check-kKiAdn,8425805911703c3c75387ba7e9bea75dedd6f076,UNMAPPED,yudao-module-infra/src/main/java/cn/iocoder/yudao/module/infra/dal/dataobject/file/FileArtifactDO.java,EXCLUDED_DUPLICATE_OWNER,conflict,feat(integration): 建立 Device Ops 集成基础能力
prereq-parallel-check-kKiAdn,8425805911703c3c75387ba7e9bea75dedd6f076,UNMAPPED,yudao-module-infra/src/main/java/cn/iocoder/yudao/module/infra/dal/dataobject/file/FileVersionDO.java,EXCLUDED_DUPLICATE_OWNER,conflict,feat(integration): 建立 Device Ops 集成基础能力
prereq-parallel-check-kKiAdn,8425805911703c3c75387ba7e9bea75dedd6f076,UNMAPPED,yudao-module-infra/src/main/java/cn/iocoder/yudao/module/infra/dal/mysql/file/FileArtifactMapper.java,EXCLUDED_DUPLICATE_OWNER,conflict,feat(integration): 建立 Device Ops 集成基础能力
prereq-parallel-check-kKiAdn,8425805911703c3c75387ba7e9bea75dedd6f076,UNMAPPED,yudao-module-infra/src/main/java/cn/iocoder/yudao/module/infra/dal/mysql/file/FileVersionMapper.java,EXCLUDED_DUPLICATE_OWNER,conflict,feat(integration): 建立 Device Ops 集成基础能力
prereq-parallel-check-kKiAdn,8425805911703c3c75387ba7e9bea75dedd6f076,UNMAPPED,yudao-module-infra/src/main/java/cn/iocoder/yudao/module/infra/service/file/ArtifactFileApiImpl.java,EXCLUDED_DUPLICATE_OWNER,conflict,feat(integration): 建立 Device Ops 集成基础能力
prereq-parallel-check-kKiAdn,8425805911703c3c75387ba7e9bea75dedd6f076,UNMAPPED,yudao-module-infra/src/main/java/cn/iocoder/yudao/module/infra/service/file/ArtifactFileService.java,EXCLUDED_DUPLICATE_OWNER,conflict,feat(integration): 建立 Device Ops 集成基础能力
prereq-parallel-check-kKiAdn,8425805911703c3c75387ba7e9bea75dedd6f076,UNMAPPED,yudao-module-infra/src/test/java/cn/iocoder/yudao/module/infra/service/file/ArtifactFileServiceTest.java,EXCLUDED_DUPLICATE_OWNER,conflict,feat(integration): 建立 Device Ops 集成基础能力
prereq-parallel-check-kKiAdn,d2d1765ffe14233d8041d4b10c871d246c4a9183,UNMAPPED,pms-module-platform/pom.xml,CONFLICT_OURS_ADAPT_REQUIRED,conflict,feat(platform): 实现设备凭证授权与一次性取密
prereq-parallel-check-kKiAdn,d2d1765ffe14233d8041d4b10c871d246c4a9183,F-INT-012,pms-module-platform/src/main/java/cn/iocoder/yudao/module/pms/platform/controller/admin/collection/DeviceCredentialController.java,CONFLICT_OURS_ADAPT_REQUIRED,conflict,feat(platform): 实现设备凭证授权与一次性取密
prereq-parallel-check-kKiAdn,d2d1765ffe14233d8041d4b10c871d246c4a9183,F-INT-012,pms-module-platform/src/main/java/cn/iocoder/yudao/module/pms/platform/dal/mysql/collection/CollectionTaskMapper.java,CONFLICT_OURS_ADAPT_REQUIRED,conflict,feat(platform): 实现设备凭证授权与一次性取密
prereq-parallel-check-kKiAdn,d2d1765ffe14233d8041d4b10c871d246c4a9183,F-INT-012,pms-module-platform/src/main/resources/mapper/collection/CollectionTaskMapper.xml,CONFLICT_OURS_ADAPT_REQUIRED,conflict,feat(platform): 实现设备凭证授权与一次性取密
prereq-parallel-check-kKiAdn,d2d1765ffe14233d8041d4b10c871d246c4a9183,F-INT-012,pms-module-platform/src/test/java/cn/iocoder/yudao/module/pms/platform/controller/admin/collection/DeviceCredentialControllerContractTest.java,CONFLICT_OURS_ADAPT_REQUIRED,conflict,feat(platform): 实现设备凭证授权与一次性取密
prereq-parallel-check-kKiAdn,d2d1765ffe14233d8041d4b10c871d246c4a9183,F-INT-012,sql/migrations/V105__device_ops_credentials_and_dispatch.sql,MIGRATION_ADAPT_REQUIRED,conflict,old version or mixed/existing table owner
codex/f-cut-001-matrices,e08898b57e6c7c81e43139881b53ac9d50b4154e,F-CUT-001,pms-module-cutover/src/test/java/cn/iocoder/yudao/module/pms/cutover/service/configuration/CutoverConfigurationServiceImplTest.java,CONFLICT_OURS_ADAPT_REQUIRED,conflict,feat(cutover): 扩展矩阵类别与绑定必填契约
codex/f-cut-001-matrices,c0dcf2051a0e5d135375ad1dd9cb1f268b87cc38,F-CUT-001,pms-module-cutover/src/test/java/cn/iocoder/yudao/module/pms/cutover/service/configuration/CutoverConfigurationServiceImplTest.java,CONFLICT_OURS_ADAPT_REQUIRED,conflict,feat(cutover): 联合校验风险与调研矩阵发布
codex/f-cut-001-matrices,1a61ea895a2d798a55946427b1b7c291b3a7b98e,F-CUT-001,yudao-ui/yudao-ui-admin-vue3/src/views/pms/cutover/cutover-config/components/cutoverMatrix.spec.ts,CONFLICT_OURS_ADAPT_REQUIRED,conflict,feat(cutover): 增加风险与调研矩阵编辑界面
codex/f-cut-001-matrices,f8a83538cd033a6795770f1e1de76d8a518976de,F-CUT-001,tests/e2e/fcut001_browser_acceptance.py,CONFLICT_OURS_ADAPT_REQUIRED,conflict,feat(test): 添加f-cut-001端到端浏览器验收测试
codex/f-cut-001-matrices,54383436951d4afa0a8b884b4718406e774ee619,F-IMP-002,pms-module-engineering/src/main/java/cn/iocoder/yudao/module/pms/engineering/service/arrivalacceptance/adapter/FileArtifactApiAdapter.java,CONFLICT_OURS_ADAPT_REQUIRED,conflict,feat(engineering): 接入到货签收项目与文件事实
codex/f-cut-001-matrices,54383436951d4afa0a8b884b4718406e774ee619,F-IMP-002,pms-module-engineering/src/main/java/cn/iocoder/yudao/module/pms/engineering/service/arrivalacceptance/adapter/ProjectQualificationApiAdapter.java,CONFLICT_OURS_ADAPT_REQUIRED,conflict,feat(engineering): 接入到货签收项目与文件事实
codex/f-cut-001-matrices,54383436951d4afa0a8b884b4718406e774ee619,F-IMP-002,pms-module-engineering/src/main/java/cn/iocoder/yudao/module/pms/engineering/service/arrivalacceptance/port/FileArtifactFactPort.java,CONFLICT_OURS_ADAPT_REQUIRED,conflict,feat(engineering): 接入到货签收项目与文件事实
codex/f-cut-001-matrices,54383436951d4afa0a8b884b4718406e774ee619,F-IMP-002,pms-module-engineering/src/main/java/cn/iocoder/yudao/module/pms/engineering/service/arrivalacceptance/port/ProjectQualificationPort.java,CONFLICT_OURS_ADAPT_REQUIRED,conflict,feat(engineering): 接入到货签收项目与文件事实
codex/f-cut-001-matrices,54383436951d4afa0a8b884b4718406e774ee619,F-IMP-002,pms-module-engineering/src/test/java/cn/iocoder/yudao/module/pms/engineering/service/arrivalacceptance/adapter/ArrivalAcceptanceOwnerAdapterTest.java,CONFLICT_OURS_ADAPT_REQUIRED,conflict,feat(engineering): 接入到货签收项目与文件事实
codex/f-cut-001-matrices,2bb1dbc0b34a4ec1b758bf839da9824ed0322529,F-IMP-002,pms-module-engineering/src/test/java/cn/iocoder/yudao/module/pms/engineering/arrivalacceptance/ArrivalAcceptanceMigrationContractTest.java,CONFLICT_OURS_ADAPT_REQUIRED,conflict,feat(engineering): 建立到货签收Owner表
codex/f-cut-001-matrices,c071450250a7bb65110ba2ed12ebac4d011a2253,F-IMP-002,pms-module-engineering/src/main/java/cn/iocoder/yudao/module/pms/engineering/dal/dataobject/arrivalacceptance/ArrivalAcceptanceDO.java,CONFLICT_OURS_ADAPT_REQUIRED,conflict,feat(engineering): 建立到货签收持久化映射
codex/f-cut-001-matrices,c071450250a7bb65110ba2ed12ebac4d011a2253,F-IMP-002,pms-module-engineering/src/main/java/cn/iocoder/yudao/module/pms/engineering/dal/dataobject/arrivalacceptance/ArrivalDifferenceDO.java,CONFLICT_OURS_ADAPT_REQUIRED,conflict,feat(engineering): 建立到货签收持久化映射
codex/f-cut-001-matrices,c071450250a7bb65110ba2ed12ebac4d011a2253,F-IMP-002,pms-module-engineering/src/main/java/cn/iocoder/yudao/module/pms/engineering/dal/dataobject/arrivalacceptance/DeliveryEvidenceDO.java,CONFLICT_OURS_ADAPT_REQUIRED,conflict,feat(engineering): 建立到货签收持久化映射
codex/f-cut-001-matrices,c071450250a7bb65110ba2ed12ebac4d011a2253,F-IMP-002,pms-module-engineering/src/main/java/cn/iocoder/yudao/module/pms/engineering/dal/dataobject/arrivalacceptance/DeliveryEvidenceRevisionDO.java,CONFLICT_OURS_ADAPT_REQUIRED,conflict,feat(engineering): 建立到货签收持久化映射
codex/f-cut-001-matrices,c071450250a7bb65110ba2ed12ebac4d011a2253,F-IMP-002,pms-module-engineering/src/main/java/cn/iocoder/yudao/module/pms/engineering/dal/mysql/arrivalacceptance/ArrivalAcceptanceMapper.java,CONFLICT_OURS_ADAPT_REQUIRED,conflict,feat(engineering): 建立到货签收持久化映射
codex/f-cut-001-matrices,c071450250a7bb65110ba2ed12ebac4d011a2253,F-IMP-002,pms-module-engineering/src/main/java/cn/iocoder/yudao/module/pms/engineering/dal/mysql/arrivalacceptance/ArrivalDifferenceMapper.java,CONFLICT_OURS_ADAPT_REQUIRED,conflict,feat(engineering): 建立到货签收持久化映射
codex/f-cut-001-matrices,c071450250a7bb65110ba2ed12ebac4d011a2253,F-IMP-002,pms-module-engineering/src/main/java/cn/iocoder/yudao/module/pms/engineering/dal/mysql/arrivalacceptance/ArrivalLineMapper.java,CONFLICT_OURS_ADAPT_REQUIRED,conflict,feat(engineering): 建立到货签收持久化映射
codex/f-cut-001-matrices,c071450250a7bb65110ba2ed12ebac4d011a2253,F-IMP-002,pms-module-engineering/src/main/java/cn/iocoder/yudao/module/pms/engineering/dal/mysql/arrivalacceptance/DeliveryEvidenceMapper.java,CONFLICT_OURS_ADAPT_REQUIRED,conflict,feat(engineering): 建立到货签收持久化映射
codex/f-cut-001-matrices,c071450250a7bb65110ba2ed12ebac4d011a2253,F-IMP-002,pms-module-engineering/src/main/java/cn/iocoder/yudao/module/pms/engineering/dal/mysql/arrivalacceptance/query/ArrivalPageQuery.java,CONFLICT_OURS_ADAPT_REQUIRED,conflict,feat(engineering): 建立到货签收持久化映射
codex/f-cut-001-matrices,c071450250a7bb65110ba2ed12ebac4d011a2253,F-IMP-002,pms-module-engineering/src/main/resources/mapper/arrivalacceptance/ArrivalAcceptanceMapper.xml,CONFLICT_OURS_ADAPT_REQUIRED,conflict,feat(engineering): 建立到货签收持久化映射
codex/f-cut-001-matrices,c071450250a7bb65110ba2ed12ebac4d011a2253,F-IMP-002,pms-module-engineering/src/main/resources/mapper/arrivalacceptance/ArrivalDifferenceMapper.xml,CONFLICT_OURS_ADAPT_REQUIRED,conflict,feat(engineering): 建立到货签收持久化映射
codex/f-cut-001-matrices,c071450250a7bb65110ba2ed12ebac4d011a2253,F-IMP-002,pms-module-engineering/src/main/resources/mapper/arrivalacceptance/ArrivalLineMapper.xml,CONFLICT_OURS_ADAPT_REQUIRED,conflict,feat(engineering): 建立到货签收持久化映射
codex/f-cut-001-matrices,c071450250a7bb65110ba2ed12ebac4d011a2253,F-IMP-002,pms-module-engineering/src/main/resources/mapper/arrivalacceptance/DeliveryEvidenceMapper.xml,CONFLICT_OURS_ADAPT_REQUIRED,conflict,feat(engineering): 建立到货签收持久化映射
codex/f-cut-001-matrices,c071450250a7bb65110ba2ed12ebac4d011a2253,F-IMP-002,pms-module-engineering/src/main/resources/mapper/arrivalacceptance/DeliveryEvidenceRevisionMapper.xml,CONFLICT_OURS_ADAPT_REQUIRED,conflict,feat(engineering): 建立到货签收持久化映射
codex/f-cut-001-matrices,c071450250a7bb65110ba2ed12ebac4d011a2253,F-IMP-002,pms-module-engineering/src/test/java/cn/iocoder/yudao/module/pms/engineering/dal/mysql/arrivalacceptance/ArrivalAcceptanceMapperContractTest.java,CONFLICT_OURS_ADAPT_REQUIRED,conflict,feat(engineering): 建立到货签收持久化映射
codex/f-cut-001-matrices,8370d0f19be603dc6429d7a0cb4ffff80262cab8,F-IMP-002,pms-module-engineering/src/main/java/cn/iocoder/yudao/module/pms/engineering/dal/mysql/arrivalacceptance/ArrivalAcceptanceMapper.java,CONFLICT_OURS_ADAPT_REQUIRED,conflict,feat(engineering): 补齐到货签收项目事实查询
codex/f-cut-001-matrices,8370d0f19be603dc6429d7a0cb4ffff80262cab8,F-IMP-002,pms-module-engineering/src/main/java/cn/iocoder/yudao/module/pms/engineering/dal/mysql/arrivalacceptance/ArrivalDifferenceMapper.java,CONFLICT_OURS_ADAPT_REQUIRED,conflict,feat(engineering): 补齐到货签收项目事实查询
codex/f-cut-001-matrices,8370d0f19be603dc6429d7a0cb4ffff80262cab8,F-IMP-002,pms-module-engineering/src/main/java/cn/iocoder/yudao/module/pms/engineering/dal/mysql/arrivalacceptance/ArrivalLineMapper.java,CONFLICT_OURS_ADAPT_REQUIRED,conflict,feat(engineering): 补齐到货签收项目事实查询
codex/f-cut-001-matrices,8370d0f19be603dc6429d7a0cb4ffff80262cab8,F-IMP-002,pms-module-engineering/src/main/resources/mapper/arrivalacceptance/ArrivalAcceptanceMapper.xml,CONFLICT_OURS_ADAPT_REQUIRED,conflict,feat(engineering): 补齐到货签收项目事实查询
codex/f-cut-001-matrices,8370d0f19be603dc6429d7a0cb4ffff80262cab8,F-IMP-002,pms-module-engineering/src/main/resources/mapper/arrivalacceptance/ArrivalDifferenceMapper.xml,CONFLICT_OURS_ADAPT_REQUIRED,conflict,feat(engineering): 补齐到货签收项目事实查询
codex/f-cut-001-matrices,8370d0f19be603dc6429d7a0cb4ffff80262cab8,F-IMP-002,pms-module-engineering/src/test/java/cn/iocoder/yudao/module/pms/engineering/dal/mysql/arrivalacceptance/ArrivalAcceptanceMapperContractTest.java,CONFLICT_OURS_ADAPT_REQUIRED,conflict,feat(engineering): 补齐到货签收项目事实查询
codex/f-cut-001-matrices,b563913fad5c8fd6966bd47dbe294b7380ecee94,F-IMP-002,pms-module-engineering/src/main/java/cn/iocoder/yudao/module/pms/engineering/service/arrivalacceptance/adapter/ProjectQualificationApiAdapter.java,CONFLICT_OURS_ADAPT_REQUIRED,conflict,fix(engineering): 分离签收经理事实与操作范围
codex/f-cut-001-matrices,b563913fad5c8fd6966bd47dbe294b7380ecee94,F-IMP-002,pms-module-engineering/src/main/java/cn/iocoder/yudao/module/pms/engineering/service/arrivalacceptance/port/ProjectQualificationPort.java,CONFLICT_OURS_ADAPT_REQUIRED,conflict,fix(engineering): 分离签收经理事实与操作范围
codex/f-cut-001-matrices,b563913fad5c8fd6966bd47dbe294b7380ecee94,F-IMP-002,pms-module-engineering/src/test/java/cn/iocoder/yudao/module/pms/engineering/service/arrivalacceptance/adapter/ArrivalAcceptanceOwnerAdapterTest.java,CONFLICT_OURS_ADAPT_REQUIRED,conflict,fix(engineering): 分离签收经理事实与操作范围
codex/f-cut-001-matrices,a3099280c782be16b891ce4cbe4c13d69cda6347,F-IMP-002,pms-module-engineering/src/test/java/cn/iocoder/yudao/module/pms/engineering/arrivalacceptance/ArrivalAcceptanceMigrationContractTest.java,CONFLICT_OURS_ADAPT_REQUIRED,conflict,feat(engineering): 持久化签收项目资格版本
codex/f-cut-001-matrices,08ee613b59ea88e04c51cb2dc9671c4a6be552ec,F-IMP-002,pms-module-engineering/src/main/java/cn/iocoder/yudao/module/pms/engineering/service/arrivalacceptance/ArrivalAcceptanceApplicationService.java,CONFLICT_OURS_ADAPT_REQUIRED,conflict,feat(engineering): 实现到货签收草稿创建核心
codex/f-cut-001-matrices,08ee613b59ea88e04c51cb2dc9671c4a6be552ec,F-IMP-002,pms-module-engineering/src/main/java/cn/iocoder/yudao/module/pms/engineering/service/arrivalacceptance/port/DeliveryScopePort.java,CONFLICT_OURS_ADAPT_REQUIRED,conflict,feat(engineering): 实现到货签收草稿创建核心
codex/f-cut-001-matrices,08ee613b59ea88e04c51cb2dc9671c4a6be552ec,F-IMP-002,pms-module-engineering/src/main/java/cn/iocoder/yudao/module/pms/engineering/service/arrivalacceptance/port/DeviceScopeFactPort.java,CONFLICT_OURS_ADAPT_REQUIRED,conflict,feat(engineering): 实现到货签收草稿创建核心
codex/f-cut-001-matrices,08ee613b59ea88e04c51cb2dc9671c4a6be552ec,F-IMP-002,pms-module-engineering/src/test/java/cn/iocoder/yudao/module/pms/engineering/service/arrivalacceptance/ArrivalAcceptanceApplicationServiceTest.java,CONFLICT_OURS_ADAPT_REQUIRED,conflict,feat(engineering): 实现到货签收草稿创建核心
codex/f-cut-001-matrices,0cf2ba79aea969689696aac962c9a53b9fa65ab1,F-IMP-002,pms-module-engineering/src/main/resources/mapper/arrivalacceptance/ArrivalAcceptanceMapper.xml,CONFLICT_OURS_ADAPT_REQUIRED,conflict,fix(engineering): 补全签收资格版本重验投影
codex/f-cut-001-matrices,0cf2ba79aea969689696aac962c9a53b9fa65ab1,F-IMP-002,pms-module-engineering/src/test/java/cn/iocoder/yudao/module/pms/engineering/dal/mysql/arrivalacceptance/ArrivalAcceptanceMapperContractTest.java,CONFLICT_OURS_ADAPT_REQUIRED,conflict,fix(engineering): 补全签收资格版本重验投影
codex/f-cut-001-matrices,0cf2ba79aea969689696aac962c9a53b9fa65ab1,F-IMP-002,pms-module-engineering/src/test/java/cn/iocoder/yudao/module/pms/engineering/service/arrivalacceptance/adapter/ArrivalAcceptanceOwnerAdapterTest.java,CONFLICT_OURS_ADAPT_REQUIRED,conflict,fix(engineering): 补全签收资格版本重验投影
codex/f-cut-001-matrices,dd374c5f8ae494d6b775809dd69a4a2c3f655603,F-IMP-002,pms-module-engineering/src/test/java/cn/iocoder/yudao/module/pms/engineering/arrivalacceptance/ArrivalAcceptanceMigrationContractTest.java,CONFLICT_OURS_ADAPT_REQUIRED,conflict,feat(engineering): 冻结签收证据文件事实版本
codex/f-cut-001-matrices,774aeb11bd663645a6f29e32624a00073979bcc5,F-IMP-002,pms-module-engineering/src/main/java/cn/iocoder/yudao/module/pms/engineering/dal/mysql/arrivalacceptance/ArrivalAcceptanceMapper.java,CONFLICT_OURS_ADAPT_REQUIRED,conflict,feat(engineering): 建立签收提交锁定支撑
codex/f-cut-001-matrices,774aeb11bd663645a6f29e32624a00073979bcc5,F-IMP-002,pms-module-engineering/src/main/resources/mapper/arrivalacceptance/ArrivalAcceptanceMapper.xml,CONFLICT_OURS_ADAPT_REQUIRED,conflict,feat(engineering): 建立签收提交锁定支撑
codex/f-cut-001-matrices,774aeb11bd663645a6f29e32624a00073979bcc5,F-IMP-002,pms-module-engineering/src/test/java/cn/iocoder/yudao/module/pms/engineering/dal/mysql/arrivalacceptance/ArrivalAcceptanceMapperContractTest.java,CONFLICT_OURS_ADAPT_REQUIRED,conflict,feat(engineering): 建立签收提交锁定支撑
codex/f-cut-001-matrices,0a56196a3864dd996da3a5d6df77cfc18003182f,F-IMP-002,pms-module-engineering/src/main/java/cn/iocoder/yudao/module/pms/engineering/service/arrivalacceptance/ArrivalAcceptanceApplicationService.java,CONFLICT_OURS_ADAPT_REQUIRED,conflict,feat(engineering): 实现到货签收提交核心
codex/f-cut-001-matrices,0a56196a3864dd996da3a5d6df77cfc18003182f,F-IMP-002,pms-module-engineering/src/test/java/cn/iocoder/yudao/module/pms/engineering/service/arrivalacceptance/ArrivalAcceptanceApplicationServiceTest.java,CONFLICT_OURS_ADAPT_REQUIRED,conflict,feat(engineering): 实现到货签收提交核心
codex/f-cut-001-matrices,0267ef4d0d4f9d91a64fd09caaabc18c12819954,F-IMP-002,pms-module-engineering/src/main/java/cn/iocoder/yudao/module/pms/engineering/service/arrivalacceptance/ArrivalAcceptanceApplicationService.java,CONFLICT_OURS_ADAPT_REQUIRED,conflict,feat(engineering): 累计签收历史确认范围
codex/f-cut-001-matrices,0267ef4d0d4f9d91a64fd09caaabc18c12819954,F-IMP-002,pms-module-engineering/src/test/java/cn/iocoder/yudao/module/pms/engineering/service/arrivalacceptance/ArrivalAcceptanceApplicationServiceTest.java,CONFLICT_OURS_ADAPT_REQUIRED,conflict,feat(engineering): 累计签收历史确认范围
codex/f-cut-001-matrices,65a6b395e692b463f070ffc784a9e9fc4461e431,F-IMP-002,pms-module-engineering/src/test/java/cn/iocoder/yudao/module/pms/engineering/arrivalacceptance/ArrivalAcceptanceMigrationContractTest.java,CONFLICT_OURS_ADAPT_REQUIRED,conflict,feat(engineering): 校正签收差异事实版本契约
codex/f-cut-001-matrices,f1ecb73d7a7532789e56c3795655a805c3bec9cd,F-IMP-002,pms-module-engineering/src/main/java/cn/iocoder/yudao/module/pms/engineering/service/arrivalacceptance/ArrivalAcceptanceApplicationService.java,CONFLICT_OURS_ADAPT_REQUIRED,conflict,feat(engineering): 累计签收有效豁免范围
codex/f-cut-001-matrices,f1ecb73d7a7532789e56c3795655a805c3bec9cd,F-IMP-002,pms-module-engineering/src/test/java/cn/iocoder/yudao/module/pms/engineering/service/arrivalacceptance/ArrivalAcceptanceApplicationServiceTest.java,CONFLICT_OURS_ADAPT_REQUIRED,conflict,feat(engineering): 累计签收有效豁免范围
codex/f-cut-001-matrices,6ce766596c819dea691478cc20479464a809633c,F-IMP-002,pms-module-engineering/src/main/java/cn/iocoder/yudao/module/pms/engineering/dal/mysql/arrivalacceptance/ArrivalAcceptanceMapper.java,CONFLICT_OURS_ADAPT_REQUIRED,conflict,feat(engineering): 建立签收事实版本分配集合
codex/f-cut-001-matrices,6ce766596c819dea691478cc20479464a809633c,F-IMP-002,pms-module-engineering/src/main/resources/mapper/arrivalacceptance/ArrivalAcceptanceMapper.xml,CONFLICT_OURS_ADAPT_REQUIRED,conflict,feat(engineering): 建立签收事实版本分配集合
codex/f-cut-001-matrices,6ce766596c819dea691478cc20479464a809633c,F-IMP-002,pms-module-engineering/src/test/java/cn/iocoder/yudao/module/pms/engineering/dal/mysql/arrivalacceptance/ArrivalAcceptanceMapperContractTest.java,CONFLICT_OURS_ADAPT_REQUIRED,conflict,feat(engineering): 建立签收事实版本分配集合
codex/f-cut-001-matrices,18c2b0ec569f10174817e3c23a22abe264a90bda,F-IMP-002,pms-module-engineering/src/main/java/cn/iocoder/yudao/module/pms/engineering/dal/mysql/arrivalacceptance/ArrivalAcceptanceMapper.java,CONFLICT_OURS_ADAPT_REQUIRED,conflict,feat(engineering): 实现到货签收确认事务
codex/f-cut-001-matrices,18c2b0ec569f10174817e3c23a22abe264a90bda,F-IMP-002,pms-module-engineering/src/main/java/cn/iocoder/yudao/module/pms/engineering/dal/mysql/arrivalacceptance/DeliveryEvidenceMapper.java,CONFLICT_OURS_ADAPT_REQUIRED,conflict,feat(engineering): 实现到货签收确认事务
codex/f-cut-001-matrices,18c2b0ec569f10174817e3c23a22abe264a90bda,F-IMP-002,pms-module-engineering/src/main/java/cn/iocoder/yudao/module/pms/engineering/dal/mysql/arrivalacceptance/query/DeliveryEvidencePublishUpdate.java,CONFLICT_OURS_ADAPT_REQUIRED,conflict,feat(engineering): 实现到货签收确认事务
codex/f-cut-001-matrices,18c2b0ec569f10174817e3c23a22abe264a90bda,F-IMP-002,pms-module-engineering/src/main/java/cn/iocoder/yudao/module/pms/engineering/service/arrivalacceptance/ArrivalAcceptanceApplicationService.java,CONFLICT_OURS_ADAPT_REQUIRED,conflict,feat(engineering): 实现到货签收确认事务
codex/f-cut-001-matrices,18c2b0ec569f10174817e3c23a22abe264a90bda,F-IMP-002,pms-module-engineering/src/main/resources/mapper/arrivalacceptance/ArrivalAcceptanceMapper.xml,CONFLICT_OURS_ADAPT_REQUIRED,conflict,feat(engineering): 实现到货签收确认事务
codex/f-cut-001-matrices,18c2b0ec569f10174817e3c23a22abe264a90bda,F-IMP-002,pms-module-engineering/src/main/resources/mapper/arrivalacceptance/DeliveryEvidenceMapper.xml,CONFLICT_OURS_ADAPT_REQUIRED,conflict,feat(engineering): 实现到货签收确认事务
codex/f-cut-001-matrices,18c2b0ec569f10174817e3c23a22abe264a90bda,F-IMP-002,pms-module-engineering/src/test/java/cn/iocoder/yudao/module/pms/engineering/dal/mysql/arrivalacceptance/ArrivalAcceptanceMapperContractTest.java,CONFLICT_OURS_ADAPT_REQUIRED,conflict,feat(engineering): 实现到货签收确认事务
codex/f-cut-001-matrices,18c2b0ec569f10174817e3c23a22abe264a90bda,F-IMP-002,pms-module-engineering/src/test/java/cn/iocoder/yudao/module/pms/engineering/service/arrivalacceptance/ArrivalAcceptanceApplicationServiceTest.java,CONFLICT_OURS_ADAPT_REQUIRED,conflict,feat(engineering): 实现到货签收确认事务
codex/f-cut-001-matrices,7ea868e86cb5df7c93517a7e40e50a97d5ba8006,F-IMP-002,pms-module-engineering/src/main/java/cn/iocoder/yudao/module/pms/engineering/service/arrivalacceptance/evidence/ArrivalEvidenceOutboxDeliveryJob.java,CONFLICT_OURS_ADAPT_REQUIRED,conflict,feat(engineering): 实现签收证据暂停投递任务
codex/f-cut-001-matrices,7ea868e86cb5df7c93517a7e40e50a97d5ba8006,F-IMP-002,pms-module-engineering/src/test/java/cn/iocoder/yudao/module/pms/engineering/arrivalacceptance/ArrivalAcceptanceMigrationContractTest.java,CONFLICT_OURS_ADAPT_REQUIRED,conflict,feat(engineering): 实现签收证据暂停投递任务
codex/f-cut-001-matrices,7ea868e86cb5df7c93517a7e40e50a97d5ba8006,F-IMP-002,pms-module-engineering/src/test/java/cn/iocoder/yudao/module/pms/engineering/service/arrivalacceptance/evidence/ArrivalEvidenceOutboxDeliveryJobTest.java,CONFLICT_OURS_ADAPT_REQUIRED,conflict,feat(engineering): 实现签收证据暂停投递任务
codex/f-cut-001-matrices,ddc928d02f19f244fbb3c167046d2f8b45bf8d36,F-IMP-002,pms-module-engineering/src/main/java/cn/iocoder/yudao/module/pms/engineering/dal/mysql/arrivalacceptance/DeliveryEvidenceMapper.java,CONFLICT_OURS_ADAPT_REQUIRED,conflict,feat(engineering): 实现签收证据回执消费
codex/f-cut-001-matrices,ddc928d02f19f244fbb3c167046d2f8b45bf8d36,F-IMP-002,pms-module-engineering/src/main/java/cn/iocoder/yudao/module/pms/engineering/service/arrivalacceptance/evidence/ArtifactCallbackHandler.java,CONFLICT_OURS_ADAPT_REQUIRED,conflict,feat(engineering): 实现签收证据回执消费
codex/f-cut-001-matrices,ddc928d02f19f244fbb3c167046d2f8b45bf8d36,F-IMP-002,pms-module-engineering/src/main/resources/mapper/arrivalacceptance/DeliveryEvidenceMapper.xml,CONFLICT_OURS_ADAPT_REQUIRED,conflict,feat(engineering): 实现签收证据回执消费
codex/f-cut-001-matrices,ddc928d02f19f244fbb3c167046d2f8b45bf8d36,F-IMP-002,pms-module-engineering/src/test/java/cn/iocoder/yudao/module/pms/engineering/dal/mysql/arrivalacceptance/ArrivalAcceptanceMapperContractTest.java,CONFLICT_OURS_ADAPT_REQUIRED,conflict,feat(engineering): 实现签收证据回执消费
codex/f-cut-001-matrices,ddc928d02f19f244fbb3c167046d2f8b45bf8d36,F-IMP-002,pms-module-engineering/src/test/java/cn/iocoder/yudao/module/pms/engineering/service/arrivalacceptance/evidence/ArtifactCallbackHandlerTest.java,CONFLICT_OURS_ADAPT_REQUIRED,conflict,feat(engineering): 实现签收证据回执消费
codex/f-cut-001-matrices,351d8bbb0aa4ef5cb8dd3ac2bee3463cd38265c4,F-IMP-002,pms-module-engineering/src/test/java/cn/iocoder/yudao/module/pms/engineering/arrivalacceptance/ArrivalAcceptanceMigrationContractTest.java,CONFLICT_OURS_ADAPT_REQUIRED,conflict,feat(engineering): 冻结签收证据发布关联链
codex/f-cut-001-matrices,351d8bbb0aa4ef5cb8dd3ac2bee3463cd38265c4,UNMAPPED,sql/migrations/V138__fimp002_evidence_correlation.sql,MIGRATION_ADAPT_REQUIRED,conflict,old version or mixed/existing table owner
codex/f-cut-001-matrices,e34930bc2c2c84196d1d0a755d879d3ddd22ec18,F-IMP-002,pms-module-engineering/src/test/java/cn/iocoder/yudao/module/pms/engineering/arrivalacceptance/ArrivalAcceptanceMigrationContractTest.java,CONFLICT_OURS_ADAPT_REQUIRED,conflict,fix(engineering): 修复签收关联迁移重跑约束
codex/f-cut-001-matrices,1eec2fbc12fc97862952888b4f44b6508d2c736c,F-IMP-002,pms-module-engineering/src/main/java/cn/iocoder/yudao/module/pms/engineering/dal/mysql/arrivalacceptance/DeliveryEvidenceMapper.java,CONFLICT_OURS_ADAPT_REQUIRED,conflict,feat(engineering): 实现签收证据双阶段重试
codex/f-cut-001-matrices,1eec2fbc12fc97862952888b4f44b6508d2c736c,F-IMP-002,pms-module-engineering/src/main/java/cn/iocoder/yudao/module/pms/engineering/service/arrivalacceptance/evidence/ArrivalEvidenceRetryService.java,CONFLICT_OURS_ADAPT_REQUIRED,conflict,feat(engineering): 实现签收证据双阶段重试
codex/f-cut-001-matrices,1eec2fbc12fc97862952888b4f44b6508d2c736c,F-IMP-002,pms-module-engineering/src/main/resources/mapper/arrivalacceptance/DeliveryEvidenceMapper.xml,CONFLICT_OURS_ADAPT_REQUIRED,conflict,feat(engineering): 实现签收证据双阶段重试
codex/f-cut-001-matrices,1eec2fbc12fc97862952888b4f44b6508d2c736c,F-IMP-002,pms-module-engineering/src/test/java/cn/iocoder/yudao/module/pms/engineering/arrivalacceptance/ArrivalAcceptanceMigrationContractTest.java,CONFLICT_OURS_ADAPT_REQUIRED,conflict,feat(engineering): 实现签收证据双阶段重试
codex/f-cut-001-matrices,1eec2fbc12fc97862952888b4f44b6508d2c736c,F-IMP-002,pms-module-engineering/src/test/java/cn/iocoder/yudao/module/pms/engineering/dal/mysql/arrivalacceptance/ArrivalAcceptanceMapperContractTest.java,CONFLICT_OURS_ADAPT_REQUIRED,conflict,feat(engineering): 实现签收证据双阶段重试
codex/f-cut-001-matrices,1eec2fbc12fc97862952888b4f44b6508d2c736c,F-IMP-002,pms-module-engineering/src/test/java/cn/iocoder/yudao/module/pms/engineering/service/arrivalacceptance/evidence/ArrivalEvidenceRetryServiceTest.java,CONFLICT_OURS_ADAPT_REQUIRED,conflict,feat(engineering): 实现签收证据双阶段重试
codex/f-cut-001-matrices,1eec2fbc12fc97862952888b4f44b6508d2c736c,UNMAPPED,pms-module-platform/src/main/java/cn/iocoder/yudao/module/pms/platform/service/outbox/PlatformOutboxDeliveryApiImpl.java,CONFLICT_OURS_ADAPT_REQUIRED,conflict,feat(engineering): 实现签收证据双阶段重试
codex/f-cut-001-matrices,9561384bda94cbc9ce0616434f301d1886977b74,F-IMP-002,pms-module-engineering/src/test/java/cn/iocoder/yudao/module/pms/engineering/dal/mysql/arrivalacceptance/ArrivalAcceptanceMapperContractTest.java,CONFLICT_OURS_ADAPT_REQUIRED,conflict,fix(engineering): 收敛签收证据重试事务
codex/f-cut-001-matrices,ce0447ecb867b5478b95440482d998d773e006be,F-IMP-002,pms-module-engineering/src/main/java/cn/iocoder/yudao/module/pms/engineering/api/arrival/ArrivalAcceptanceFactApiImpl.java,CONFLICT_OURS_ADAPT_REQUIRED,conflict,feat(engineering): 实现到货签收项目事实查询
codex/f-cut-001-matrices,ce0447ecb867b5478b95440482d998d773e006be,F-IMP-002,pms-module-engineering/src/main/java/cn/iocoder/yudao/module/pms/engineering/dal/mysql/arrivalacceptance/ArrivalAcceptanceMapper.java,CONFLICT_OURS_ADAPT_REQUIRED,conflict,feat(engineering): 实现到货签收项目事实查询
codex/f-cut-001-matrices,ce0447ecb867b5478b95440482d998d773e006be,F-IMP-002,pms-module-engineering/src/main/java/cn/iocoder/yudao/module/pms/engineering/dal/mysql/arrivalacceptance/ArrivalDifferenceMapper.java,CONFLICT_OURS_ADAPT_REQUIRED,conflict,feat(engineering): 实现到货签收项目事实查询
codex/f-cut-001-matrices,ce0447ecb867b5478b95440482d998d773e006be,F-IMP-002,pms-module-engineering/src/test/java/cn/iocoder/yudao/module/pms/engineering/api/arrival/ArrivalAcceptanceFactApiImplTest.java,CONFLICT_OURS_ADAPT_REQUIRED,conflict,feat(engineering): 实现到货签收项目事实查询
codex/f-cut-001-matrices,ce0447ecb867b5478b95440482d998d773e006be,F-IMP-002,pms-module-engineering/src/test/java/cn/iocoder/yudao/module/pms/engineering/api/arrival/ArrivalAcceptanceFactApiMySqlTest.java,CONFLICT_OURS_ADAPT_REQUIRED,conflict,feat(engineering): 实现到货签收项目事实查询
codex/f-cut-001-matrices,ce0447ecb867b5478b95440482d998d773e006be,F-IMP-002,pms-module-engineering/src/test/java/cn/iocoder/yudao/module/pms/engineering/dal/mysql/arrivalacceptance/ArrivalAcceptanceMapperContractTest.java,CONFLICT_OURS_ADAPT_REQUIRED,conflict,feat(engineering): 实现到货签收项目事实查询
codex/f-cut-001-matrices,dfcc224c842a59addc0f0ddcc6373b49a664cb2a,F-IMP-002,pms-module-engineering/src/main/java/cn/iocoder/yudao/module/pms/engineering/api/arrival/ArrivalAcceptanceFactApiImpl.java,CONFLICT_OURS_ADAPT_REQUIRED,conflict,fix(engineering): 收敛到货事实范围与陈旧判定
codex/f-cut-001-matrices,dfcc224c842a59addc0f0ddcc6373b49a664cb2a,F-IMP-002,pms-module-engineering/src/main/java/cn/iocoder/yudao/module/pms/engineering/service/arrivalacceptance/port/DeliveryScopePort.java,CONFLICT_OURS_ADAPT_REQUIRED,conflict,fix(engineering): 收敛到货事实范围与陈旧判定
codex/f-cut-001-matrices,dfcc224c842a59addc0f0ddcc6373b49a664cb2a,F-IMP-002,pms-module-engineering/src/main/java/cn/iocoder/yudao/module/pms/engineering/service/arrivalacceptance/port/DeviceScopeFactPort.java,CONFLICT_OURS_ADAPT_REQUIRED,conflict,fix(engineering): 收敛到货事实范围与陈旧判定
codex/f-cut-001-matrices,dfcc224c842a59addc0f0ddcc6373b49a664cb2a,F-IMP-002,pms-module-engineering/src/main/java/cn/iocoder/yudao/module/pms/engineering/service/arrivalacceptance/port/OwnerFactVersionMismatchException.java,CONFLICT_OURS_ADAPT_REQUIRED,conflict,fix(engineering): 收敛到货事实范围与陈旧判定
codex/f-cut-001-matrices,dfcc224c842a59addc0f0ddcc6373b49a664cb2a,F-IMP-002,pms-module-engineering/src/test/java/cn/iocoder/yudao/module/pms/engineering/api/arrival/ArrivalAcceptanceFactApiImplTest.java,CONFLICT_OURS_ADAPT_REQUIRED,conflict,fix(engineering): 收敛到货事实范围与陈旧判定
codex/f-cut-001-matrices,80a8d4221a2a7973295ca0e12b2e7283cf60ba59,F-IMP-002,pms-module-engineering/src/main/java/cn/iocoder/yudao/module/pms/engineering/dal/mysql/arrivalacceptance/ArrivalAcceptanceMapper.java,CONFLICT_OURS_ADAPT_REQUIRED,conflict,feat(engineering): 实现到货签收 Task 5B 基础命令
codex/f-cut-001-matrices,80a8d4221a2a7973295ca0e12b2e7283cf60ba59,F-IMP-002,pms-module-engineering/src/main/java/cn/iocoder/yudao/module/pms/engineering/dal/mysql/arrivalacceptance/ArrivalDifferenceMapper.java,CONFLICT_OURS_ADAPT_REQUIRED,conflict,feat(engineering): 实现到货签收 Task 5B 基础命令
codex/f-cut-001-matrices,80a8d4221a2a7973295ca0e12b2e7283cf60ba59,F-IMP-002,pms-module-engineering/src/main/java/cn/iocoder/yudao/module/pms/engineering/service/arrivalacceptance/ArrivalAcceptanceApplicationService.java,CONFLICT_OURS_ADAPT_REQUIRED,conflict,feat(engineering): 实现到货签收 Task 5B 基础命令
codex/f-cut-001-matrices,80a8d4221a2a7973295ca0e12b2e7283cf60ba59,F-IMP-002,pms-module-engineering/src/main/java/cn/iocoder/yudao/module/pms/engineering/service/arrivalacceptance/ArrivalAcceptanceCommandService.java,CONFLICT_OURS_ADAPT_REQUIRED,conflict,feat(engineering): 实现到货签收 Task 5B 基础命令
codex/f-cut-001-matrices,80a8d4221a2a7973295ca0e12b2e7283cf60ba59,F-IMP-002,pms-module-engineering/src/main/java/cn/iocoder/yudao/module/pms/engineering/service/arrivalacceptance/ArrivalAcceptanceCommands.java,CONFLICT_OURS_ADAPT_REQUIRED,conflict,feat(engineering): 实现到货签收 Task 5B 基础命令
codex/f-cut-001-matrices,80a8d4221a2a7973295ca0e12b2e7283cf60ba59,F-IMP-002,pms-module-engineering/src/main/java/cn/iocoder/yudao/module/pms/engineering/service/arrivalacceptance/ArrivalAcceptanceQueryService.java,CONFLICT_OURS_ADAPT_REQUIRED,conflict,feat(engineering): 实现到货签收 Task 5B 基础命令
codex/f-cut-001-matrices,80a8d4221a2a7973295ca0e12b2e7283cf60ba59,F-IMP-002,pms-module-engineering/src/main/resources/mapper/arrivalacceptance/ArrivalDifferenceMapper.xml,CONFLICT_OURS_ADAPT_REQUIRED,conflict,feat(engineering): 实现到货签收 Task 5B 基础命令
codex/f-cut-001-matrices,80a8d4221a2a7973295ca0e12b2e7283cf60ba59,F-IMP-002,pms-module-engineering/src/main/resources/mapper/arrivalacceptance/ArrivalLineMapper.xml,CONFLICT_OURS_ADAPT_REQUIRED,conflict,feat(engineering): 实现到货签收 Task 5B 基础命令
codex/f-cut-001-matrices,80a8d4221a2a7973295ca0e12b2e7283cf60ba59,F-IMP-002,pms-module-engineering/src/test/java/cn/iocoder/yudao/module/pms/engineering/arrivalacceptance/ArrivalAcceptanceMigrationContractTest.java,CONFLICT_OURS_ADAPT_REQUIRED,conflict,feat(engineering): 实现到货签收 Task 5B 基础命令
codex/f-cut-001-matrices,80a8d4221a2a7973295ca0e12b2e7283cf60ba59,F-IMP-002,pms-module-engineering/src/test/java/cn/iocoder/yudao/module/pms/engineering/service/arrivalacceptance/ArrivalAcceptanceApplicationServiceTest.java,CONFLICT_OURS_ADAPT_REQUIRED,conflict,feat(engineering): 实现到货签收 Task 5B 基础命令
codex/f-cut-001-matrices,80a8d4221a2a7973295ca0e12b2e7283cf60ba59,F-IMP-002,pms-module-engineering/src/test/java/cn/iocoder/yudao/module/pms/engineering/service/arrivalacceptance/ArrivalAcceptanceCommandServiceTest.java,CONFLICT_OURS_ADAPT_REQUIRED,conflict,feat(engineering): 实现到货签收 Task 5B 基础命令
codex/f-cut-001-matrices,80a8d4221a2a7973295ca0e12b2e7283cf60ba59,F-IMP-002,pms-module-engineering/src/test/java/cn/iocoder/yudao/module/pms/engineering/service/arrivalacceptance/ArrivalAcceptanceQueryServiceTest.java,CONFLICT_OURS_ADAPT_REQUIRED,conflict,feat(engineering): 实现到货签收 Task 5B 基础命令
codex/f-cut-001-matrices,0564ec7e1194e9116058734e90430d4bfcb330e8,F-IMP-002,pms-module-engineering/src/test/java/cn/iocoder/yudao/module/pms/engineering/arrivalacceptance/ArrivalAcceptanceMigrationContractTest.java,CONFLICT_OURS_ADAPT_REQUIRED,conflict,fix(engineering): 修正到货后继批次唯一模型
codex/f-cut-001-matrices,0564ec7e1194e9116058734e90430d4bfcb330e8,UNMAPPED,sql/migrations/V141__fimp002_successor_batch_identity.sql,MIGRATION_ADAPT_REQUIRED,conflict,old version or mixed/existing table owner
codex/f-cut-001-matrices,0750182e7a50a28e6fbff29196ed247c2d59808f,F-IMP-002,pms-module-engineering/src/test/java/cn/iocoder/yudao/module/pms/engineering/arrivalacceptance/ArrivalAcceptanceMigrationContractTest.java,CONFLICT_OURS_ADAPT_REQUIRED,conflict,fix(engineering): 拒绝空批次根标记
codex/f-cut-001-matrices,935324cf381a7ef61404ad854039ec1142dc86f7,F-IMP-002,pms-module-engineering/src/main/java/cn/iocoder/yudao/module/pms/engineering/dal/mysql/arrivalacceptance/ArrivalAcceptanceMapper.java,CONFLICT_OURS_ADAPT_REQUIRED,conflict,feat(engineering): 实现到货签收后继链
codex/f-cut-001-matrices,935324cf381a7ef61404ad854039ec1142dc86f7,F-IMP-002,pms-module-engineering/src/main/java/cn/iocoder/yudao/module/pms/engineering/service/arrivalacceptance/ArrivalAcceptanceCommandService.java,CONFLICT_OURS_ADAPT_REQUIRED,conflict,feat(engineering): 实现到货签收后继链
codex/f-cut-001-matrices,935324cf381a7ef61404ad854039ec1142dc86f7,F-IMP-002,pms-module-engineering/src/main/resources/mapper/arrivalacceptance/ArrivalAcceptanceMapper.xml,CONFLICT_OURS_ADAPT_REQUIRED,conflict,feat(engineering): 实现到货签收后继链
codex/f-cut-001-matrices,935324cf381a7ef61404ad854039ec1142dc86f7,F-IMP-002,pms-module-engineering/src/main/resources/mapper/arrivalacceptance/ArrivalDifferenceMapper.xml,CONFLICT_OURS_ADAPT_REQUIRED,conflict,feat(engineering): 实现到货签收后继链
codex/f-cut-001-matrices,935324cf381a7ef61404ad854039ec1142dc86f7,F-IMP-002,pms-module-engineering/src/test/java/cn/iocoder/yudao/module/pms/engineering/dal/mysql/arrivalacceptance/ArrivalAcceptanceMapperContractTest.java,CONFLICT_OURS_ADAPT_REQUIRED,conflict,feat(engineering): 实现到货签收后继链
codex/f-cut-001-matrices,935324cf381a7ef61404ad854039ec1142dc86f7,F-IMP-002,pms-module-engineering/src/test/java/cn/iocoder/yudao/module/pms/engineering/service/arrivalacceptance/ArrivalAcceptanceCommandServiceTest.java,CONFLICT_OURS_ADAPT_REQUIRED,conflict,feat(engineering): 实现到货签收后继链
codex/f-cut-001-matrices,1b2b6a752defe9ebf187521dd417c71e43699c0e,F-IMP-002,pms-module-engineering/src/main/java/cn/iocoder/yudao/module/pms/engineering/service/arrivalacceptance/ArrivalAcceptanceCommandService.java,CONFLICT_OURS_ADAPT_REQUIRED,conflict,fix(engineering): 收敛到货签收后继运行边界
codex/f-cut-001-matrices,1b2b6a752defe9ebf187521dd417c71e43699c0e,F-IMP-002,pms-module-engineering/src/test/java/cn/iocoder/yudao/module/pms/engineering/service/arrivalacceptance/ArrivalAcceptanceCommandServiceTest.java,CONFLICT_OURS_ADAPT_REQUIRED,conflict,fix(engineering): 收敛到货签收后继运行边界
codex/f-cut-001-matrices,1b2b6a752defe9ebf187521dd417c71e43699c0e,F-IMP-002,pms-module-engineering/src/test/java/cn/iocoder/yudao/module/pms/engineering/service/arrivalacceptance/ArrivalAcceptanceSuccessorMySqlTest.java,CONFLICT_OURS_ADAPT_REQUIRED,conflict,fix(engineering): 收敛到货签收后继运行边界
codex/f-cut-001-matrices,808151ce4662c85b8ea1c5267bc52b4d4699fd1d,F-IMP-002,pms-module-engineering/src/test/java/cn/iocoder/yudao/module/pms/engineering/service/arrivalacceptance/ArrivalAcceptanceCommandServiceTest.java,CONFLICT_OURS_ADAPT_REQUIRED,conflict,fix(engineering): 补全到货命令关联事实
codex/f-cut-001-matrices,c649c4245b3e13de39abdf89899d2a1195483a4d,F-IMP-002,pms-module-engineering/src/test/java/cn/iocoder/yudao/module/pms/engineering/service/arrivalacceptance/ArrivalAcceptanceApplicationServiceTest.java,CONFLICT_OURS_ADAPT_REQUIRED,conflict,fix(engineering): 收口到货签收应用动作
codex/f-cut-001-matrices,fb69dbcc07c87324a63ec789df9e2bb977f29204,F-IMP-002,pms-module-engineering/src/main/java/cn/iocoder/yudao/module/pms/engineering/controller/admin/arrivalacceptance/ArrivalAcceptanceController.java,CONFLICT_OURS_ADAPT_REQUIRED,conflict,feat(engineering): 实现到货签收REST契约
codex/f-cut-001-matrices,fb69dbcc07c87324a63ec789df9e2bb977f29204,F-IMP-002,pms-module-engineering/src/test/java/cn/iocoder/yudao/module/pms/engineering/controller/admin/arrivalacceptance/ArrivalAcceptanceControllerContractTest.java,CONFLICT_OURS_ADAPT_REQUIRED,conflict,feat(engineering): 实现到货签收REST契约
codex/f-cut-001-matrices,b63b5a0c47818845eefd567c44cd9e1c3077d2db,F-IMP-002,pms-module-engineering/src/main/java/cn/iocoder/yudao/module/pms/engineering/controller/admin/arrivalacceptance/ArrivalAcceptanceController.java,CONFLICT_OURS_ADAPT_REQUIRED,conflict,fix(engineering): 收敛到货签收REST边界
codex/f-cut-001-matrices,b63b5a0c47818845eefd567c44cd9e1c3077d2db,F-IMP-002,pms-module-engineering/src/main/java/cn/iocoder/yudao/module/pms/engineering/service/arrivalacceptance/ArrivalAcceptanceApplicationService.java,CONFLICT_OURS_ADAPT_REQUIRED,conflict,fix(engineering): 收敛到货签收REST边界
codex/f-cut-001-matrices,b63b5a0c47818845eefd567c44cd9e1c3077d2db,F-IMP-002,pms-module-engineering/src/main/java/cn/iocoder/yudao/module/pms/engineering/service/arrivalacceptance/ArrivalAcceptanceContractException.java,CONFLICT_OURS_ADAPT_REQUIRED,conflict,fix(engineering): 收敛到货签收REST边界
codex/f-cut-001-matrices,b63b5a0c47818845eefd567c44cd9e1c3077d2db,F-IMP-002,pms-module-engineering/src/main/java/cn/iocoder/yudao/module/pms/engineering/service/arrivalacceptance/port/DeviceScopeFactPort.java,CONFLICT_OURS_ADAPT_REQUIRED,conflict,fix(engineering): 收敛到货签收REST边界
codex/f-cut-001-matrices,b63b5a0c47818845eefd567c44cd9e1c3077d2db,F-IMP-002,pms-module-engineering/src/test/java/cn/iocoder/yudao/module/pms/engineering/controller/admin/arrivalacceptance/ArrivalAcceptanceControllerContractTest.java,CONFLICT_OURS_ADAPT_REQUIRED,conflict,fix(engineering): 收敛到货签收REST边界
codex/f-cut-001-matrices,871cfcbb5e5c532dd2b2ab8741b5c23d5d21445f,F-IMP-002,pms-module-engineering/src/test/java/cn/iocoder/yudao/module/pms/engineering/arrivalacceptance/ArrivalAcceptanceMigrationContractTest.java,CONFLICT_OURS_ADAPT_REQUIRED,conflict,feat(engineering): 初始化到货签收运行资源
codex/f-cut-001-matrices,9e42fbc3279d9a292bc4ac36bfeac75cfdd9a899,F-IMP-002,yudao-ui/yudao-ui-admin-vue3/src/api/pms/engineering/arrival-acceptance/index.ts,CONFLICT_OURS_ADAPT_REQUIRED,conflict,feat(engineering): 实现到货签收前端工作台
codex/f-cut-001-matrices,9e42fbc3279d9a292bc4ac36bfeac75cfdd9a899,F-IMP-002,yudao-ui/yudao-ui-admin-vue3/src/views/pms/engineering/arrival-acceptance/arrivalAcceptanceInteraction.spec.ts,CONFLICT_OURS_ADAPT_REQUIRED,conflict,feat(engineering): 实现到货签收前端工作台
codex/f-cut-001-matrices,9e42fbc3279d9a292bc4ac36bfeac75cfdd9a899,F-IMP-002,yudao-ui/yudao-ui-admin-vue3/src/views/pms/engineering/arrival-acceptance/arrivalAcceptanceInteraction.ts,CONFLICT_OURS_ADAPT_REQUIRED,conflict,feat(engineering): 实现到货签收前端工作台
codex/f-cut-001-matrices,9e42fbc3279d9a292bc4ac36bfeac75cfdd9a899,F-IMP-002,yudao-ui/yudao-ui-admin-vue3/src/views/pms/engineering/arrival-acceptance/components/ArrivalAcceptanceForm.vue,CONFLICT_OURS_ADAPT_REQUIRED,conflict,feat(engineering): 实现到货签收前端工作台
codex/f-cut-001-matrices,9e42fbc3279d9a292bc4ac36bfeac75cfdd9a899,F-IMP-002,yudao-ui/yudao-ui-admin-vue3/src/views/pms/engineering/arrival-acceptance/components/ArrivalDifferencePanel.vue,CONFLICT_OURS_ADAPT_REQUIRED,conflict,feat(engineering): 实现到货签收前端工作台
codex/f-cut-001-matrices,9e42fbc3279d9a292bc4ac36bfeac75cfdd9a899,F-IMP-002,yudao-ui/yudao-ui-admin-vue3/src/views/pms/engineering/arrival-acceptance/components/ArrivalEvidencePanel.vue,CONFLICT_OURS_ADAPT_REQUIRED,conflict,feat(engineering): 实现到货签收前端工作台
codex/f-cut-001-matrices,9e42fbc3279d9a292bc4ac36bfeac75cfdd9a899,F-IMP-002,yudao-ui/yudao-ui-admin-vue3/src/views/pms/engineering/arrival-acceptance/components/ArrivalLineEditor.vue,CONFLICT_OURS_ADAPT_REQUIRED,conflict,feat(engineering): 实现到货签收前端工作台
codex/f-cut-001-matrices,9e42fbc3279d9a292bc4ac36bfeac75cfdd9a899,F-IMP-002,yudao-ui/yudao-ui-admin-vue3/src/views/pms/engineering/arrival-acceptance/index.vue,CONFLICT_OURS_ADAPT_REQUIRED,conflict,feat(engineering): 实现到货签收前端工作台
codex/f-cut-001-matrices,35c0db90a3ad20cbdd864cd85c03e01f9469abb3,F-IMP-002,yudao-ui/yudao-ui-admin-vue3/src/views/pms/engineering/arrival-acceptance/arrivalAcceptanceInteraction.spec.ts,CONFLICT_OURS_ADAPT_REQUIRED,conflict,fix(engineering): 收敛到货签收前端契约
codex/f-cut-001-matrices,35c0db90a3ad20cbdd864cd85c03e01f9469abb3,F-IMP-002,yudao-ui/yudao-ui-admin-vue3/src/views/pms/engineering/arrival-acceptance/arrivalAcceptanceInteraction.ts,CONFLICT_OURS_ADAPT_REQUIRED,conflict,fix(engineering): 收敛到货签收前端契约
codex/f-cut-001-matrices,35c0db90a3ad20cbdd864cd85c03e01f9469abb3,F-IMP-002,yudao-ui/yudao-ui-admin-vue3/src/views/pms/engineering/arrival-acceptance/index.vue,CONFLICT_OURS_ADAPT_REQUIRED,conflict,fix(engineering): 收敛到货签收前端契约
codex/f-cut-001-matrices,99bc69ff4c0af15a2fc20178fc3eab6432417339,F-IMP-002,yudao-ui/yudao-ui-admin-vue3/src/views/pms/engineering/arrival-acceptance/arrivalAcceptanceInteraction.spec.ts,CONFLICT_OURS_ADAPT_REQUIRED,conflict,fix(engineering): 统一到货签收写前刷新屏障
codex/f-cut-001-matrices,99bc69ff4c0af15a2fc20178fc3eab6432417339,F-IMP-002,yudao-ui/yudao-ui-admin-vue3/src/views/pms/engineering/arrival-acceptance/arrivalAcceptanceInteraction.ts,CONFLICT_OURS_ADAPT_REQUIRED,conflict,fix(engineering): 统一到货签收写前刷新屏障
codex/f-cut-001-matrices,99bc69ff4c0af15a2fc20178fc3eab6432417339,F-IMP-002,yudao-ui/yudao-ui-admin-vue3/src/views/pms/engineering/arrival-acceptance/index.vue,CONFLICT_OURS_ADAPT_REQUIRED,conflict,fix(engineering): 统一到货签收写前刷新屏障
codex/f-cut-001-matrices,9edd1a41d1e55bcbb99807d2e21f976c9d2ff9d2,UNMAPPED,pms-module-asset/pms-module-asset-api/src/main/java/cn/iocoder/yudao/module/pms/asset/api/device/dto/DeviceScopeInvalidItem.java,CONFLICT_OURS_ADAPT_REQUIRED,conflict,feat(asset): 冻结设备范围事实公共契约
codex/f-cut-001-matrices,9edd1a41d1e55bcbb99807d2e21f976c9d2ff9d2,UNMAPPED,pms-module-asset/pms-module-asset-api/src/main/java/cn/iocoder/yudao/module/pms/asset/api/device/dto/DeviceScopeResolutionResult.java,CONFLICT_OURS_ADAPT_REQUIRED,conflict,feat(asset): 冻结设备范围事实公共契约
codex/f-cut-001-matrices,9edd1a41d1e55bcbb99807d2e21f976c9d2ff9d2,UNMAPPED,pms-module-asset/pms-module-asset-api/src/main/java/cn/iocoder/yudao/module/pms/asset/api/device/dto/DeviceScopeRevalidationQuery.java,CONFLICT_OURS_ADAPT_REQUIRED,conflict,feat(asset): 冻结设备范围事实公共契约
codex/f-cut-001-matrices,9edd1a41d1e55bcbb99807d2e21f976c9d2ff9d2,UNMAPPED,pms-module-asset/pms-module-asset-api/src/main/java/cn/iocoder/yudao/module/pms/asset/api/device/dto/DeviceScopeRevalidationResult.java,CONFLICT_OURS_ADAPT_REQUIRED,conflict,feat(asset): 冻结设备范围事实公共契约
codex/f-cut-001-matrices,9edd1a41d1e55bcbb99807d2e21f976c9d2ff9d2,UNMAPPED,pms-module-asset/src/test/java/cn/iocoder/yudao/module/pms/asset/api/device/DeviceScopeFactApiContractTest.java,CONFLICT_OURS_ADAPT_REQUIRED,conflict,feat(asset): 冻结设备范围事实公共契约
codex/f-cut-001-matrices,4e558659d52457d8cd617e26a4daec655b76dabf,UNMAPPED,pms-module-asset/src/main/java/cn/iocoder/yudao/module/pms/asset/api/device/DeviceScopeFactApiImpl.java,CONFLICT_OURS_ADAPT_REQUIRED,conflict,feat(asset): 实现设备范围事实Provider
codex/f-cut-001-matrices,4e558659d52457d8cd617e26a4daec655b76dabf,UNMAPPED,pms-module-asset/src/test/java/cn/iocoder/yudao/module/pms/asset/api/device/DeviceScopeFactApiImplTest.java,CONFLICT_OURS_ADAPT_REQUIRED,conflict,feat(asset): 实现设备范围事实Provider
codex/f-cut-001-matrices,4e558659d52457d8cd617e26a4daec655b76dabf,UNMAPPED,pms-module-asset/src/test/java/cn/iocoder/yudao/module/pms/asset/api/device/DeviceScopeFactApiMySqlTest.java,CONFLICT_OURS_ADAPT_REQUIRED,conflict,feat(asset): 实现设备范围事实Provider
codex/f-cut-001-matrices,6793c1d96efc3e421085ecb539f307ca88b8d1e3,F-IMP-002,pms-module-engineering/src/main/java/cn/iocoder/yudao/module/pms/engineering/service/arrivalacceptance/ArrivalAcceptanceCommandService.java,CONFLICT_OURS_ADAPT_REQUIRED,conflict,feat(engineering): 接通设备范围事实消费适配
codex/f-cut-001-matrices,6793c1d96efc3e421085ecb539f307ca88b8d1e3,F-IMP-002,pms-module-engineering/src/test/java/cn/iocoder/yudao/module/pms/engineering/api/arrival/ArrivalAcceptanceFactApiImplTest.java,CONFLICT_OURS_ADAPT_REQUIRED,conflict,feat(engineering): 接通设备范围事实消费适配
codex/f-cut-001-matrices,6793c1d96efc3e421085ecb539f307ca88b8d1e3,F-IMP-002,pms-module-engineering/src/test/java/cn/iocoder/yudao/module/pms/engineering/service/arrivalacceptance/ArrivalAcceptanceApplicationServiceTest.java,CONFLICT_OURS_ADAPT_REQUIRED,conflict,feat(engineering): 接通设备范围事实消费适配
codex/f-cut-001-matrices,6793c1d96efc3e421085ecb539f307ca88b8d1e3,F-IMP-002,pms-module-engineering/src/test/java/cn/iocoder/yudao/module/pms/engineering/service/arrivalacceptance/ArrivalAcceptanceCommandServiceTest.java,CONFLICT_OURS_ADAPT_REQUIRED,conflict,feat(engineering): 接通设备范围事实消费适配
codex/f-cut-001-matrices,9a4763e85d10d820f957eeec90a71be3d4914fae,F-IMP-002,pms-module-engineering/src/test/java/cn/iocoder/yudao/module/pms/engineering/api/arrival/ArrivalAcceptanceFactApiImplTest.java,CONFLICT_OURS_ADAPT_REQUIRED,conflict,fix(engineering): 收敛设备范围身份与锁定语义
codex/f-cut-001-matrices,5abbc82ba866c4f3dafc3d5b186c0afdce1e9d0d,UNMAPPED,pms-module-commerce/pms-module-commerce-api/src/main/java/cn/iocoder/yudao/module/pms/commerce/api/authority/dto/CommerceAuthorityBatchCommand.java,CONFLICT_OURS_ADAPT_REQUIRED,conflict,feat(commerce): 建立COM公开事实合同
codex/f-cut-001-matrices,5abbc82ba866c4f3dafc3d5b186c0afdce1e9d0d,UNMAPPED,pms-module-commerce/pms-module-commerce-api/src/main/java/cn/iocoder/yudao/module/pms/commerce/api/authority/dto/CommerceContractFact.java,CONFLICT_OURS_ADAPT_REQUIRED,conflict,feat(commerce): 建立COM公开事实合同
codex/f-cut-001-matrices,5abbc82ba866c4f3dafc3d5b186c0afdce1e9d0d,UNMAPPED,pms-module-commerce/pms-module-commerce-api/src/main/java/cn/iocoder/yudao/module/pms/commerce/api/authority/dto/CommerceOrderLineFact.java,CONFLICT_OURS_ADAPT_REQUIRED,conflict,feat(commerce): 建立COM公开事实合同
codex/f-cut-001-matrices,5abbc82ba866c4f3dafc3d5b186c0afdce1e9d0d,UNMAPPED,pms-module-commerce/pms-module-commerce-api/src/main/java/cn/iocoder/yudao/module/pms/commerce/api/authority/dto/CommerceSalesOrderFact.java,CONFLICT_OURS_ADAPT_REQUIRED,conflict,feat(commerce): 建立COM公开事实合同
codex/f-cut-001-matrices,5abbc82ba866c4f3dafc3d5b186c0afdce1e9d0d,UNMAPPED,pms-module-commerce/src/test/java/cn/iocoder/yudao/module/pms/commerce/api/CommercePublicContractTest.java,CONFLICT_OURS_ADAPT_REQUIRED,conflict,feat(commerce): 建立COM公开事实合同
codex/f-cut-001-matrices,ae1968c63af614700bd586915e37c74ef1b0152b,UNMAPPED,pms-module-commerce/src/main/java/cn/iocoder/yudao/module/pms/commerce/dal/dataobject/authority/AuthorityCandidateDO.java,CONFLICT_OURS_ADAPT_REQUIRED,conflict,feat(commerce): 建立COM十表物理模型
codex/f-cut-001-matrices,ae1968c63af614700bd586915e37c74ef1b0152b,UNMAPPED,pms-module-commerce/src/main/java/cn/iocoder/yudao/module/pms/commerce/dal/dataobject/authority/SalesOrderContractRelationDO.java,CONFLICT_OURS_ADAPT_REQUIRED,conflict,feat(commerce): 建立COM十表物理模型
codex/f-cut-001-matrices,2141204dc257aa67a24a4fe57e7139bdd906c135,UNMAPPED,pms-module-platform/pms-module-platform-api/src/main/java/cn/iocoder/yudao/module/pms/platform/api/migration/PlatformMigrationEvidenceException.java,CONFLICT_OURS_ADAPT_REQUIRED,conflict,feat(platform): 建立迁移证据公共合同
codex/f-cut-001-matrices,2141204dc257aa67a24a4fe57e7139bdd906c135,UNMAPPED,pms-module-platform/pms-module-platform-api/src/main/java/cn/iocoder/yudao/module/pms/platform/api/migration/dto/MarkStagedReadyCommand.java,CONFLICT_OURS_ADAPT_REQUIRED,conflict,feat(platform): 建立迁移证据公共合同
codex/f-cut-001-matrices,2141204dc257aa67a24a4fe57e7139bdd906c135,UNMAPPED,pms-module-platform/pms-module-platform-api/src/main/java/cn/iocoder/yudao/module/pms/platform/api/migration/dto/MigrationBatchFact.java,CONFLICT_OURS_ADAPT_REQUIRED,conflict,feat(platform): 建立迁移证据公共合同
codex/f-cut-001-matrices,2141204dc257aa67a24a4fe57e7139bdd906c135,UNMAPPED,pms-module-platform/src/test/java/cn/iocoder/yudao/module/pms/platform/api/migration/PlatformMigrationEvidenceContractTest.java,CONFLICT_OURS_ADAPT_REQUIRED,conflict,feat(platform): 建立迁移证据公共合同
codex/f-cut-001-matrices,2141204dc257aa67a24a4fe57e7139bdd906c135,UNMAPPED,scripts/generate_requirement_traceability.py,CONFLICT_OURS_ADAPT_REQUIRED,conflict,feat(platform): 建立迁移证据公共合同
codex/f-cut-001-matrices,bf85007f2ec90105acf3c3ffa4a2353dd233a5f8,UNMAPPED,pms-module-platform/pms-module-platform-api/src/main/java/cn/iocoder/yudao/module/pms/platform/api/migration/dto/MarkStagedReadyCommand.java,CONFLICT_OURS_ADAPT_REQUIRED,conflict,fix(platform): 收敛迁移证据合同阻断
codex/f-cut-001-matrices,bf85007f2ec90105acf3c3ffa4a2353dd233a5f8,UNMAPPED,pms-module-platform/src/test/java/cn/iocoder/yudao/module/pms/platform/api/migration/PlatformMigrationEvidenceContractTest.java,CONFLICT_OURS_ADAPT_REQUIRED,conflict,fix(platform): 收敛迁移证据合同阻断
codex/f-cut-001-matrices,58aedbb24134c43e0c0188097bc5a8c7e6f45644,UNMAPPED,pms-module-platform/src/test/java/cn/iocoder/yudao/module/pms/platform/migration/PlatformMigrationEvidenceMigrationContractTest.java,CONFLICT_OURS_ADAPT_REQUIRED,conflict,feat(platform): 建立迁移证据四表Schema
codex/f-cut-001-matrices,dd0a26eed23af025ef705d989d6f28d96cbd6ba4,UNMAPPED,sql/migrations/V145__fcom001_order_contract_relation_source_identity.sql,MIGRATION_ADAPT_REQUIRED,conflict,old version or mixed/existing table owner
codex/f-cut-001-matrices,d8a275619ab20b2fa49e39f4bbb24be4ddc57a82,UNMAPPED,pms-module-commerce/pom.xml,CONFLICT_OURS_ADAPT_REQUIRED,conflict,feat(commerce): 实现ERP权威批次接收
codex/f-cut-001-matrices,d8a275619ab20b2fa49e39f4bbb24be4ddc57a82,UNMAPPED,pms-module-commerce/src/main/java/cn/iocoder/yudao/module/pms/commerce/dal/mysql/authority/ContractAuthorityMapper.java,CONFLICT_OURS_ADAPT_REQUIRED,conflict,feat(commerce): 实现ERP权威批次接收
codex/f-cut-001-matrices,d8a275619ab20b2fa49e39f4bbb24be4ddc57a82,UNMAPPED,pms-module-commerce/src/main/java/cn/iocoder/yudao/module/pms/commerce/dal/mysql/authority/OrderLineAuthorityMapper.java,CONFLICT_OURS_ADAPT_REQUIRED,conflict,feat(commerce): 实现ERP权威批次接收
codex/f-cut-001-matrices,d8a275619ab20b2fa49e39f4bbb24be4ddc57a82,UNMAPPED,pms-module-commerce/src/main/java/cn/iocoder/yudao/module/pms/commerce/dal/mysql/authority/SalesOrderAuthorityMapper.java,CONFLICT_OURS_ADAPT_REQUIRED,conflict,feat(commerce): 实现ERP权威批次接收
codex/f-cut-001-matrices,d8a275619ab20b2fa49e39f4bbb24be4ddc57a82,UNMAPPED,pms-module-commerce/src/main/java/cn/iocoder/yudao/module/pms/commerce/dal/mysql/authority/query/ContractAuthorityUpdate.java,CONFLICT_OURS_ADAPT_REQUIRED,conflict,feat(commerce): 实现ERP权威批次接收
codex/f-cut-001-matrices,d8a275619ab20b2fa49e39f4bbb24be4ddc57a82,UNMAPPED,pms-module-commerce/src/main/java/cn/iocoder/yudao/module/pms/commerce/dal/mysql/authority/query/OrderLineAuthorityUpdate.java,CONFLICT_OURS_ADAPT_REQUIRED,conflict,feat(commerce): 实现ERP权威批次接收
codex/f-cut-001-matrices,d8a275619ab20b2fa49e39f4bbb24be4ddc57a82,UNMAPPED,pms-module-commerce/src/main/java/cn/iocoder/yudao/module/pms/commerce/dal/mysql/authority/query/SalesOrderAuthorityUpdate.java,CONFLICT_OURS_ADAPT_REQUIRED,conflict,feat(commerce): 实现ERP权威批次接收
codex/f-cut-001-matrices,d8a275619ab20b2fa49e39f4bbb24be4ddc57a82,UNMAPPED,pms-module-commerce/src/main/java/cn/iocoder/yudao/module/pms/commerce/service/authority/AuthorityPayloadCanonicalizer.java,CONFLICT_OURS_ADAPT_REQUIRED,conflict,feat(commerce): 实现ERP权威批次接收
codex/f-cut-001-matrices,d8a275619ab20b2fa49e39f4bbb24be4ddc57a82,UNMAPPED,pms-module-commerce/src/main/java/cn/iocoder/yudao/module/pms/commerce/service/authority/CommerceAuthorityIngestService.java,CONFLICT_OURS_ADAPT_REQUIRED,conflict,feat(commerce): 实现ERP权威批次接收
codex/f-cut-001-matrices,d8a275619ab20b2fa49e39f4bbb24be4ddc57a82,UNMAPPED,pms-module-commerce/src/main/resources/mapper/authority/AuthorityScopeImpactMapper.xml,CONFLICT_OURS_ADAPT_REQUIRED,conflict,feat(commerce): 实现ERP权威批次接收
codex/f-cut-001-matrices,d8a275619ab20b2fa49e39f4bbb24be4ddc57a82,UNMAPPED,pms-module-commerce/src/main/resources/mapper/authority/ContractAuthorityMapper.xml,CONFLICT_OURS_ADAPT_REQUIRED,conflict,feat(commerce): 实现ERP权威批次接收
codex/f-cut-001-matrices,d8a275619ab20b2fa49e39f4bbb24be4ddc57a82,UNMAPPED,pms-module-commerce/src/main/resources/mapper/authority/OrderContractRelationAuthorityMapper.xml,CONFLICT_OURS_ADAPT_REQUIRED,conflict,feat(commerce): 实现ERP权威批次接收
codex/f-cut-001-matrices,d8a275619ab20b2fa49e39f4bbb24be4ddc57a82,UNMAPPED,pms-module-commerce/src/main/resources/mapper/authority/OrderLineAuthorityMapper.xml,CONFLICT_OURS_ADAPT_REQUIRED,conflict,feat(commerce): 实现ERP权威批次接收
codex/f-cut-001-matrices,d8a275619ab20b2fa49e39f4bbb24be4ddc57a82,UNMAPPED,pms-module-commerce/src/main/resources/mapper/authority/SalesOrderAuthorityMapper.xml,CONFLICT_OURS_ADAPT_REQUIRED,conflict,feat(commerce): 实现ERP权威批次接收
codex/f-cut-001-matrices,d8a275619ab20b2fa49e39f4bbb24be4ddc57a82,UNMAPPED,pms-module-commerce/src/test/java/cn/iocoder/yudao/module/pms/commerce/service/authority/CommerceAuthorityIngestMySqlTest.java,CONFLICT_OURS_ADAPT_REQUIRED,conflict,feat(commerce): 实现ERP权威批次接收
codex/f-cut-001-matrices,d8a275619ab20b2fa49e39f4bbb24be4ddc57a82,UNMAPPED,pms-module-commerce/src/test/java/cn/iocoder/yudao/module/pms/commerce/service/authority/CommerceAuthorityIngestServiceTest.java,CONFLICT_OURS_ADAPT_REQUIRED,conflict,feat(commerce): 实现ERP权威批次接收
codex/f-cut-001-matrices,7c8b11fec472fd430d5a465af551f5431655fa8e,UNMAPPED,pms-module-commerce/pom.xml,CONFLICT_OURS_ADAPT_REQUIRED,conflict,feat(commerce): 实现人工权威候选核对
codex/f-cut-001-matrices,7c8b11fec472fd430d5a465af551f5431655fa8e,UNMAPPED,pms-module-commerce/src/main/java/cn/iocoder/yudao/module/pms/commerce/dal/mysql/authority/AuthorityCandidateOwnerFact.java,CONFLICT_OURS_ADAPT_REQUIRED,conflict,feat(commerce): 实现人工权威候选核对
codex/f-cut-001-matrices,7c8b11fec472fd430d5a465af551f5431655fa8e,UNMAPPED,pms-module-commerce/src/main/java/cn/iocoder/yudao/module/pms/commerce/dal/mysql/authority/query/AuthorityCandidateDecisionUpdate.java,CONFLICT_OURS_ADAPT_REQUIRED,conflict,feat(commerce): 实现人工权威候选核对
codex/f-cut-001-matrices,7c8b11fec472fd430d5a465af551f5431655fa8e,UNMAPPED,pms-module-commerce/src/main/java/cn/iocoder/yudao/module/pms/commerce/service/authority/CommerceAuthorityCandidateService.java,CONFLICT_OURS_ADAPT_REQUIRED,conflict,feat(commerce): 实现人工权威候选核对
codex/f-cut-001-matrices,7c8b11fec472fd430d5a465af551f5431655fa8e,UNMAPPED,pms-module-commerce/src/main/resources/mapper/authority/AuthorityCandidateMapper.xml,CONFLICT_OURS_ADAPT_REQUIRED,conflict,feat(commerce): 实现人工权威候选核对
codex/f-cut-001-matrices,7c8b11fec472fd430d5a465af551f5431655fa8e,UNMAPPED,pms-module-commerce/src/test/java/cn/iocoder/yudao/module/pms/commerce/service/authority/CommerceAuthorityCandidateMySqlTest.java,CONFLICT_OURS_ADAPT_REQUIRED,conflict,feat(commerce): 实现人工权威候选核对
codex/f-cut-001-matrices,7c8b11fec472fd430d5a465af551f5431655fa8e,UNMAPPED,pms-module-commerce/src/test/java/cn/iocoder/yudao/module/pms/commerce/service/authority/CommerceAuthorityCandidateServiceTest.java,CONFLICT_OURS_ADAPT_REQUIRED,conflict,feat(commerce): 实现人工权威候选核对
codex/f-cut-001-matrices,f76525efcb720df2c7de12a17c0741e6d73d98c7,UNMAPPED,pms-module-commerce/src/test/java/cn/iocoder/yudao/module/pms/commerce/service/authority/CommerceAuthorityCandidateMySqlTest.java,CONFLICT_OURS_ADAPT_REQUIRED,conflict,fix(commerce): 收敛候选载荷幂等边界
codex/f-cut-001-matrices,18237796431cbf779e6aabcef5563024cdd700fa,UNMAPPED,pms-module-commerce/src/main/java/cn/iocoder/yudao/module/pms/commerce/service/scope/CommerceDeliveryScopeCommandService.java,CONFLICT_OURS_ADAPT_REQUIRED,conflict,feat(commerce): 实现项目交付范围命令
codex/f-cut-001-matrices,18237796431cbf779e6aabcef5563024cdd700fa,UNMAPPED,pms-module-commerce/src/test/java/cn/iocoder/yudao/module/pms/commerce/service/scope/CommerceDeliveryScopeCommandServiceTest.java,CONFLICT_OURS_ADAPT_REQUIRED,conflict,feat(commerce): 实现项目交付范围命令
codex/f-cut-001-matrices,9d029976fdeeeafc3a1e882ab47d883081da93e3,UNMAPPED,pms-module-project/pms-module-project-api/src/main/java/cn/iocoder/yudao/module/pms/project/api/deliveryscope/dto/ProjectDeliveryScopeQualificationFact.java,CONFLICT_OURS_ADAPT_REQUIRED,conflict,feat(project): 新增交付范围资格公共契约
codex/f-cut-001-matrices,9d029976fdeeeafc3a1e882ab47d883081da93e3,UNMAPPED,pms-module-project/pms-module-project-api/src/main/java/cn/iocoder/yudao/module/pms/project/api/deliveryscope/dto/ProjectDeliveryScopeQualificationRevalidationQuery.java,CONFLICT_OURS_ADAPT_REQUIRED,conflict,feat(project): 新增交付范围资格公共契约
codex/f-cut-001-matrices,9d029976fdeeeafc3a1e882ab47d883081da93e3,UNMAPPED,pms-module-project/src/test/java/cn/iocoder/yudao/module/pms/project/api/deliveryscope/ProjectDeliveryScopeQualificationFactApiContractTest.java,CONFLICT_OURS_ADAPT_REQUIRED,conflict,feat(project): 新增交付范围资格公共契约
codex/f-cut-001-matrices,319a616e0a135aadab8dcf675e5a81ffabe1c333,UNMAPPED,pms-module-project/src/test/java/cn/iocoder/yudao/module/pms/project/api/deliveryscope/ProjectDeliveryScopeQualificationFactApiContractTest.java,CONFLICT_OURS_ADAPT_REQUIRED,conflict,fix(project): 收敛交付范围资格机器契约
codex/f-cut-001-matrices,93accdd2cda6ba10c0e5c3f8dffb8e412a3065dc,F-CUT-001,pms-module-cutover-api/pom.xml,CONFLICT_OURS_ADAPT_REQUIRED,conflict,feat(cutover): 建立任务接入与人工分级内核
codex/f-cut-001-matrices,93accdd2cda6ba10c0e5c3f8dffb8e412a3065dc,F-CUT-002,pms-module-cutover-api/src/main/java/cn/iocoder/yudao/module/pms/cutover/api/task/CutoverTaskIntakeException.java,CONFLICT_OURS_ADAPT_REQUIRED,conflict,feat(cutover): 建立任务接入与人工分级内核
codex/f-cut-001-matrices,93accdd2cda6ba10c0e5c3f8dffb8e412a3065dc,F-CUT-002,pms-module-cutover-api/src/main/java/cn/iocoder/yudao/module/pms/cutover/api/task/dto/CutoverTaskIntakeCommand.java,CONFLICT_OURS_ADAPT_REQUIRED,conflict,feat(cutover): 建立任务接入与人工分级内核
codex/f-cut-001-matrices,93accdd2cda6ba10c0e5c3f8dffb8e412a3065dc,F-CUT-002,pms-module-cutover/src/main/java/cn/iocoder/yudao/module/pms/cutover/api/task/CutoverTaskIntakeApiImpl.java,CONFLICT_OURS_ADAPT_REQUIRED,conflict,feat(cutover): 建立任务接入与人工分级内核
codex/f-cut-001-matrices,93accdd2cda6ba10c0e5c3f8dffb8e412a3065dc,F-CUT-002,pms-module-cutover/src/main/java/cn/iocoder/yudao/module/pms/cutover/dal/dataobject/taskv2/CutoverTaskDO.java,CONFLICT_OURS_ADAPT_REQUIRED,conflict,feat(cutover): 建立任务接入与人工分级内核
codex/f-cut-001-matrices,93accdd2cda6ba10c0e5c3f8dffb8e412a3065dc,F-CUT-002,pms-module-cutover/src/main/java/cn/iocoder/yudao/module/pms/cutover/dal/dataobject/taskv2/CutoverTaskDeviceScopeDO.java,CONFLICT_OURS_ADAPT_REQUIRED,conflict,feat(cutover): 建立任务接入与人工分级内核
codex/f-cut-001-matrices,93accdd2cda6ba10c0e5c3f8dffb8e412a3065dc,F-CUT-002,pms-module-cutover/src/main/java/cn/iocoder/yudao/module/pms/cutover/dal/mysql/taskv2/CutoverTaskDeviceScopeMapper.java,CONFLICT_OURS_ADAPT_REQUIRED,conflict,feat(cutover): 建立任务接入与人工分级内核
codex/f-cut-001-matrices,93accdd2cda6ba10c0e5c3f8dffb8e412a3065dc,F-CUT-002,pms-module-cutover/src/main/java/cn/iocoder/yudao/module/pms/cutover/dal/mysql/taskv2/CutoverTaskMapper.java,CONFLICT_OURS_ADAPT_REQUIRED,conflict,feat(cutover): 建立任务接入与人工分级内核
codex/f-cut-001-matrices,93accdd2cda6ba10c0e5c3f8dffb8e412a3065dc,F-CUT-002,pms-module-cutover/src/main/java/cn/iocoder/yudao/module/pms/cutover/service/taskv2/CutoverTaskApplicationException.java,CONFLICT_OURS_ADAPT_REQUIRED,conflict,feat(cutover): 建立任务接入与人工分级内核
codex/f-cut-001-matrices,93accdd2cda6ba10c0e5c3f8dffb8e412a3065dc,F-CUT-002,pms-module-cutover/src/main/java/cn/iocoder/yudao/module/pms/cutover/service/taskv2/CutoverTaskApplicationService.java,CONFLICT_OURS_ADAPT_REQUIRED,conflict,feat(cutover): 建立任务接入与人工分级内核
codex/f-cut-001-matrices,93accdd2cda6ba10c0e5c3f8dffb8e412a3065dc,F-CUT-002,pms-module-cutover/src/main/java/cn/iocoder/yudao/module/pms/cutover/service/taskv2/command/CreateCutoverTaskCommand.java,CONFLICT_OURS_ADAPT_REQUIRED,conflict,feat(cutover): 建立任务接入与人工分级内核
codex/f-cut-001-matrices,93accdd2cda6ba10c0e5c3f8dffb8e412a3065dc,F-CUT-002,pms-module-cutover/src/main/resources/mapper/taskv2/CutoverTaskDeviceScopeMapper.xml,CONFLICT_OURS_ADAPT_REQUIRED,conflict,feat(cutover): 建立任务接入与人工分级内核
codex/f-cut-001-matrices,93accdd2cda6ba10c0e5c3f8dffb8e412a3065dc,F-CUT-002,pms-module-cutover/src/main/resources/mapper/taskv2/CutoverTaskMapper.xml,CONFLICT_OURS_ADAPT_REQUIRED,conflict,feat(cutover): 建立任务接入与人工分级内核
codex/f-cut-001-matrices,93accdd2cda6ba10c0e5c3f8dffb8e412a3065dc,F-CUT-002,pms-module-cutover/src/test/java/cn/iocoder/yudao/module/pms/cutover/service/taskv2/CutoverTaskApplicationServiceTest.java,CONFLICT_OURS_ADAPT_REQUIRED,conflict,feat(cutover): 建立任务接入与人工分级内核
codex/f-cut-001-matrices,93accdd2cda6ba10c0e5c3f8dffb8e412a3065dc,F-CUT-001,pom.xml,CONFLICT_OURS_ADAPT_REQUIRED,conflict,feat(cutover): 建立任务接入与人工分级内核
codex/f-cut-001-matrices,9b3644d9e8eed22c93f5488fc9261a9d22ca7e1b,F-CUT-001,yudao-ui/yudao-ui-admin-vue3/src/api/pms/cutover/cutover-task/index.ts,CONFLICT_OURS_ADAPT_REQUIRED,conflict,feat(cutover): 新增割接任务工作台页面
codex/f-cut-001-matrices,9b3644d9e8eed22c93f5488fc9261a9d22ca7e1b,F-CUT-001,yudao-ui/yudao-ui-admin-vue3/src/views/pms/cutover/cutover-task/components/CutoverCreateWizard.vue,CONFLICT_OURS_ADAPT_REQUIRED,conflict,feat(cutover): 新增割接任务工作台页面
codex/f-cut-001-matrices,9b3644d9e8eed22c93f5488fc9261a9d22ca7e1b,F-CUT-001,yudao-ui/yudao-ui-admin-vue3/src/views/pms/cutover/cutover-task/components/CutoverWorkbenchSteps.vue,CONFLICT_OURS_ADAPT_REQUIRED,conflict,feat(cutover): 新增割接任务工作台页面
codex/f-cut-001-matrices,9b3644d9e8eed22c93f5488fc9261a9d22ca7e1b,F-CUT-001,yudao-ui/yudao-ui-admin-vue3/src/views/pms/cutover/cutover-task/cutoverTaskInteraction.spec.ts,CONFLICT_OURS_ADAPT_REQUIRED,conflict,feat(cutover): 新增割接任务工作台页面
codex/f-cut-001-matrices,9b3644d9e8eed22c93f5488fc9261a9d22ca7e1b,F-CUT-001,yudao-ui/yudao-ui-admin-vue3/src/views/pms/cutover/cutover-task/cutoverTaskInteraction.ts,CONFLICT_OURS_ADAPT_REQUIRED,conflict,feat(cutover): 新增割接任务工作台页面
codex/f-cut-001-matrices,9b3644d9e8eed22c93f5488fc9261a9d22ca7e1b,F-CUT-001,yudao-ui/yudao-ui-admin-vue3/src/views/pms/cutover/cutover-task/index.vue,CONFLICT_OURS_ADAPT_REQUIRED,conflict,feat(cutover): 新增割接任务工作台页面
codex/f-cut-001-matrices,f7d2a39414a387d7dc95cea97726ab83932ac2dc,F-CUT-002,pms-module-cutover/src/main/java/cn/iocoder/yudao/module/pms/cutover/service/taskv2/CutoverTaskQueryService.java,CONFLICT_OURS_ADAPT_REQUIRED,conflict,feat(cutover): 补全任务查询与创建上下文
codex/f-cut-001-matrices,f7d2a39414a387d7dc95cea97726ab83932ac2dc,F-CUT-002,pms-module-cutover/src/main/java/cn/iocoder/yudao/module/pms/cutover/service/taskv2/view/CutoverTaskViews.java,CONFLICT_OURS_ADAPT_REQUIRED,conflict,feat(cutover): 补全任务查询与创建上下文
codex/f-cut-001-matrices,f7d2a39414a387d7dc95cea97726ab83932ac2dc,F-CUT-002,pms-module-cutover/src/test/java/cn/iocoder/yudao/module/pms/cutover/service/taskv2/CutoverTaskQueryServiceTest.java,CONFLICT_OURS_ADAPT_REQUIRED,conflict,feat(cutover): 补全任务查询与创建上下文
codex/f-cut-001-matrices,93b2ff0422fb7b143d5c66990df4db296c2e281d,F-CUT-001,yudao-ui/yudao-ui-admin-vue3/src/views/pms/cutover/cutover-task/cutoverTaskInteraction.spec.ts,CONFLICT_OURS_ADAPT_REQUIRED,conflict,test(cutover): 验证P2人工分级正向交互
codex/f-cut-001-matrices,9655336151af662c11e637e6d33fc8b4df62915d,F-CUT-002,pms-module-cutover/src/main/java/cn/iocoder/yudao/module/pms/cutover/dal/mysql/taskv2/CutoverTaskMapper.java,CONFLICT_OURS_ADAPT_REQUIRED,conflict,feat(cutover): 打通旧任务迁移正向批次
codex/f-cut-001-matrices,9655336151af662c11e637e6d33fc8b4df62915d,F-CUT-002,pms-module-cutover/src/main/java/cn/iocoder/yudao/module/pms/cutover/service/taskv2/migration/LegacyCutoverReconciliationResult.java,CONFLICT_OURS_ADAPT_REQUIRED,conflict,feat(cutover): 打通旧任务迁移正向批次
codex/f-cut-001-matrices,9655336151af662c11e637e6d33fc8b4df62915d,F-CUT-002,pms-module-cutover/src/main/java/cn/iocoder/yudao/module/pms/cutover/service/taskv2/migration/LegacyCutoverReconciliationService.java,CONFLICT_OURS_ADAPT_REQUIRED,conflict,feat(cutover): 打通旧任务迁移正向批次
codex/f-cut-001-matrices,9655336151af662c11e637e6d33fc8b4df62915d,F-CUT-002,pms-module-cutover/src/main/resources/mapper/taskv2/CutoverTaskMapper.xml,CONFLICT_OURS_ADAPT_REQUIRED,conflict,feat(cutover): 打通旧任务迁移正向批次
codex/f-cut-001-matrices,9655336151af662c11e637e6d33fc8b4df62915d,F-CUT-002,pms-module-cutover/src/test/java/cn/iocoder/yudao/module/pms/cutover/dal/mysql/taskv2/LegacyCutoverMapperContractTest.java,CONFLICT_OURS_ADAPT_REQUIRED,conflict,feat(cutover): 打通旧任务迁移正向批次
codex/f-cut-001-matrices,9655336151af662c11e637e6d33fc8b4df62915d,F-CUT-002,pms-module-cutover/src/test/java/cn/iocoder/yudao/module/pms/cutover/service/taskv2/migration/LegacyCutoverReconciliationServiceTest.java,CONFLICT_OURS_ADAPT_REQUIRED,conflict,feat(cutover): 打通旧任务迁移正向批次
codex/f-cut-001-matrices,3daef0f5a6561e9bf9a9cb4453b447881c9e17c5,F-CUT-002,pms-module-cutover/src/main/java/cn/iocoder/yudao/module/pms/cutover/dal/mysql/taskv2/CutoverTaskMapper.java,CONFLICT_OURS_ADAPT_REQUIRED,conflict,feat(cutover): 补齐旧任务确定性迁移分类
codex/f-cut-001-matrices,3daef0f5a6561e9bf9a9cb4453b447881c9e17c5,F-CUT-002,pms-module-cutover/src/main/java/cn/iocoder/yudao/module/pms/cutover/service/taskv2/migration/LegacyCutoverReconciliationService.java,CONFLICT_OURS_ADAPT_REQUIRED,conflict,feat(cutover): 补齐旧任务确定性迁移分类
codex/f-cut-001-matrices,3daef0f5a6561e9bf9a9cb4453b447881c9e17c5,F-CUT-002,pms-module-cutover/src/main/resources/mapper/taskv2/CutoverTaskMapper.xml,CONFLICT_OURS_ADAPT_REQUIRED,conflict,feat(cutover): 补齐旧任务确定性迁移分类
codex/f-cut-001-matrices,146254d8420199851de4145e77b51f0055ca9cad,F-CUT-001,pms-module-cutover/src/main/java/cn/iocoder/yudao/module/pms/cutover/dal/mysql/configuration/CutoverConfigurationRevisionMapper.java,CONFLICT_OURS_ADAPT_REQUIRED,conflict,feat(cutover): 建立冻结配置匹配内核
codex/f-cut-001-matrices,146254d8420199851de4145e77b51f0055ca9cad,F-CUT-003,pms-module-cutover/src/main/java/cn/iocoder/yudao/module/pms/cutover/service/checklist/CutoverChecklistConfigurationQueryService.java,CONFLICT_OURS_ADAPT_REQUIRED,conflict,feat(cutover): 建立冻结配置匹配内核
codex/f-cut-001-matrices,146254d8420199851de4145e77b51f0055ca9cad,F-CUT-003,pms-module-cutover/src/main/java/cn/iocoder/yudao/module/pms/cutover/service/checklist/CutoverChecklistException.java,CONFLICT_OURS_ADAPT_REQUIRED,conflict,feat(cutover): 建立冻结配置匹配内核
codex/f-cut-001-matrices,146254d8420199851de4145e77b51f0055ca9cad,F-CUT-003,pms-module-cutover/src/main/java/cn/iocoder/yudao/module/pms/cutover/service/checklist/CutoverFrozenConfiguration.java,CONFLICT_OURS_ADAPT_REQUIRED,conflict,feat(cutover): 建立冻结配置匹配内核
codex/f-cut-001-matrices,146254d8420199851de4145e77b51f0055ca9cad,F-CUT-001,pms-module-cutover/src/main/resources/mapper/configuration/CutoverConfigurationRevisionMapper.xml,CONFLICT_OURS_ADAPT_REQUIRED,conflict,feat(cutover): 建立冻结配置匹配内核
codex/f-cut-001-matrices,799b01873210e04e1e3462a00b37dbf617030b66,F-CUT-003,pms-module-cutover/src/main/java/cn/iocoder/yudao/module/pms/cutover/dal/mysql/checklist/CutoverChecklistItemMapper.java,CONFLICT_OURS_ADAPT_REQUIRED,conflict,feat(cutover): 建立P3动态清单物理基础
codex/f-cut-001-matrices,799b01873210e04e1e3462a00b37dbf617030b66,F-CUT-003,pms-module-cutover/src/main/java/cn/iocoder/yudao/module/pms/cutover/dal/mysql/checklist/CutoverChecklistItemResultMapper.java,CONFLICT_OURS_ADAPT_REQUIRED,conflict,feat(cutover): 建立P3动态清单物理基础
codex/f-cut-001-matrices,799b01873210e04e1e3462a00b37dbf617030b66,F-CUT-003,pms-module-cutover/src/main/java/cn/iocoder/yudao/module/pms/cutover/dal/mysql/checklist/CutoverChecklistMapper.java,CONFLICT_OURS_ADAPT_REQUIRED,conflict,feat(cutover): 建立P3动态清单物理基础
codex/f-cut-001-matrices,799b01873210e04e1e3462a00b37dbf617030b66,F-CUT-003,pms-module-cutover/src/main/resources/mapper/checklist/CutoverChecklistItemMapper.xml,CONFLICT_OURS_ADAPT_REQUIRED,conflict,feat(cutover): 建立P3动态清单物理基础
codex/f-cut-001-matrices,799b01873210e04e1e3462a00b37dbf617030b66,F-CUT-003,pms-module-cutover/src/main/resources/mapper/checklist/CutoverChecklistItemResultMapper.xml,CONFLICT_OURS_ADAPT_REQUIRED,conflict,feat(cutover): 建立P3动态清单物理基础
codex/f-cut-001-matrices,799b01873210e04e1e3462a00b37dbf617030b66,F-CUT-003,pms-module-cutover/src/main/resources/mapper/checklist/CutoverChecklistMapper.xml,CONFLICT_OURS_ADAPT_REQUIRED,conflict,feat(cutover): 建立P3动态清单物理基础
codex/f-cut-001-matrices,7e47096840751a63966481fae55a74f3c0dab3d4,F-CUT-003,pms-module-cutover/src/test/java/cn/iocoder/yudao/module/pms/cutover/dal/mysql/checklist/CutoverChecklistMapperContractTest.java,CONFLICT_OURS_ADAPT_REQUIRED,conflict,test(cutover): 固定P3清单物理合同
codex/f-cut-001-matrices,7e47096840751a63966481fae55a74f3c0dab3d4,F-CUT-003,pms-module-cutover/src/test/java/cn/iocoder/yudao/module/pms/cutover/migration/FCut003MigrationContractTest.java,CONFLICT_OURS_ADAPT_REQUIRED,conflict,test(cutover): 固定P3清单物理合同
codex/f-cut-001-matrices,76928bf8593cdbe9354a90686c2a292482f28364,F-CUT-003,pms-module-cutover/src/main/java/cn/iocoder/yudao/module/pms/cutover/dal/mysql/checklist/CutoverChecklistItemResultMapper.java,CONFLICT_OURS_ADAPT_REQUIRED,conflict,feat(cutover): 打通P3动态清单命令闭环
codex/f-cut-001-matrices,76928bf8593cdbe9354a90686c2a292482f28364,F-CUT-003,pms-module-cutover/src/main/java/cn/iocoder/yudao/module/pms/cutover/dal/mysql/checklist/CutoverChecklistMapper.java,CONFLICT_OURS_ADAPT_REQUIRED,conflict,feat(cutover): 打通P3动态清单命令闭环
codex/f-cut-001-matrices,76928bf8593cdbe9354a90686c2a292482f28364,F-CUT-003,pms-module-cutover/src/main/java/cn/iocoder/yudao/module/pms/cutover/dal/mysql/configuration/CutoverConfigurationRevisionMapper.java,CONFLICT_OURS_ADAPT_REQUIRED,conflict,feat(cutover): 打通P3动态清单命令闭环
codex/f-cut-001-matrices,76928bf8593cdbe9354a90686c2a292482f28364,F-CUT-003,pms-module-cutover/src/main/java/cn/iocoder/yudao/module/pms/cutover/dal/mysql/taskv2/CutoverTaskMapper.java,CONFLICT_OURS_ADAPT_REQUIRED,conflict,feat(cutover): 打通P3动态清单命令闭环
codex/f-cut-001-matrices,76928bf8593cdbe9354a90686c2a292482f28364,F-CUT-003,pms-module-cutover/src/main/java/cn/iocoder/yudao/module/pms/cutover/service/checklist/CutoverChecklistApplicationService.java,CONFLICT_OURS_ADAPT_REQUIRED,conflict,feat(cutover): 打通P3动态清单命令闭环
codex/f-cut-001-matrices,76928bf8593cdbe9354a90686c2a292482f28364,F-CUT-003,pms-module-cutover/src/main/java/cn/iocoder/yudao/module/pms/cutover/service/checklist/CutoverChecklistException.java,CONFLICT_OURS_ADAPT_REQUIRED,conflict,feat(cutover): 打通P3动态清单命令闭环
codex/f-cut-001-matrices,76928bf8593cdbe9354a90686c2a292482f28364,F-INT-012,pms-module-cutover/src/main/java/cn/iocoder/yudao/module/pms/cutover/service/checklist/port/CutoverCollectionPort.java,CONFLICT_OURS_ADAPT_REQUIRED,conflict,feat(cutover): 打通P3动态清单命令闭环
codex/f-cut-001-matrices,76928bf8593cdbe9354a90686c2a292482f28364,F-CUT-003,pms-module-cutover/src/main/java/cn/iocoder/yudao/module/pms/cutover/service/checklist/result/ChecklistCommandResult.java,CONFLICT_OURS_ADAPT_REQUIRED,conflict,feat(cutover): 打通P3动态清单命令闭环
codex/f-cut-001-matrices,76928bf8593cdbe9354a90686c2a292482f28364,F-CUT-003,pms-module-cutover/src/main/java/cn/iocoder/yudao/module/pms/cutover/service/taskv2/CutoverTaskApplicationService.java,CONFLICT_OURS_ADAPT_REQUIRED,conflict,feat(cutover): 打通P3动态清单命令闭环
codex/f-cut-001-matrices,76928bf8593cdbe9354a90686c2a292482f28364,F-CUT-003,pms-module-cutover/src/main/resources/mapper/checklist/CutoverChecklistItemResultMapper.xml,CONFLICT_OURS_ADAPT_REQUIRED,conflict,feat(cutover): 打通P3动态清单命令闭环
codex/f-cut-001-matrices,76928bf8593cdbe9354a90686c2a292482f28364,F-CUT-003,pms-module-cutover/src/main/resources/mapper/checklist/CutoverChecklistMapper.xml,CONFLICT_OURS_ADAPT_REQUIRED,conflict,feat(cutover): 打通P3动态清单命令闭环
codex/f-cut-001-matrices,76928bf8593cdbe9354a90686c2a292482f28364,F-CUT-003,pms-module-cutover/src/main/resources/mapper/configuration/CutoverConfigurationRevisionMapper.xml,CONFLICT_OURS_ADAPT_REQUIRED,conflict,feat(cutover): 打通P3动态清单命令闭环
codex/f-cut-001-matrices,76928bf8593cdbe9354a90686c2a292482f28364,F-CUT-003,pms-module-cutover/src/main/resources/mapper/taskv2/CutoverTaskMapper.xml,CONFLICT_OURS_ADAPT_REQUIRED,conflict,feat(cutover): 打通P3动态清单命令闭环
codex/f-cut-001-matrices,76928bf8593cdbe9354a90686c2a292482f28364,F-CUT-003,pms-module-cutover/src/test/java/cn/iocoder/yudao/module/pms/cutover/service/checklist/CutoverChecklistApplicationServiceTest.java,CONFLICT_OURS_ADAPT_REQUIRED,conflict,feat(cutover): 打通P3动态清单命令闭环
codex/f-cut-001-matrices,76928bf8593cdbe9354a90686c2a292482f28364,F-CUT-003,pms-module-cutover/src/test/java/cn/iocoder/yudao/module/pms/cutover/service/taskv2/CutoverTaskApplicationServiceTest.java,CONFLICT_OURS_ADAPT_REQUIRED,conflict,feat(cutover): 打通P3动态清单命令闭环
codex/f-cut-001-matrices,aa29efcb1df31081949a1846ef9a965f16951e64,F-CUT-003,pms-module-cutover/src/main/java/cn/iocoder/yudao/module/pms/cutover/dal/mysql/checklist/CutoverChecklistItemMapper.java,CONFLICT_OURS_ADAPT_REQUIRED,conflict,feat(cutover): 完成P3清单重匹配与查询
codex/f-cut-001-matrices,aa29efcb1df31081949a1846ef9a965f16951e64,F-CUT-003,pms-module-cutover/src/main/java/cn/iocoder/yudao/module/pms/cutover/service/checklist/CutoverChecklistApplicationService.java,CONFLICT_OURS_ADAPT_REQUIRED,conflict,feat(cutover): 完成P3清单重匹配与查询
codex/f-cut-001-matrices,aa29efcb1df31081949a1846ef9a965f16951e64,F-CUT-003,pms-module-cutover/src/main/java/cn/iocoder/yudao/module/pms/cutover/service/checklist/result/CutoverChecklistView.java,CONFLICT_OURS_ADAPT_REQUIRED,conflict,feat(cutover): 完成P3清单重匹配与查询
codex/f-cut-001-matrices,aa29efcb1df31081949a1846ef9a965f16951e64,F-CUT-003,pms-module-cutover/src/main/resources/mapper/checklist/CutoverChecklistItemMapper.xml,CONFLICT_OURS_ADAPT_REQUIRED,conflict,feat(cutover): 完成P3清单重匹配与查询
codex/f-cut-001-matrices,aa29efcb1df31081949a1846ef9a965f16951e64,F-CUT-003,pms-module-cutover/src/test/java/cn/iocoder/yudao/module/pms/cutover/service/checklist/CutoverChecklistApplicationServiceTest.java,CONFLICT_OURS_ADAPT_REQUIRED,conflict,feat(cutover): 完成P3清单重匹配与查询
codex/f-cut-001-matrices,37723669b6dd457b1e779ba0cc505a7e21ca20ad,F-CUT-003,pms-module-cutover/src/main/java/cn/iocoder/yudao/module/pms/cutover/service/taskv2/CutoverTaskApplicationService.java,CONFLICT_OURS_ADAPT_REQUIRED,conflict,feat(cutover): 冻结设备类型并驱动P3匹配
codex/f-cut-001-matrices,37723669b6dd457b1e779ba0cc505a7e21ca20ad,F-CUT-003,pms-module-cutover/src/test/java/cn/iocoder/yudao/module/pms/cutover/migration/FCutDeviceTypeSnapshotMigrationContractTest.java,CONFLICT_OURS_ADAPT_REQUIRED,conflict,feat(cutover): 冻结设备类型并驱动P3匹配
codex/f-cut-001-matrices,37723669b6dd457b1e779ba0cc505a7e21ca20ad,F-CUT-003,pms-module-cutover/src/test/java/cn/iocoder/yudao/module/pms/cutover/service/checklist/CutoverChecklistApplicationServiceTest.java,CONFLICT_OURS_ADAPT_REQUIRED,conflict,feat(cutover): 冻结设备类型并驱动P3匹配
codex/f-cut-001-matrices,37723669b6dd457b1e779ba0cc505a7e21ca20ad,F-CUT-003,pms-module-cutover/src/test/java/cn/iocoder/yudao/module/pms/cutover/service/taskv2/CutoverTaskApplicationServiceTest.java,CONFLICT_OURS_ADAPT_REQUIRED,conflict,feat(cutover): 冻结设备类型并驱动P3匹配
codex/f-cut-001-matrices,372f6895f614c15e592c71b235e0011cf617149a,F-CUT-002,pms-module-cutover/src/main/java/cn/iocoder/yudao/module/pms/cutover/service/taskv2/CutoverTaskApplicationService.java,CONFLICT_OURS_ADAPT_REQUIRED,conflict,fix(cutover): 固定评估产品类型历史投影
codex/f-cut-001-matrices,372f6895f614c15e592c71b235e0011cf617149a,F-CUT-002,pms-module-cutover/src/test/java/cn/iocoder/yudao/module/pms/cutover/service/taskv2/CutoverTaskApplicationServiceTest.java,CONFLICT_OURS_ADAPT_REQUIRED,conflict,fix(cutover): 固定评估产品类型历史投影
codex/f-cut-001-matrices,abc5b534edd6df8aba933f5f399a4c26aba8cddd,F-CUT-003,pms-module-cutover/src/main/java/cn/iocoder/yudao/module/pms/cutover/controller/admin/taskv2/CutoverChecklistController.java,CONFLICT_OURS_ADAPT_REQUIRED,conflict,feat(cutover): 接入P3清单正向工作台候选
codex/f-cut-001-matrices,abc5b534edd6df8aba933f5f399a4c26aba8cddd,F-CUT-003,pms-module-cutover/src/main/java/cn/iocoder/yudao/module/pms/cutover/controller/admin/taskv2/vo/checklist/CutoverChecklistReqVO.java,CONFLICT_OURS_ADAPT_REQUIRED,conflict,feat(cutover): 接入P3清单正向工作台候选
codex/f-cut-001-matrices,abc5b534edd6df8aba933f5f399a4c26aba8cddd,F-CUT-003,pms-module-cutover/src/test/java/cn/iocoder/yudao/module/pms/cutover/controller/admin/taskv2/CutoverChecklistControllerContractTest.java,CONFLICT_OURS_ADAPT_REQUIRED,conflict,feat(cutover): 接入P3清单正向工作台候选
codex/f-cut-001-matrices,abc5b534edd6df8aba933f5f399a4c26aba8cddd,F-CUT-003,pms-module-cutover/src/test/java/cn/iocoder/yudao/module/pms/cutover/service/checklist/CutoverChecklistApplicationServiceTest.java,CONFLICT_OURS_ADAPT_REQUIRED,conflict,feat(cutover): 接入P3清单正向工作台候选
codex/f-cut-001-matrices,abc5b534edd6df8aba933f5f399a4c26aba8cddd,F-CUT-003,yudao-ui/yudao-ui-admin-vue3/src/api/pms/cutover/cutover-task/index.ts,CONFLICT_OURS_ADAPT_REQUIRED,conflict,feat(cutover): 接入P3清单正向工作台候选
codex/f-cut-001-matrices,abc5b534edd6df8aba933f5f399a4c26aba8cddd,F-CUT-003,yudao-ui/yudao-ui-admin-vue3/src/views/pms/cutover/cutover-task/components/CutoverChecklistField.vue,CONFLICT_OURS_ADAPT_REQUIRED,conflict,feat(cutover): 接入P3清单正向工作台候选
codex/f-cut-001-matrices,abc5b534edd6df8aba933f5f399a4c26aba8cddd,F-CUT-003,yudao-ui/yudao-ui-admin-vue3/src/views/pms/cutover/cutover-task/components/CutoverChecklistPanel.vue,CONFLICT_OURS_ADAPT_REQUIRED,conflict,feat(cutover): 接入P3清单正向工作台候选
codex/f-cut-001-matrices,abc5b534edd6df8aba933f5f399a4c26aba8cddd,F-CUT-003,yudao-ui/yudao-ui-admin-vue3/src/views/pms/cutover/cutover-task/cutoverChecklistComponents.spec.ts,CONFLICT_OURS_ADAPT_REQUIRED,conflict,feat(cutover): 接入P3清单正向工作台候选
codex/f-cut-001-matrices,abc5b534edd6df8aba933f5f399a4c26aba8cddd,F-CUT-003,yudao-ui/yudao-ui-admin-vue3/src/views/pms/cutover/cutover-task/index.vue,CONFLICT_OURS_ADAPT_REQUIRED,conflict,feat(cutover): 接入P3清单正向工作台候选
codex/f-cut-001-matrices,c8c75ce5f99219147799ded08af8ce11110cef09,F-CUT-003,yudao-ui/yudao-ui-admin-vue3/src/views/pms/cutover/cutover-task/components/CutoverChecklistPanel.vue,CONFLICT_OURS_ADAPT_REQUIRED,conflict,fix(cutover): 修复P3清单面板与答案往返
codex/f-cut-001-matrices,c8c75ce5f99219147799ded08af8ce11110cef09,F-CUT-003,yudao-ui/yudao-ui-admin-vue3/src/views/pms/cutover/cutover-task/cutoverChecklistComponents.spec.ts,CONFLICT_OURS_ADAPT_REQUIRED,conflict,fix(cutover): 修复P3清单面板与答案往返
codex/f-cut-001-matrices,c8c75ce5f99219147799ded08af8ce11110cef09,F-CUT-003,yudao-ui/yudao-ui-admin-vue3/src/views/pms/cutover/cutover-task/cutoverTaskInteraction.spec.ts,CONFLICT_OURS_ADAPT_REQUIRED,conflict,fix(cutover): 修复P3清单面板与答案往返
codex/f-cut-001-matrices,c8c75ce5f99219147799ded08af8ce11110cef09,F-CUT-003,yudao-ui/yudao-ui-admin-vue3/src/views/pms/cutover/cutover-task/cutoverTaskInteraction.ts,CONFLICT_OURS_ADAPT_REQUIRED,conflict,fix(cutover): 修复P3清单面板与答案往返
codex/f-cut-001-matrices,c8c75ce5f99219147799ded08af8ce11110cef09,F-CUT-003,yudao-ui/yudao-ui-admin-vue3/src/views/pms/cutover/cutover-task/index.vue,CONFLICT_OURS_ADAPT_REQUIRED,conflict,fix(cutover): 修复P3清单面板与答案往返
codex/f-cut-001-matrices,148af0e859d4fc4086052516e7a07527f26c6397,F-CUT-003,pms-module-cutover/src/main/java/cn/iocoder/yudao/module/pms/cutover/service/checklist/CutoverChecklistApplicationService.java,CONFLICT_OURS_ADAPT_REQUIRED,conflict,feat(cutover): 补齐P3自定义项与采集闭环
codex/f-cut-001-matrices,148af0e859d4fc4086052516e7a07527f26c6397,F-INT-012,pms-module-cutover/src/main/java/cn/iocoder/yudao/module/pms/cutover/service/checklist/result/CollectionRequestCommandResult.java,CONFLICT_OURS_ADAPT_REQUIRED,conflict,feat(cutover): 补齐P3自定义项与采集闭环
codex/f-cut-001-matrices,148af0e859d4fc4086052516e7a07527f26c6397,F-CUT-003,pms-module-cutover/src/test/java/cn/iocoder/yudao/module/pms/cutover/controller/admin/taskv2/CutoverChecklistControllerContractTest.java,CONFLICT_OURS_ADAPT_REQUIRED,conflict,feat(cutover): 补齐P3自定义项与采集闭环
codex/f-cut-001-matrices,148af0e859d4fc4086052516e7a07527f26c6397,F-CUT-003,pms-module-cutover/src/test/java/cn/iocoder/yudao/module/pms/cutover/service/checklist/CutoverChecklistApplicationServiceTest.java,CONFLICT_OURS_ADAPT_REQUIRED,conflict,feat(cutover): 补齐P3自定义项与采集闭环
codex/f-cut-001-matrices,148af0e859d4fc4086052516e7a07527f26c6397,F-CUT-003,yudao-ui/yudao-ui-admin-vue3/src/api/pms/cutover/cutover-task/index.ts,CONFLICT_OURS_ADAPT_REQUIRED,conflict,feat(cutover): 补齐P3自定义项与采集闭环
codex/f-cut-001-matrices,148af0e859d4fc4086052516e7a07527f26c6397,F-CUT-003,yudao-ui/yudao-ui-admin-vue3/src/views/pms/cutover/cutover-task/components/CutoverChecklistField.vue,CONFLICT_OURS_ADAPT_REQUIRED,conflict,feat(cutover): 补齐P3自定义项与采集闭环
codex/f-cut-001-matrices,148af0e859d4fc4086052516e7a07527f26c6397,F-CUT-003,yudao-ui/yudao-ui-admin-vue3/src/views/pms/cutover/cutover-task/components/CutoverChecklistPanel.vue,CONFLICT_OURS_ADAPT_REQUIRED,conflict,feat(cutover): 补齐P3自定义项与采集闭环
codex/f-cut-001-matrices,148af0e859d4fc4086052516e7a07527f26c6397,F-CUT-003,yudao-ui/yudao-ui-admin-vue3/src/views/pms/cutover/cutover-task/cutoverChecklistComponents.spec.ts,CONFLICT_OURS_ADAPT_REQUIRED,conflict,feat(cutover): 补齐P3自定义项与采集闭环
codex/f-cut-001-matrices,23dff6cdcd3c0d287bd0a26c03447522e5de257c,F-CUT-003,pms-module-cutover/src/main/java/cn/iocoder/yudao/module/pms/cutover/service/taskv2/CutoverTaskQueryService.java,CONFLICT_OURS_ADAPT_REQUIRED,conflict,fix(cutover): 收口P3采集异步结果链
codex/f-cut-001-matrices,23dff6cdcd3c0d287bd0a26c03447522e5de257c,F-CUT-003,pms-module-cutover/src/test/java/cn/iocoder/yudao/module/pms/cutover/service/checklist/CutoverChecklistApplicationServiceTest.java,CONFLICT_OURS_ADAPT_REQUIRED,conflict,fix(cutover): 收口P3采集异步结果链
codex/f-cut-001-matrices,23dff6cdcd3c0d287bd0a26c03447522e5de257c,F-CUT-003,pms-module-cutover/src/test/java/cn/iocoder/yudao/module/pms/cutover/service/taskv2/CutoverTaskQueryServiceTest.java,CONFLICT_OURS_ADAPT_REQUIRED,conflict,fix(cutover): 收口P3采集异步结果链
codex/f-cut-001-matrices,23dff6cdcd3c0d287bd0a26c03447522e5de257c,F-CUT-003,yudao-ui/yudao-ui-admin-vue3/src/views/pms/cutover/cutover-task/components/CutoverChecklistPanel.vue,CONFLICT_OURS_ADAPT_REQUIRED,conflict,fix(cutover): 收口P3采集异步结果链
codex/f-cut-001-matrices,2c898d661abd405bb02249b3409e11ea017d813b,F-CUT-002,pms-module-cutover/src/main/java/cn/iocoder/yudao/module/pms/cutover/controller/admin/taskv2/CutoverTaskController.java,CONFLICT_OURS_ADAPT_REQUIRED,conflict,feat(cutover): 接通任务创建六路由候选
codex/f-cut-001-matrices,2c898d661abd405bb02249b3409e11ea017d813b,F-CUT-002,pms-module-cutover/src/main/java/cn/iocoder/yudao/module/pms/cutover/service/taskv2/CutoverTaskApplicationService.java,CONFLICT_OURS_ADAPT_REQUIRED,conflict,feat(cutover): 接通任务创建六路由候选
codex/f-cut-001-matrices,2c898d661abd405bb02249b3409e11ea017d813b,F-CUT-002,pms-module-cutover/src/main/java/cn/iocoder/yudao/module/pms/cutover/service/taskv2/CutoverTaskQueryService.java,CONFLICT_OURS_ADAPT_REQUIRED,conflict,feat(cutover): 接通任务创建六路由候选
codex/f-cut-001-matrices,2c898d661abd405bb02249b3409e11ea017d813b,F-CUT-002,pms-module-cutover/src/test/java/cn/iocoder/yudao/module/pms/cutover/controller/admin/taskv2/CutoverTaskControllerContractTest.java,CONFLICT_OURS_ADAPT_REQUIRED,conflict,feat(cutover): 接通任务创建六路由候选
codex/f-cut-001-matrices,2c898d661abd405bb02249b3409e11ea017d813b,F-CUT-001,yudao-ui/yudao-ui-admin-vue3/src/views/pms/cutover/cutover-task/components/CutoverCreateWizard.vue,CONFLICT_OURS_ADAPT_REQUIRED,conflict,feat(cutover): 接通任务创建六路由候选
codex/f-cut-001-matrices,2c898d661abd405bb02249b3409e11ea017d813b,F-CUT-001,yudao-ui/yudao-ui-admin-vue3/src/views/pms/cutover/cutover-task/cutoverTaskInteraction.spec.ts,CONFLICT_OURS_ADAPT_REQUIRED,conflict,feat(cutover): 接通任务创建六路由候选
codex/f-cut-001-matrices,2c898d661abd405bb02249b3409e11ea017d813b,F-CUT-001,yudao-ui/yudao-ui-admin-vue3/src/views/pms/cutover/cutover-task/cutoverTaskInteraction.ts,CONFLICT_OURS_ADAPT_REQUIRED,conflict,feat(cutover): 接通任务创建六路由候选
codex/f-cut-001-matrices,97ac132d20a6c42c9a1dbf888142a80a1ec0210e,F-CUT-002,pms-module-cutover/src/main/java/cn/iocoder/yudao/module/pms/cutover/api/task/CutoverTaskIntakeApiImpl.java,CONFLICT_OURS_ADAPT_REQUIRED,conflict,fix(cutover): 收口任务创建候选门禁
codex/f-cut-001-matrices,97ac132d20a6c42c9a1dbf888142a80a1ec0210e,F-CUT-002,pms-module-cutover/src/main/java/cn/iocoder/yudao/module/pms/cutover/controller/admin/taskv2/CutoverTaskController.java,CONFLICT_OURS_ADAPT_REQUIRED,conflict,fix(cutover): 收口任务创建候选门禁
codex/f-cut-001-matrices,97ac132d20a6c42c9a1dbf888142a80a1ec0210e,F-CUT-002,pms-module-cutover/src/main/java/cn/iocoder/yudao/module/pms/cutover/controller/admin/taskv2/CutoverTaskErrorData.java,CONFLICT_OURS_ADAPT_REQUIRED,conflict,fix(cutover): 收口任务创建候选门禁
codex/f-cut-001-matrices,97ac132d20a6c42c9a1dbf888142a80a1ec0210e,F-CUT-002,pms-module-cutover/src/main/java/cn/iocoder/yudao/module/pms/cutover/controller/admin/taskv2/CutoverTaskRequestCodec.java,CONFLICT_OURS_ADAPT_REQUIRED,conflict,fix(cutover): 收口任务创建候选门禁
codex/f-cut-001-matrices,97ac132d20a6c42c9a1dbf888142a80a1ec0210e,F-CUT-002,pms-module-cutover/src/main/java/cn/iocoder/yudao/module/pms/cutover/service/taskv2/CutoverTaskApplicationException.java,CONFLICT_OURS_ADAPT_REQUIRED,conflict,fix(cutover): 收口任务创建候选门禁
codex/f-cut-001-matrices,97ac132d20a6c42c9a1dbf888142a80a1ec0210e,F-CUT-002,pms-module-cutover/src/test/java/cn/iocoder/yudao/module/pms/cutover/controller/admin/taskv2/CutoverTaskRequestCodecTest.java,CONFLICT_OURS_ADAPT_REQUIRED,conflict,fix(cutover): 收口任务创建候选门禁
codex/f-cut-001-matrices,a5734d00e8578a6b74f9b711f1ffea112f1ef72a,F-CUT-002,pms-module-cutover/src/main/java/cn/iocoder/yudao/module/pms/cutover/service/taskv2/CutoverTaskQueryService.java,CONFLICT_OURS_ADAPT_REQUIRED,conflict,fix(cutover): 收口任务动作与迁移归类
codex/f-cut-001-matrices,a5734d00e8578a6b74f9b711f1ffea112f1ef72a,F-CUT-002,pms-module-cutover/src/main/java/cn/iocoder/yudao/module/pms/cutover/service/taskv2/migration/LegacyCutoverReconciliationService.java,CONFLICT_OURS_ADAPT_REQUIRED,conflict,fix(cutover): 收口任务动作与迁移归类
codex/f-cut-001-matrices,9b1a613ed54d2bfa58c332238bc11188ca90792f,F-CUT-001,pms-module-cutover/src/test/java/cn/iocoder/yudao/module/pms/cutover/migration/FCut002PhysicalConstraintMigrationContractTest.java,CONFLICT_OURS_ADAPT_REQUIRED,conflict,fix(cutover): 补齐任务来源与评估约束
codex/f-cut-001-matrices,9f791d64aa1e2350e7e7ef704c4270d8e4514a02,F-CUT-001,yudao-ui/yudao-ui-admin-vue3/src/views/pms/cutover/cutover-task/cutoverTaskInteraction.spec.ts,CONFLICT_OURS_ADAPT_REQUIRED,conflict,feat(cutover): 收口任务工作台正向交互
codex/f-cut-001-matrices,9f791d64aa1e2350e7e7ef704c4270d8e4514a02,F-CUT-001,yudao-ui/yudao-ui-admin-vue3/src/views/pms/cutover/cutover-task/cutoverTaskInteraction.ts,CONFLICT_OURS_ADAPT_REQUIRED,conflict,feat(cutover): 收口任务工作台正向交互
codex/f-cut-001-matrices,9f791d64aa1e2350e7e7ef704c4270d8e4514a02,F-CUT-001,yudao-ui/yudao-ui-admin-vue3/src/views/pms/cutover/cutover-task/index.vue,CONFLICT_OURS_ADAPT_REQUIRED,conflict,feat(cutover): 收口任务工作台正向交互
codex/f-cut-001-matrices,38fd6cfd2c9e7e23fb132562ea293da68c3e96f8,F-CUT-005,pms-module-cutover-api/src/main/java/cn/iocoder/yudao/module/pms/cutover/api/approval/dto/CutoverApprovalStartCommand.java,CONFLICT_OURS_ADAPT_REQUIRED,conflict,feat(cutover): 预留割接审批事实合同
codex/f-cut-001-matrices,38fd6cfd2c9e7e23fb132562ea293da68c3e96f8,F-CUT-005,pms-module-cutover/src/test/java/cn/iocoder/yudao/module/pms/cutover/api/approval/ControlledCutoverApprovalFactApi.java,CONFLICT_OURS_ADAPT_REQUIRED,conflict,feat(cutover): 预留割接审批事实合同
codex/f-cut-001-matrices,38fd6cfd2c9e7e23fb132562ea293da68c3e96f8,F-CUT-005,pms-module-cutover/src/test/java/cn/iocoder/yudao/module/pms/cutover/api/approval/CutoverApprovalFactApiContractTest.java,CONFLICT_OURS_ADAPT_REQUIRED,conflict,feat(cutover): 预留割接审批事实合同
codex/f-cut-001-matrices,e2fa3cdd8440fed5e762e0e557771661eca4b510,F-CUT-004,pms-module-cutover/src/main/java/cn/iocoder/yudao/module/pms/cutover/dal/mysql/planv2/CutoverPlanRevisionMapper.java,CONFLICT_OURS_ADAPT_REQUIRED,conflict,feat(cutover): 建立P4方案物理基础
codex/f-cut-001-matrices,e2fa3cdd8440fed5e762e0e557771661eca4b510,F-CUT-004,pms-module-cutover/src/main/resources/mapper/planv2/CutoverPlanRevisionMapper.xml,CONFLICT_OURS_ADAPT_REQUIRED,conflict,feat(cutover): 建立P4方案物理基础
codex/f-cut-001-matrices,e2fa3cdd8440fed5e762e0e557771661eca4b510,F-CUT-004,pms-module-cutover/src/test/java/cn/iocoder/yudao/module/pms/cutover/dal/mysql/planv2/CutoverPlanMapperContractTest.java,CONFLICT_OURS_ADAPT_REQUIRED,conflict,feat(cutover): 建立P4方案物理基础
codex/f-cut-001-matrices,e2fa3cdd8440fed5e762e0e557771661eca4b510,F-CUT-004,pms-module-cutover/src/test/java/cn/iocoder/yudao/module/pms/cutover/migration/Fcut004MigrationContractTest.java,CONFLICT_OURS_ADAPT_REQUIRED,conflict,feat(cutover): 建立P4方案物理基础
codex/f-cut-001-matrices,ddda602faadc72b6726ad20902b313acc84adc10,F-CUT-004,pms-module-cutover/src/test/java/cn/iocoder/yudao/module/pms/cutover/migration/Fcut004MigrationContractTest.java,CONFLICT_OURS_ADAPT_REQUIRED,conflict,fix(cutover): 收紧P4方案空值约束
codex/f-cut-001-matrices,3a32c4f7435accb061d99dc2fa98bce3af33a99b,F-CUT-004,pms-module-cutover/src/main/java/cn/iocoder/yudao/module/pms/cutover/service/plan/domain/CutoverPlanContentCodec.java,CONFLICT_OURS_ADAPT_REQUIRED,conflict,feat(cutover): 建立P4方案内容消费模型
codex/f-cut-001-matrices,3a32c4f7435accb061d99dc2fa98bce3af33a99b,F-CUT-004,pms-module-cutover/src/main/java/cn/iocoder/yudao/module/pms/cutover/service/plan/port/CutoverPlanOwnerFactException.java,CONFLICT_OURS_ADAPT_REQUIRED,conflict,feat(cutover): 建立P4方案内容消费模型
codex/f-cut-001-matrices,3a32c4f7435accb061d99dc2fa98bce3af33a99b,F-CUT-004,pms-module-cutover/src/main/java/cn/iocoder/yudao/module/pms/cutover/service/plan/port/CutoverPlanSourcePort.java,CONFLICT_OURS_ADAPT_REQUIRED,conflict,feat(cutover): 建立P4方案内容消费模型
codex/f-cut-001-matrices,3a32c4f7435accb061d99dc2fa98bce3af33a99b,F-CUT-004,pms-module-cutover/src/test/java/cn/iocoder/yudao/module/pms/cutover/service/plan/domain/CutoverPlanContentCodecTest.java,CONFLICT_OURS_ADAPT_REQUIRED,conflict,feat(cutover): 建立P4方案内容消费模型
codex/f-cut-001-matrices,b6ca8f7172e14878d630f643fae65240b7a64122,F-CUT-004,pms-module-cutover/src/main/java/cn/iocoder/yudao/module/pms/cutover/service/plan/port/CutoverPlanSourcePort.java,CONFLICT_OURS_ADAPT_REQUIRED,conflict,fix(cutover): 分离P4草稿与提交完整性
codex/f-cut-001-matrices,b6ca8f7172e14878d630f643fae65240b7a64122,F-CUT-004,pms-module-cutover/src/test/java/cn/iocoder/yudao/module/pms/cutover/service/plan/domain/CutoverPlanContentCodecTest.java,CONFLICT_OURS_ADAPT_REQUIRED,conflict,fix(cutover): 分离P4草稿与提交完整性
codex/f-cut-001-matrices,e81345864b7d39e28efe5961ec8ae76e4cbc10ab,F-CUT-004,pms-module-cutover/src/test/java/cn/iocoder/yudao/module/pms/cutover/migration/Fcut004MigrationContractTest.java,CONFLICT_OURS_ADAPT_REQUIRED,conflict,fix(cutover): 显式布尔化P4阶段迁移检查
codex/f-cut-001-matrices,f3e81acd231c476e754320a2621f0b0c7c320baa,F-CUT-004,pms-module-cutover/src/main/java/cn/iocoder/yudao/module/pms/cutover/dal/mysql/planv2/CutoverPlanRevisionMapper.java,CONFLICT_OURS_ADAPT_REQUIRED,conflict,feat(cutover): 建立P4草稿正向闭环
codex/f-cut-001-matrices,f3e81acd231c476e754320a2621f0b0c7c320baa,F-CUT-004,pms-module-cutover/src/main/java/cn/iocoder/yudao/module/pms/cutover/service/plan/CutoverPlanApplicationException.java,CONFLICT_OURS_ADAPT_REQUIRED,conflict,feat(cutover): 建立P4草稿正向闭环
codex/f-cut-001-matrices,f3e81acd231c476e754320a2621f0b0c7c320baa,F-CUT-004,pms-module-cutover/src/main/java/cn/iocoder/yudao/module/pms/cutover/service/plan/CutoverPlanApplicationService.java,CONFLICT_OURS_ADAPT_REQUIRED,conflict,feat(cutover): 建立P4草稿正向闭环
codex/f-cut-001-matrices,f3e81acd231c476e754320a2621f0b0c7c320baa,F-CUT-004,pms-module-cutover/src/main/java/cn/iocoder/yudao/module/pms/cutover/service/plan/CutoverPlanQueryService.java,CONFLICT_OURS_ADAPT_REQUIRED,conflict,feat(cutover): 建立P4草稿正向闭环
codex/f-cut-001-matrices,f3e81acd231c476e754320a2621f0b0c7c320baa,F-CUT-004,pms-module-cutover/src/main/java/cn/iocoder/yudao/module/pms/cutover/service/plan/command/CreateCutoverPlanDraftCommand.java,CONFLICT_OURS_ADAPT_REQUIRED,conflict,feat(cutover): 建立P4草稿正向闭环
codex/f-cut-001-matrices,f3e81acd231c476e754320a2621f0b0c7c320baa,F-CUT-004,pms-module-cutover/src/main/java/cn/iocoder/yudao/module/pms/cutover/service/plan/command/SaveCutoverPlanDraftCommand.java,CONFLICT_OURS_ADAPT_REQUIRED,conflict,feat(cutover): 建立P4草稿正向闭环
codex/f-cut-001-matrices,f3e81acd231c476e754320a2621f0b0c7c320baa,F-CUT-004,pms-module-cutover/src/main/java/cn/iocoder/yudao/module/pms/cutover/service/plan/domain/CutoverPlanContentCodec.java,CONFLICT_OURS_ADAPT_REQUIRED,conflict,feat(cutover): 建立P4草稿正向闭环
codex/f-cut-001-matrices,f3e81acd231c476e754320a2621f0b0c7c320baa,F-CUT-004,pms-module-cutover/src/main/java/cn/iocoder/yudao/module/pms/cutover/service/plan/view/CutoverPlanView.java,CONFLICT_OURS_ADAPT_REQUIRED,conflict,feat(cutover): 建立P4草稿正向闭环
codex/f-cut-001-matrices,f3e81acd231c476e754320a2621f0b0c7c320baa,F-CUT-004,pms-module-cutover/src/test/java/cn/iocoder/yudao/module/pms/cutover/dal/mysql/planv2/CutoverPlanMapperContractTest.java,CONFLICT_OURS_ADAPT_REQUIRED,conflict,feat(cutover): 建立P4草稿正向闭环
codex/f-cut-001-matrices,f3e81acd231c476e754320a2621f0b0c7c320baa,F-CUT-004,pms-module-cutover/src/test/java/cn/iocoder/yudao/module/pms/cutover/service/plan/CutoverPlanApplicationMySqlTest.java,CONFLICT_OURS_ADAPT_REQUIRED,conflict,feat(cutover): 建立P4草稿正向闭环
codex/f-cut-001-matrices,f3e81acd231c476e754320a2621f0b0c7c320baa,F-CUT-004,pms-module-cutover/src/test/java/cn/iocoder/yudao/module/pms/cutover/service/plan/CutoverPlanApplicationServiceTest.java,CONFLICT_OURS_ADAPT_REQUIRED,conflict,feat(cutover): 建立P4草稿正向闭环
codex/f-cut-001-matrices,f3e81acd231c476e754320a2621f0b0c7c320baa,F-CUT-004,pms-module-cutover/src/test/java/cn/iocoder/yudao/module/pms/cutover/service/plan/CutoverPlanQueryServiceTest.java,CONFLICT_OURS_ADAPT_REQUIRED,conflict,feat(cutover): 建立P4草稿正向闭环
codex/f-cut-001-matrices,f3e81acd231c476e754320a2621f0b0c7c320baa,F-CUT-004,pms-module-cutover/src/test/java/cn/iocoder/yudao/module/pms/cutover/service/plan/domain/CutoverPlanContentCodecTest.java,CONFLICT_OURS_ADAPT_REQUIRED,conflict,feat(cutover): 建立P4草稿正向闭环
codex/f-cut-001-matrices,b2aba46255a8a7e7c2bc5f1faf499bfa36f1dbaf,F-CUT-004,pms-module-cutover/src/main/java/cn/iocoder/yudao/module/pms/cutover/service/plan/CutoverPlanApplicationException.java,CONFLICT_OURS_ADAPT_REQUIRED,conflict,fix(cutover): 闭合P4草稿应用审查缺口
codex/f-cut-001-matrices,b2aba46255a8a7e7c2bc5f1faf499bfa36f1dbaf,F-CUT-004,pms-module-cutover/src/main/java/cn/iocoder/yudao/module/pms/cutover/service/plan/CutoverPlanApplicationService.java,CONFLICT_OURS_ADAPT_REQUIRED,conflict,fix(cutover): 闭合P4草稿应用审查缺口
codex/f-cut-001-matrices,b2aba46255a8a7e7c2bc5f1faf499bfa36f1dbaf,F-CUT-004,pms-module-cutover/src/main/java/cn/iocoder/yudao/module/pms/cutover/service/plan/CutoverPlanQueryService.java,CONFLICT_OURS_ADAPT_REQUIRED,conflict,fix(cutover): 闭合P4草稿应用审查缺口
codex/f-cut-001-matrices,b2aba46255a8a7e7c2bc5f1faf499bfa36f1dbaf,F-CUT-004,pms-module-cutover/src/test/java/cn/iocoder/yudao/module/pms/cutover/dal/mysql/planv2/CutoverPlanMapperContractTest.java,CONFLICT_OURS_ADAPT_REQUIRED,conflict,fix(cutover): 闭合P4草稿应用审查缺口
codex/f-cut-001-matrices,b2aba46255a8a7e7c2bc5f1faf499bfa36f1dbaf,F-CUT-004,pms-module-cutover/src/test/java/cn/iocoder/yudao/module/pms/cutover/service/plan/CutoverPlanApplicationServiceTest.java,CONFLICT_OURS_ADAPT_REQUIRED,conflict,fix(cutover): 闭合P4草稿应用审查缺口
codex/f-cut-001-matrices,b2aba46255a8a7e7c2bc5f1faf499bfa36f1dbaf,F-CUT-004,pms-module-cutover/src/test/java/cn/iocoder/yudao/module/pms/cutover/service/plan/CutoverPlanQueryServiceTest.java,CONFLICT_OURS_ADAPT_REQUIRED,conflict,fix(cutover): 闭合P4草稿应用审查缺口
codex/f-cut-001-matrices,c9de3fac88aaa328be34857aae91a07786fe1332,F-CUT-004,pms-module-cutover/src/main/java/cn/iocoder/yudao/module/pms/cutover/service/plan/CutoverPlanQueryService.java,CONFLICT_OURS_ADAPT_REQUIRED,conflict,fix(cutover): 收敛P4来源与legacy投影
codex/f-cut-001-matrices,bd4ead05eb83c62d25999af830d5928ad2a22c47,F-CUT-004,pms-module-cutover/src/main/java/cn/iocoder/yudao/module/pms/cutover/service/plan/CutoverPlanApplicationService.java,CONFLICT_OURS_ADAPT_REQUIRED,conflict,feat(cutover): 实现P4初稿下载闭环
codex/f-cut-001-matrices,bd4ead05eb83c62d25999af830d5928ad2a22c47,F-CUT-004,pms-module-cutover/src/test/java/cn/iocoder/yudao/module/pms/cutover/service/plan/CutoverPlanSubmissionTest.java,CONFLICT_OURS_ADAPT_REQUIRED,conflict,feat(cutover): 实现P4初稿下载闭环
codex/f-cut-001-matrices,a9b87b4782317a5e164eb239a205a81491a4ee00,F-CUT-005,pms-module-cutover/src/main/java/cn/iocoder/yudao/module/pms/cutover/dal/mysql/planv2/CutoverPlanRevisionMapper.java,CONFLICT_OURS_ADAPT_REQUIRED,conflict,feat(cutover): 实现P4方案提交至P5
codex/f-cut-001-matrices,a9b87b4782317a5e164eb239a205a81491a4ee00,F-CUT-005,pms-module-cutover/src/main/java/cn/iocoder/yudao/module/pms/cutover/dal/mysql/taskv2/CutoverTaskMapper.java,CONFLICT_OURS_ADAPT_REQUIRED,conflict,feat(cutover): 实现P4方案提交至P5
codex/f-cut-001-matrices,a9b87b4782317a5e164eb239a205a81491a4ee00,F-CUT-005,pms-module-cutover/src/main/java/cn/iocoder/yudao/module/pms/cutover/service/plan/CutoverPlanApplicationService.java,CONFLICT_OURS_ADAPT_REQUIRED,conflict,feat(cutover): 实现P4方案提交至P5
codex/f-cut-001-matrices,a9b87b4782317a5e164eb239a205a81491a4ee00,F-CUT-005,pms-module-cutover/src/main/resources/mapper/planv2/CutoverPlanRevisionMapper.xml,CONFLICT_OURS_ADAPT_REQUIRED,conflict,feat(cutover): 实现P4方案提交至P5
codex/f-cut-001-matrices,a9b87b4782317a5e164eb239a205a81491a4ee00,F-CUT-005,pms-module-cutover/src/main/resources/mapper/taskv2/CutoverTaskMapper.xml,CONFLICT_OURS_ADAPT_REQUIRED,conflict,feat(cutover): 实现P4方案提交至P5
codex/f-cut-001-matrices,a9b87b4782317a5e164eb239a205a81491a4ee00,F-CUT-005,pms-module-cutover/src/test/java/cn/iocoder/yudao/module/pms/cutover/dal/mysql/planv2/CutoverPlanMapperContractTest.java,CONFLICT_OURS_ADAPT_REQUIRED,conflict,feat(cutover): 实现P4方案提交至P5
codex/f-cut-001-matrices,a9b87b4782317a5e164eb239a205a81491a4ee00,F-CUT-005,pms-module-cutover/src/test/java/cn/iocoder/yudao/module/pms/cutover/service/plan/CutoverPlanSubmissionTest.java,CONFLICT_OURS_ADAPT_REQUIRED,conflict,feat(cutover): 实现P4方案提交至P5
codex/f-cut-001-matrices,fe50aaf9ab9903e49589db88fb15c368a96c58b0,F-CUT-005,pms-module-cutover/src/main/java/cn/iocoder/yudao/module/pms/cutover/dal/mysql/planv2/CutoverPlanRevisionMapper.java,CONFLICT_OURS_ADAPT_REQUIRED,conflict,feat(cutover): 实现P5来源失效回退
codex/f-cut-001-matrices,fe50aaf9ab9903e49589db88fb15c368a96c58b0,F-CUT-005,pms-module-cutover/src/main/java/cn/iocoder/yudao/module/pms/cutover/dal/mysql/taskv2/CutoverTaskMapper.java,CONFLICT_OURS_ADAPT_REQUIRED,conflict,feat(cutover): 实现P5来源失效回退
codex/f-cut-001-matrices,fe50aaf9ab9903e49589db88fb15c368a96c58b0,F-CUT-005,pms-module-cutover/src/main/java/cn/iocoder/yudao/module/pms/cutover/service/plan/CutoverPlanApplicationService.java,CONFLICT_OURS_ADAPT_REQUIRED,conflict,feat(cutover): 实现P5来源失效回退
codex/f-cut-001-matrices,fe50aaf9ab9903e49589db88fb15c368a96c58b0,F-CUT-005,pms-module-cutover/src/main/resources/mapper/taskv2/CutoverTaskMapper.xml,CONFLICT_OURS_ADAPT_REQUIRED,conflict,feat(cutover): 实现P5来源失效回退
codex/f-cut-001-matrices,fe50aaf9ab9903e49589db88fb15c368a96c58b0,F-CUT-005,pms-module-cutover/src/test/java/cn/iocoder/yudao/module/pms/cutover/dal/mysql/planv2/CutoverPlanMapperContractTest.java,CONFLICT_OURS_ADAPT_REQUIRED,conflict,feat(cutover): 实现P5来源失效回退
codex/f-cut-001-matrices,fe50aaf9ab9903e49589db88fb15c368a96c58b0,F-CUT-005,pms-module-cutover/src/test/java/cn/iocoder/yudao/module/pms/cutover/service/plan/CutoverPlanApplicationMySqlTest.java,CONFLICT_OURS_ADAPT_REQUIRED,conflict,feat(cutover): 实现P5来源失效回退
codex/f-cut-001-matrices,fe50aaf9ab9903e49589db88fb15c368a96c58b0,F-CUT-005,pms-module-cutover/src/test/java/cn/iocoder/yudao/module/pms/cutover/service/plan/CutoverPlanSubmissionTest.java,CONFLICT_OURS_ADAPT_REQUIRED,conflict,feat(cutover): 实现P5来源失效回退
codex/f-cut-001-matrices,d4a827c0149f32b6f4e1d0a265ed77de5ad97e77,F-CUT-004,pms-module-cutover/src/main/java/cn/iocoder/yudao/module/pms/cutover/service/plan/CutoverPlanApplicationService.java,CONFLICT_OURS_ADAPT_REQUIRED,conflict,feat(cutover): 实现方案修订与联系人变更
codex/f-cut-001-matrices,d4a827c0149f32b6f4e1d0a265ed77de5ad97e77,F-CUT-004,pms-module-cutover/src/test/java/cn/iocoder/yudao/module/pms/cutover/service/plan/CutoverPlanApplicationMySqlTest.java,CONFLICT_OURS_ADAPT_REQUIRED,conflict,feat(cutover): 实现方案修订与联系人变更
codex/f-cut-001-matrices,d4a827c0149f32b6f4e1d0a265ed77de5ad97e77,F-CUT-004,pms-module-cutover/src/test/java/cn/iocoder/yudao/module/pms/cutover/service/plan/CutoverPlanRevisionLifecycleTest.java,CONFLICT_OURS_ADAPT_REQUIRED,conflict,feat(cutover): 实现方案修订与联系人变更
codex/f-cut-001-matrices,c6c295cb56f8c4ee4929e4d1acf4103824d34ab0,F-CUT-004,pms-module-cutover/src/test/java/cn/iocoder/yudao/module/pms/cutover/service/plan/CutoverPlanApplicationMySqlTest.java,CONFLICT_OURS_ADAPT_REQUIRED,conflict,fix(cutover): 重建修订草稿来源投影
codex/f-cut-001-matrices,e38aaa8aad4d9e7d8b9d8af362c0dc1758155a34,F-CUT-004,pms-module-cutover/src/main/java/cn/iocoder/yudao/module/pms/cutover/controller/admin/taskv2/CutoverPlanController.java,CONFLICT_OURS_ADAPT_REQUIRED,conflict,feat(cutover): 实现P4方案七路由候选
codex/f-cut-001-matrices,e38aaa8aad4d9e7d8b9d8af362c0dc1758155a34,F-CUT-004,pms-module-cutover/src/main/java/cn/iocoder/yudao/module/pms/cutover/controller/admin/taskv2/CutoverPlanRequestCodec.java,CONFLICT_OURS_ADAPT_REQUIRED,conflict,feat(cutover): 实现P4方案七路由候选
codex/f-cut-001-matrices,e38aaa8aad4d9e7d8b9d8af362c0dc1758155a34,F-CUT-004,pms-module-cutover/src/main/java/cn/iocoder/yudao/module/pms/cutover/controller/admin/taskv2/CutoverPlanRequestContext.java,CONFLICT_OURS_ADAPT_REQUIRED,conflict,feat(cutover): 实现P4方案七路由候选
codex/f-cut-001-matrices,e38aaa8aad4d9e7d8b9d8af362c0dc1758155a34,F-CUT-004,pms-module-cutover/src/test/java/cn/iocoder/yudao/module/pms/cutover/controller/admin/taskv2/CutoverPlanControllerContractTest.java,CONFLICT_OURS_ADAPT_REQUIRED,conflict,feat(cutover): 实现P4方案七路由候选
codex/f-cut-001-matrices,e38aaa8aad4d9e7d8b9d8af362c0dc1758155a34,F-CUT-004,pms-module-cutover/src/test/java/cn/iocoder/yudao/module/pms/cutover/controller/admin/taskv2/CutoverPlanRequestCodecTest.java,CONFLICT_OURS_ADAPT_REQUIRED,conflict,feat(cutover): 实现P4方案七路由候选
codex/f-cut-001-matrices,7c0cba236053c32a1d50e1747152c28c1502d331,F-CUT-004,pms-module-cutover/src/main/java/cn/iocoder/yudao/module/pms/cutover/service/plan/CutoverPlanApplicationException.java,CONFLICT_OURS_ADAPT_REQUIRED,conflict,fix(cutover): 收敛P4方案REST机器合同
codex/f-cut-001-matrices,7c0cba236053c32a1d50e1747152c28c1502d331,F-CUT-004,pms-module-cutover/src/main/java/cn/iocoder/yudao/module/pms/cutover/service/plan/CutoverPlanApplicationService.java,CONFLICT_OURS_ADAPT_REQUIRED,conflict,fix(cutover): 收敛P4方案REST机器合同
codex/f-cut-001-matrices,7c0cba236053c32a1d50e1747152c28c1502d331,F-CUT-004,pms-module-cutover/src/test/java/cn/iocoder/yudao/module/pms/cutover/controller/admin/taskv2/CutoverPlanRequestCodecTest.java,CONFLICT_OURS_ADAPT_REQUIRED,conflict,fix(cutover): 收敛P4方案REST机器合同
codex/f-cut-001-matrices,40dfd80c61daf6bf128baa38f2a936ef6762822a,F-CUT-004,pms-module-cutover/src/main/java/cn/iocoder/yudao/module/pms/cutover/dal/mysql/planv2/migration/query/LegacyCutoverPlanTargetQuery.java,CONFLICT_OURS_ADAPT_REQUIRED,conflict,feat(cutover): 实现旧方案前向核对
codex/f-cut-001-matrices,40dfd80c61daf6bf128baa38f2a936ef6762822a,F-CUT-004,pms-module-cutover/src/main/java/cn/iocoder/yudao/module/pms/cutover/service/plan/migration/LegacyCutoverPlanReconciliationService.java,CONFLICT_OURS_ADAPT_REQUIRED,conflict,feat(cutover): 实现旧方案前向核对
codex/f-cut-001-matrices,40dfd80c61daf6bf128baa38f2a936ef6762822a,F-CUT-004,pms-module-cutover/src/main/resources/mapper/planv2/LegacyCutoverPlanReconciliationMapper.xml,CONFLICT_OURS_ADAPT_REQUIRED,conflict,feat(cutover): 实现旧方案前向核对
codex/f-cut-001-matrices,40dfd80c61daf6bf128baa38f2a936ef6762822a,F-CUT-004,pms-module-cutover/src/test/java/cn/iocoder/yudao/module/pms/cutover/migration/Fcut004LegacyPlanMigrationContractTest.java,CONFLICT_OURS_ADAPT_REQUIRED,conflict,feat(cutover): 实现旧方案前向核对
codex/f-cut-001-matrices,40dfd80c61daf6bf128baa38f2a936ef6762822a,F-CUT-004,pms-module-cutover/src/test/java/cn/iocoder/yudao/module/pms/cutover/service/plan/migration/LegacyCutoverPlanReconciliationMySqlTest.java,CONFLICT_OURS_ADAPT_REQUIRED,conflict,feat(cutover): 实现旧方案前向核对
codex/f-cut-001-matrices,40dfd80c61daf6bf128baa38f2a936ef6762822a,F-CUT-004,pms-module-cutover/src/test/java/cn/iocoder/yudao/module/pms/cutover/service/plan/migration/LegacyCutoverPlanReconciliationServiceTest.java,CONFLICT_OURS_ADAPT_REQUIRED,conflict,feat(cutover): 实现旧方案前向核对
codex/f-cut-001-matrices,5fee04d10cf3522f00ee056220fac7a1110d8682,F-CUT-004,pms-module-cutover/src/main/java/cn/iocoder/yudao/module/pms/cutover/service/plan/CutoverPlanQueryService.java,CONFLICT_OURS_ADAPT_REQUIRED,conflict,feat(cutover): project plan allowed actions
codex/f-cut-001-matrices,4734752e7e74d7adac9fdef4e8831c2348ffa022,F-CUT-004,yudao-ui/yudao-ui-admin-vue3/src/api/pms/cutover/cutover-task/index.ts,CONFLICT_OURS_ADAPT_REQUIRED,conflict,feat(cutover): add P4 plan workbench
codex/f-cut-001-matrices,4734752e7e74d7adac9fdef4e8831c2348ffa022,F-CUT-004,yudao-ui/yudao-ui-admin-vue3/src/views/pms/cutover/cutover-task/components/CutoverPlanEditor.vue,CONFLICT_OURS_ADAPT_REQUIRED,conflict,feat(cutover): add P4 plan workbench
codex/f-cut-001-matrices,4734752e7e74d7adac9fdef4e8831c2348ffa022,F-CUT-004,yudao-ui/yudao-ui-admin-vue3/src/views/pms/cutover/cutover-task/components/CutoverPlanPanel.vue,CONFLICT_OURS_ADAPT_REQUIRED,conflict,feat(cutover): add P4 plan workbench
codex/f-cut-001-matrices,4734752e7e74d7adac9fdef4e8831c2348ffa022,F-CUT-004,yudao-ui/yudao-ui-admin-vue3/src/views/pms/cutover/cutover-task/components/CutoverSupportArrangements.vue,CONFLICT_OURS_ADAPT_REQUIRED,conflict,feat(cutover): add P4 plan workbench
codex/f-cut-001-matrices,4734752e7e74d7adac9fdef4e8831c2348ffa022,F-CUT-004,yudao-ui/yudao-ui-admin-vue3/src/views/pms/cutover/cutover-task/cutoverPlanComponents.spec.ts,CONFLICT_OURS_ADAPT_REQUIRED,conflict,feat(cutover): add P4 plan workbench
codex/f-cut-001-matrices,4734752e7e74d7adac9fdef4e8831c2348ffa022,F-CUT-004,yudao-ui/yudao-ui-admin-vue3/src/views/pms/cutover/cutover-task/cutoverTaskInteraction.spec.ts,CONFLICT_OURS_ADAPT_REQUIRED,conflict,feat(cutover): add P4 plan workbench
codex/f-cut-001-matrices,4734752e7e74d7adac9fdef4e8831c2348ffa022,F-CUT-004,yudao-ui/yudao-ui-admin-vue3/src/views/pms/cutover/cutover-task/cutoverTaskInteraction.ts,CONFLICT_OURS_ADAPT_REQUIRED,conflict,feat(cutover): add P4 plan workbench
codex/f-cut-001-matrices,4734752e7e74d7adac9fdef4e8831c2348ffa022,F-CUT-004,yudao-ui/yudao-ui-admin-vue3/src/views/pms/cutover/cutover-task/index.vue,CONFLICT_OURS_ADAPT_REQUIRED,conflict,feat(cutover): add P4 plan workbench
codex/f-cut-001-matrices,1b461a54a6aa38a07d9d34e2b37436632fb15590,F-CUT-004,pms-module-cutover/src/test/java/cn/iocoder/yudao/module/pms/cutover/service/plan/CutoverPlanApplicationMySqlTest.java,CONFLICT_OURS_ADAPT_REQUIRED,conflict,test(cutover): cover controlled plan loops
codex/f-cut-001-matrices,b78120e99f21a7fe650715d953d8dbec617ee92e,F-CUT-005,pms-module-cutover/src/main/java/cn/iocoder/yudao/module/pms/cutover/service/approval/CutoverApprovalApplicationException.java,CONFLICT_OURS_ADAPT_REQUIRED,conflict,feat(cutover): 建立P5审批领域合同
codex/f-cut-001-matrices,b78120e99f21a7fe650715d953d8dbec617ee92e,F-CUT-005,pms-module-cutover/src/main/java/cn/iocoder/yudao/module/pms/cutover/service/approval/domain/CutoverApprovalSourceSnapshotCodec.java,CONFLICT_OURS_ADAPT_REQUIRED,conflict,feat(cutover): 建立P5审批领域合同
codex/f-cut-001-matrices,b78120e99f21a7fe650715d953d8dbec617ee92e,F-CUT-005,pms-module-cutover/src/main/java/cn/iocoder/yudao/module/pms/cutover/service/approval/port/CutoverApprovalOwnerFactException.java,CONFLICT_OURS_ADAPT_REQUIRED,conflict,feat(cutover): 建立P5审批领域合同
codex/f-cut-001-matrices,b78120e99f21a7fe650715d953d8dbec617ee92e,F-CUT-005,pms-module-cutover/src/test/java/cn/iocoder/yudao/module/pms/cutover/service/approval/domain/CutoverApprovalSourceSnapshotCodecTest.java,CONFLICT_OURS_ADAPT_REQUIRED,conflict,feat(cutover): 建立P5审批领域合同
codex/f-cut-001-matrices,73a4f4aba31c8d674caa323f8446ed2915474aa3,F-CUT-005,pms-module-cutover/src/main/java/cn/iocoder/yudao/module/pms/cutover/dal/dataobject/approval/CutoverApprovalInstanceDO.java,CONFLICT_OURS_ADAPT_REQUIRED,conflict,feat(cutover): 建立P5审批物理基础
codex/f-cut-001-matrices,73a4f4aba31c8d674caa323f8446ed2915474aa3,F-CUT-005,pms-module-cutover/src/main/java/cn/iocoder/yudao/module/pms/cutover/dal/dataobject/approval/CutoverApprovalNotificationDO.java,CONFLICT_OURS_ADAPT_REQUIRED,conflict,feat(cutover): 建立P5审批物理基础
codex/f-cut-001-matrices,73a4f4aba31c8d674caa323f8446ed2915474aa3,F-CUT-005,pms-module-cutover/src/main/java/cn/iocoder/yudao/module/pms/cutover/dal/mysql/approval/CutoverApprovalInstanceMapper.java,CONFLICT_OURS_ADAPT_REQUIRED,conflict,feat(cutover): 建立P5审批物理基础
codex/f-cut-001-matrices,73a4f4aba31c8d674caa323f8446ed2915474aa3,F-CUT-005,pms-module-cutover/src/main/java/cn/iocoder/yudao/module/pms/cutover/dal/mysql/approval/CutoverApprovalNodeMapper.java,CONFLICT_OURS_ADAPT_REQUIRED,conflict,feat(cutover): 建立P5审批物理基础
codex/f-cut-001-matrices,73a4f4aba31c8d674caa323f8446ed2915474aa3,F-CUT-005,pms-module-cutover/src/main/java/cn/iocoder/yudao/module/pms/cutover/dal/mysql/approval/CutoverApprovalNotificationMapper.java,CONFLICT_OURS_ADAPT_REQUIRED,conflict,feat(cutover): 建立P5审批物理基础
codex/f-cut-001-matrices,73a4f4aba31c8d674caa323f8446ed2915474aa3,F-CUT-005,pms-module-cutover/src/main/java/cn/iocoder/yudao/module/pms/cutover/dal/mysql/approval/query/ApprovalNodeStatusUpdate.java,CONFLICT_OURS_ADAPT_REQUIRED,conflict,feat(cutover): 建立P5审批物理基础
codex/f-cut-001-matrices,73a4f4aba31c8d674caa323f8446ed2915474aa3,F-CUT-005,pms-module-cutover/src/main/java/cn/iocoder/yudao/module/pms/cutover/dal/mysql/approval/query/ApprovalNotificationDeliveryUpdate.java,CONFLICT_OURS_ADAPT_REQUIRED,conflict,feat(cutover): 建立P5审批物理基础
codex/f-cut-001-matrices,73a4f4aba31c8d674caa323f8446ed2915474aa3,F-CUT-005,pms-module-cutover/src/main/resources/mapper/approval/CutoverApprovalInstanceMapper.xml,CONFLICT_OURS_ADAPT_REQUIRED,conflict,feat(cutover): 建立P5审批物理基础
codex/f-cut-001-matrices,73a4f4aba31c8d674caa323f8446ed2915474aa3,F-CUT-005,pms-module-cutover/src/main/resources/mapper/approval/CutoverApprovalNodeMapper.xml,CONFLICT_OURS_ADAPT_REQUIRED,conflict,feat(cutover): 建立P5审批物理基础
codex/f-cut-001-matrices,73a4f4aba31c8d674caa323f8446ed2915474aa3,F-CUT-005,pms-module-cutover/src/main/resources/mapper/approval/CutoverApprovalNotificationMapper.xml,CONFLICT_OURS_ADAPT_REQUIRED,conflict,feat(cutover): 建立P5审批物理基础
codex/f-cut-001-matrices,73a4f4aba31c8d674caa323f8446ed2915474aa3,F-CUT-005,pms-module-cutover/src/test/java/cn/iocoder/yudao/module/pms/cutover/dal/mysql/approval/CutoverApprovalMapperContractTest.java,CONFLICT_OURS_ADAPT_REQUIRED,conflict,feat(cutover): 建立P5审批物理基础
codex/f-cut-001-matrices,73a4f4aba31c8d674caa323f8446ed2915474aa3,F-CUT-005,pms-module-cutover/src/test/java/cn/iocoder/yudao/module/pms/cutover/migration/Fcut005MigrationContractTest.java,CONFLICT_OURS_ADAPT_REQUIRED,conflict,feat(cutover): 建立P5审批物理基础
codex/f-cut-001-matrices,367438e602d01b5fbf07232804950cf26ecff52d,F-CUT-005,pms-module-cutover/src/test/java/cn/iocoder/yudao/module/pms/cutover/dal/mysql/approval/CutoverApprovalMapperContractTest.java,CONFLICT_OURS_ADAPT_REQUIRED,conflict,fix(cutover): 对齐P5审批审计类型与排序
codex/f-cut-001-matrices,f3177ec606a8f764586e36490d913720847d221c,F-CUT-005,pms-module-cutover/src/main/java/cn/iocoder/yudao/module/pms/cutover/api/approval/CutoverApprovalFactApiImpl.java,CONFLICT_OURS_ADAPT_REQUIRED,conflict,feat(cutover): 实现P5审批启动与事实Provider
codex/f-cut-001-matrices,f3177ec606a8f764586e36490d913720847d221c,F-CUT-005,pms-module-cutover/src/main/java/cn/iocoder/yudao/module/pms/cutover/service/approval/CutoverApprovalApplicationService.java,CONFLICT_OURS_ADAPT_REQUIRED,conflict,feat(cutover): 实现P5审批启动与事实Provider
codex/f-cut-001-matrices,f3177ec606a8f764586e36490d913720847d221c,F-CUT-005,pms-module-cutover/src/main/java/cn/iocoder/yudao/module/pms/cutover/service/approval/CutoverApprovalSourceAssembler.java,CONFLICT_OURS_ADAPT_REQUIRED,conflict,feat(cutover): 实现P5审批启动与事实Provider
codex/f-cut-001-matrices,f3177ec606a8f764586e36490d913720847d221c,F-CUT-005,pms-module-cutover/src/test/java/cn/iocoder/yudao/module/pms/cutover/api/approval/CutoverApprovalFactApiImplTest.java,CONFLICT_OURS_ADAPT_REQUIRED,conflict,feat(cutover): 实现P5审批启动与事实Provider
codex/f-cut-001-matrices,f3177ec606a8f764586e36490d913720847d221c,F-CUT-005,pms-module-cutover/src/test/java/cn/iocoder/yudao/module/pms/cutover/service/approval/CutoverApprovalStartServiceTest.java,CONFLICT_OURS_ADAPT_REQUIRED,conflict,feat(cutover): 实现P5审批启动与事实Provider
codex/f-cut-001-matrices,df406b0c6ec231cc41cd45c7d6b05e7a1d6accb0,F-CUT-005,pms-module-cutover/src/main/java/cn/iocoder/yudao/module/pms/cutover/service/approval/CutoverApprovalApplicationService.java,CONFLICT_OURS_ADAPT_REQUIRED,conflict,fix(cutover): 收敛P5审批启动运行契约
codex/f-cut-001-matrices,df406b0c6ec231cc41cd45c7d6b05e7a1d6accb0,F-CUT-005,pms-module-cutover/src/test/java/cn/iocoder/yudao/module/pms/cutover/service/approval/CutoverApprovalStartServiceTest.java,CONFLICT_OURS_ADAPT_REQUIRED,conflict,fix(cutover): 收敛P5审批启动运行契约
codex/f-cut-001-matrices,8791b4cc169d5a5b8c19212a257c3cb9e56ee88a,F-CUT-005,pms-module-cutover/src/main/java/cn/iocoder/yudao/module/pms/cutover/dal/mysql/taskv2/CutoverTaskMapper.java,CONFLICT_OURS_ADAPT_REQUIRED,conflict,feat(cutover): 实现P5审批决定闭环
codex/f-cut-001-matrices,8791b4cc169d5a5b8c19212a257c3cb9e56ee88a,F-CUT-005,pms-module-cutover/src/main/java/cn/iocoder/yudao/module/pms/cutover/service/approval/CutoverApprovalApplicationService.java,CONFLICT_OURS_ADAPT_REQUIRED,conflict,feat(cutover): 实现P5审批决定闭环
codex/f-cut-001-matrices,8791b4cc169d5a5b8c19212a257c3cb9e56ee88a,F-CUT-005,pms-module-cutover/src/main/java/cn/iocoder/yudao/module/pms/cutover/service/approval/command/ApproveCutoverApprovalCommand.java,CONFLICT_OURS_ADAPT_REQUIRED,conflict,feat(cutover): 实现P5审批决定闭环
codex/f-cut-001-matrices,8791b4cc169d5a5b8c19212a257c3cb9e56ee88a,F-CUT-005,pms-module-cutover/src/main/java/cn/iocoder/yudao/module/pms/cutover/service/approval/command/RejectCutoverApprovalCommand.java,CONFLICT_OURS_ADAPT_REQUIRED,conflict,feat(cutover): 实现P5审批决定闭环
codex/f-cut-001-matrices,8791b4cc169d5a5b8c19212a257c3cb9e56ee88a,F-CUT-005,pms-module-cutover/src/main/java/cn/iocoder/yudao/module/pms/cutover/service/approval/result/CutoverApprovalDecisionResult.java,CONFLICT_OURS_ADAPT_REQUIRED,conflict,feat(cutover): 实现P5审批决定闭环
codex/f-cut-001-matrices,8791b4cc169d5a5b8c19212a257c3cb9e56ee88a,F-CUT-005,pms-module-cutover/src/main/resources/mapper/taskv2/CutoverTaskMapper.xml,CONFLICT_OURS_ADAPT_REQUIRED,conflict,feat(cutover): 实现P5审批决定闭环
codex/f-cut-001-matrices,8791b4cc169d5a5b8c19212a257c3cb9e56ee88a,F-CUT-005,pms-module-cutover/src/test/java/cn/iocoder/yudao/module/pms/cutover/service/approval/CutoverApprovalDecisionServiceTest.java,CONFLICT_OURS_ADAPT_REQUIRED,conflict,feat(cutover): 实现P5审批决定闭环
codex/f-cut-001-matrices,3e022c68e8ef04788f29b63373b441344d804197,F-CUT-005,pms-module-cutover/src/main/java/cn/iocoder/yudao/module/pms/cutover/service/approval/CutoverApprovalApplicationService.java,CONFLICT_OURS_ADAPT_REQUIRED,conflict,fix(cutover): 收敛P5审批决定运行契约
codex/f-cut-001-matrices,3e022c68e8ef04788f29b63373b441344d804197,F-CUT-005,pms-module-cutover/src/main/java/cn/iocoder/yudao/module/pms/cutover/service/approval/result/CutoverApprovalDecisionResult.java,CONFLICT_OURS_ADAPT_REQUIRED,conflict,fix(cutover): 收敛P5审批决定运行契约
codex/f-cut-001-matrices,3e022c68e8ef04788f29b63373b441344d804197,F-CUT-005,pms-module-cutover/src/test/java/cn/iocoder/yudao/module/pms/cutover/service/approval/CutoverApprovalDecisionServiceTest.java,CONFLICT_OURS_ADAPT_REQUIRED,conflict,fix(cutover): 收敛P5审批决定运行契约
codex/f-cut-001-matrices,6dae8751bb34a36074cab6515b60bfd4b70beb67,F-CUT-005,pms-module-cutover/src/main/java/cn/iocoder/yudao/module/pms/cutover/service/approval/CutoverApprovalApplicationService.java,CONFLICT_OURS_ADAPT_REQUIRED,conflict,fix(cutover): 完成审批候选交集重验
codex/f-cut-001-matrices,6dae8751bb34a36074cab6515b60bfd4b70beb67,F-CUT-005,pms-module-cutover/src/test/java/cn/iocoder/yudao/module/pms/cutover/service/approval/CutoverApprovalDecisionServiceTest.java,CONFLICT_OURS_ADAPT_REQUIRED,conflict,fix(cutover): 完成审批候选交集重验
codex/f-cut-001-matrices,d689703262ac196c8fb3e47c7b10d572f5b6d3c6,F-CUT-005,pms-module-cutover/src/main/java/cn/iocoder/yudao/module/pms/cutover/dal/mysql/approval/CutoverApprovalInstanceMapper.java,CONFLICT_OURS_ADAPT_REQUIRED,conflict,feat(cutover): 实现P5审批查询投影
codex/f-cut-001-matrices,d689703262ac196c8fb3e47c7b10d572f5b6d3c6,F-CUT-005,pms-module-cutover/src/main/java/cn/iocoder/yudao/module/pms/cutover/dal/mysql/approval/projection/ApprovalTodoPageRow.java,CONFLICT_OURS_ADAPT_REQUIRED,conflict,feat(cutover): 实现P5审批查询投影
codex/f-cut-001-matrices,d689703262ac196c8fb3e47c7b10d572f5b6d3c6,F-CUT-005,pms-module-cutover/src/main/java/cn/iocoder/yudao/module/pms/cutover/service/approval/CutoverApprovalQueryService.java,CONFLICT_OURS_ADAPT_REQUIRED,conflict,feat(cutover): 实现P5审批查询投影
codex/f-cut-001-matrices,d689703262ac196c8fb3e47c7b10d572f5b6d3c6,F-CUT-005,pms-module-cutover/src/main/java/cn/iocoder/yudao/module/pms/cutover/service/approval/view/CutoverApprovalViews.java,CONFLICT_OURS_ADAPT_REQUIRED,conflict,feat(cutover): 实现P5审批查询投影
codex/f-cut-001-matrices,d689703262ac196c8fb3e47c7b10d572f5b6d3c6,F-CUT-005,pms-module-cutover/src/main/resources/mapper/approval/CutoverApprovalInstanceMapper.xml,CONFLICT_OURS_ADAPT_REQUIRED,conflict,feat(cutover): 实现P5审批查询投影
codex/f-cut-001-matrices,d689703262ac196c8fb3e47c7b10d572f5b6d3c6,F-CUT-005,pms-module-cutover/src/main/resources/mapper/approval/CutoverApprovalNodeMapper.xml,CONFLICT_OURS_ADAPT_REQUIRED,conflict,feat(cutover): 实现P5审批查询投影
codex/f-cut-001-matrices,d689703262ac196c8fb3e47c7b10d572f5b6d3c6,F-CUT-005,pms-module-cutover/src/test/java/cn/iocoder/yudao/module/pms/cutover/dal/mysql/approval/CutoverApprovalMapperContractTest.java,CONFLICT_OURS_ADAPT_REQUIRED,conflict,feat(cutover): 实现P5审批查询投影
codex/f-cut-001-matrices,d689703262ac196c8fb3e47c7b10d572f5b6d3c6,F-CUT-005,pms-module-cutover/src/test/java/cn/iocoder/yudao/module/pms/cutover/service/approval/CutoverApprovalQueryServiceTest.java,CONFLICT_OURS_ADAPT_REQUIRED,conflict,feat(cutover): 实现P5审批查询投影
codex/f-cut-001-matrices,baaabcc4b22b7ae3b226703da41f7da53b7feeb2,F-CUT-005,pms-module-cutover/src/main/java/cn/iocoder/yudao/module/pms/cutover/dal/mysql/approval/CutoverApprovalInstanceMapper.java,CONFLICT_OURS_ADAPT_REQUIRED,conflict,feat(cutover): 实现P5审批管理员改派
codex/f-cut-001-matrices,baaabcc4b22b7ae3b226703da41f7da53b7feeb2,F-CUT-005,pms-module-cutover/src/main/java/cn/iocoder/yudao/module/pms/cutover/service/approval/CutoverApprovalApplicationService.java,CONFLICT_OURS_ADAPT_REQUIRED,conflict,feat(cutover): 实现P5审批管理员改派
codex/f-cut-001-matrices,baaabcc4b22b7ae3b226703da41f7da53b7feeb2,F-CUT-005,pms-module-cutover/src/main/resources/mapper/approval/CutoverApprovalInstanceMapper.xml,CONFLICT_OURS_ADAPT_REQUIRED,conflict,feat(cutover): 实现P5审批管理员改派
codex/f-cut-001-matrices,baaabcc4b22b7ae3b226703da41f7da53b7feeb2,F-CUT-005,pms-module-cutover/src/test/java/cn/iocoder/yudao/module/pms/cutover/dal/mysql/approval/CutoverApprovalMapperContractTest.java,CONFLICT_OURS_ADAPT_REQUIRED,conflict,feat(cutover): 实现P5审批管理员改派
codex/f-cut-001-matrices,baaabcc4b22b7ae3b226703da41f7da53b7feeb2,F-CUT-005,pms-module-cutover/src/test/java/cn/iocoder/yudao/module/pms/cutover/service/approval/CutoverApprovalReassignmentTest.java,CONFLICT_OURS_ADAPT_REQUIRED,conflict,feat(cutover): 实现P5审批管理员改派
codex/f-cut-001-matrices,0142e01e8240d800e90f3252351199de41752a60,F-CUT-005,pms-module-cutover/src/main/java/cn/iocoder/yudao/module/pms/cutover/service/approval/CutoverApprovalApplicationService.java,CONFLICT_OURS_ADAPT_REQUIRED,conflict,fix(cutover): 收敛审批查询与改派一致性
codex/f-cut-001-matrices,0142e01e8240d800e90f3252351199de41752a60,F-CUT-005,pms-module-cutover/src/main/java/cn/iocoder/yudao/module/pms/cutover/service/approval/CutoverApprovalQueryService.java,CONFLICT_OURS_ADAPT_REQUIRED,conflict,fix(cutover): 收敛审批查询与改派一致性
codex/f-cut-001-matrices,0142e01e8240d800e90f3252351199de41752a60,F-CUT-005,pms-module-cutover/src/test/java/cn/iocoder/yudao/module/pms/cutover/service/approval/CutoverApprovalQueryServiceTest.java,CONFLICT_OURS_ADAPT_REQUIRED,conflict,fix(cutover): 收敛审批查询与改派一致性
codex/f-cut-001-matrices,0142e01e8240d800e90f3252351199de41752a60,F-CUT-005,pms-module-cutover/src/test/java/cn/iocoder/yudao/module/pms/cutover/service/approval/CutoverApprovalReassignmentTest.java,CONFLICT_OURS_ADAPT_REQUIRED,conflict,fix(cutover): 收敛审批查询与改派一致性
codex/f-cut-001-matrices,2414ac3828adb65f2b9747ce55d6c75b684791e8,F-CUT-005,pms-module-cutover/src/main/java/cn/iocoder/yudao/module/pms/cutover/service/approval/notification/CutoverApprovalNotificationService.java,CONFLICT_OURS_ADAPT_REQUIRED,conflict,feat(cutover): 实现审批通知提交后投递
codex/f-cut-001-matrices,2414ac3828adb65f2b9747ce55d6c75b684791e8,F-CUT-005,pms-module-cutover/src/test/java/cn/iocoder/yudao/module/pms/cutover/service/approval/notification/CutoverApprovalNotificationServiceTest.java,CONFLICT_OURS_ADAPT_REQUIRED,conflict,feat(cutover): 实现审批通知提交后投递
codex/f-cut-001-matrices,daee020ba85e8af3ffdcbdeb32ea79f09a23e27a,F-CUT-005,pms-module-cutover/src/main/java/cn/iocoder/yudao/module/pms/cutover/controller/admin/taskv2/CutoverApprovalController.java,CONFLICT_OURS_ADAPT_REQUIRED,conflict,feat(cutover): 实现分级审批六路由REST
codex/f-cut-001-matrices,daee020ba85e8af3ffdcbdeb32ea79f09a23e27a,F-CUT-005,pms-module-cutover/src/main/java/cn/iocoder/yudao/module/pms/cutover/controller/admin/taskv2/vo/approval/CutoverApprovalResponses.java,CONFLICT_OURS_ADAPT_REQUIRED,conflict,feat(cutover): 实现分级审批六路由REST
codex/f-cut-001-matrices,daee020ba85e8af3ffdcbdeb32ea79f09a23e27a,F-CUT-005,pms-module-cutover/src/main/java/cn/iocoder/yudao/module/pms/cutover/service/approval/CutoverApprovalQueryService.java,CONFLICT_OURS_ADAPT_REQUIRED,conflict,feat(cutover): 实现分级审批六路由REST
codex/f-cut-001-matrices,daee020ba85e8af3ffdcbdeb32ea79f09a23e27a,F-CUT-005,pms-module-cutover/src/test/java/cn/iocoder/yudao/module/pms/cutover/controller/admin/taskv2/CutoverApprovalControllerContractTest.java,CONFLICT_OURS_ADAPT_REQUIRED,conflict,feat(cutover): 实现分级审批六路由REST
codex/f-cut-001-matrices,0f98d5277aa203d2840a6620da331aa88a804f0b,F-CUT-005,pms-module-cutover/src/main/java/cn/iocoder/yudao/module/pms/cutover/controller/admin/taskv2/CutoverApprovalController.java,CONFLICT_OURS_ADAPT_REQUIRED,conflict,fix(cutover): 收敛审批响应与错误合同
codex/f-cut-001-matrices,0f98d5277aa203d2840a6620da331aa88a804f0b,F-CUT-005,pms-module-cutover/src/main/java/cn/iocoder/yudao/module/pms/cutover/service/approval/CutoverApprovalApplicationService.java,CONFLICT_OURS_ADAPT_REQUIRED,conflict,fix(cutover): 收敛审批响应与错误合同
codex/f-cut-001-matrices,0f98d5277aa203d2840a6620da331aa88a804f0b,F-CUT-005,pms-module-cutover/src/main/java/cn/iocoder/yudao/module/pms/cutover/service/approval/CutoverApprovalQueryService.java,CONFLICT_OURS_ADAPT_REQUIRED,conflict,fix(cutover): 收敛审批响应与错误合同
codex/f-cut-001-matrices,0f98d5277aa203d2840a6620da331aa88a804f0b,F-CUT-005,pms-module-cutover/src/test/java/cn/iocoder/yudao/module/pms/cutover/controller/admin/taskv2/CutoverApprovalControllerContractTest.java,CONFLICT_OURS_ADAPT_REQUIRED,conflict,fix(cutover): 收敛审批响应与错误合同
codex/f-cut-001-matrices,0f98d5277aa203d2840a6620da331aa88a804f0b,F-CUT-005,pms-module-cutover/src/test/java/cn/iocoder/yudao/module/pms/cutover/service/approval/CutoverApprovalDecisionServiceTest.java,CONFLICT_OURS_ADAPT_REQUIRED,conflict,fix(cutover): 收敛审批响应与错误合同
codex/f-cut-001-matrices,0f98d5277aa203d2840a6620da331aa88a804f0b,F-CUT-005,pms-module-cutover/src/test/java/cn/iocoder/yudao/module/pms/cutover/service/approval/CutoverApprovalQueryServiceTest.java,CONFLICT_OURS_ADAPT_REQUIRED,conflict,fix(cutover): 收敛审批响应与错误合同
codex/f-cut-001-matrices,eefb40eccdcce7b727925b9c6c6f4dc592591e0c,F-CUT-005,pms-module-cutover/src/main/java/cn/iocoder/yudao/module/pms/cutover/service/approval/CutoverApprovalApplicationService.java,CONFLICT_OURS_ADAPT_REQUIRED,conflict,fix(cutover): 支持审批决定幂等重放
codex/f-cut-001-matrices,eefb40eccdcce7b727925b9c6c6f4dc592591e0c,F-CUT-005,pms-module-cutover/src/test/java/cn/iocoder/yudao/module/pms/cutover/service/approval/CutoverApprovalDecisionServiceTest.java,CONFLICT_OURS_ADAPT_REQUIRED,conflict,fix(cutover): 支持审批决定幂等重放
codex/f-cut-001-matrices,327d14778d91de6f591bf9d02109db0879315d47,F-CUT-005,yudao-ui/yudao-ui-admin-vue3/src/api/pms/cutover/cutover-task/index.ts,CONFLICT_OURS_ADAPT_REQUIRED,conflict,feat(cutover): 实现P5审批工作台
codex/f-cut-001-matrices,327d14778d91de6f591bf9d02109db0879315d47,F-CUT-005,yudao-ui/yudao-ui-admin-vue3/src/views/pms/cutover/cutover-task/components/CutoverApprovalDecisionForm.vue,CONFLICT_OURS_ADAPT_REQUIRED,conflict,feat(cutover): 实现P5审批工作台
codex/f-cut-001-matrices,327d14778d91de6f591bf9d02109db0879315d47,F-CUT-005,yudao-ui/yudao-ui-admin-vue3/src/views/pms/cutover/cutover-task/components/CutoverApprovalPanel.vue,CONFLICT_OURS_ADAPT_REQUIRED,conflict,feat(cutover): 实现P5审批工作台
codex/f-cut-001-matrices,327d14778d91de6f591bf9d02109db0879315d47,F-CUT-005,yudao-ui/yudao-ui-admin-vue3/src/views/pms/cutover/cutover-task/components/CutoverApprovalReassignmentPanel.vue,CONFLICT_OURS_ADAPT_REQUIRED,conflict,feat(cutover): 实现P5审批工作台
codex/f-cut-001-matrices,327d14778d91de6f591bf9d02109db0879315d47,F-CUT-005,yudao-ui/yudao-ui-admin-vue3/src/views/pms/cutover/cutover-task/cutoverApprovalComponents.spec.ts,CONFLICT_OURS_ADAPT_REQUIRED,conflict,feat(cutover): 实现P5审批工作台
codex/f-cut-001-matrices,327d14778d91de6f591bf9d02109db0879315d47,F-CUT-005,yudao-ui/yudao-ui-admin-vue3/src/views/pms/cutover/cutover-task/cutoverTaskInteraction.spec.ts,CONFLICT_OURS_ADAPT_REQUIRED,conflict,feat(cutover): 实现P5审批工作台
codex/f-cut-001-matrices,327d14778d91de6f591bf9d02109db0879315d47,F-CUT-005,yudao-ui/yudao-ui-admin-vue3/src/views/pms/cutover/cutover-task/cutoverTaskInteraction.ts,CONFLICT_OURS_ADAPT_REQUIRED,conflict,feat(cutover): 实现P5审批工作台
codex/f-cut-001-matrices,327d14778d91de6f591bf9d02109db0879315d47,F-CUT-005,yudao-ui/yudao-ui-admin-vue3/src/views/pms/cutover/cutover-task/index.vue,CONFLICT_OURS_ADAPT_REQUIRED,conflict,feat(cutover): 实现P5审批工作台
codex/f-cut-001-matrices,ac8a6e5f47f7ce550649bb6ee4571aa149ad565b,F-CUT-005,yudao-ui/yudao-ui-admin-vue3/src/views/pms/cutover/cutover-task/cutoverApprovalComponents.spec.ts,CONFLICT_OURS_ADAPT_REQUIRED,conflict,fix(cutover): 闭合审批工作台交互
codex/f-cut-001-matrices,9e812f9c8cbec1cc65a58044ec5d4da5417093dd,F-CUT-005,pms-module-cutover/src/main/java/cn/iocoder/yudao/module/pms/cutover/service/approval/CutoverApprovalApplicationService.java,CONFLICT_OURS_ADAPT_REQUIRED,conflict,test(cutover): close controlled approval loop
codex/f-cut-001-matrices,9e812f9c8cbec1cc65a58044ec5d4da5417093dd,F-CUT-005,pms-module-cutover/src/main/java/cn/iocoder/yudao/module/pms/cutover/service/approval/CutoverApprovalSourceAssembler.java,CONFLICT_OURS_ADAPT_REQUIRED,conflict,test(cutover): close controlled approval loop
codex/f-cut-001-matrices,9e812f9c8cbec1cc65a58044ec5d4da5417093dd,F-CUT-005,pms-module-cutover/src/test/java/cn/iocoder/yudao/module/pms/cutover/service/approval/CutoverApprovalPositiveLoopMySqlTest.java,CONFLICT_OURS_ADAPT_REQUIRED,conflict,test(cutover): close controlled approval loop
codex/f-cut-001-matrices,a7e5b7b356cc4a2f437db3bd22dc9e062cc07559,F-CUT-005,pms-module-cutover/src/test/java/cn/iocoder/yudao/module/pms/cutover/service/approval/CutoverApprovalPositiveLoopMySqlTest.java,CONFLICT_OURS_ADAPT_REQUIRED,conflict,fix(cutover): preserve uploaded approval content
codex/f-cut-001-matrices,124295f9bae47ff7f67cb51a19aa180a3e154851,F-CUT-006,pms-module-cutover/src/main/java/cn/iocoder/yudao/module/pms/cutover/service/closure/domain/CutoverClosureRules.java,CONFLICT_OURS_ADAPT_REQUIRED,conflict,feat(cutover): add P6 closure consumer ports
codex/f-cut-001-matrices,124295f9bae47ff7f67cb51a19aa180a3e154851,F-INT-012,pms-module-cutover/src/main/java/cn/iocoder/yudao/module/pms/cutover/service/closure/port/CutoverClosureCollectionPort.java,CONFLICT_OURS_ADAPT_REQUIRED,conflict,feat(cutover): add P6 closure consumer ports
codex/f-cut-001-matrices,124295f9bae47ff7f67cb51a19aa180a3e154851,F-CUT-006,pms-module-cutover/src/main/java/cn/iocoder/yudao/module/pms/cutover/service/closure/port/CutoverClosureOwnerFactException.java,CONFLICT_OURS_ADAPT_REQUIRED,conflict,feat(cutover): add P6 closure consumer ports
codex/f-cut-001-matrices,124295f9bae47ff7f67cb51a19aa180a3e154851,F-CUT-006,pms-module-cutover/src/test/java/cn/iocoder/yudao/module/pms/cutover/service/closure/CutoverClosureControlledPorts.java,CONFLICT_OURS_ADAPT_REQUIRED,conflict,feat(cutover): add P6 closure consumer ports
codex/f-cut-001-matrices,124295f9bae47ff7f67cb51a19aa180a3e154851,F-CUT-006,pms-module-cutover/src/test/java/cn/iocoder/yudao/module/pms/cutover/service/closure/CutoverClosurePortContractTest.java,CONFLICT_OURS_ADAPT_REQUIRED,conflict,feat(cutover): add P6 closure consumer ports
codex/f-cut-001-matrices,cb5098f36239f70db639f07e0564300033138f16,F-CUT-006,pms-module-cutover/src/main/java/cn/iocoder/yudao/module/pms/cutover/dal/mysql/closure/CutoverClosureAttachmentMapper.java,CONFLICT_OURS_ADAPT_REQUIRED,conflict,feat(cutover): add P6 closure schema
codex/f-cut-001-matrices,cb5098f36239f70db639f07e0564300033138f16,F-CUT-006,pms-module-cutover/src/main/java/cn/iocoder/yudao/module/pms/cutover/dal/mysql/closure/CutoverClosureMapper.java,CONFLICT_OURS_ADAPT_REQUIRED,conflict,feat(cutover): add P6 closure schema
codex/f-cut-001-matrices,cb5098f36239f70db639f07e0564300033138f16,F-CUT-006,pms-module-cutover/src/main/resources/mapper/closure/CutoverClosureAttachmentMapper.xml,CONFLICT_OURS_ADAPT_REQUIRED,conflict,feat(cutover): add P6 closure schema
codex/f-cut-001-matrices,cb5098f36239f70db639f07e0564300033138f16,F-CUT-006,pms-module-cutover/src/main/resources/mapper/closure/CutoverClosureMapper.xml,CONFLICT_OURS_ADAPT_REQUIRED,conflict,feat(cutover): add P6 closure schema
codex/f-cut-001-matrices,cb5098f36239f70db639f07e0564300033138f16,F-CUT-006,pms-module-cutover/src/test/java/cn/iocoder/yudao/module/pms/cutover/dal/mysql/closure/CutoverClosureMapperContractTest.java,CONFLICT_OURS_ADAPT_REQUIRED,conflict,feat(cutover): add P6 closure schema
codex/f-cut-001-matrices,cb5098f36239f70db639f07e0564300033138f16,F-CUT-006,pms-module-cutover/src/test/java/cn/iocoder/yudao/module/pms/cutover/migration/Fcut006MigrationContractTest.java,CONFLICT_OURS_ADAPT_REQUIRED,conflict,feat(cutover): add P6 closure schema
codex/f-cut-001-matrices,6c3dd42472dc319cc64c5b303f25104b69d57a45,F-CUT-006,pms-module-cutover/src/test/java/cn/iocoder/yudao/module/pms/cutover/migration/Fcut006MigrationContractTest.java,CONFLICT_OURS_ADAPT_REQUIRED,conflict,fix(cutover): preserve P6 closure identity case
codex/f-cut-001-matrices,6d6f0e46e22d7c50e7175eede7d9e50ccb2401e4,F-CUT-006,pms-module-cutover/src/main/java/cn/iocoder/yudao/module/pms/cutover/dal/mysql/closure/CutoverClosureMapper.java,CONFLICT_OURS_ADAPT_REQUIRED,conflict,feat(cutover): add P6 closure draft flow
codex/f-cut-001-matrices,6d6f0e46e22d7c50e7175eede7d9e50ccb2401e4,F-CUT-006,pms-module-cutover/src/main/java/cn/iocoder/yudao/module/pms/cutover/dal/mysql/closure/query/CutoverClosureDraftUpdate.java,CONFLICT_OURS_ADAPT_REQUIRED,conflict,feat(cutover): add P6 closure draft flow
codex/f-cut-001-matrices,6d6f0e46e22d7c50e7175eede7d9e50ccb2401e4,F-CUT-006,pms-module-cutover/src/main/java/cn/iocoder/yudao/module/pms/cutover/service/closure/CutoverClosureApplicationException.java,CONFLICT_OURS_ADAPT_REQUIRED,conflict,feat(cutover): add P6 closure draft flow
codex/f-cut-001-matrices,6d6f0e46e22d7c50e7175eede7d9e50ccb2401e4,F-CUT-006,pms-module-cutover/src/main/java/cn/iocoder/yudao/module/pms/cutover/service/closure/CutoverClosureApplicationService.java,CONFLICT_OURS_ADAPT_REQUIRED,conflict,feat(cutover): add P6 closure draft flow
codex/f-cut-001-matrices,6d6f0e46e22d7c50e7175eede7d9e50ccb2401e4,F-CUT-006,pms-module-cutover/src/main/java/cn/iocoder/yudao/module/pms/cutover/service/closure/CutoverClosureQueryService.java,CONFLICT_OURS_ADAPT_REQUIRED,conflict,feat(cutover): add P6 closure draft flow
codex/f-cut-001-matrices,6d6f0e46e22d7c50e7175eede7d9e50ccb2401e4,F-CUT-006,pms-module-cutover/src/main/java/cn/iocoder/yudao/module/pms/cutover/service/closure/domain/CutoverClosureRules.java,CONFLICT_OURS_ADAPT_REQUIRED,conflict,feat(cutover): add P6 closure draft flow
codex/f-cut-001-matrices,6d6f0e46e22d7c50e7175eede7d9e50ccb2401e4,F-CUT-006,pms-module-cutover/src/main/java/cn/iocoder/yudao/module/pms/cutover/service/closure/view/CutoverClosureView.java,CONFLICT_OURS_ADAPT_REQUIRED,conflict,feat(cutover): add P6 closure draft flow
codex/f-cut-001-matrices,6d6f0e46e22d7c50e7175eede7d9e50ccb2401e4,F-CUT-006,pms-module-cutover/src/main/resources/mapper/closure/CutoverClosureAttachmentMapper.xml,CONFLICT_OURS_ADAPT_REQUIRED,conflict,feat(cutover): add P6 closure draft flow
codex/f-cut-001-matrices,6d6f0e46e22d7c50e7175eede7d9e50ccb2401e4,F-CUT-006,pms-module-cutover/src/main/resources/mapper/closure/CutoverClosureMapper.xml,CONFLICT_OURS_ADAPT_REQUIRED,conflict,feat(cutover): add P6 closure draft flow
codex/f-cut-001-matrices,6d6f0e46e22d7c50e7175eede7d9e50ccb2401e4,F-CUT-006,pms-module-cutover/src/test/java/cn/iocoder/yudao/module/pms/cutover/service/closure/CutoverClosureApplicationMySqlTest.java,CONFLICT_OURS_ADAPT_REQUIRED,conflict,feat(cutover): add P6 closure draft flow
codex/f-cut-001-matrices,6d6f0e46e22d7c50e7175eede7d9e50ccb2401e4,F-CUT-006,pms-module-cutover/src/test/java/cn/iocoder/yudao/module/pms/cutover/service/closure/CutoverClosureApplicationServiceTest.java,CONFLICT_OURS_ADAPT_REQUIRED,conflict,feat(cutover): add P6 closure draft flow
codex/f-cut-001-matrices,6d6f0e46e22d7c50e7175eede7d9e50ccb2401e4,F-CUT-006,pms-module-cutover/src/test/java/cn/iocoder/yudao/module/pms/cutover/service/closure/CutoverClosureQueryServiceTest.java,CONFLICT_OURS_ADAPT_REQUIRED,conflict,feat(cutover): add P6 closure draft flow
codex/f-cut-001-matrices,4d7e42350eab7da0a4826a90a13aab0d4356c695,F-CUT-006,pms-module-cutover/src/main/java/cn/iocoder/yudao/module/pms/cutover/service/closure/CutoverClosureApplicationService.java,CONFLICT_OURS_ADAPT_REQUIRED,conflict,fix(cutover): align P6 draft lifecycle
codex/f-cut-001-matrices,4d7e42350eab7da0a4826a90a13aab0d4356c695,F-CUT-006,pms-module-cutover/src/main/java/cn/iocoder/yudao/module/pms/cutover/service/closure/CutoverClosureQueryService.java,CONFLICT_OURS_ADAPT_REQUIRED,conflict,fix(cutover): align P6 draft lifecycle
codex/f-cut-001-matrices,a99ddf5b726f0dc480bf206cc7ec5c52c24ae580,F-CUT-006,pms-module-cutover/src/main/java/cn/iocoder/yudao/module/pms/cutover/service/closure/CutoverClosureQueryService.java,CONFLICT_OURS_ADAPT_REQUIRED,conflict,fix(cutover): map project scope failures
codex/f-cut-001-matrices,55dc8e4996b3cf424b0ccce642860cfc556c643f,F-INT-012,pms-module-cutover/src/main/java/cn/iocoder/yudao/module/pms/cutover/service/closure/CutoverClosureApplicationException.java,CONFLICT_OURS_ADAPT_REQUIRED,conflict,feat(cutover): add P6 collection flow
codex/f-cut-001-matrices,55dc8e4996b3cf424b0ccce642860cfc556c643f,F-INT-012,pms-module-cutover/src/main/java/cn/iocoder/yudao/module/pms/cutover/service/closure/CutoverClosureApplicationService.java,CONFLICT_OURS_ADAPT_REQUIRED,conflict,feat(cutover): add P6 collection flow
codex/f-cut-001-matrices,55dc8e4996b3cf424b0ccce642860cfc556c643f,F-INT-012,pms-module-cutover/src/main/java/cn/iocoder/yudao/module/pms/cutover/service/closure/command/LinkClosureManualResultCommand.java,CONFLICT_OURS_ADAPT_REQUIRED,conflict,feat(cutover): add P6 collection flow
codex/f-cut-001-matrices,55dc8e4996b3cf424b0ccce642860cfc556c643f,F-INT-012,pms-module-cutover/src/test/java/cn/iocoder/yudao/module/pms/cutover/service/closure/CutoverClosureApplicationMySqlTest.java,CONFLICT_OURS_ADAPT_REQUIRED,conflict,feat(cutover): add P6 collection flow
codex/f-cut-001-matrices,55dc8e4996b3cf424b0ccce642860cfc556c643f,F-INT-012,pms-module-cutover/src/test/java/cn/iocoder/yudao/module/pms/cutover/service/closure/CutoverClosureApplicationServiceTest.java,CONFLICT_OURS_ADAPT_REQUIRED,conflict,feat(cutover): add P6 collection flow
codex/f-cut-001-matrices,c6fe303e2ed9a677b815e11bc37ad639a150bb74,F-INT-012,pms-module-cutover/src/main/java/cn/iocoder/yudao/module/pms/cutover/service/closure/CutoverClosureApplicationService.java,CONFLICT_OURS_ADAPT_REQUIRED,conflict,fix(cutover): stabilize collection result identity
codex/f-cut-001-matrices,3a790c41743377eea35b0cd451f77606622bd616,F-CUT-006,pms-module-cutover/src/main/java/cn/iocoder/yudao/module/pms/cutover/service/closure/CutoverClosureApplicationService.java,CONFLICT_OURS_ADAPT_REQUIRED,conflict,feat(cutover): submit P6 closure
codex/f-cut-001-matrices,3a790c41743377eea35b0cd451f77606622bd616,F-CUT-006,pms-module-cutover/src/test/java/cn/iocoder/yudao/module/pms/cutover/service/closure/CutoverClosureApplicationMySqlTest.java,CONFLICT_OURS_ADAPT_REQUIRED,conflict,feat(cutover): submit P6 closure
codex/f-cut-001-matrices,df1b78304ec29c1b5f44e1547c4fc986cb2891ca,F-CUT-006,pms-module-cutover/src/main/java/cn/iocoder/yudao/module/pms/cutover/controller/admin/taskv2/CutoverClosureController.java,CONFLICT_OURS_ADAPT_REQUIRED,conflict,feat(cutover): expose P6 closure routes
codex/f-cut-001-matrices,df1b78304ec29c1b5f44e1547c4fc986cb2891ca,F-CUT-006,pms-module-cutover/src/main/java/cn/iocoder/yudao/module/pms/cutover/service/closure/CutoverClosureQueryService.java,CONFLICT_OURS_ADAPT_REQUIRED,conflict,feat(cutover): expose P6 closure routes
codex/f-cut-001-matrices,df1b78304ec29c1b5f44e1547c4fc986cb2891ca,F-CUT-006,pms-module-cutover/src/test/java/cn/iocoder/yudao/module/pms/cutover/controller/admin/taskv2/CutoverClosureControllerContractTest.java,CONFLICT_OURS_ADAPT_REQUIRED,conflict,feat(cutover): expose P6 closure routes
codex/f-cut-001-matrices,df1b78304ec29c1b5f44e1547c4fc986cb2891ca,F-CUT-006,pms-module-cutover/src/test/java/cn/iocoder/yudao/module/pms/cutover/controller/admin/taskv2/CutoverClosureRequestCodecTest.java,CONFLICT_OURS_ADAPT_REQUIRED,conflict,feat(cutover): expose P6 closure routes
codex/f-cut-001-matrices,97ee0904a20dedf2a8f0089fabef0a7cfaefa37e,F-CUT-006,pms-module-cutover/src/main/java/cn/iocoder/yudao/module/pms/cutover/service/closure/CutoverClosureApplicationService.java,CONFLICT_OURS_ADAPT_REQUIRED,conflict,fix(cutover): preserve closure error identity
codex/f-cut-001-matrices,c8a793f048b72fd8bac2051c773a5febb9743abd,F-CUT-006,yudao-ui/yudao-ui-admin-vue3/src/views/pms/cutover/cutover-task/components/CutoverClosureEvidencePanel.vue,CONFLICT_OURS_ADAPT_REQUIRED,conflict,feat(cutover): add P6 closure workbench
codex/f-cut-001-matrices,c8a793f048b72fd8bac2051c773a5febb9743abd,F-CUT-006,yudao-ui/yudao-ui-admin-vue3/src/views/pms/cutover/cutover-task/components/CutoverClosureForm.vue,CONFLICT_OURS_ADAPT_REQUIRED,conflict,feat(cutover): add P6 closure workbench
codex/f-cut-001-matrices,c8a793f048b72fd8bac2051c773a5febb9743abd,F-CUT-006,yudao-ui/yudao-ui-admin-vue3/src/views/pms/cutover/cutover-task/components/CutoverClosurePanel.vue,CONFLICT_OURS_ADAPT_REQUIRED,conflict,feat(cutover): add P6 closure workbench
codex/f-cut-001-matrices,c8a793f048b72fd8bac2051c773a5febb9743abd,F-CUT-006,yudao-ui/yudao-ui-admin-vue3/src/views/pms/cutover/cutover-task/cutoverClosureComponents.spec.ts,CONFLICT_OURS_ADAPT_REQUIRED,conflict,feat(cutover): add P6 closure workbench
codex/f-cut-001-matrices,c8a793f048b72fd8bac2051c773a5febb9743abd,F-CUT-006,yudao-ui/yudao-ui-admin-vue3/src/views/pms/cutover/cutover-task/index.vue,CONFLICT_OURS_ADAPT_REQUIRED,conflict,feat(cutover): add P6 closure workbench
codex/f-cut-001-matrices,d3161d9d105dac521ad05b058613ac611620dccb,F-CUT-003,pms-module-cutover/src/test/java/cn/iocoder/yudao/module/pms/cutover/service/checklist/CutoverChecklistPositiveLoopMySqlTest.java,CONFLICT_OURS_ADAPT_REQUIRED,conflict,test(cutover): verify checklist positive loop
codex/f-cut-001-matrices,ec268ab9befc7c9e255ed63a05ecbf646cf03244,F-CUT-003,yudao-ui/yudao-ui-admin-vue3/src/views/pms/cutover/cutover-task/cutoverChecklistComponents.spec.ts,CONFLICT_OURS_ADAPT_REQUIRED,conflict,test(cutover): verify checklist frontend loop
codex/f-cut-001-matrices,4d54f4e1c4864869745d4b9ec89fd6a69726f8ce,F-CUT-006,pms-module-cutover/src/test/java/cn/iocoder/yudao/module/pms/cutover/service/approval/CutoverFullFlowPositiveLoopMySqlTest.java,CONFLICT_OURS_ADAPT_REQUIRED,conflict,fix(cutover): close controlled p1-p6 workflow
codex/f-cut-001-matrices,d584263f8d7a019b57a687c07677d294eaab09e1,F-CUT-006,yudao-ui/yudao-ui-admin-vue3/src/views/pms/cutover/cutover-task/cutoverControlledUiIntegration.spec.ts,CONFLICT_OURS_ADAPT_REQUIRED,conflict,test(cutover): verify controlled p1-p6 ui flow
codex/f-cut-001-matrices,b3c50150761da03a959a5a46f114fe6ed99161c2,F-CUT-006,yudao-ui/yudao-ui-admin-vue3/src/views/pms/cutover/cutover-task/cutoverControlledUiIntegration.spec.ts,CONFLICT_OURS_ADAPT_REQUIRED,conflict,test(cutover): exercise unified p1-p6 workbench
codex/f-cut-001-matrices,7d6a2886c06abd42a1deeb87a0ef6ccd34e33efd,F-CUT-007,pms-module-cutover/src/main/java/cn/iocoder/yudao/module/pms/cutover/service/dashboard/port/CutoverDashboardOwnerFactException.java,CONFLICT_OURS_ADAPT_REQUIRED,conflict,feat(cutover): add dashboard action policy contract
codex/f-cut-001-matrices,a96b0b6fdcd941a132757a3ac41053ba8f50a3c7,F-CUT-007,pms-module-cutover/src/main/java/cn/iocoder/yudao/module/pms/cutover/service/approval/CutoverApprovalQueryService.java,CONFLICT_OURS_ADAPT_REQUIRED,conflict,refactor(cutover): share dashboard action policies
codex/f-cut-001-matrices,a96b0b6fdcd941a132757a3ac41053ba8f50a3c7,F-CUT-007,pms-module-cutover/src/test/java/cn/iocoder/yudao/module/pms/cutover/service/dashboard/CutoverDashboardPolicyTest.java,CONFLICT_OURS_ADAPT_REQUIRED,conflict,refactor(cutover): share dashboard action policies
codex/f-cut-001-matrices,b9a3ab3259bd841b3a13bb75909e8c4e37ced51a,F-CUT-007,pms-module-cutover/src/main/java/cn/iocoder/yudao/module/pms/cutover/service/approval/CutoverApprovalQueryService.java,CONFLICT_OURS_ADAPT_REQUIRED,conflict,fix(cutover): share dashboard approval eligibility
codex/f-cut-001-matrices,22ce22c6e913ae2e03b90e5bab95fb693eb7d2d1,F-CUT-007,pms-module-cutover/src/main/java/cn/iocoder/yudao/module/pms/cutover/service/dashboard/CutoverDashboardQueryService.java,CONFLICT_OURS_ADAPT_REQUIRED,conflict,feat(cutover): aggregate authorized dashboard kpis
codex/f-cut-001-matrices,da1ea93e2cfa4d73bd7513d0c9ed3221058a3f09,F-CUT-007,yudao-ui/yudao-ui-admin-vue3/src/views/pms/cutover/cutover-task/index.vue,CONFLICT_OURS_ADAPT_REQUIRED,conflict,feat(cutover): add authorized dashboard cards
codex/f-cut-001-matrices,3f87003b69bf8653273e66b64bf2399c11788baf,F-CUT-005,pms-module-cutover/src/main/java/cn/iocoder/yudao/module/pms/cutover/service/approval/CutoverApprovalApplicationService.java,CONFLICT_OURS_ADAPT_REQUIRED,conflict,feat(cutover): 扩展P5提醒物理模型
codex/f-cut-001-matrices,3f87003b69bf8653273e66b64bf2399c11788baf,F-CUT-005,pms-module-cutover/src/test/java/cn/iocoder/yudao/module/pms/cutover/migration/Fcut008MigrationContractTest.java,CONFLICT_OURS_ADAPT_REQUIRED,conflict,feat(cutover): 扩展P5提醒物理模型
codex/f-cut-001-matrices,3f87003b69bf8653273e66b64bf2399c11788baf,UNMAPPED,sql/migrations/V157__fcut008_p5_lead_time_notification.sql,MIGRATION_ADAPT_REQUIRED,conflict,old version or mixed/existing table owner
codex/f-cut-001-matrices,2011aa5a4baab0d64566a0f4df7a06a83ec22799,F-CUT-005,pms-module-cutover/src/main/java/cn/iocoder/yudao/module/pms/cutover/controller/admin/taskv2/vo/approval/CutoverApprovalResponses.java,CONFLICT_OURS_ADAPT_REQUIRED,conflict,feat(cutover): 冻结P5提前时间判断
codex/f-cut-001-matrices,2011aa5a4baab0d64566a0f4df7a06a83ec22799,F-CUT-005,pms-module-cutover/src/main/java/cn/iocoder/yudao/module/pms/cutover/service/approval/CutoverApprovalApplicationService.java,CONFLICT_OURS_ADAPT_REQUIRED,conflict,feat(cutover): 冻结P5提前时间判断
codex/f-cut-001-matrices,2011aa5a4baab0d64566a0f4df7a06a83ec22799,F-CUT-005,pms-module-cutover/src/main/java/cn/iocoder/yudao/module/pms/cutover/service/approval/CutoverApprovalQueryService.java,CONFLICT_OURS_ADAPT_REQUIRED,conflict,feat(cutover): 冻结P5提前时间判断
codex/f-cut-001-matrices,2011aa5a4baab0d64566a0f4df7a06a83ec22799,F-CUT-005,pms-module-cutover/src/main/java/cn/iocoder/yudao/module/pms/cutover/service/approval/view/CutoverApprovalViews.java,CONFLICT_OURS_ADAPT_REQUIRED,conflict,feat(cutover): 冻结P5提前时间判断
codex/f-cut-001-matrices,2011aa5a4baab0d64566a0f4df7a06a83ec22799,F-CUT-005,pms-module-cutover/src/test/java/cn/iocoder/yudao/module/pms/cutover/controller/admin/taskv2/CutoverApprovalControllerContractTest.java,CONFLICT_OURS_ADAPT_REQUIRED,conflict,feat(cutover): 冻结P5提前时间判断
codex/f-cut-001-matrices,2011aa5a4baab0d64566a0f4df7a06a83ec22799,F-CUT-005,pms-module-cutover/src/test/java/cn/iocoder/yudao/module/pms/cutover/service/approval/CutoverApprovalQueryServiceTest.java,CONFLICT_OURS_ADAPT_REQUIRED,conflict,feat(cutover): 冻结P5提前时间判断
codex/f-cut-001-matrices,2011aa5a4baab0d64566a0f4df7a06a83ec22799,F-CUT-005,pms-module-cutover/src/test/java/cn/iocoder/yudao/module/pms/cutover/service/approval/CutoverApprovalStartServiceTest.java,CONFLICT_OURS_ADAPT_REQUIRED,conflict,feat(cutover): 冻结P5提前时间判断
codex/f-cut-001-matrices,1edc713e5975821abb4f845f76701d5954e22535,F-CUT-005,pms-module-cutover/src/test/java/cn/iocoder/yudao/module/pms/cutover/service/approval/CutoverApprovalPositiveLoopMySqlTest.java,CONFLICT_OURS_ADAPT_REQUIRED,conflict,fix(cutover): 统一P4提交与审批冻结时间
codex/f-cut-001-matrices,aa2376d2d5ba78ce3cb9c04bd9fc2012dd7cd6af,F-CUT-005,pms-module-cutover/src/main/java/cn/iocoder/yudao/module/pms/cutover/service/approval/CutoverApprovalApplicationService.java,CONFLICT_OURS_ADAPT_REQUIRED,conflict,feat(cutover): 创建P5外部提醒请求
codex/f-cut-001-matrices,aa2376d2d5ba78ce3cb9c04bd9fc2012dd7cd6af,F-CUT-005,pms-module-cutover/src/main/java/cn/iocoder/yudao/module/pms/cutover/service/approval/notification/CutoverExternalNotificationRequestFactory.java,CONFLICT_OURS_ADAPT_REQUIRED,conflict,feat(cutover): 创建P5外部提醒请求
codex/f-cut-001-matrices,aa2376d2d5ba78ce3cb9c04bd9fc2012dd7cd6af,F-CUT-005,pms-module-cutover/src/test/java/cn/iocoder/yudao/module/pms/cutover/service/approval/CutoverApprovalDecisionServiceTest.java,CONFLICT_OURS_ADAPT_REQUIRED,conflict,feat(cutover): 创建P5外部提醒请求
codex/f-cut-001-matrices,aa2376d2d5ba78ce3cb9c04bd9fc2012dd7cd6af,F-CUT-005,pms-module-cutover/src/test/java/cn/iocoder/yudao/module/pms/cutover/service/approval/CutoverApprovalExternalNotificationCreationTest.java,CONFLICT_OURS_ADAPT_REQUIRED,conflict,feat(cutover): 创建P5外部提醒请求
codex/f-cut-001-matrices,aa2376d2d5ba78ce3cb9c04bd9fc2012dd7cd6af,F-CUT-005,pms-module-cutover/src/test/java/cn/iocoder/yudao/module/pms/cutover/service/approval/CutoverApprovalStartServiceTest.java,CONFLICT_OURS_ADAPT_REQUIRED,conflict,feat(cutover): 创建P5外部提醒请求
codex/f-cut-001-matrices,8889fe968477c9e3443d7ec5d943adaabebca265,F-CUT-005,pms-module-cutover/src/test/java/cn/iocoder/yudao/module/pms/cutover/migration/Fcut008MigrationContractTest.java,CONFLICT_OURS_ADAPT_REQUIRED,conflict,feat(cutover): 持久化P5提醒关联链
codex/f-cut-001-matrices,373a78839a090abf225b3d07b7681a1096da045e,F-CUT-005,pms-module-cutover/src/test/java/cn/iocoder/yudao/module/pms/cutover/service/approval/CutoverApprovalPositiveLoopMySqlTest.java,CONFLICT_OURS_ADAPT_REQUIRED,conflict,feat(cutover): 增加P5外部提醒投递候选
codex/f-cut-001-matrices,706b6c2a7c9c861b09a3e0118877f68f0d6654a5,F-CUT-003,pms-module-cutover/src/main/java/cn/iocoder/yudao/module/pms/cutover/controller/admin/configuration/vo/CutoverConfigurationSaveReqVO.java,CONFLICT_OURS_ADAPT_REQUIRED,conflict,feat(cutover): 接通P3提交导航决定
codex/f-cut-001-matrices,706b6c2a7c9c861b09a3e0118877f68f0d6654a5,F-CUT-003,pms-module-cutover/src/main/java/cn/iocoder/yudao/module/pms/cutover/service/configuration/CutoverConfigurationServiceImpl.java,CONFLICT_OURS_ADAPT_REQUIRED,conflict,feat(cutover): 接通P3提交导航决定
codex/f-cut-001-matrices,706b6c2a7c9c861b09a3e0118877f68f0d6654a5,F-CUT-003,pms-module-cutover/src/main/java/cn/iocoder/yudao/module/pms/cutover/service/configuration/CutoverNavigationRuleCodec.java,CONFLICT_OURS_ADAPT_REQUIRED,conflict,feat(cutover): 接通P3提交导航决定
codex/f-cut-001-matrices,706b6c2a7c9c861b09a3e0118877f68f0d6654a5,F-CUT-003,pms-module-cutover/src/test/java/cn/iocoder/yudao/module/pms/cutover/migration/Fcut009MigrationContractTest.java,CONFLICT_OURS_ADAPT_REQUIRED,conflict,feat(cutover): 接通P3提交导航决定
codex/f-cut-001-matrices,706b6c2a7c9c861b09a3e0118877f68f0d6654a5,F-CUT-003,pms-module-cutover/src/test/java/cn/iocoder/yudao/module/pms/cutover/service/checklist/CutoverChecklistPositiveLoopMySqlTest.java,CONFLICT_OURS_ADAPT_REQUIRED,conflict,feat(cutover): 接通P3提交导航决定
codex/f-cut-001-matrices,706b6c2a7c9c861b09a3e0118877f68f0d6654a5,F-CUT-003,pms-module-cutover/src/test/java/cn/iocoder/yudao/module/pms/cutover/service/configuration/CutoverNavigationRuleCodecTest.java,CONFLICT_OURS_ADAPT_REQUIRED,conflict,feat(cutover): 接通P3提交导航决定
codex/f-cut-001-matrices,c7d3aa0fcf6099d85045002a03b71614779e972b,F-CUT-003,pms-module-cutover/src/test/java/cn/iocoder/yudao/module/pms/cutover/service/checklist/CutoverChecklistPositiveLoopMySqlTest.java,CONFLICT_OURS_ADAPT_REQUIRED,conflict,fix(cutover): 补齐导航规则门禁闭环
codex/f-cut-001-matrices,523520c9dc79518399b39f41b73032f41bf31e55,F-CUT-003,pms-module-cutover/src/main/java/cn/iocoder/yudao/module/pms/cutover/service/checklist/CutoverChecklistExportService.java,CONFLICT_OURS_ADAPT_REQUIRED,conflict,feat(cutover): 增加授权清单导出
codex/f-cut-001-matrices,1a37a546f4d95519e8ac631c20dc91c4f01db5fb,F-CUT-010,scripts/tests/test_validate_domain_entity_migration_alignment.py,CONFLICT_OURS_ADAPT_REQUIRED,conflict,fix(cutover): 收敛备件协同Feature合同
codex/f-cut-001-matrices,1a37a546f4d95519e8ac631c20dc91c4f01db5fb,F-CUT-010,scripts/tests/test_validate_sds_phase2.py,CONFLICT_OURS_ADAPT_REQUIRED,conflict,fix(cutover): 收敛备件协同Feature合同
codex/f-cut-001-matrices,aa803a52e342f93253a0865c077f00795d14c714,F-CUT-010,pms-module-cutover-api/src/main/java/cn/iocoder/yudao/module/pms/cutover/api/spare/dto/SpareCallbackContractRules.java,CONFLICT_OURS_ADAPT_REQUIRED,conflict,feat(cutover): 建立备件协同公共合同
codex/f-cut-001-matrices,aa803a52e342f93253a0865c077f00795d14c714,F-CUT-010,pms-module-cutover-api/src/test/java/cn/iocoder/yudao/module/pms/cutover/api/spare/CutoverSpareCallbackApiContractTest.java,CONFLICT_OURS_ADAPT_REQUIRED,conflict,feat(cutover): 建立备件协同公共合同
codex/f-cut-001-matrices,aa803a52e342f93253a0865c077f00795d14c714,F-CUT-010,pms-module-cutover/src/main/java/cn/iocoder/yudao/module/pms/cutover/service/spare/port/SpareApplicationGateway.java,CONFLICT_OURS_ADAPT_REQUIRED,conflict,feat(cutover): 建立备件协同公共合同
codex/f-cut-001-matrices,aa803a52e342f93253a0865c077f00795d14c714,F-CUT-010,pms-module-cutover/src/test/java/cn/iocoder/yudao/module/pms/cutover/service/spare/SpareNeedSnapshotCodecTest.java,CONFLICT_OURS_ADAPT_REQUIRED,conflict,feat(cutover): 建立备件协同公共合同
codex/f-cut-001-matrices,750ef1abf8a88c1d6ed0c4821797ef512aa22296,F-CUT-010,pms-module-cutover/src/main/resources/mapper/spare/CutoverSpareManualEvidenceMapper.xml,CONFLICT_OURS_ADAPT_REQUIRED,conflict,feat(cutover): 建立备件协同持久化合同
codex/f-cut-001-matrices,750ef1abf8a88c1d6ed0c4821797ef512aa22296,F-CUT-010,pms-module-cutover/src/test/java/cn/iocoder/yudao/module/pms/cutover/dal/mysql/spare/CutoverSpareMapperContractTest.java,CONFLICT_OURS_ADAPT_REQUIRED,conflict,feat(cutover): 建立备件协同持久化合同
codex/f-cut-001-matrices,750ef1abf8a88c1d6ed0c4821797ef512aa22296,F-CUT-010,pms-module-cutover/src/test/java/cn/iocoder/yudao/module/pms/cutover/migration/Fcut010MigrationContractTest.java,CONFLICT_OURS_ADAPT_REQUIRED,conflict,feat(cutover): 建立备件协同持久化合同
