replayOrder,sourceCommit,sourceCommitterDate,sourceBranches,receiptCommit,feature,path,decision,detail,subject
1,c5d4550a826567e42289929b8652df9d0b73d6a3,2026-08-28T01:21:56+08:00,prereq-parallel-check-kKiAdn,57d9557fcf3890273b1312e3617b997f7a30e446,UNMAPPED,AGENTS.md,EXCLUDED_SOURCE_METADATA,regenerated after code replay,feat: auto committed
2,8425805911703c3c75387ba7e9bea75dedd6f076,2026-08-28T09:53:22+08:00,prereq-parallel-check-kKiAdn,a4f0a31cb1b972799208aa0aeef299a190a2fcbe,UNMAPPED,.gitignore,APPLIED_CODE_CHANGE,clean per-commit delta,feat(integration): 建立 Device Ops 集成基础能力
2,8425805911703c3c75387ba7e9bea75dedd6f076,2026-08-28T09:53:22+08:00,prereq-parallel-check-kKiAdn,a4f0a31cb1b972799208aa0aeef299a190a2fcbe,UNMAPPED,docs/design/02c-data-ownership-matrix.md,EXCLUDED_SOURCE_METADATA,regenerated after code replay,feat(integration): 建立 Device Ops 集成基础能力
2,8425805911703c3c75387ba7e9bea75dedd6f076,2026-08-28T09:53:22+08:00,prereq-parallel-check-kKiAdn,a4f0a31cb1b972799208aa0aeef299a190a2fcbe,UNMAPPED,docs/design/03-system-architecture.md,EXCLUDED_SOURCE_METADATA,regenerated after code replay,feat(integration): 建立 Device Ops 集成基础能力
2,8425805911703c3c75387ba7e9bea75dedd6f076,2026-08-28T09:53:22+08:00,prereq-parallel-check-kKiAdn,a4f0a31cb1b972799208aa0aeef299a190a2fcbe,UNMAPPED,docs/design/04-module-design.md,EXCLUDED_SOURCE_METADATA,regenerated after code replay,feat(integration): 建立 Device Ops 集成基础能力
2,8425805911703c3c75387ba7e9bea75dedd6f076,2026-08-28T09:53:22+08:00,prereq-parallel-check-kKiAdn,a4f0a31cb1b972799208aa0aeef299a190a2fcbe,UNMAPPED,docs/design/05-state-machine.md,EXCLUDED_SOURCE_METADATA,regenerated after code replay,feat(integration): 建立 Device Ops 集成基础能力
2,8425805911703c3c75387ba7e9bea75dedd6f076,2026-08-28T09:53:22+08:00,prereq-parallel-check-kKiAdn,a4f0a31cb1b972799208aa0aeef299a190a2fcbe,UNMAPPED,docs/design/08-data-model.md,EXCLUDED_SOURCE_METADATA,regenerated after code replay,feat(integration): 建立 Device Ops 集成基础能力
2,8425805911703c3c75387ba7e9bea75dedd6f076,2026-08-28T09:53:22+08:00,prereq-parallel-check-kKiAdn,a4f0a31cb1b972799208aa0aeef299a190a2fcbe,UNMAPPED,docs/design/09-database-design.md,EXCLUDED_SOURCE_METADATA,regenerated after code replay,feat(integration): 建立 Device Ops 集成基础能力
2,8425805911703c3c75387ba7e9bea75dedd6f076,2026-08-28T09:53:22+08:00,prereq-parallel-check-kKiAdn,a4f0a31cb1b972799208aa0aeef299a190a2fcbe,UNMAPPED,docs/design/10-api-design.md,EXCLUDED_SOURCE_METADATA,regenerated after code replay,feat(integration): 建立 Device Ops 集成基础能力
2,8425805911703c3c75387ba7e9bea75dedd6f076,2026-08-28T09:53:22+08:00,prereq-parallel-check-kKiAdn,a4f0a31cb1b972799208aa0aeef299a190a2fcbe,UNMAPPED,docs/design/11-event-design.md,EXCLUDED_SOURCE_METADATA,regenerated after code replay,feat(integration): 建立 Device Ops 集成基础能力
2,8425805911703c3c75387ba7e9bea75dedd6f076,2026-08-28T09:53:22+08:00,prereq-parallel-check-kKiAdn,a4f0a31cb1b972799208aa0aeef299a190a2fcbe,UNMAPPED,docs/design/12-integration-design.md,EXCLUDED_SOURCE_METADATA,regenerated after code replay,feat(integration): 建立 Device Ops 集成基础能力
2,8425805911703c3c75387ba7e9bea75dedd6f076,2026-08-28T09:53:22+08:00,prereq-parallel-check-kKiAdn,a4f0a31cb1b972799208aa0aeef299a190a2fcbe,UNMAPPED,docs/design/13-file-design.md,EXCLUDED_SOURCE_METADATA,regenerated after code replay,feat(integration): 建立 Device Ops 集成基础能力
2,8425805911703c3c75387ba7e9bea75dedd6f076,2026-08-28T09:53:22+08:00,prereq-parallel-check-kKiAdn,a4f0a31cb1b972799208aa0aeef299a190a2fcbe,F-INT-012,docs/superpowers/plans/2026-08-28-device-ops-platform-integration.md,EXCLUDED_SOURCE_METADATA,regenerated after code replay,feat(integration): 建立 Device Ops 集成基础能力
2,8425805911703c3c75387ba7e9bea75dedd6f076,2026-08-28T09:53:22+08:00,prereq-parallel-check-kKiAdn,a4f0a31cb1b972799208aa0aeef299a190a2fcbe,F-INT-012,docs/superpowers/specs/2026-08-28-device-ops-platform-integration-design.md,EXCLUDED_SOURCE_METADATA,regenerated after code replay,feat(integration): 建立 Device Ops 集成基础能力
2,8425805911703c3c75387ba7e9bea75dedd6f076,2026-08-28T09:53:22+08:00,prereq-parallel-check-kKiAdn,a4f0a31cb1b972799208aa0aeef299a190a2fcbe,UNMAPPED,docs/traceability/requirement-matrix.md,EXCLUDED_SOURCE_METADATA,regenerated after code replay,feat(integration): 建立 Device Ops 集成基础能力
2,8425805911703c3c75387ba7e9bea75dedd6f076,2026-08-28T09:53:22+08:00,prereq-parallel-check-kKiAdn,a4f0a31cb1b972799208aa0aeef299a190a2fcbe,UNMAPPED,pms-module-integration/pom.xml,CONFLICTING_HUNKS_PENDING,rejected_hunks=1 rc=1,feat(integration): 建立 Device Ops 集成基础能力
2,8425805911703c3c75387ba7e9bea75dedd6f076,2026-08-28T09:53:22+08:00,prereq-parallel-check-kKiAdn,a4f0a31cb1b972799208aa0aeef299a190a2fcbe,UNMAPPED,pms-module-platform/pom.xml,APPLIED_CODE_CHANGE,clean per-commit delta,feat(integration): 建立 Device Ops 集成基础能力
2,8425805911703c3c75387ba7e9bea75dedd6f076,2026-08-28T09:53:22+08:00,prereq-parallel-check-kKiAdn,a4f0a31cb1b972799208aa0aeef299a190a2fcbe,F-INT-012,pms-module-platform/src/main/java/cn/iocoder/yudao/module/pms/platform/dal/dataobject/collection/CollectionTaskDO.java,APPLIED_ADD_ADD,current-semantic-superset,feat(integration): 建立 Device Ops 集成基础能力
2,8425805911703c3c75387ba7e9bea75dedd6f076,2026-08-28T09:53:22+08:00,prereq-parallel-check-kKiAdn,a4f0a31cb1b972799208aa0aeef299a190a2fcbe,F-INT-012,pms-module-platform/src/main/java/cn/iocoder/yudao/module/pms/platform/dal/mysql/collection/CollectionBatchMapper.java,APPLIED_ADD_ADD,current-semantic-superset,feat(integration): 建立 Device Ops 集成基础能力
2,8425805911703c3c75387ba7e9bea75dedd6f076,2026-08-28T09:53:22+08:00,prereq-parallel-check-kKiAdn,a4f0a31cb1b972799208aa0aeef299a190a2fcbe,F-INT-012,pms-module-platform/src/main/java/cn/iocoder/yudao/module/pms/platform/dal/mysql/collection/CollectionTaskMapper.java,APPLIED_ADD_ADD,current-semantic-superset,feat(integration): 建立 Device Ops 集成基础能力
2,8425805911703c3c75387ba7e9bea75dedd6f076,2026-08-28T09:53:22+08:00,prereq-parallel-check-kKiAdn,a4f0a31cb1b972799208aa0aeef299a190a2fcbe,F-INT-012,pms-module-platform/src/main/java/cn/iocoder/yudao/module/pms/platform/service/collection/CredentialTokenService.java,CONFLICTING_HUNKS_PENDING,rejected_hunks=0 rc=1,feat(integration): 建立 Device Ops 集成基础能力
2,8425805911703c3c75387ba7e9bea75dedd6f076,2026-08-28T09:53:22+08:00,prereq-parallel-check-kKiAdn,a4f0a31cb1b972799208aa0aeef299a190a2fcbe,F-INT-012,pms-module-platform/src/main/resources/mapper/collection/CollectionBatchMapper.xml,APPLIED_ADD_ADD,current-semantic-superset,feat(integration): 建立 Device Ops 集成基础能力
2,8425805911703c3c75387ba7e9bea75dedd6f076,2026-08-28T09:53:22+08:00,prereq-parallel-check-kKiAdn,a4f0a31cb1b972799208aa0aeef299a190a2fcbe,F-INT-012,pms-module-platform/src/main/resources/mapper/collection/CollectionTaskMapper.xml,APPLIED_ADD_ADD,current-semantic-superset,feat(integration): 建立 Device Ops 集成基础能力
2,8425805911703c3c75387ba7e9bea75dedd6f076,2026-08-28T09:53:22+08:00,prereq-parallel-check-kKiAdn,a4f0a31cb1b972799208aa0aeef299a190a2fcbe,UNMAPPED,pom.xml,APPLIED_CODE_CHANGE,clean per-commit delta,feat(integration): 建立 Device Ops 集成基础能力
2,8425805911703c3c75387ba7e9bea75dedd6f076,2026-08-28T09:53:22+08:00,prereq-parallel-check-kKiAdn,a4f0a31cb1b972799208aa0aeef299a190a2fcbe,UNMAPPED,sql/migrations/V104__device_ops_integration_foundation.sql,APPLIED_CODE_CHANGE,clean per-commit delta,feat(integration): 建立 Device Ops 集成基础能力
2,8425805911703c3c75387ba7e9bea75dedd6f076,2026-08-28T09:53:22+08:00,prereq-parallel-check-kKiAdn,a4f0a31cb1b972799208aa0aeef299a190a2fcbe,UNMAPPED,yudao-module-infra/pom.xml,CONFLICTING_HUNKS_PENDING,rejected_hunks=1 rc=1,feat(integration): 建立 Device Ops 集成基础能力
2,8425805911703c3c75387ba7e9bea75dedd6f076,2026-08-28T09:53:22+08:00,prereq-parallel-check-kKiAdn,a4f0a31cb1b972799208aa0aeef299a190a2fcbe,UNMAPPED,yudao-module-infra/src/main/java/cn/iocoder/yudao/module/infra/api/file/ArtifactFileApi.java,APPLIED_CODE_CHANGE,clean per-commit delta,feat(integration): 建立 Device Ops 集成基础能力
2,8425805911703c3c75387ba7e9bea75dedd6f076,2026-08-28T09:53:22+08:00,prereq-parallel-check-kKiAdn,a4f0a31cb1b972799208aa0aeef299a190a2fcbe,UNMAPPED,yudao-module-infra/src/main/java/cn/iocoder/yudao/module/infra/api/file/dto/ArtifactFileCreateCommand.java,APPLIED_CODE_CHANGE,clean per-commit delta,feat(integration): 建立 Device Ops 集成基础能力
2,8425805911703c3c75387ba7e9bea75dedd6f076,2026-08-28T09:53:22+08:00,prereq-parallel-check-kKiAdn,a4f0a31cb1b972799208aa0aeef299a190a2fcbe,UNMAPPED,yudao-module-infra/src/main/java/cn/iocoder/yudao/module/infra/api/file/dto/ArtifactFileVersionDTO.java,APPLIED_CODE_CHANGE,clean per-commit delta,feat(integration): 建立 Device Ops 集成基础能力
2,8425805911703c3c75387ba7e9bea75dedd6f076,2026-08-28T09:53:22+08:00,prereq-parallel-check-kKiAdn,a4f0a31cb1b972799208aa0aeef299a190a2fcbe,UNMAPPED,yudao-module-infra/src/main/java/cn/iocoder/yudao/module/infra/dal/dataobject/file/FileArtifactDO.java,APPLIED_CODE_CHANGE,clean per-commit delta,feat(integration): 建立 Device Ops 集成基础能力
2,8425805911703c3c75387ba7e9bea75dedd6f076,2026-08-28T09:53:22+08:00,prereq-parallel-check-kKiAdn,a4f0a31cb1b972799208aa0aeef299a190a2fcbe,UNMAPPED,yudao-module-infra/src/main/java/cn/iocoder/yudao/module/infra/dal/dataobject/file/FileVersionDO.java,APPLIED_CODE_CHANGE,clean per-commit delta,feat(integration): 建立 Device Ops 集成基础能力
2,8425805911703c3c75387ba7e9bea75dedd6f076,2026-08-28T09:53:22+08:00,prereq-parallel-check-kKiAdn,a4f0a31cb1b972799208aa0aeef299a190a2fcbe,UNMAPPED,yudao-module-infra/src/main/java/cn/iocoder/yudao/module/infra/dal/mysql/file/FileArtifactMapper.java,APPLIED_CODE_CHANGE,clean per-commit delta,feat(integration): 建立 Device Ops 集成基础能力
2,8425805911703c3c75387ba7e9bea75dedd6f076,2026-08-28T09:53:22+08:00,prereq-parallel-check-kKiAdn,a4f0a31cb1b972799208aa0aeef299a190a2fcbe,UNMAPPED,yudao-module-infra/src/main/java/cn/iocoder/yudao/module/infra/dal/mysql/file/FileVersionMapper.java,APPLIED_CODE_CHANGE,clean per-commit delta,feat(integration): 建立 Device Ops 集成基础能力
2,8425805911703c3c75387ba7e9bea75dedd6f076,2026-08-28T09:53:22+08:00,prereq-parallel-check-kKiAdn,a4f0a31cb1b972799208aa0aeef299a190a2fcbe,UNMAPPED,yudao-module-infra/src/main/java/cn/iocoder/yudao/module/infra/framework/file/core/client/FileClient.java,APPLIED_CODE_CHANGE,clean per-commit delta,feat(integration): 建立 Device Ops 集成基础能力
2,8425805911703c3c75387ba7e9bea75dedd6f076,2026-08-28T09:53:22+08:00,prereq-parallel-check-kKiAdn,a4f0a31cb1b972799208aa0aeef299a190a2fcbe,UNMAPPED,yudao-module-infra/src/main/java/cn/iocoder/yudao/module/infra/framework/file/core/client/db/DBFileClient.java,APPLIED_CODE_CHANGE,clean per-commit delta,feat(integration): 建立 Device Ops 集成基础能力
2,8425805911703c3c75387ba7e9bea75dedd6f076,2026-08-28T09:53:22+08:00,prereq-parallel-check-kKiAdn,a4f0a31cb1b972799208aa0aeef299a190a2fcbe,UNMAPPED,yudao-module-infra/src/main/java/cn/iocoder/yudao/module/infra/framework/file/core/client/ftp/FtpFileClient.java,APPLIED_CODE_CHANGE,clean per-commit delta,feat(integration): 建立 Device Ops 集成基础能力
2,8425805911703c3c75387ba7e9bea75dedd6f076,2026-08-28T09:53:22+08:00,prereq-parallel-check-kKiAdn,a4f0a31cb1b972799208aa0aeef299a190a2fcbe,UNMAPPED,yudao-module-infra/src/main/java/cn/iocoder/yudao/module/infra/framework/file/core/client/local/LocalFileClient.java,APPLIED_CODE_CHANGE,clean per-commit delta,feat(integration): 建立 Device Ops 集成基础能力
2,8425805911703c3c75387ba7e9bea75dedd6f076,2026-08-28T09:53:22+08:00,prereq-parallel-check-kKiAdn,a4f0a31cb1b972799208aa0aeef299a190a2fcbe,UNMAPPED,yudao-module-infra/src/main/java/cn/iocoder/yudao/module/infra/framework/file/core/client/s3/S3FileClient.java,APPLIED_CODE_CHANGE,clean per-commit delta,feat(integration): 建立 Device Ops 集成基础能力
2,8425805911703c3c75387ba7e9bea75dedd6f076,2026-08-28T09:53:22+08:00,prereq-parallel-check-kKiAdn,a4f0a31cb1b972799208aa0aeef299a190a2fcbe,UNMAPPED,yudao-module-infra/src/main/java/cn/iocoder/yudao/module/infra/framework/file/core/client/sftp/SftpFileClient.java,APPLIED_CODE_CHANGE,clean per-commit delta,feat(integration): 建立 Device Ops 集成基础能力
2,8425805911703c3c75387ba7e9bea75dedd6f076,2026-08-28T09:53:22+08:00,prereq-parallel-check-kKiAdn,a4f0a31cb1b972799208aa0aeef299a190a2fcbe,UNMAPPED,yudao-module-infra/src/main/java/cn/iocoder/yudao/module/infra/service/file/ArtifactFileApiImpl.java,APPLIED_CODE_CHANGE,clean per-commit delta,feat(integration): 建立 Device Ops 集成基础能力
2,8425805911703c3c75387ba7e9bea75dedd6f076,2026-08-28T09:53:22+08:00,prereq-parallel-check-kKiAdn,a4f0a31cb1b972799208aa0aeef299a190a2fcbe,UNMAPPED,yudao-module-infra/src/main/java/cn/iocoder/yudao/module/infra/service/file/ArtifactFileService.java,APPLIED_CODE_CHANGE,clean per-commit delta,feat(integration): 建立 Device Ops 集成基础能力
2,8425805911703c3c75387ba7e9bea75dedd6f076,2026-08-28T09:53:22+08:00,prereq-parallel-check-kKiAdn,a4f0a31cb1b972799208aa0aeef299a190a2fcbe,UNMAPPED,yudao-module-infra/src/test/java/cn/iocoder/yudao/module/infra/service/file/ArtifactFileServiceTest.java,APPLIED_CODE_CHANGE,clean per-commit delta,feat(integration): 建立 Device Ops 集成基础能力
3,d2d1765ffe14233d8041d4b10c871d246c4a9183,2026-08-28T11:17:11+08:00,prereq-parallel-check-kKiAdn,b9bdb0a60dd9cb83de8f73611a688a75b443fcdc,UNMAPPED,pms-module-platform/pom.xml,CONFLICTING_HUNKS_PENDING,rejected_hunks=1 rc=1,feat(platform): 实现设备凭证授权与一次性取密
3,d2d1765ffe14233d8041d4b10c871d246c4a9183,2026-08-28T11:17:11+08:00,prereq-parallel-check-kKiAdn,b9bdb0a60dd9cb83de8f73611a688a75b443fcdc,F-INT-012,pms-module-platform/src/main/java/cn/iocoder/yudao/module/pms/platform/controller/admin/collection/DeviceCredentialController.java,CONFLICTING_HUNKS_PENDING,rejected_hunks=0 rc=1,feat(platform): 实现设备凭证授权与一次性取密
3,d2d1765ffe14233d8041d4b10c871d246c4a9183,2026-08-28T11:17:11+08:00,prereq-parallel-check-kKiAdn,b9bdb0a60dd9cb83de8f73611a688a75b443fcdc,F-INT-012,pms-module-platform/src/main/java/cn/iocoder/yudao/module/pms/platform/dal/mysql/collection/CollectionTaskMapper.java,CONFLICTING_HUNKS_PENDING,rejected_hunks=1 rc=1,feat(platform): 实现设备凭证授权与一次性取密
3,d2d1765ffe14233d8041d4b10c871d246c4a9183,2026-08-28T11:17:11+08:00,prereq-parallel-check-kKiAdn,b9bdb0a60dd9cb83de8f73611a688a75b443fcdc,F-INT-012,pms-module-platform/src/main/resources/mapper/collection/CollectionTaskMapper.xml,CONFLICTING_HUNKS_PENDING,rejected_hunks=1 rc=1,feat(platform): 实现设备凭证授权与一次性取密
3,d2d1765ffe14233d8041d4b10c871d246c4a9183,2026-08-28T11:17:11+08:00,prereq-parallel-check-kKiAdn,b9bdb0a60dd9cb83de8f73611a688a75b443fcdc,F-INT-012,pms-module-platform/src/test/java/cn/iocoder/yudao/module/pms/platform/controller/admin/collection/DeviceCredentialControllerContractTest.java,CONFLICTING_HUNKS_PENDING,rejected_hunks=0 rc=1,feat(platform): 实现设备凭证授权与一次性取密
3,d2d1765ffe14233d8041d4b10c871d246c4a9183,2026-08-28T11:17:11+08:00,prereq-parallel-check-kKiAdn,b9bdb0a60dd9cb83de8f73611a688a75b443fcdc,UNMAPPED,sql/migrations/V105__device_ops_credentials_and_dispatch.sql,APPLIED_CODE_CHANGE,clean per-commit delta,feat(platform): 实现设备凭证授权与一次性取密
4,cdfbd71a1722f9696c1dbb8713566de9e88ff97c,2026-08-28T19:40:33+08:00,prereq-parallel-check-kKiAdn,6a746a690405f98638a567830eaae06dc5d522cf,F-AST-001,.spec-repo-f-ast-001,RESOLVED_BOTH_DELETED,both sides absent,feat(platform): 实现采集回调与结果消费确认
4,cdfbd71a1722f9696c1dbb8713566de9e88ff97c,2026-08-28T19:40:33+08:00,prereq-parallel-check-kKiAdn,6a746a690405f98638a567830eaae06dc5d522cf,UNMAPPED,docs/specification-baseline/README.md,EXCLUDED_SOURCE_METADATA,regenerated after code replay,feat(platform): 实现采集回调与结果消费确认
4,cdfbd71a1722f9696c1dbb8713566de9e88ff97c,2026-08-28T19:40:33+08:00,prereq-parallel-check-kKiAdn,6a746a690405f98638a567830eaae06dc5d522cf,UNMAPPED,docs/specification-baseline/allowlist.json,EXCLUDED_SOURCE_METADATA,regenerated after code replay,feat(platform): 实现采集回调与结果消费确认
4,cdfbd71a1722f9696c1dbb8713566de9e88ff97c,2026-08-28T19:40:33+08:00,prereq-parallel-check-kKiAdn,6a746a690405f98638a567830eaae06dc5d522cf,UNMAPPED,docs/specification-baseline/manifest.json,EXCLUDED_SOURCE_METADATA,regenerated after code replay,feat(platform): 实现采集回调与结果消费确认
4,cdfbd71a1722f9696c1dbb8713566de9e88ff97c,2026-08-28T19:40:33+08:00,prereq-parallel-check-kKiAdn,6a746a690405f98638a567830eaae06dc5d522cf,UNMAPPED,docs/traceability/requirement-matrix.md,EXCLUDED_SOURCE_METADATA,regenerated after code replay,feat(platform): 实现采集回调与结果消费确认
4,cdfbd71a1722f9696c1dbb8713566de9e88ff97c,2026-08-28T19:40:33+08:00,prereq-parallel-check-kKiAdn,6a746a690405f98638a567830eaae06dc5d522cf,UNMAPPED,scripts/tests/test_specification_baseline.py,APPLIED_SOURCE_FILE,current side absent,feat(platform): 实现采集回调与结果消费确认
4,cdfbd71a1722f9696c1dbb8713566de9e88ff97c,2026-08-28T19:40:33+08:00,prereq-parallel-check-kKiAdn,6a746a690405f98638a567830eaae06dc5d522cf,F-INT-012,specs/features/F-INT-012-device-ops-collection-integration.md,EXCLUDED_SOURCE_METADATA,regenerated after code replay,feat(platform): 实现采集回调与结果消费确认
4,cdfbd71a1722f9696c1dbb8713566de9e88ff97c,2026-08-28T19:40:33+08:00,prereq-parallel-check-kKiAdn,6a746a690405f98638a567830eaae06dc5d522cf,UNMAPPED,specs/features/README.md,EXCLUDED_SOURCE_METADATA,regenerated after code replay,feat(platform): 实现采集回调与结果消费确认
4,cdfbd71a1722f9696c1dbb8713566de9e88ff97c,2026-08-28T19:40:33+08:00,prereq-parallel-check-kKiAdn,6a746a690405f98638a567830eaae06dc5d522cf,UNMAPPED,sql/migrations/V106__device_ops_callback_consumption.sql,APPLIED_CODE_CHANGE,clean per-commit delta,feat(platform): 实现采集回调与结果消费确认
5,57a87430a6c0e723078647b5327d76718b6a5c0f,2026-08-29T13:21:25+08:00,codex/f-acc-001-sds,da6e00b1308d8c80c189eabf32234a604cf4777c,F-COM-001,docs/traceability/requirement-matrix.md,EXCLUDED_SOURCE_METADATA,regenerated after code replay,docs(commerce): 新增 COM-01 Feature Ready 候选
5,57a87430a6c0e723078647b5327d76718b6a5c0f,2026-08-29T13:21:25+08:00,codex/f-acc-001-sds,da6e00b1308d8c80c189eabf32234a604cf4777c,F-COM-001,docs/traceability/requirement-version-coverage.json,EXCLUDED_SOURCE_METADATA,regenerated after code replay,docs(commerce): 新增 COM-01 Feature Ready 候选
5,57a87430a6c0e723078647b5327d76718b6a5c0f,2026-08-29T13:21:25+08:00,codex/f-acc-001-sds,da6e00b1308d8c80c189eabf32234a604cf4777c,F-COM-001,specs/features/F-COM-001-contract-order-association-and-delivery-scope-allocation.md,EXCLUDED_SOURCE_METADATA,regenerated after code replay,docs(commerce): 新增 COM-01 Feature Ready 候选
5,57a87430a6c0e723078647b5327d76718b6a5c0f,2026-08-29T13:21:25+08:00,codex/f-acc-001-sds,da6e00b1308d8c80c189eabf32234a604cf4777c,F-COM-001,specs/features/F-COM-001-legacy-reuse-audit.md,EXCLUDED_SOURCE_METADATA,regenerated after code replay,docs(commerce): 新增 COM-01 Feature Ready 候选
5,57a87430a6c0e723078647b5327d76718b6a5c0f,2026-08-29T13:21:25+08:00,codex/f-acc-001-sds,da6e00b1308d8c80c189eabf32234a604cf4777c,F-COM-001,specs/features/F-COM-001-physical-contract.json,EXCLUDED_SOURCE_METADATA,regenerated after code replay,docs(commerce): 新增 COM-01 Feature Ready 候选
5,57a87430a6c0e723078647b5327d76718b6a5c0f,2026-08-29T13:21:25+08:00,codex/f-acc-001-sds,da6e00b1308d8c80c189eabf32234a604cf4777c,F-COM-001,specs/features/README.md,EXCLUDED_SOURCE_METADATA,regenerated after code replay,docs(commerce): 新增 COM-01 Feature Ready 候选
6,770c91b777382e391658e0d13c704ffa3c130d37,2026-08-29T14:13:32+08:00,codex/f-acc-001-sds,1edf2cafec8d9dc99163c91bba295a2a74c5ecd7,UNMAPPED,docs/baseline/baseline-signoff.md,EXCLUDED_SOURCE_METADATA,regenerated after code replay,docs(prd): 基线化COM订单范围办事处语义
6,770c91b777382e391658e0d13c704ffa3c130d37,2026-08-29T14:13:32+08:00,codex/f-acc-001-sds,1edf2cafec8d9dc99163c91bba295a2a74c5ecd7,F-COM-001,docs/baseline/prd-v1.8-amendment-008-commerce-office-scope-location.md,EXCLUDED_SOURCE_METADATA,regenerated after code replay,docs(prd): 基线化COM订单范围办事处语义
6,770c91b777382e391658e0d13c704ffa3c130d37,2026-08-29T14:13:32+08:00,codex/f-acc-001-sds,1edf2cafec8d9dc99163c91bba295a2a74c5ecd7,UNMAPPED,docs/baseline/prd-v1.8.md,EXCLUDED_SOURCE_METADATA,regenerated after code replay,docs(prd): 基线化COM订单范围办事处语义
6,770c91b777382e391658e0d13c704ffa3c130d37,2026-08-29T14:13:32+08:00,codex/f-acc-001-sds,1edf2cafec8d9dc99163c91bba295a2a74c5ecd7,UNMAPPED,docs/baseline/requirement-baseline.yaml,EXCLUDED_SOURCE_METADATA,regenerated after code replay,docs(prd): 基线化COM订单范围办事处语义
6,770c91b777382e391658e0d13c704ffa3c130d37,2026-08-29T14:13:32+08:00,codex/f-acc-001-sds,1edf2cafec8d9dc99163c91bba295a2a74c5ecd7,UNMAPPED,docs/reports/2026-08-29-PRD-V1.8修订008基线变更报告.md,EXCLUDED_SOURCE_METADATA,regenerated after code replay,docs(prd): 基线化COM订单范围办事处语义
6,770c91b777382e391658e0d13c704ffa3c130d37,2026-08-29T14:13:32+08:00,codex/f-acc-001-sds,1edf2cafec8d9dc99163c91bba295a2a74c5ecd7,UNMAPPED,specs/001-project-delivery-platform/domains/COM-合同订单履约需求规格.md,EXCLUDED_SOURCE_METADATA,regenerated after code replay,docs(prd): 基线化COM订单范围办事处语义
6,770c91b777382e391658e0d13c704ffa3c130d37,2026-08-29T14:13:32+08:00,codex/f-acc-001-sds,1edf2cafec8d9dc99163c91bba295a2a74c5ecd7,UNMAPPED,需求/PRD-项目实施交付管理平台.md,EXCLUDED_SOURCE_METADATA,regenerated after code replay,docs(prd): 基线化COM订单范围办事处语义
7,26531772ea6fe59befdbda4461fdb242c3c807a4,2026-08-29T14:33:37+08:00,codex/f-acc-001-sds,bd473caa7ddecf1e4d22fe9861556cdc89c7cfcc,F-COM-001,docs/decisions/0036-commerce-office-snapshot-and-scope-guard-physical-delta.md,EXCLUDED_SOURCE_METADATA,regenerated after code replay,docs(sds): 锁定COM办事处与验收守卫差量
7,26531772ea6fe59befdbda4461fdb242c3c807a4,2026-08-29T14:33:37+08:00,codex/f-acc-001-sds,bd473caa7ddecf1e4d22fe9861556cdc89c7cfcc,UNMAPPED,docs/decisions/open-questions.md,EXCLUDED_SOURCE_METADATA,regenerated after code replay,docs(sds): 锁定COM办事处与验收守卫差量
7,26531772ea6fe59befdbda4461fdb242c3c807a4,2026-08-29T14:33:37+08:00,codex/f-acc-001-sds,bd473caa7ddecf1e4d22fe9861556cdc89c7cfcc,UNMAPPED,docs/design/02-domain-model.md,EXCLUDED_SOURCE_METADATA,regenerated after code replay,docs(sds): 锁定COM办事处与验收守卫差量
7,26531772ea6fe59befdbda4461fdb242c3c807a4,2026-08-29T14:33:37+08:00,codex/f-acc-001-sds,bd473caa7ddecf1e4d22fe9861556cdc89c7cfcc,UNMAPPED,docs/design/04-module-design.md,EXCLUDED_SOURCE_METADATA,regenerated after code replay,docs(sds): 锁定COM办事处与验收守卫差量
7,26531772ea6fe59befdbda4461fdb242c3c807a4,2026-08-29T14:33:37+08:00,codex/f-acc-001-sds,bd473caa7ddecf1e4d22fe9861556cdc89c7cfcc,UNMAPPED,docs/design/08-data-model.md,EXCLUDED_SOURCE_METADATA,regenerated after code replay,docs(sds): 锁定COM办事处与验收守卫差量
7,26531772ea6fe59befdbda4461fdb242c3c807a4,2026-08-29T14:33:37+08:00,codex/f-acc-001-sds,bd473caa7ddecf1e4d22fe9861556cdc89c7cfcc,UNMAPPED,docs/design/08a-domain-entity-migration-alignment.md,EXCLUDED_SOURCE_METADATA,regenerated after code replay,docs(sds): 锁定COM办事处与验收守卫差量
7,26531772ea6fe59befdbda4461fdb242c3c807a4,2026-08-29T14:33:37+08:00,codex/f-acc-001-sds,bd473caa7ddecf1e4d22fe9861556cdc89c7cfcc,UNMAPPED,docs/design/09-database-design.md,EXCLUDED_SOURCE_METADATA,regenerated after code replay,docs(sds): 锁定COM办事处与验收守卫差量
7,26531772ea6fe59befdbda4461fdb242c3c807a4,2026-08-29T14:33:37+08:00,codex/f-acc-001-sds,bd473caa7ddecf1e4d22fe9861556cdc89c7cfcc,UNMAPPED,docs/design/10-api-design.md,EXCLUDED_SOURCE_METADATA,regenerated after code replay,docs(sds): 锁定COM办事处与验收守卫差量
7,26531772ea6fe59befdbda4461fdb242c3c807a4,2026-08-29T14:33:37+08:00,codex/f-acc-001-sds,bd473caa7ddecf1e4d22fe9861556cdc89c7cfcc,UNMAPPED,docs/design/14-security-design.md,EXCLUDED_SOURCE_METADATA,regenerated after code replay,docs(sds): 锁定COM办事处与验收守卫差量
7,26531772ea6fe59befdbda4461fdb242c3c807a4,2026-08-29T14:33:37+08:00,codex/f-acc-001-sds,bd473caa7ddecf1e4d22fe9861556cdc89c7cfcc,UNMAPPED,docs/design/15-cache-and-concurrency.md,EXCLUDED_SOURCE_METADATA,regenerated after code replay,docs(sds): 锁定COM办事处与验收守卫差量
7,26531772ea6fe59befdbda4461fdb242c3c807a4,2026-08-29T14:33:37+08:00,codex/f-acc-001-sds,bd473caa7ddecf1e4d22fe9861556cdc89c7cfcc,UNMAPPED,docs/design/16-exception-and-idempotency.md,EXCLUDED_SOURCE_METADATA,regenerated after code replay,docs(sds): 锁定COM办事处与验收守卫差量
7,26531772ea6fe59befdbda4461fdb242c3c807a4,2026-08-29T14:33:37+08:00,codex/f-acc-001-sds,bd473caa7ddecf1e4d22fe9861556cdc89c7cfcc,UNMAPPED,docs/engineering/gates/phase-2/README.md,EXCLUDED_SOURCE_METADATA,regenerated after code replay,docs(sds): 锁定COM办事处与验收守卫差量
7,26531772ea6fe59befdbda4461fdb242c3c807a4,2026-08-29T14:33:37+08:00,codex/f-acc-001-sds,bd473caa7ddecf1e4d22fe9861556cdc89c7cfcc,UNMAPPED,docs/engineering/gates/phase-2/gate-status.md,EXCLUDED_SOURCE_METADATA,regenerated after code replay,docs(sds): 锁定COM办事处与验收守卫差量
7,26531772ea6fe59befdbda4461fdb242c3c807a4,2026-08-29T14:33:37+08:00,codex/f-acc-001-sds,bd473caa7ddecf1e4d22fe9861556cdc89c7cfcc,UNMAPPED,docs/engineering/gates/phase-2/independent-review.md,EXCLUDED_SOURCE_METADATA,regenerated after code replay,docs(sds): 锁定COM办事处与验收守卫差量
7,26531772ea6fe59befdbda4461fdb242c3c807a4,2026-08-29T14:33:37+08:00,codex/f-acc-001-sds,bd473caa7ddecf1e4d22fe9861556cdc89c7cfcc,UNMAPPED,docs/engineering/gates/phase-2/self-review.md,EXCLUDED_SOURCE_METADATA,regenerated after code replay,docs(sds): 锁定COM办事处与验收守卫差量
7,26531772ea6fe59befdbda4461fdb242c3c807a4,2026-08-29T14:33:37+08:00,codex/f-acc-001-sds,bd473caa7ddecf1e4d22fe9861556cdc89c7cfcc,UNMAPPED,docs/traceability/domain-entity-migration-contract.json,EXCLUDED_SOURCE_METADATA,regenerated after code replay,docs(sds): 锁定COM办事处与验收守卫差量
7,26531772ea6fe59befdbda4461fdb242c3c807a4,2026-08-29T14:33:37+08:00,codex/f-acc-001-sds,bd473caa7ddecf1e4d22fe9861556cdc89c7cfcc,UNMAPPED,docs/traceability/domain-entity-migration-contract.md,EXCLUDED_SOURCE_METADATA,regenerated after code replay,docs(sds): 锁定COM办事处与验收守卫差量
7,26531772ea6fe59befdbda4461fdb242c3c807a4,2026-08-29T14:33:37+08:00,codex/f-acc-001-sds,bd473caa7ddecf1e4d22fe9861556cdc89c7cfcc,UNMAPPED,docs/traceability/domain-object-table-map.json,EXCLUDED_SOURCE_METADATA,regenerated after code replay,docs(sds): 锁定COM办事处与验收守卫差量
7,26531772ea6fe59befdbda4461fdb242c3c807a4,2026-08-29T14:33:37+08:00,codex/f-acc-001-sds,bd473caa7ddecf1e4d22fe9861556cdc89c7cfcc,UNMAPPED,docs/traceability/phase2-contract-map.md,EXCLUDED_SOURCE_METADATA,regenerated after code replay,docs(sds): 锁定COM办事处与验收守卫差量
7,26531772ea6fe59befdbda4461fdb242c3c807a4,2026-08-29T14:33:37+08:00,codex/f-acc-001-sds,bd473caa7ddecf1e4d22fe9861556cdc89c7cfcc,UNMAPPED,scripts/generate_domain_entity_migration_contract.py,APPLIED_NON_CONFLICTING_HUNKS,rejected_hunks=1 rc=1,docs(sds): 锁定COM办事处与验收守卫差量
7,26531772ea6fe59befdbda4461fdb242c3c807a4,2026-08-29T14:33:37+08:00,codex/f-acc-001-sds,bd473caa7ddecf1e4d22fe9861556cdc89c7cfcc,UNMAPPED,scripts/generate_phase2_contract_map.py,APPLIED_CODE_CHANGE,clean per-commit delta,docs(sds): 锁定COM办事处与验收守卫差量
7,26531772ea6fe59befdbda4461fdb242c3c807a4,2026-08-29T14:33:37+08:00,codex/f-acc-001-sds,bd473caa7ddecf1e4d22fe9861556cdc89c7cfcc,UNMAPPED,scripts/tests/test_validate_domain_entity_migration_alignment.py,APPLIED_CODE_CHANGE,clean per-commit delta,docs(sds): 锁定COM办事处与验收守卫差量
7,26531772ea6fe59befdbda4461fdb242c3c807a4,2026-08-29T14:33:37+08:00,codex/f-acc-001-sds,bd473caa7ddecf1e4d22fe9861556cdc89c7cfcc,UNMAPPED,scripts/tests/test_validate_sds_phase2.py,APPLIED_CODE_CHANGE,clean per-commit delta,docs(sds): 锁定COM办事处与验收守卫差量
8,20f03ba316ca431a55f96aa9c3c97be54d08b4e0,2026-08-29T14:49:07+08:00,codex/f-acc-001-sds,2c91de7def66a1ec453658c6e15d3c40d7c5867f,F-COM-001,docs/decisions/0036-commerce-office-snapshot-and-scope-guard-physical-delta.md,EXCLUDED_SOURCE_METADATA,regenerated after code replay,docs(sds): 补齐COM V70必填字段转换
8,20f03ba316ca431a55f96aa9c3c97be54d08b4e0,2026-08-29T14:49:07+08:00,codex/f-acc-001-sds,2c91de7def66a1ec453658c6e15d3c40d7c5867f,UNMAPPED,docs/design/09-database-design.md,EXCLUDED_SOURCE_METADATA,regenerated after code replay,docs(sds): 补齐COM V70必填字段转换
8,20f03ba316ca431a55f96aa9c3c97be54d08b4e0,2026-08-29T14:49:07+08:00,codex/f-acc-001-sds,2c91de7def66a1ec453658c6e15d3c40d7c5867f,UNMAPPED,docs/engineering/gates/phase-2/gate-status.md,EXCLUDED_SOURCE_METADATA,regenerated after code replay,docs(sds): 补齐COM V70必填字段转换
8,20f03ba316ca431a55f96aa9c3c97be54d08b4e0,2026-08-29T14:49:07+08:00,codex/f-acc-001-sds,2c91de7def66a1ec453658c6e15d3c40d7c5867f,UNMAPPED,docs/engineering/gates/phase-2/self-review.md,EXCLUDED_SOURCE_METADATA,regenerated after code replay,docs(sds): 补齐COM V70必填字段转换
8,20f03ba316ca431a55f96aa9c3c97be54d08b4e0,2026-08-29T14:49:07+08:00,codex/f-acc-001-sds,2c91de7def66a1ec453658c6e15d3c40d7c5867f,UNMAPPED,docs/traceability/domain-entity-migration-contract.json,EXCLUDED_SOURCE_METADATA,regenerated after code replay,docs(sds): 补齐COM V70必填字段转换
8,20f03ba316ca431a55f96aa9c3c97be54d08b4e0,2026-08-29T14:49:07+08:00,codex/f-acc-001-sds,2c91de7def66a1ec453658c6e15d3c40d7c5867f,UNMAPPED,docs/traceability/domain-entity-migration-contract.md,EXCLUDED_SOURCE_METADATA,regenerated after code replay,docs(sds): 补齐COM V70必填字段转换
8,20f03ba316ca431a55f96aa9c3c97be54d08b4e0,2026-08-29T14:49:07+08:00,codex/f-acc-001-sds,2c91de7def66a1ec453658c6e15d3c40d7c5867f,UNMAPPED,docs/traceability/phase2-contract-map.md,EXCLUDED_SOURCE_METADATA,regenerated after code replay,docs(sds): 补齐COM V70必填字段转换
8,20f03ba316ca431a55f96aa9c3c97be54d08b4e0,2026-08-29T14:49:07+08:00,codex/f-acc-001-sds,2c91de7def66a1ec453658c6e15d3c40d7c5867f,UNMAPPED,scripts/generate_domain_entity_migration_contract.py,CONFLICTING_HUNKS_PENDING,rejected_hunks=1 rc=1,docs(sds): 补齐COM V70必填字段转换
8,20f03ba316ca431a55f96aa9c3c97be54d08b4e0,2026-08-29T14:49:07+08:00,codex/f-acc-001-sds,2c91de7def66a1ec453658c6e15d3c40d7c5867f,UNMAPPED,scripts/generate_phase2_contract_map.py,APPLIED_CODE_CHANGE,clean per-commit delta,docs(sds): 补齐COM V70必填字段转换
8,20f03ba316ca431a55f96aa9c3c97be54d08b4e0,2026-08-29T14:49:07+08:00,codex/f-acc-001-sds,2c91de7def66a1ec453658c6e15d3c40d7c5867f,UNMAPPED,scripts/tests/test_validate_sds_phase2.py,APPLIED_CODE_CHANGE,clean per-commit delta,docs(sds): 补齐COM V70必填字段转换
8,20f03ba316ca431a55f96aa9c3c97be54d08b4e0,2026-08-29T14:49:07+08:00,codex/f-acc-001-sds,2c91de7def66a1ec453658c6e15d3c40d7c5867f,UNMAPPED,scripts/validate_sds_phase2.py,APPLIED_CODE_CHANGE,clean per-commit delta,docs(sds): 补齐COM V70必填字段转换
9,f50f3365fd0c672877aca69714ebe8ba23e285ac,2026-08-29T14:52:52+08:00,codex/f-acc-001-sds,0f7c569de70d4bdbe07e2f637401b2ed4e87428f,F-COM-001,docs/decisions/0036-commerce-office-snapshot-and-scope-guard-physical-delta.md,EXCLUDED_SOURCE_METADATA,regenerated after code replay,docs(sds): 回写COM物理差量裁决
9,f50f3365fd0c672877aca69714ebe8ba23e285ac,2026-08-29T14:52:52+08:00,codex/f-acc-001-sds,0f7c569de70d4bdbe07e2f637401b2ed4e87428f,UNMAPPED,docs/engineering/gates/phase-2/gate-status.md,EXCLUDED_SOURCE_METADATA,regenerated after code replay,docs(sds): 回写COM物理差量裁决
10,c714c38330f70d7fb77c72be51b885d385d482b2,2026-08-29T15:06:05+08:00,codex/f-acc-001-sds,5300e40e711e1e3e3f298f9433a03b3cce9f7131,UNMAPPED,docs/baseline/baseline-signoff.md,EXCLUDED_SOURCE_METADATA,regenerated after code replay,docs(prd): 锁定验收阶段进入范围语义
10,c714c38330f70d7fb77c72be51b885d385d482b2,2026-08-29T15:06:05+08:00,codex/f-acc-001-sds,5300e40e711e1e3e3f298f9433a03b3cce9f7131,UNMAPPED,docs/baseline/prd-v1.8-amendment-009-acceptance-scope-stage-trigger.md,EXCLUDED_SOURCE_METADATA,regenerated after code replay,docs(prd): 锁定验收阶段进入范围语义
10,c714c38330f70d7fb77c72be51b885d385d482b2,2026-08-29T15:06:05+08:00,codex/f-acc-001-sds,5300e40e711e1e3e3f298f9433a03b3cce9f7131,UNMAPPED,docs/baseline/prd-v1.8.md,EXCLUDED_SOURCE_METADATA,regenerated after code replay,docs(prd): 锁定验收阶段进入范围语义
10,c714c38330f70d7fb77c72be51b885d385d482b2,2026-08-29T15:06:05+08:00,codex/f-acc-001-sds,5300e40e711e1e3e3f298f9433a03b3cce9f7131,UNMAPPED,docs/baseline/requirement-baseline.yaml,EXCLUDED_SOURCE_METADATA,regenerated after code replay,docs(prd): 锁定验收阶段进入范围语义
10,c714c38330f70d7fb77c72be51b885d385d482b2,2026-08-29T15:06:05+08:00,codex/f-acc-001-sds,5300e40e711e1e3e3f298f9433a03b3cce9f7131,UNMAPPED,docs/reports/2026-08-29-PRD-V1.8修订009基线变更报告.md,EXCLUDED_SOURCE_METADATA,regenerated after code replay,docs(prd): 锁定验收阶段进入范围语义
10,c714c38330f70d7fb77c72be51b885d385d482b2,2026-08-29T15:06:05+08:00,codex/f-acc-001-sds,5300e40e711e1e3e3f298f9433a03b3cce9f7131,UNMAPPED,scripts/tests/test_prd_com_acceptance_scope_trigger.py,APPLIED_CODE_CHANGE,clean per-commit delta,docs(prd): 锁定验收阶段进入范围语义
10,c714c38330f70d7fb77c72be51b885d385d482b2,2026-08-29T15:06:05+08:00,codex/f-acc-001-sds,5300e40e711e1e3e3f298f9433a03b3cce9f7131,UNMAPPED,specs/001-project-delivery-platform/domains/ACC-验收与项目闭环需求规格.md,EXCLUDED_SOURCE_METADATA,regenerated after code replay,docs(prd): 锁定验收阶段进入范围语义
10,c714c38330f70d7fb77c72be51b885d385d482b2,2026-08-29T15:06:05+08:00,codex/f-acc-001-sds,5300e40e711e1e3e3f298f9433a03b3cce9f7131,UNMAPPED,specs/001-project-delivery-platform/domains/COM-合同订单履约需求规格.md,EXCLUDED_SOURCE_METADATA,regenerated after code replay,docs(prd): 锁定验收阶段进入范围语义
10,c714c38330f70d7fb77c72be51b885d385d482b2,2026-08-29T15:06:05+08:00,codex/f-acc-001-sds,5300e40e711e1e3e3f298f9433a03b3cce9f7131,UNMAPPED,需求/PRD-项目实施交付管理平台.md,EXCLUDED_SOURCE_METADATA,regenerated after code replay,docs(prd): 锁定验收阶段进入范围语义
11,42c20d8707bf43d6837826d861ee8347db4dedea,2026-08-29T15:13:01+08:00,codex/f-acc-001-sds,66b8675018200a80e17352a6dd66fcbd8d871f40,UNMAPPED,docs/baseline/baseline-signoff.md,EXCLUDED_SOURCE_METADATA,regenerated after code replay,docs(prd): 登记验收退出绑定阻断
11,42c20d8707bf43d6837826d861ee8347db4dedea,2026-08-29T15:13:01+08:00,codex/f-acc-001-sds,66b8675018200a80e17352a6dd66fcbd8d871f40,UNMAPPED,docs/baseline/prd-v1.8-amendment-009-acceptance-scope-stage-trigger.md,EXCLUDED_SOURCE_METADATA,regenerated after code replay,docs(prd): 登记验收退出绑定阻断
11,42c20d8707bf43d6837826d861ee8347db4dedea,2026-08-29T15:13:01+08:00,codex/f-acc-001-sds,66b8675018200a80e17352a6dd66fcbd8d871f40,UNMAPPED,docs/baseline/prd-v1.8.md,EXCLUDED_SOURCE_METADATA,regenerated after code replay,docs(prd): 登记验收退出绑定阻断
11,42c20d8707bf43d6837826d861ee8347db4dedea,2026-08-29T15:13:01+08:00,codex/f-acc-001-sds,66b8675018200a80e17352a6dd66fcbd8d871f40,UNMAPPED,docs/baseline/requirement-baseline.yaml,EXCLUDED_SOURCE_METADATA,regenerated after code replay,docs(prd): 登记验收退出绑定阻断
11,42c20d8707bf43d6837826d861ee8347db4dedea,2026-08-29T15:13:01+08:00,codex/f-acc-001-sds,66b8675018200a80e17352a6dd66fcbd8d871f40,UNMAPPED,docs/decisions/open-questions.md,EXCLUDED_SOURCE_METADATA,regenerated after code replay,docs(prd): 登记验收退出绑定阻断
11,42c20d8707bf43d6837826d861ee8347db4dedea,2026-08-29T15:13:01+08:00,codex/f-acc-001-sds,66b8675018200a80e17352a6dd66fcbd8d871f40,UNMAPPED,docs/reports/2026-08-29-PRD-V1.8修订009基线变更报告.md,EXCLUDED_SOURCE_METADATA,regenerated after code replay,docs(prd): 登记验收退出绑定阻断
11,42c20d8707bf43d6837826d861ee8347db4dedea,2026-08-29T15:13:01+08:00,codex/f-acc-001-sds,66b8675018200a80e17352a6dd66fcbd8d871f40,UNMAPPED,scripts/tests/test_prd_com_acceptance_scope_trigger.py,APPLIED_CODE_CHANGE,clean per-commit delta,docs(prd): 登记验收退出绑定阻断
11,42c20d8707bf43d6837826d861ee8347db4dedea,2026-08-29T15:13:01+08:00,codex/f-acc-001-sds,66b8675018200a80e17352a6dd66fcbd8d871f40,UNMAPPED,specs/001-project-delivery-platform/domains/ACC-验收与项目闭环需求规格.md,EXCLUDED_SOURCE_METADATA,regenerated after code replay,docs(prd): 登记验收退出绑定阻断
11,42c20d8707bf43d6837826d861ee8347db4dedea,2026-08-29T15:13:01+08:00,codex/f-acc-001-sds,66b8675018200a80e17352a6dd66fcbd8d871f40,UNMAPPED,specs/001-project-delivery-platform/domains/COM-合同订单履约需求规格.md,EXCLUDED_SOURCE_METADATA,regenerated after code replay,docs(prd): 登记验收退出绑定阻断
11,42c20d8707bf43d6837826d861ee8347db4dedea,2026-08-29T15:13:01+08:00,codex/f-acc-001-sds,66b8675018200a80e17352a6dd66fcbd8d871f40,UNMAPPED,需求/PRD-项目实施交付管理平台.md,EXCLUDED_SOURCE_METADATA,regenerated after code replay,docs(prd): 登记验收退出绑定阻断
12,d67112d7b9b9a1ffd84faee3acccbc0ef30faa12,2026-08-29T15:25:59+08:00,codex/f-acc-001-sds,59c3d7236bd44c478885721753bda7d7deafed36,UNMAPPED,docs/baseline/baseline-signoff.md,EXCLUDED_SOURCE_METADATA,regenerated after code replay,docs(prd): 补充验收阶段与报告时序
12,d67112d7b9b9a1ffd84faee3acccbc0ef30faa12,2026-08-29T15:25:59+08:00,codex/f-acc-001-sds,59c3d7236bd44c478885721753bda7d7deafed36,UNMAPPED,docs/baseline/prd-v1.8-amendment-009-acceptance-scope-stage-trigger.md,EXCLUDED_SOURCE_METADATA,regenerated after code replay,docs(prd): 补充验收阶段与报告时序
12,d67112d7b9b9a1ffd84faee3acccbc0ef30faa12,2026-08-29T15:25:59+08:00,codex/f-acc-001-sds,59c3d7236bd44c478885721753bda7d7deafed36,UNMAPPED,docs/baseline/prd-v1.8.md,EXCLUDED_SOURCE_METADATA,regenerated after code replay,docs(prd): 补充验收阶段与报告时序
12,d67112d7b9b9a1ffd84faee3acccbc0ef30faa12,2026-08-29T15:25:59+08:00,codex/f-acc-001-sds,59c3d7236bd44c478885721753bda7d7deafed36,UNMAPPED,docs/baseline/requirement-baseline.yaml,EXCLUDED_SOURCE_METADATA,regenerated after code replay,docs(prd): 补充验收阶段与报告时序
12,d67112d7b9b9a1ffd84faee3acccbc0ef30faa12,2026-08-29T15:25:59+08:00,codex/f-acc-001-sds,59c3d7236bd44c478885721753bda7d7deafed36,UNMAPPED,docs/reports/2026-08-29-PRD-V1.8修订009基线变更报告.md,EXCLUDED_SOURCE_METADATA,regenerated after code replay,docs(prd): 补充验收阶段与报告时序
12,d67112d7b9b9a1ffd84faee3acccbc0ef30faa12,2026-08-29T15:25:59+08:00,codex/f-acc-001-sds,59c3d7236bd44c478885721753bda7d7deafed36,UNMAPPED,scripts/tests/test_prd_com_acceptance_scope_trigger.py,APPLIED_CODE_CHANGE,clean per-commit delta,docs(prd): 补充验收阶段与报告时序
12,d67112d7b9b9a1ffd84faee3acccbc0ef30faa12,2026-08-29T15:25:59+08:00,codex/f-acc-001-sds,59c3d7236bd44c478885721753bda7d7deafed36,UNMAPPED,specs/001-project-delivery-platform/domains/ACC-验收与项目闭环需求规格.md,EXCLUDED_SOURCE_METADATA,regenerated after code replay,docs(prd): 补充验收阶段与报告时序
12,d67112d7b9b9a1ffd84faee3acccbc0ef30faa12,2026-08-29T15:25:59+08:00,codex/f-acc-001-sds,59c3d7236bd44c478885721753bda7d7deafed36,UNMAPPED,specs/001-project-delivery-platform/domains/COM-合同订单履约需求规格.md,EXCLUDED_SOURCE_METADATA,regenerated after code replay,docs(prd): 补充验收阶段与报告时序
12,d67112d7b9b9a1ffd84faee3acccbc0ef30faa12,2026-08-29T15:25:59+08:00,codex/f-acc-001-sds,59c3d7236bd44c478885721753bda7d7deafed36,UNMAPPED,需求/PRD-项目实施交付管理平台.md,EXCLUDED_SOURCE_METADATA,regenerated after code replay,docs(prd): 补充验收阶段与报告时序
13,b17ae89f92b01488378aeb8c36a77a5b2d46ad29,2026-08-29T15:39:41+08:00,codex/f-acc-001-sds,38cda05f65275174ef67340ebc5ca9d65bcb4790,UNMAPPED,docs/decisions/0037-project-acceptance-stage-scope-binding.md,EXCLUDED_SOURCE_METADATA,regenerated after code replay,docs(sds): 锁定验收阶段范围绑定时序
13,b17ae89f92b01488378aeb8c36a77a5b2d46ad29,2026-08-29T15:39:41+08:00,codex/f-acc-001-sds,38cda05f65275174ef67340ebc5ca9d65bcb4790,UNMAPPED,docs/design/02-domain-model.md,EXCLUDED_SOURCE_METADATA,regenerated after code replay,docs(sds): 锁定验收阶段范围绑定时序
13,b17ae89f92b01488378aeb8c36a77a5b2d46ad29,2026-08-29T15:39:41+08:00,codex/f-acc-001-sds,38cda05f65275174ef67340ebc5ca9d65bcb4790,UNMAPPED,docs/design/04-module-design.md,EXCLUDED_SOURCE_METADATA,regenerated after code replay,docs(sds): 锁定验收阶段范围绑定时序
13,b17ae89f92b01488378aeb8c36a77a5b2d46ad29,2026-08-29T15:39:41+08:00,codex/f-acc-001-sds,38cda05f65275174ef67340ebc5ca9d65bcb4790,UNMAPPED,docs/design/05-state-machine.md,EXCLUDED_SOURCE_METADATA,regenerated after code replay,docs(sds): 锁定验收阶段范围绑定时序
13,b17ae89f92b01488378aeb8c36a77a5b2d46ad29,2026-08-29T15:39:41+08:00,codex/f-acc-001-sds,38cda05f65275174ef67340ebc5ca9d65bcb4790,UNMAPPED,docs/design/06-workflow-design.md,EXCLUDED_SOURCE_METADATA,regenerated after code replay,docs(sds): 锁定验收阶段范围绑定时序
13,b17ae89f92b01488378aeb8c36a77a5b2d46ad29,2026-08-29T15:39:41+08:00,codex/f-acc-001-sds,38cda05f65275174ef67340ebc5ca9d65bcb4790,UNMAPPED,docs/design/08-data-model.md,EXCLUDED_SOURCE_METADATA,regenerated after code replay,docs(sds): 锁定验收阶段范围绑定时序
13,b17ae89f92b01488378aeb8c36a77a5b2d46ad29,2026-08-29T15:39:41+08:00,codex/f-acc-001-sds,38cda05f65275174ef67340ebc5ca9d65bcb4790,UNMAPPED,docs/design/08a-domain-entity-migration-alignment.md,EXCLUDED_SOURCE_METADATA,regenerated after code replay,docs(sds): 锁定验收阶段范围绑定时序
13,b17ae89f92b01488378aeb8c36a77a5b2d46ad29,2026-08-29T15:39:41+08:00,codex/f-acc-001-sds,38cda05f65275174ef67340ebc5ca9d65bcb4790,UNMAPPED,docs/design/09-database-design.md,EXCLUDED_SOURCE_METADATA,regenerated after code replay,docs(sds): 锁定验收阶段范围绑定时序
13,b17ae89f92b01488378aeb8c36a77a5b2d46ad29,2026-08-29T15:39:41+08:00,codex/f-acc-001-sds,38cda05f65275174ef67340ebc5ca9d65bcb4790,UNMAPPED,docs/design/10-api-design.md,EXCLUDED_SOURCE_METADATA,regenerated after code replay,docs(sds): 锁定验收阶段范围绑定时序
13,b17ae89f92b01488378aeb8c36a77a5b2d46ad29,2026-08-29T15:39:41+08:00,codex/f-acc-001-sds,38cda05f65275174ef67340ebc5ca9d65bcb4790,UNMAPPED,docs/design/11-event-design.md,EXCLUDED_SOURCE_METADATA,regenerated after code replay,docs(sds): 锁定验收阶段范围绑定时序
13,b17ae89f92b01488378aeb8c36a77a5b2d46ad29,2026-08-29T15:39:41+08:00,codex/f-acc-001-sds,38cda05f65275174ef67340ebc5ca9d65bcb4790,UNMAPPED,docs/design/15-cache-and-concurrency.md,EXCLUDED_SOURCE_METADATA,regenerated after code replay,docs(sds): 锁定验收阶段范围绑定时序
13,b17ae89f92b01488378aeb8c36a77a5b2d46ad29,2026-08-29T15:39:41+08:00,codex/f-acc-001-sds,38cda05f65275174ef67340ebc5ca9d65bcb4790,UNMAPPED,docs/design/16-exception-and-idempotency.md,EXCLUDED_SOURCE_METADATA,regenerated after code replay,docs(sds): 锁定验收阶段范围绑定时序
13,b17ae89f92b01488378aeb8c36a77a5b2d46ad29,2026-08-29T15:39:41+08:00,codex/f-acc-001-sds,38cda05f65275174ef67340ebc5ca9d65bcb4790,UNMAPPED,docs/engineering/gates/phase-2/gate-status.md,EXCLUDED_SOURCE_METADATA,regenerated after code replay,docs(sds): 锁定验收阶段范围绑定时序
13,b17ae89f92b01488378aeb8c36a77a5b2d46ad29,2026-08-29T15:39:41+08:00,codex/f-acc-001-sds,38cda05f65275174ef67340ebc5ca9d65bcb4790,UNMAPPED,docs/engineering/gates/phase-2/self-review.md,EXCLUDED_SOURCE_METADATA,regenerated after code replay,docs(sds): 锁定验收阶段范围绑定时序
13,b17ae89f92b01488378aeb8c36a77a5b2d46ad29,2026-08-29T15:39:41+08:00,codex/f-acc-001-sds,38cda05f65275174ef67340ebc5ca9d65bcb4790,UNMAPPED,docs/traceability/domain-entity-migration-contract.json,EXCLUDED_SOURCE_METADATA,regenerated after code replay,docs(sds): 锁定验收阶段范围绑定时序
13,b17ae89f92b01488378aeb8c36a77a5b2d46ad29,2026-08-29T15:39:41+08:00,codex/f-acc-001-sds,38cda05f65275174ef67340ebc5ca9d65bcb4790,UNMAPPED,docs/traceability/domain-entity-migration-contract.md,EXCLUDED_SOURCE_METADATA,regenerated after code replay,docs(sds): 锁定验收阶段范围绑定时序
13,b17ae89f92b01488378aeb8c36a77a5b2d46ad29,2026-08-29T15:39:41+08:00,codex/f-acc-001-sds,38cda05f65275174ef67340ebc5ca9d65bcb4790,UNMAPPED,docs/traceability/domain-object-table-map.json,EXCLUDED_SOURCE_METADATA,regenerated after code replay,docs(sds): 锁定验收阶段范围绑定时序
13,b17ae89f92b01488378aeb8c36a77a5b2d46ad29,2026-08-29T15:39:41+08:00,codex/f-acc-001-sds,38cda05f65275174ef67340ebc5ca9d65bcb4790,UNMAPPED,docs/traceability/phase2-contract-map.md,EXCLUDED_SOURCE_METADATA,regenerated after code replay,docs(sds): 锁定验收阶段范围绑定时序
13,b17ae89f92b01488378aeb8c36a77a5b2d46ad29,2026-08-29T15:39:41+08:00,codex/f-acc-001-sds,38cda05f65275174ef67340ebc5ca9d65bcb4790,UNMAPPED,scripts/generate_domain_entity_migration_contract.py,APPLIED_NON_CONFLICTING_HUNKS,rejected_hunks=1 rc=1,docs(sds): 锁定验收阶段范围绑定时序
13,b17ae89f92b01488378aeb8c36a77a5b2d46ad29,2026-08-29T15:39:41+08:00,codex/f-acc-001-sds,38cda05f65275174ef67340ebc5ca9d65bcb4790,UNMAPPED,scripts/generate_phase2_contract_map.py,APPLIED_CODE_CHANGE,clean per-commit delta,docs(sds): 锁定验收阶段范围绑定时序
13,b17ae89f92b01488378aeb8c36a77a5b2d46ad29,2026-08-29T15:39:41+08:00,codex/f-acc-001-sds,38cda05f65275174ef67340ebc5ca9d65bcb4790,UNMAPPED,scripts/tests/test_validate_sds_phase2.py,APPLIED_CODE_CHANGE,clean per-commit delta,docs(sds): 锁定验收阶段范围绑定时序
13,b17ae89f92b01488378aeb8c36a77a5b2d46ad29,2026-08-29T15:39:41+08:00,codex/f-acc-001-sds,38cda05f65275174ef67340ebc5ca9d65bcb4790,UNMAPPED,scripts/validate_sds_phase2.py,APPLIED_CODE_CHANGE,clean per-commit delta,docs(sds): 锁定验收阶段范围绑定时序
14,54b7af0db67fe79e4511674bd1eab1636cc1358a,2026-08-29T15:50:17+08:00,codex/f-acc-001-sds,2a8853a1ac6a05a50b2826c2ef20bc146f6a03af,UNMAPPED,docs/decisions/0037-project-acceptance-stage-scope-binding.md,EXCLUDED_SOURCE_METADATA,regenerated after code replay,docs(sds): 回写验收范围差量裁决
14,54b7af0db67fe79e4511674bd1eab1636cc1358a,2026-08-29T15:50:17+08:00,codex/f-acc-001-sds,2a8853a1ac6a05a50b2826c2ef20bc146f6a03af,UNMAPPED,docs/engineering/gates/phase-2/gate-status.md,EXCLUDED_SOURCE_METADATA,regenerated after code replay,docs(sds): 回写验收范围差量裁决
14,54b7af0db67fe79e4511674bd1eab1636cc1358a,2026-08-29T15:50:17+08:00,codex/f-acc-001-sds,2a8853a1ac6a05a50b2826c2ef20bc146f6a03af,UNMAPPED,docs/engineering/gates/phase-2/self-review.md,EXCLUDED_SOURCE_METADATA,regenerated after code replay,docs(sds): 回写验收范围差量裁决
15,bcbeffd60804fe82b22a5be38daf91a23819df4f,2026-08-29T16:01:50+08:00,codex/f-acc-001-sds,5fb5d03193be7eef4c58fde8e0b64c52dadbce56,F-COM-001,scripts/tests/test_fcom001_feature_contract.py,CONFLICTING_HUNKS_PENDING,rejected_hunks=0 rc=1,docs(commerce): 整改COM Feature物理契约
15,bcbeffd60804fe82b22a5be38daf91a23819df4f,2026-08-29T16:01:50+08:00,codex/f-acc-001-sds,5fb5d03193be7eef4c58fde8e0b64c52dadbce56,F-COM-001,specs/features/F-COM-001-contract-order-association-and-delivery-scope-allocation.md,EXCLUDED_SOURCE_METADATA,regenerated after code replay,docs(commerce): 整改COM Feature物理契约
15,bcbeffd60804fe82b22a5be38daf91a23819df4f,2026-08-29T16:01:50+08:00,codex/f-acc-001-sds,5fb5d03193be7eef4c58fde8e0b64c52dadbce56,F-COM-001,specs/features/F-COM-001-legacy-reuse-audit.md,EXCLUDED_SOURCE_METADATA,regenerated after code replay,docs(commerce): 整改COM Feature物理契约
15,bcbeffd60804fe82b22a5be38daf91a23819df4f,2026-08-29T16:01:50+08:00,codex/f-acc-001-sds,5fb5d03193be7eef4c58fde8e0b64c52dadbce56,F-COM-001,specs/features/F-COM-001-physical-contract.json,EXCLUDED_SOURCE_METADATA,regenerated after code replay,docs(commerce): 整改COM Feature物理契约
15,bcbeffd60804fe82b22a5be38daf91a23819df4f,2026-08-29T16:01:50+08:00,codex/f-acc-001-sds,5fb5d03193be7eef4c58fde8e0b64c52dadbce56,F-COM-001,specs/features/README.md,EXCLUDED_SOURCE_METADATA,regenerated after code replay,docs(commerce): 整改COM Feature物理契约
16,7ed8801a536f8f78795537d016a17d55c7e4ce2f,2026-08-29T16:10:36+08:00,codex/f-acc-001-sds,64ba17258a4444d94be3a87cc4d5ebfb4fa60844,F-COM-001,scripts/tests/test_fcom001_feature_contract.py,CONFLICTING_HUNKS_PENDING,rejected_hunks=1 rc=1,docs(commerce): 补齐真实Provider复用审计
16,7ed8801a536f8f78795537d016a17d55c7e4ce2f,2026-08-29T16:10:36+08:00,codex/f-acc-001-sds,64ba17258a4444d94be3a87cc4d5ebfb4fa60844,F-COM-001,specs/features/F-COM-001-legacy-reuse-audit.md,EXCLUDED_SOURCE_METADATA,regenerated after code replay,docs(commerce): 补齐真实Provider复用审计
17,dbfc8e5571852350d98e75da1bf0b3692df2b00d,2026-08-29T16:24:44+08:00,codex/f-acc-001-sds,10bf2de115af0a65bc5d6c7298f872e79e0a803f,F-COM-001,scripts/tests/test_fcom001_feature_contract.py,APPLIED_NON_CONFLICTING_HUNKS,rejected_hunks=1 rc=1,docs(commerce): 锁定冲突通知与序列号校验
17,dbfc8e5571852350d98e75da1bf0b3692df2b00d,2026-08-29T16:24:44+08:00,codex/f-acc-001-sds,10bf2de115af0a65bc5d6c7298f872e79e0a803f,F-COM-001,specs/features/F-COM-001-contract-order-association-and-delivery-scope-allocation.md,EXCLUDED_SOURCE_METADATA,regenerated after code replay,docs(commerce): 锁定冲突通知与序列号校验
17,dbfc8e5571852350d98e75da1bf0b3692df2b00d,2026-08-29T16:24:44+08:00,codex/f-acc-001-sds,10bf2de115af0a65bc5d6c7298f872e79e0a803f,F-COM-001,specs/features/F-COM-001-legacy-reuse-audit.md,EXCLUDED_SOURCE_METADATA,regenerated after code replay,docs(commerce): 锁定冲突通知与序列号校验
17,dbfc8e5571852350d98e75da1bf0b3692df2b00d,2026-08-29T16:24:44+08:00,codex/f-acc-001-sds,10bf2de115af0a65bc5d6c7298f872e79e0a803f,F-COM-001,specs/features/F-COM-001-physical-contract.json,EXCLUDED_SOURCE_METADATA,regenerated after code replay,docs(commerce): 锁定冲突通知与序列号校验
18,1a9ca704422b275be9d19629d2d61af1782138c4,2026-08-29T17:06:31+08:00,codex/f-acc-001-sds,f117a662fc4595848a02ceecf8493a5f1e51c3ca,UNMAPPED,docs/baseline/baseline-signoff.md,EXCLUDED_SOURCE_METADATA,regenerated after code replay,docs(prd): 锁定合同管理员公司范围
18,1a9ca704422b275be9d19629d2d61af1782138c4,2026-08-29T17:06:31+08:00,codex/f-acc-001-sds,f117a662fc4595848a02ceecf8493a5f1e51c3ca,UNMAPPED,docs/baseline/prd-v1.8-amendment-009-acceptance-scope-stage-trigger.md,EXCLUDED_SOURCE_METADATA,regenerated after code replay,docs(prd): 锁定合同管理员公司范围
18,1a9ca704422b275be9d19629d2d61af1782138c4,2026-08-29T17:06:31+08:00,codex/f-acc-001-sds,f117a662fc4595848a02ceecf8493a5f1e51c3ca,UNMAPPED,docs/baseline/prd-v1.8.md,EXCLUDED_SOURCE_METADATA,regenerated after code replay,docs(prd): 锁定合同管理员公司范围
18,1a9ca704422b275be9d19629d2d61af1782138c4,2026-08-29T17:06:31+08:00,codex/f-acc-001-sds,f117a662fc4595848a02ceecf8493a5f1e51c3ca,UNMAPPED,docs/baseline/requirement-baseline.yaml,EXCLUDED_SOURCE_METADATA,regenerated after code replay,docs(prd): 锁定合同管理员公司范围
18,1a9ca704422b275be9d19629d2d61af1782138c4,2026-08-29T17:06:31+08:00,codex/f-acc-001-sds,f117a662fc4595848a02ceecf8493a5f1e51c3ca,UNMAPPED,docs/decisions/open-questions.md,EXCLUDED_SOURCE_METADATA,regenerated after code replay,docs(prd): 锁定合同管理员公司范围
18,1a9ca704422b275be9d19629d2d61af1782138c4,2026-08-29T17:06:31+08:00,codex/f-acc-001-sds,f117a662fc4595848a02ceecf8493a5f1e51c3ca,UNMAPPED,docs/reports/2026-08-29-PRD-V1.8修订009基线变更报告.md,EXCLUDED_SOURCE_METADATA,regenerated after code replay,docs(prd): 锁定合同管理员公司范围
18,1a9ca704422b275be9d19629d2d61af1782138c4,2026-08-29T17:06:31+08:00,codex/f-acc-001-sds,f117a662fc4595848a02ceecf8493a5f1e51c3ca,UNMAPPED,scripts/tests/test_prd_com_acceptance_scope_trigger.py,APPLIED_CODE_CHANGE,clean per-commit delta,docs(prd): 锁定合同管理员公司范围
18,1a9ca704422b275be9d19629d2d61af1782138c4,2026-08-29T17:06:31+08:00,codex/f-acc-001-sds,f117a662fc4595848a02ceecf8493a5f1e51c3ca,UNMAPPED,specs/001-project-delivery-platform/domains/COM-合同订单履约需求规格.md,EXCLUDED_SOURCE_METADATA,regenerated after code replay,docs(prd): 锁定合同管理员公司范围
18,1a9ca704422b275be9d19629d2d61af1782138c4,2026-08-29T17:06:31+08:00,codex/f-acc-001-sds,f117a662fc4595848a02ceecf8493a5f1e51c3ca,UNMAPPED,需求/PRD-项目实施交付管理平台.md,EXCLUDED_SOURCE_METADATA,regenerated after code replay,docs(prd): 锁定合同管理员公司范围
19,2cf427d6ccb6e0cef0cef3b1460eeaa95ddced53,2026-08-29T17:16:46+08:00,codex/f-acc-001-sds,bb4f63116d1d581d9187b7f88a7ebfd4bc3a83f2,F-COM-001,docs/decisions/0038-commerce-contract-administrator-company-scope.md,EXCLUDED_SOURCE_METADATA,regenerated after code replay,docs(sds): 锁定合同管理员公司授权范围
19,2cf427d6ccb6e0cef0cef3b1460eeaa95ddced53,2026-08-29T17:16:46+08:00,codex/f-acc-001-sds,bb4f63116d1d581d9187b7f88a7ebfd4bc3a83f2,UNMAPPED,docs/design/02d-cross-context-contracts.md,EXCLUDED_SOURCE_METADATA,regenerated after code replay,docs(sds): 锁定合同管理员公司授权范围
19,2cf427d6ccb6e0cef0cef3b1460eeaa95ddced53,2026-08-29T17:16:46+08:00,codex/f-acc-001-sds,bb4f63116d1d581d9187b7f88a7ebfd4bc3a83f2,UNMAPPED,docs/design/04-module-design.md,EXCLUDED_SOURCE_METADATA,regenerated after code replay,docs(sds): 锁定合同管理员公司授权范围
19,2cf427d6ccb6e0cef0cef3b1460eeaa95ddced53,2026-08-29T17:16:46+08:00,codex/f-acc-001-sds,bb4f63116d1d581d9187b7f88a7ebfd4bc3a83f2,UNMAPPED,docs/design/07-authorization-design.md,EXCLUDED_SOURCE_METADATA,regenerated after code replay,docs(sds): 锁定合同管理员公司授权范围
19,2cf427d6ccb6e0cef0cef3b1460eeaa95ddced53,2026-08-29T17:16:46+08:00,codex/f-acc-001-sds,bb4f63116d1d581d9187b7f88a7ebfd4bc3a83f2,UNMAPPED,docs/design/09-database-design.md,EXCLUDED_SOURCE_METADATA,regenerated after code replay,docs(sds): 锁定合同管理员公司授权范围
19,2cf427d6ccb6e0cef0cef3b1460eeaa95ddced53,2026-08-29T17:16:46+08:00,codex/f-acc-001-sds,bb4f63116d1d581d9187b7f88a7ebfd4bc3a83f2,UNMAPPED,docs/design/10-api-design.md,EXCLUDED_SOURCE_METADATA,regenerated after code replay,docs(sds): 锁定合同管理员公司授权范围
19,2cf427d6ccb6e0cef0cef3b1460eeaa95ddced53,2026-08-29T17:16:46+08:00,codex/f-acc-001-sds,bb4f63116d1d581d9187b7f88a7ebfd4bc3a83f2,UNMAPPED,docs/design/14-security-design.md,EXCLUDED_SOURCE_METADATA,regenerated after code replay,docs(sds): 锁定合同管理员公司授权范围
19,2cf427d6ccb6e0cef0cef3b1460eeaa95ddced53,2026-08-29T17:16:46+08:00,codex/f-acc-001-sds,bb4f63116d1d581d9187b7f88a7ebfd4bc3a83f2,UNMAPPED,docs/design/15-cache-and-concurrency.md,EXCLUDED_SOURCE_METADATA,regenerated after code replay,docs(sds): 锁定合同管理员公司授权范围
19,2cf427d6ccb6e0cef0cef3b1460eeaa95ddced53,2026-08-29T17:16:46+08:00,codex/f-acc-001-sds,bb4f63116d1d581d9187b7f88a7ebfd4bc3a83f2,UNMAPPED,docs/design/16-exception-and-idempotency.md,EXCLUDED_SOURCE_METADATA,regenerated after code replay,docs(sds): 锁定合同管理员公司授权范围
19,2cf427d6ccb6e0cef0cef3b1460eeaa95ddced53,2026-08-29T17:16:46+08:00,codex/f-acc-001-sds,bb4f63116d1d581d9187b7f88a7ebfd4bc3a83f2,UNMAPPED,docs/engineering/gates/phase-2/gate-status.md,EXCLUDED_SOURCE_METADATA,regenerated after code replay,docs(sds): 锁定合同管理员公司授权范围
19,2cf427d6ccb6e0cef0cef3b1460eeaa95ddced53,2026-08-29T17:16:46+08:00,codex/f-acc-001-sds,bb4f63116d1d581d9187b7f88a7ebfd4bc3a83f2,UNMAPPED,docs/engineering/gates/phase-2/self-review.md,EXCLUDED_SOURCE_METADATA,regenerated after code replay,docs(sds): 锁定合同管理员公司授权范围
19,2cf427d6ccb6e0cef0cef3b1460eeaa95ddced53,2026-08-29T17:16:46+08:00,codex/f-acc-001-sds,bb4f63116d1d581d9187b7f88a7ebfd4bc3a83f2,UNMAPPED,docs/traceability/phase2-contract-map.md,EXCLUDED_SOURCE_METADATA,regenerated after code replay,docs(sds): 锁定合同管理员公司授权范围
19,2cf427d6ccb6e0cef0cef3b1460eeaa95ddced53,2026-08-29T17:16:46+08:00,codex/f-acc-001-sds,bb4f63116d1d581d9187b7f88a7ebfd4bc3a83f2,UNMAPPED,scripts/generate_phase2_contract_map.py,APPLIED_CODE_CHANGE,clean per-commit delta,docs(sds): 锁定合同管理员公司授权范围
19,2cf427d6ccb6e0cef0cef3b1460eeaa95ddced53,2026-08-29T17:16:46+08:00,codex/f-acc-001-sds,bb4f63116d1d581d9187b7f88a7ebfd4bc3a83f2,UNMAPPED,scripts/tests/test_validate_sds_phase2.py,APPLIED_CODE_CHANGE,clean per-commit delta,docs(sds): 锁定合同管理员公司授权范围
19,2cf427d6ccb6e0cef0cef3b1460eeaa95ddced53,2026-08-29T17:16:46+08:00,codex/f-acc-001-sds,bb4f63116d1d581d9187b7f88a7ebfd4bc3a83f2,UNMAPPED,scripts/validate_sds_phase2.py,APPLIED_CODE_CHANGE,clean per-commit delta,docs(sds): 锁定合同管理员公司授权范围
20,887273ef675502795377770625121e445caecfc0,2026-08-29T17:16:55+08:00,codex/f-acc-001-sds,5d87e6aa59971d80d7d04bf9b995715848623a9f,UNMAPPED,docs/engineering/independent-adjudicator-role-and-review-rules.md,EXCLUDED_SOURCE_METADATA,regenerated after code replay,docs(engineering): 明确权限审核与正向闭环原则
21,518ef2f7c7774a5fc49bc834c1c18ce507f879c4,2026-08-29T17:22:48+08:00,codex/f-acc-001-sds,fcd2a4adb56b51ab5366e55c9ea69dec62888543,F-COM-001,docs/decisions/0038-commerce-contract-administrator-company-scope.md,EXCLUDED_SOURCE_METADATA,regenerated after code replay,docs(sds): 回写合同授权差量裁决
21,518ef2f7c7774a5fc49bc834c1c18ce507f879c4,2026-08-29T17:22:48+08:00,codex/f-acc-001-sds,fcd2a4adb56b51ab5366e55c9ea69dec62888543,UNMAPPED,docs/engineering/gates/phase-2/gate-status.md,EXCLUDED_SOURCE_METADATA,regenerated after code replay,docs(sds): 回写合同授权差量裁决
21,518ef2f7c7774a5fc49bc834c1c18ce507f879c4,2026-08-29T17:22:48+08:00,codex/f-acc-001-sds,fcd2a4adb56b51ab5366e55c9ea69dec62888543,UNMAPPED,docs/engineering/gates/phase-2/self-review.md,EXCLUDED_SOURCE_METADATA,regenerated after code replay,docs(sds): 回写合同授权差量裁决
21,518ef2f7c7774a5fc49bc834c1c18ce507f879c4,2026-08-29T17:22:48+08:00,codex/f-acc-001-sds,fcd2a4adb56b51ab5366e55c9ea69dec62888543,UNMAPPED,scripts/validate_sds_phase2.py,APPLIED_CODE_CHANGE,clean per-commit delta,docs(sds): 回写合同授权差量裁决
22,ba329cce134a0fe40e8043c1f9afb2de1c79726c,2026-08-29T17:24:56+08:00,codex/f-acc-001-sds,d05c271346a288b28bc1cce572282f3276479a64,UNMAPPED,docs/engineering/00-engineering-chain.md,EXCLUDED_SOURCE_METADATA,regenerated after code replay,docs(engineering): 明确权限实施与验收原则
23,c57ee7b5f5226f5dc902d817c034ff1a8f6618c3,2026-08-29T17:27:50+08:00,codex/f-acc-001-sds,0210261813047644da7f5427f475c831217ea091,F-COM-001,scripts/tests/test_fcom001_feature_contract.py,APPLIED_NON_CONFLICTING_HUNKS,rejected_hunks=1 rc=1,docs(commerce): 提交合同订单Feature完整复审
23,c57ee7b5f5226f5dc902d817c034ff1a8f6618c3,2026-08-29T17:27:50+08:00,codex/f-acc-001-sds,0210261813047644da7f5427f475c831217ea091,F-COM-001,specs/features/F-COM-001-contract-order-association-and-delivery-scope-allocation.md,EXCLUDED_SOURCE_METADATA,regenerated after code replay,docs(commerce): 提交合同订单Feature完整复审
23,c57ee7b5f5226f5dc902d817c034ff1a8f6618c3,2026-08-29T17:27:50+08:00,codex/f-acc-001-sds,0210261813047644da7f5427f475c831217ea091,F-COM-001,specs/features/F-COM-001-legacy-reuse-audit.md,EXCLUDED_SOURCE_METADATA,regenerated after code replay,docs(commerce): 提交合同订单Feature完整复审
23,c57ee7b5f5226f5dc902d817c034ff1a8f6618c3,2026-08-29T17:27:50+08:00,codex/f-acc-001-sds,0210261813047644da7f5427f475c831217ea091,F-COM-001,specs/features/F-COM-001-physical-contract.json,EXCLUDED_SOURCE_METADATA,regenerated after code replay,docs(commerce): 提交合同订单Feature完整复审
23,c57ee7b5f5226f5dc902d817c034ff1a8f6618c3,2026-08-29T17:27:50+08:00,codex/f-acc-001-sds,0210261813047644da7f5427f475c831217ea091,F-COM-001,specs/features/README.md,EXCLUDED_SOURCE_METADATA,regenerated after code replay,docs(commerce): 提交合同订单Feature完整复审
24,ead6c8bf3eca721a221564ac13c6f656aeb44f9e,2026-08-29T17:33:35+08:00,codex/f-acc-001-sds,aa7889b4f3bc6cbf059569635181f0ee1c643e97,F-COM-001,scripts/tests/test_fcom001_feature_contract.py,CONFLICTING_HUNKS_PENDING,rejected_hunks=1 rc=1,docs(commerce): 回写合同订单Feature Ready裁决
24,ead6c8bf3eca721a221564ac13c6f656aeb44f9e,2026-08-29T17:33:35+08:00,codex/f-acc-001-sds,aa7889b4f3bc6cbf059569635181f0ee1c643e97,F-COM-001,specs/features/F-COM-001-contract-order-association-and-delivery-scope-allocation.md,EXCLUDED_SOURCE_METADATA,regenerated after code replay,docs(commerce): 回写合同订单Feature Ready裁决
24,ead6c8bf3eca721a221564ac13c6f656aeb44f9e,2026-08-29T17:33:35+08:00,codex/f-acc-001-sds,aa7889b4f3bc6cbf059569635181f0ee1c643e97,F-COM-001,specs/features/F-COM-001-physical-contract.json,EXCLUDED_SOURCE_METADATA,regenerated after code replay,docs(commerce): 回写合同订单Feature Ready裁决
24,ead6c8bf3eca721a221564ac13c6f656aeb44f9e,2026-08-29T17:33:35+08:00,codex/f-acc-001-sds,aa7889b4f3bc6cbf059569635181f0ee1c643e97,F-COM-001,specs/features/README.md,EXCLUDED_SOURCE_METADATA,regenerated after code replay,docs(commerce): 回写合同订单Feature Ready裁决
25,3412e38397776d471c6ea3867def2001609d5b46,2026-08-29T17:47:19+08:00,codex/f-acc-001-sds,cd878ec6f028190db2bb166c57a8b427f8cb4f4c,F-COM-001,scripts/tests/test_fcom001_feature_contract.py,APPLIED_NON_CONFLICTING_HUNKS,rejected_hunks=1 rc=1,docs(commerce): 隔离V72受管种子转换
25,3412e38397776d471c6ea3867def2001609d5b46,2026-08-29T17:47:19+08:00,codex/f-acc-001-sds,cd878ec6f028190db2bb166c57a8b427f8cb4f4c,F-COM-001,specs/features/F-COM-001-contract-order-association-and-delivery-scope-allocation.md,EXCLUDED_SOURCE_METADATA,regenerated after code replay,docs(commerce): 隔离V72受管种子转换
25,3412e38397776d471c6ea3867def2001609d5b46,2026-08-29T17:47:19+08:00,codex/f-acc-001-sds,cd878ec6f028190db2bb166c57a8b427f8cb4f4c,F-COM-001,specs/features/F-COM-001-legacy-reuse-audit.md,EXCLUDED_SOURCE_METADATA,regenerated after code replay,docs(commerce): 隔离V72受管种子转换
25,3412e38397776d471c6ea3867def2001609d5b46,2026-08-29T17:47:19+08:00,codex/f-acc-001-sds,cd878ec6f028190db2bb166c57a8b427f8cb4f4c,F-COM-001,specs/features/F-COM-001-physical-contract.json,EXCLUDED_SOURCE_METADATA,regenerated after code replay,docs(commerce): 隔离V72受管种子转换
26,8e6db2d3e870de8610e106cf76acbeefa1b6a0d2,2026-08-29T17:51:19+08:00,codex/f-acc-001-sds,7a83e69b013e7b049d56f897059fa671f23ca425,F-COM-001,specs/features/F-COM-001-contract-order-association-and-delivery-scope-allocation.md,EXCLUDED_SOURCE_METADATA,regenerated after code replay,docs(commerce): 回写V72种子契约裁决
26,8e6db2d3e870de8610e106cf76acbeefa1b6a0d2,2026-08-29T17:51:19+08:00,codex/f-acc-001-sds,7a83e69b013e7b049d56f897059fa671f23ca425,F-COM-001,specs/features/F-COM-001-physical-contract.json,EXCLUDED_SOURCE_METADATA,regenerated after code replay,docs(commerce): 回写V72种子契约裁决
27,1b698c5cf8315c0cb0dbc76558c40eebfa9262b6,2026-08-29T17:58:20+08:00,codex/f-acc-001-sds,60d2e5fb6fcbfdbded5d32030785f3249ff35e19,F-COM-001,docs/superpowers/plans/2026-08-29-f-com-001-contract-order-and-delivery-scope.md,EXCLUDED_SOURCE_METADATA,regenerated after code replay,docs(commerce): 形成合同订单实施计划
27,1b698c5cf8315c0cb0dbc76558c40eebfa9262b6,2026-08-29T17:58:20+08:00,codex/f-acc-001-sds,60d2e5fb6fcbfdbded5d32030785f3249ff35e19,F-COM-001,specs/features/F-COM-001-contract-order-association-and-delivery-scope-allocation.md,EXCLUDED_SOURCE_METADATA,regenerated after code replay,docs(commerce): 形成合同订单实施计划
28,c33b0836f71e0875008a084ff360e7027d276ec9,2026-08-29T18:05:11+08:00,codex/f-acc-001-sds,cfbb84a0b0229b2f479a8a440356e50d10bfea75,F-COM-001,docs/superpowers/plans/2026-08-29-f-com-001-contract-order-and-delivery-scope.md,EXCLUDED_SOURCE_METADATA,regenerated after code replay,docs(commerce): 闭合V124原子切换计划
28,c33b0836f71e0875008a084ff360e7027d276ec9,2026-08-29T18:05:11+08:00,codex/f-acc-001-sds,cfbb84a0b0229b2f479a8a440356e50d10bfea75,F-COM-001,specs/features/F-COM-001-contract-order-association-and-delivery-scope-allocation.md,EXCLUDED_SOURCE_METADATA,regenerated after code replay,docs(commerce): 闭合V124原子切换计划
29,281b2355d59b29508116b8fb21a0ed4272f878b9,2026-08-29T18:09:11+08:00,codex/f-acc-001-sds,58682a4055e017adc16c54a460aa317f3d2bfde5,F-COM-001,docs/superpowers/plans/2026-08-29-f-com-001-contract-order-and-delivery-scope.md,EXCLUDED_SOURCE_METADATA,regenerated after code replay,docs(commerce): 进入合同订单实施阶段
29,281b2355d59b29508116b8fb21a0ed4272f878b9,2026-08-29T18:09:11+08:00,codex/f-acc-001-sds,58682a4055e017adc16c54a460aa317f3d2bfde5,F-COM-001,docs/traceability/requirement-matrix.md,EXCLUDED_SOURCE_METADATA,regenerated after code replay,docs(commerce): 进入合同订单实施阶段
29,281b2355d59b29508116b8fb21a0ed4272f878b9,2026-08-29T18:09:11+08:00,codex/f-acc-001-sds,58682a4055e017adc16c54a460aa317f3d2bfde5,F-COM-001,docs/traceability/requirement-version-coverage.json,EXCLUDED_SOURCE_METADATA,regenerated after code replay,docs(commerce): 进入合同订单实施阶段
29,281b2355d59b29508116b8fb21a0ed4272f878b9,2026-08-29T18:09:11+08:00,codex/f-acc-001-sds,58682a4055e017adc16c54a460aa317f3d2bfde5,F-COM-001,specs/features/F-COM-001-contract-order-association-and-delivery-scope-allocation.md,EXCLUDED_SOURCE_METADATA,regenerated after code replay,docs(commerce): 进入合同订单实施阶段
29,281b2355d59b29508116b8fb21a0ed4272f878b9,2026-08-29T18:09:11+08:00,codex/f-acc-001-sds,58682a4055e017adc16c54a460aa317f3d2bfde5,F-COM-001,tasks/features/F-COM-001.md,EXCLUDED_SOURCE_METADATA,regenerated after code replay,docs(commerce): 进入合同订单实施阶段
30,c541126b644ff28d72ad8735534a6b63f859c729,2026-08-29T18:14:40+08:00,codex/f-acc-001-sds,9c453bb4820c942da8990ff124a4b16121ff7869,F-COM-001,pms-module-commerce/pms-module-commerce-api/src/main/java/cn/iocoder/yudao/module/pms/commerce/api/authority/CommerceAuthorityWriteApi.java,APPLIED_ADD_ADD,current-semantic-superset,feat(commerce): 新增合同范围协作契约
30,c541126b644ff28d72ad8735534a6b63f859c729,2026-08-29T18:14:40+08:00,codex/f-acc-001-sds,9c453bb4820c942da8990ff124a4b16121ff7869,F-COM-001,pms-module-commerce/pms-module-commerce-api/src/main/java/cn/iocoder/yudao/module/pms/commerce/api/authority/dto/AuthorityWriteResult.java,APPLIED_ADD_ADD,current-semantic-superset,feat(commerce): 新增合同范围协作契约
30,c541126b644ff28d72ad8735534a6b63f859c729,2026-08-29T18:14:40+08:00,codex/f-acc-001-sds,9c453bb4820c942da8990ff124a4b16121ff7869,F-COM-001,pms-module-commerce/pms-module-commerce-api/src/main/java/cn/iocoder/yudao/module/pms/commerce/api/authority/dto/CommerceAuthorityWriteCommand.java,APPLIED_ADD_ADD,current-semantic-superset,feat(commerce): 新增合同范围协作契约
30,c541126b644ff28d72ad8735534a6b63f859c729,2026-08-29T18:14:40+08:00,codex/f-acc-001-sds,9c453bb4820c942da8990ff124a4b16121ff7869,F-COM-001,pms-module-project/pms-module-project-api/src/main/java/cn/iocoder/yudao/module/pms/project/api/commerce/dto/ProjectOfficeFact.java,APPLIED_ADD_ADD,current-semantic-superset,feat(commerce): 新增合同范围协作契约
30,c541126b644ff28d72ad8735534a6b63f859c729,2026-08-29T18:14:40+08:00,codex/f-acc-001-sds,9c453bb4820c942da8990ff124a4b16121ff7869,F-COM-001,pms-module-project/src/test/java/cn/iocoder/yudao/module/pms/project/api/Fcom001PublicApiContractTest.java,CONFLICTING_HUNKS_PENDING,rejected_hunks=0 rc=1,feat(commerce): 新增合同范围协作契约
31,3b9e680a0ede81dd20c1075d8c0ad7982afc5073,2026-08-29T18:23:11+08:00,codex/f-acc-001-sds,4d0f0913f23c71f77ef067425b1add9c579713c4,F-COM-001,pms-module-project/src/main/java/cn/iocoder/yudao/module/pms/project/api/commerce/ProjectOfficeFactApiImpl.java,CONFLICTING_HUNKS_PENDING,rejected_hunks=0 rc=1,feat(project): 提供合同范围项目事实
31,3b9e680a0ede81dd20c1075d8c0ad7982afc5073,2026-08-29T18:23:11+08:00,codex/f-acc-001-sds,4d0f0913f23c71f77ef067425b1add9c579713c4,F-COM-001,pms-module-project/src/test/java/cn/iocoder/yudao/module/pms/project/api/commerce/ProjectOfficeFactApiImplTest.java,APPLIED_ADD_ADD,current-semantic-superset,feat(project): 提供合同范围项目事实
31,3b9e680a0ede81dd20c1075d8c0ad7982afc5073,2026-08-29T18:23:11+08:00,codex/f-acc-001-sds,4d0f0913f23c71f77ef067425b1add9c579713c4,F-COM-001,tasks/features/F-COM-001.md,EXCLUDED_SOURCE_METADATA,regenerated after code replay,feat(project): 提供合同范围项目事实
32,6490d44c035b74ec5b9e06377c2b32a1619a69ae,2026-08-29T18:29:49+08:00,codex/f-acc-001-sds,49ddbffe49f0a8ffb5a5b8324d8601bf84380689,UNMAPPED,pms-module-project/src/main/java/cn/iocoder/yudao/module/pms/project/dal/dataobject/acceptancescope/AcceptanceScopeBindingDO.java,CONFLICTING_HUNKS_PENDING,rejected_hunks=0 rc=1,feat(acceptance): 新增验收范围锁定事实
32,6490d44c035b74ec5b9e06377c2b32a1619a69ae,2026-08-29T18:29:49+08:00,codex/f-acc-001-sds,49ddbffe49f0a8ffb5a5b8324d8601bf84380689,UNMAPPED,pms-module-project/src/main/java/cn/iocoder/yudao/module/pms/project/enums/ErrorCodeConstants.java,CONFLICTING_HUNKS_PENDING,rejected_hunks=1 rc=1,feat(acceptance): 新增验收范围锁定事实
32,6490d44c035b74ec5b9e06377c2b32a1619a69ae,2026-08-29T18:29:49+08:00,codex/f-acc-001-sds,49ddbffe49f0a8ffb5a5b8324d8601bf84380689,UNMAPPED,pms-module-project/src/test/java/cn/iocoder/yudao/module/pms/project/service/acceptancescope/AcceptanceScopeBindingServiceTest.java,APPLIED_ADD_ADD,current-semantic-superset,feat(acceptance): 新增验收范围锁定事实
33,9fd37981611e926ff8bce2c39c13685e14f28499,2026-08-29T18:33:00+08:00,codex/f-acc-001-sds,cfb0183901b2b2a7609a82541dfc8fe1f1e8dd25,F-COM-001,pms-module-commerce/src/main/java/cn/iocoder/yudao/module/pms/commerce/dal/mysql/scope/DeliveryScopeMapper.java,CONFLICTING_HUNKS_PENDING,rejected_hunks=1 rc=1,feat(commerce): 提供验收范围稳定锁读
33,9fd37981611e926ff8bce2c39c13685e14f28499,2026-08-29T18:33:00+08:00,codex/f-acc-001-sds,cfb0183901b2b2a7609a82541dfc8fe1f1e8dd25,F-COM-001,pms-module-commerce/src/main/resources/mapper/scope/DeliveryScopeMapper.xml,APPLIED_ADD_ADD,current-semantic-superset,feat(commerce): 提供验收范围稳定锁读
33,9fd37981611e926ff8bce2c39c13685e14f28499,2026-08-29T18:33:00+08:00,codex/f-acc-001-sds,cfb0183901b2b2a7609a82541dfc8fe1f1e8dd25,F-COM-001,tasks/features/F-COM-001.md,EXCLUDED_SOURCE_METADATA,regenerated after code replay,feat(commerce): 提供验收范围稳定锁读
34,43d63dcd50b65d62ce6ec3a35de55ee7a9e22bc1,2026-08-29T18:54:24+08:00,codex/f-acc-001-sds,52d5344ac91dcef2ad6b3de6f34cb594c0dccec8,F-COM-001,pms-module-commerce/src/test/java/cn/iocoder/yudao/module/pms/commerce/migration/Fcom001MigrationContractTest.java,CONFLICTING_HUNKS_PENDING,rejected_hunks=0 rc=1,feat(commerce): 实现V124原子前向切换
34,43d63dcd50b65d62ce6ec3a35de55ee7a9e22bc1,2026-08-29T18:54:24+08:00,codex/f-acc-001-sds,52d5344ac91dcef2ad6b3de6f34cb594c0dccec8,F-COM-001,sql/migrations/V124__fcom001_contract_order_scope_forward_migration.sql,APPLIED_CODE_CHANGE,clean per-commit delta,feat(commerce): 实现V124原子前向切换
34,43d63dcd50b65d62ce6ec3a35de55ee7a9e22bc1,2026-08-29T18:54:24+08:00,codex/f-acc-001-sds,52d5344ac91dcef2ad6b3de6f34cb594c0dccec8,F-COM-001,tasks/features/F-COM-001.md,EXCLUDED_SOURCE_METADATA,regenerated after code replay,feat(commerce): 实现V124原子前向切换
35,aabf19d7009779dbd9e07c1581935390f4d56bc7,2026-08-29T19:09:28+08:00,codex/f-acc-001-sds,731b546007e8afc55cbb0651e261cce6484728c1,F-COM-001,pms-module-commerce/pom.xml,CONFLICTING_HUNKS_PENDING,rejected_hunks=1 rc=1,feat(commerce): 实现权威副本与合同公司范围
35,aabf19d7009779dbd9e07c1581935390f4d56bc7,2026-08-29T19:09:28+08:00,codex/f-acc-001-sds,731b546007e8afc55cbb0651e261cce6484728c1,F-COM-001,pms-module-commerce/src/main/java/cn/iocoder/yudao/module/pms/commerce/dal/dataobject/contract/ContractDO.java,APPLIED_ADD_ADD,current-semantic-superset,feat(commerce): 实现权威副本与合同公司范围
35,aabf19d7009779dbd9e07c1581935390f4d56bc7,2026-08-29T19:09:28+08:00,codex/f-acc-001-sds,731b546007e8afc55cbb0651e261cce6484728c1,F-COM-001,pms-module-commerce/src/main/java/cn/iocoder/yudao/module/pms/commerce/dal/dataobject/order/SalesOrderDO.java,APPLIED_ADD_ADD,current-semantic-superset,feat(commerce): 实现权威副本与合同公司范围
35,aabf19d7009779dbd9e07c1581935390f4d56bc7,2026-08-29T19:09:28+08:00,codex/f-acc-001-sds,731b546007e8afc55cbb0651e261cce6484728c1,F-COM-001,pms-module-commerce/src/main/java/cn/iocoder/yudao/module/pms/commerce/dal/dataobject/order/SalesOrderLineDO.java,APPLIED_ADD_ADD,current-semantic-superset,feat(commerce): 实现权威副本与合同公司范围
35,aabf19d7009779dbd9e07c1581935390f4d56bc7,2026-08-29T19:09:28+08:00,codex/f-acc-001-sds,731b546007e8afc55cbb0651e261cce6484728c1,F-COM-001,pms-module-commerce/src/main/java/cn/iocoder/yudao/module/pms/commerce/dal/mysql/contract/ContractMapper.java,APPLIED_ADD_ADD,current-semantic-superset,feat(commerce): 实现权威副本与合同公司范围
35,aabf19d7009779dbd9e07c1581935390f4d56bc7,2026-08-29T19:09:28+08:00,codex/f-acc-001-sds,731b546007e8afc55cbb0651e261cce6484728c1,F-COM-001,pms-module-commerce/src/main/java/cn/iocoder/yudao/module/pms/commerce/dal/mysql/contract/ProjectContractRelationMapper.java,APPLIED_ADD_ADD,current-semantic-superset,feat(commerce): 实现权威副本与合同公司范围
35,aabf19d7009779dbd9e07c1581935390f4d56bc7,2026-08-29T19:09:28+08:00,codex/f-acc-001-sds,731b546007e8afc55cbb0651e261cce6484728c1,F-COM-001,pms-module-commerce/src/main/java/cn/iocoder/yudao/module/pms/commerce/dal/mysql/contract/query/ContractCompanyScopeQuery.java,CONFLICTING_HUNKS_PENDING,rejected_hunks=0 rc=1,feat(commerce): 实现权威副本与合同公司范围
35,aabf19d7009779dbd9e07c1581935390f4d56bc7,2026-08-29T19:09:28+08:00,codex/f-acc-001-sds,731b546007e8afc55cbb0651e261cce6484728c1,F-COM-001,pms-module-commerce/src/main/java/cn/iocoder/yudao/module/pms/commerce/dal/mysql/contract/query/ContractDetailScopeQuery.java,CONFLICTING_HUNKS_PENDING,rejected_hunks=0 rc=1,feat(commerce): 实现权威副本与合同公司范围
35,aabf19d7009779dbd9e07c1581935390f4d56bc7,2026-08-29T19:09:28+08:00,codex/f-acc-001-sds,731b546007e8afc55cbb0651e261cce6484728c1,F-COM-001,pms-module-commerce/src/main/java/cn/iocoder/yudao/module/pms/commerce/dal/mysql/order/SalesOrderLineMapper.java,APPLIED_ADD_ADD,current-semantic-superset,feat(commerce): 实现权威副本与合同公司范围
35,aabf19d7009779dbd9e07c1581935390f4d56bc7,2026-08-29T19:09:28+08:00,codex/f-acc-001-sds,731b546007e8afc55cbb0651e261cce6484728c1,F-COM-001,pms-module-commerce/src/main/java/cn/iocoder/yudao/module/pms/commerce/dal/mysql/order/SalesOrderMapper.java,APPLIED_ADD_ADD,current-semantic-superset,feat(commerce): 实现权威副本与合同公司范围
35,aabf19d7009779dbd9e07c1581935390f4d56bc7,2026-08-29T19:09:28+08:00,codex/f-acc-001-sds,731b546007e8afc55cbb0651e261cce6484728c1,F-COM-001,pms-module-commerce/src/main/java/cn/iocoder/yudao/module/pms/commerce/dal/mysql/order/query/SalesOrderCompanyScopeQuery.java,CONFLICTING_HUNKS_PENDING,rejected_hunks=0 rc=1,feat(commerce): 实现权威副本与合同公司范围
35,aabf19d7009779dbd9e07c1581935390f4d56bc7,2026-08-29T19:09:28+08:00,codex/f-acc-001-sds,731b546007e8afc55cbb0651e261cce6484728c1,F-COM-001,pms-module-commerce/src/main/java/cn/iocoder/yudao/module/pms/commerce/dal/mysql/order/query/SalesOrderLineCompanyScopeQuery.java,CONFLICTING_HUNKS_PENDING,rejected_hunks=0 rc=1,feat(commerce): 实现权威副本与合同公司范围
35,aabf19d7009779dbd9e07c1581935390f4d56bc7,2026-08-29T19:09:28+08:00,codex/f-acc-001-sds,731b546007e8afc55cbb0651e261cce6484728c1,F-COM-001,pms-module-commerce/src/main/java/cn/iocoder/yudao/module/pms/commerce/service/authority/CommerceAuthorityWriteService.java,CONFLICTING_HUNKS_PENDING,rejected_hunks=0 rc=1,feat(commerce): 实现权威副本与合同公司范围
35,aabf19d7009779dbd9e07c1581935390f4d56bc7,2026-08-29T19:09:28+08:00,codex/f-acc-001-sds,731b546007e8afc55cbb0651e261cce6484728c1,F-COM-001,pms-module-commerce/src/main/java/cn/iocoder/yudao/module/pms/commerce/service/contract/ContractAccessService.java,CONFLICTING_HUNKS_PENDING,rejected_hunks=0 rc=1,feat(commerce): 实现权威副本与合同公司范围
35,aabf19d7009779dbd9e07c1581935390f4d56bc7,2026-08-29T19:09:28+08:00,codex/f-acc-001-sds,731b546007e8afc55cbb0651e261cce6484728c1,F-COM-001,pms-module-commerce/src/main/java/cn/iocoder/yudao/module/pms/commerce/service/contract/ContractRelationCommandService.java,APPLIED_ADD_ADD,current-semantic-superset,feat(commerce): 实现权威副本与合同公司范围
35,aabf19d7009779dbd9e07c1581935390f4d56bc7,2026-08-29T19:09:28+08:00,codex/f-acc-001-sds,731b546007e8afc55cbb0651e261cce6484728c1,F-COM-001,pms-module-commerce/src/main/resources/mapper/contract/ContractMapper.xml,CONFLICTING_HUNKS_PENDING,rejected_hunks=0 rc=1,feat(commerce): 实现权威副本与合同公司范围
35,aabf19d7009779dbd9e07c1581935390f4d56bc7,2026-08-29T19:09:28+08:00,codex/f-acc-001-sds,731b546007e8afc55cbb0651e261cce6484728c1,F-COM-001,pms-module-commerce/src/main/resources/mapper/contract/ProjectContractRelationMapper.xml,APPLIED_ADD_ADD,current-semantic-superset,feat(commerce): 实现权威副本与合同公司范围
35,aabf19d7009779dbd9e07c1581935390f4d56bc7,2026-08-29T19:09:28+08:00,codex/f-acc-001-sds,731b546007e8afc55cbb0651e261cce6484728c1,F-COM-001,pms-module-commerce/src/main/resources/mapper/order/SalesOrderLineMapper.xml,CONFLICTING_HUNKS_PENDING,rejected_hunks=0 rc=1,feat(commerce): 实现权威副本与合同公司范围
35,aabf19d7009779dbd9e07c1581935390f4d56bc7,2026-08-29T19:09:28+08:00,codex/f-acc-001-sds,731b546007e8afc55cbb0651e261cce6484728c1,F-COM-001,pms-module-commerce/src/main/resources/mapper/order/SalesOrderMapper.xml,CONFLICTING_HUNKS_PENDING,rejected_hunks=0 rc=1,feat(commerce): 实现权威副本与合同公司范围
35,aabf19d7009779dbd9e07c1581935390f4d56bc7,2026-08-29T19:09:28+08:00,codex/f-acc-001-sds,731b546007e8afc55cbb0651e261cce6484728c1,F-COM-001,pms-module-commerce/src/test/java/cn/iocoder/yudao/module/pms/commerce/service/authority/CommerceAuthorityWriteServiceTest.java,CONFLICTING_HUNKS_PENDING,rejected_hunks=0 rc=1,feat(commerce): 实现权威副本与合同公司范围
35,aabf19d7009779dbd9e07c1581935390f4d56bc7,2026-08-29T19:09:28+08:00,codex/f-acc-001-sds,731b546007e8afc55cbb0651e261cce6484728c1,F-COM-001,pms-module-commerce/src/test/java/cn/iocoder/yudao/module/pms/commerce/service/contract/ContractAccessServiceTest.java,CONFLICTING_HUNKS_PENDING,rejected_hunks=0 rc=1,feat(commerce): 实现权威副本与合同公司范围
35,aabf19d7009779dbd9e07c1581935390f4d56bc7,2026-08-29T19:09:28+08:00,codex/f-acc-001-sds,731b546007e8afc55cbb0651e261cce6484728c1,F-COM-001,pms-module-commerce/src/test/java/cn/iocoder/yudao/module/pms/commerce/service/contract/ContractRelationCommandServiceTest.java,CONFLICTING_HUNKS_PENDING,rejected_hunks=0 rc=1,feat(commerce): 实现权威副本与合同公司范围
35,aabf19d7009779dbd9e07c1581935390f4d56bc7,2026-08-29T19:09:28+08:00,codex/f-acc-001-sds,731b546007e8afc55cbb0651e261cce6484728c1,F-COM-001,tasks/features/F-COM-001.md,EXCLUDED_SOURCE_METADATA,regenerated after code replay,feat(commerce): 实现权威副本与合同公司范围
36,6bd13e416a4c914e08851cf40f2a161daa0b9f6a,2026-08-29T19:19:31+08:00,codex/f-acc-001-sds,c11dcccba991c71a38dee88e2e3dd11306546b47,F-COM-001,docs/superpowers/plans/2026-08-29-f-com-001-contract-order-and-delivery-scope.md,EXCLUDED_SOURCE_METADATA,regenerated after code replay,feat(project): 补齐范围项目编码事实
37,cc03787ec9c761358756da6320728928b47eaa39,2026-08-29T19:33:27+08:00,codex/f-acc-001-sds,5f37fe74b59c36dce36962d8ecccb37234f4636e,F-COM-001,docs/design/08-data-model.md,EXCLUDED_SOURCE_METADATA,regenerated after code replay,feat(commerce): 补齐无SN范围产品事实
37,cc03787ec9c761358756da6320728928b47eaa39,2026-08-29T19:33:27+08:00,codex/f-acc-001-sds,5f37fe74b59c36dce36962d8ecccb37234f4636e,F-COM-001,docs/design/09-database-design.md,EXCLUDED_SOURCE_METADATA,regenerated after code replay,feat(commerce): 补齐无SN范围产品事实
37,cc03787ec9c761358756da6320728928b47eaa39,2026-08-29T19:33:27+08:00,codex/f-acc-001-sds,5f37fe74b59c36dce36962d8ecccb37234f4636e,F-COM-001,docs/design/10-api-design.md,EXCLUDED_SOURCE_METADATA,regenerated after code replay,feat(commerce): 补齐无SN范围产品事实
37,cc03787ec9c761358756da6320728928b47eaa39,2026-08-29T19:33:27+08:00,codex/f-acc-001-sds,5f37fe74b59c36dce36962d8ecccb37234f4636e,F-COM-001,docs/superpowers/plans/2026-08-29-f-com-001-contract-order-and-delivery-scope.md,EXCLUDED_SOURCE_METADATA,regenerated after code replay,feat(commerce): 补齐无SN范围产品事实
37,cc03787ec9c761358756da6320728928b47eaa39,2026-08-29T19:33:27+08:00,codex/f-acc-001-sds,5f37fe74b59c36dce36962d8ecccb37234f4636e,F-COM-001,pms-module-commerce/src/main/java/cn/iocoder/yudao/module/pms/commerce/service/authority/CommerceAuthorityWriteService.java,CONFLICTING_HUNKS_PENDING,rejected_hunks=1 rc=1,feat(commerce): 补齐无SN范围产品事实
37,cc03787ec9c761358756da6320728928b47eaa39,2026-08-29T19:33:27+08:00,codex/f-acc-001-sds,5f37fe74b59c36dce36962d8ecccb37234f4636e,F-COM-001,pms-module-commerce/src/test/java/cn/iocoder/yudao/module/pms/commerce/service/authority/CommerceAuthorityWriteServiceTest.java,CONFLICTING_HUNKS_PENDING,rejected_hunks=1 rc=1,feat(commerce): 补齐无SN范围产品事实
37,cc03787ec9c761358756da6320728928b47eaa39,2026-08-29T19:33:27+08:00,codex/f-acc-001-sds,5f37fe74b59c36dce36962d8ecccb37234f4636e,F-COM-001,scripts/tests/test_fcom001_feature_contract.py,APPLIED_NON_CONFLICTING_HUNKS,rejected_hunks=1 rc=1,feat(commerce): 补齐无SN范围产品事实
37,cc03787ec9c761358756da6320728928b47eaa39,2026-08-29T19:33:27+08:00,codex/f-acc-001-sds,5f37fe74b59c36dce36962d8ecccb37234f4636e,F-COM-001,specs/features/F-COM-001-contract-order-association-and-delivery-scope-allocation.md,EXCLUDED_SOURCE_METADATA,regenerated after code replay,feat(commerce): 补齐无SN范围产品事实
37,cc03787ec9c761358756da6320728928b47eaa39,2026-08-29T19:33:27+08:00,codex/f-acc-001-sds,5f37fe74b59c36dce36962d8ecccb37234f4636e,F-COM-001,specs/features/F-COM-001-legacy-reuse-audit.md,EXCLUDED_SOURCE_METADATA,regenerated after code replay,feat(commerce): 补齐无SN范围产品事实
37,cc03787ec9c761358756da6320728928b47eaa39,2026-08-29T19:33:27+08:00,codex/f-acc-001-sds,5f37fe74b59c36dce36962d8ecccb37234f4636e,F-COM-001,specs/features/F-COM-001-physical-contract.json,EXCLUDED_SOURCE_METADATA,regenerated after code replay,feat(commerce): 补齐无SN范围产品事实
37,cc03787ec9c761358756da6320728928b47eaa39,2026-08-29T19:33:27+08:00,codex/f-acc-001-sds,5f37fe74b59c36dce36962d8ecccb37234f4636e,F-COM-001,sql/migrations/V125__fcom001_permissions_menu_and_acceptance_seed.sql,APPLIED_CODE_CHANGE,clean per-commit delta,feat(commerce): 补齐无SN范围产品事实
38,05af6f3685ce5db5a13df0ec2cc3428e789d700c,2026-08-29T19:51:01+08:00,codex/f-acc-001-sds,0c2e1098280d8aa99cbd6f2ca3b1348263f5d4d4,F-COM-001,docs/superpowers/plans/2026-08-29-f-com-001-contract-order-and-delivery-scope.md,EXCLUDED_SOURCE_METADATA,regenerated after code replay,feat(commerce): 接通范围Owner版本与兼容分配
38,05af6f3685ce5db5a13df0ec2cc3428e789d700c,2026-08-29T19:51:01+08:00,codex/f-acc-001-sds,0c2e1098280d8aa99cbd6f2ca3b1348263f5d4d4,F-COM-001,pms-module-commerce/src/main/java/cn/iocoder/yudao/module/pms/commerce/api/scope/DeliveryScopeApiImpl.java,CONFLICTING_HUNKS_PENDING,rejected_hunks=1 rc=1,feat(commerce): 接通范围Owner版本与兼容分配
38,05af6f3685ce5db5a13df0ec2cc3428e789d700c,2026-08-29T19:51:01+08:00,codex/f-acc-001-sds,0c2e1098280d8aa99cbd6f2ca3b1348263f5d4d4,F-COM-001,pms-module-commerce/src/main/java/cn/iocoder/yudao/module/pms/commerce/dal/mysql/order/SalesOrderLineMapper.java,CONFLICTING_HUNKS_PENDING,rejected_hunks=1 rc=1,feat(commerce): 接通范围Owner版本与兼容分配
38,05af6f3685ce5db5a13df0ec2cc3428e789d700c,2026-08-29T19:51:01+08:00,codex/f-acc-001-sds,0c2e1098280d8aa99cbd6f2ca3b1348263f5d4d4,F-COM-001,pms-module-commerce/src/main/java/cn/iocoder/yudao/module/pms/commerce/dal/mysql/scope/DeliveryScopeMapper.java,CONFLICTING_HUNKS_PENDING,rejected_hunks=1 rc=1,feat(commerce): 接通范围Owner版本与兼容分配
38,05af6f3685ce5db5a13df0ec2cc3428e789d700c,2026-08-29T19:51:01+08:00,codex/f-acc-001-sds,0c2e1098280d8aa99cbd6f2ca3b1348263f5d4d4,F-COM-001,pms-module-commerce/src/main/java/cn/iocoder/yudao/module/pms/commerce/service/scope/DeliveryScopeCompatibilityService.java,CONFLICTING_HUNKS_PENDING,rejected_hunks=0 rc=1,feat(commerce): 接通范围Owner版本与兼容分配
38,05af6f3685ce5db5a13df0ec2cc3428e789d700c,2026-08-29T19:51:01+08:00,codex/f-acc-001-sds,0c2e1098280d8aa99cbd6f2ca3b1348263f5d4d4,F-COM-001,pms-module-commerce/src/main/resources/mapper/order/SalesOrderLineMapper.xml,APPLIED_CODE_CHANGE,clean per-commit delta,feat(commerce): 接通范围Owner版本与兼容分配
38,05af6f3685ce5db5a13df0ec2cc3428e789d700c,2026-08-29T19:51:01+08:00,codex/f-acc-001-sds,0c2e1098280d8aa99cbd6f2ca3b1348263f5d4d4,F-COM-001,pms-module-commerce/src/main/resources/mapper/scope/DeliveryScopeMapper.xml,CONFLICTING_HUNKS_PENDING,rejected_hunks=1 rc=1,feat(commerce): 接通范围Owner版本与兼容分配
38,05af6f3685ce5db5a13df0ec2cc3428e789d700c,2026-08-29T19:51:01+08:00,codex/f-acc-001-sds,0c2e1098280d8aa99cbd6f2ca3b1348263f5d4d4,F-COM-001,pms-module-commerce/src/test/java/cn/iocoder/yudao/module/pms/commerce/service/scope/DeliveryScopeCompatibilityServiceTest.java,CONFLICTING_HUNKS_PENDING,rejected_hunks=0 rc=1,feat(commerce): 接通范围Owner版本与兼容分配
38,05af6f3685ce5db5a13df0ec2cc3428e789d700c,2026-08-29T19:51:01+08:00,codex/f-acc-001-sds,0c2e1098280d8aa99cbd6f2ca3b1348263f5d4d4,F-COM-001,scripts/tests/test_fcom001_feature_contract.py,APPLIED_NON_CONFLICTING_HUNKS,rejected_hunks=1 rc=1,feat(commerce): 接通范围Owner版本与兼容分配
38,05af6f3685ce5db5a13df0ec2cc3428e789d700c,2026-08-29T19:51:01+08:00,codex/f-acc-001-sds,0c2e1098280d8aa99cbd6f2ca3b1348263f5d4d4,F-COM-001,specs/features/F-COM-001-contract-order-association-and-delivery-scope-allocation.md,EXCLUDED_SOURCE_METADATA,regenerated after code replay,feat(commerce): 接通范围Owner版本与兼容分配
38,05af6f3685ce5db5a13df0ec2cc3428e789d700c,2026-08-29T19:51:01+08:00,codex/f-acc-001-sds,0c2e1098280d8aa99cbd6f2ca3b1348263f5d4d4,F-COM-001,specs/features/F-COM-001-physical-contract.json,EXCLUDED_SOURCE_METADATA,regenerated after code replay,feat(commerce): 接通范围Owner版本与兼容分配
39,63b6efc0a149bf713da6fbd9717ab6648f4cea79,2026-08-29T19:57:55+08:00,codex/f-acc-001-sds,00cb652f57ae8c01867184688f774fc6a774812a,F-COM-001,pms-module-commerce/src/main/java/cn/iocoder/yudao/module/pms/commerce/dal/mysql/scope/DeliveryScopeMapper.java,CONFLICTING_HUNKS_PENDING,rejected_hunks=1 rc=1,feat(commerce): 冻结ERP减量冲突范围
39,63b6efc0a149bf713da6fbd9717ab6648f4cea79,2026-08-29T19:57:55+08:00,codex/f-acc-001-sds,00cb652f57ae8c01867184688f774fc6a774812a,F-COM-001,pms-module-commerce/src/main/java/cn/iocoder/yudao/module/pms/commerce/service/authority/CommerceAuthorityWriteService.java,CONFLICTING_HUNKS_PENDING,rejected_hunks=1 rc=1,feat(commerce): 冻结ERP减量冲突范围
39,63b6efc0a149bf713da6fbd9717ab6648f4cea79,2026-08-29T19:57:55+08:00,codex/f-acc-001-sds,00cb652f57ae8c01867184688f774fc6a774812a,F-COM-001,pms-module-commerce/src/main/resources/mapper/scope/DeliveryScopeMapper.xml,CONFLICTING_HUNKS_PENDING,rejected_hunks=1 rc=1,feat(commerce): 冻结ERP减量冲突范围
39,63b6efc0a149bf713da6fbd9717ab6648f4cea79,2026-08-29T19:57:55+08:00,codex/f-acc-001-sds,00cb652f57ae8c01867184688f774fc6a774812a,F-COM-001,pms-module-commerce/src/test/java/cn/iocoder/yudao/module/pms/commerce/service/authority/CommerceAuthorityWriteServiceTest.java,APPLIED_NON_CONFLICTING_HUNKS,rejected_hunks=1 rc=1,feat(commerce): 冻结ERP减量冲突范围
40,b6c0176c9ad0f4c130ab4ece83e42d7595dd3c52,2026-08-29T20:08:46+08:00,codex/f-acc-001-sds,2e7a2fbe674f3d19b5382f7e8defa9a5330da412,F-COM-001,pms-module-commerce/src/main/java/cn/iocoder/yudao/module/pms/commerce/service/scope/CommerceDeliveryScopeCommandService.java,CONFLICTING_HUNKS_PENDING,rejected_hunks=0 rc=1,feat(commerce): 实现范围调整与释放命令
40,b6c0176c9ad0f4c130ab4ece83e42d7595dd3c52,2026-08-29T20:08:46+08:00,codex/f-acc-001-sds,2e7a2fbe674f3d19b5382f7e8defa9a5330da412,F-COM-001,pms-module-commerce/src/main/java/cn/iocoder/yudao/module/pms/commerce/service/scope/DeliveryScopeAssignCommand.java,APPLIED_ADD_ADD,current-semantic-superset,feat(commerce): 实现范围调整与释放命令
40,b6c0176c9ad0f4c130ab4ece83e42d7595dd3c52,2026-08-29T20:08:46+08:00,codex/f-acc-001-sds,2e7a2fbe674f3d19b5382f7e8defa9a5330da412,F-COM-001,pms-module-commerce/src/main/java/cn/iocoder/yudao/module/pms/commerce/service/scope/DeliveryScopeChangeCommand.java,APPLIED_ADD_ADD,current-semantic-superset,feat(commerce): 实现范围调整与释放命令
40,b6c0176c9ad0f4c130ab4ece83e42d7595dd3c52,2026-08-29T20:08:46+08:00,codex/f-acc-001-sds,2e7a2fbe674f3d19b5382f7e8defa9a5330da412,F-COM-001,pms-module-commerce/src/main/resources/mapper/scope/DeliveryScopeMapper.xml,CONFLICTING_HUNKS_PENDING,rejected_hunks=1 rc=1,feat(commerce): 实现范围调整与释放命令
40,b6c0176c9ad0f4c130ab4ece83e42d7595dd3c52,2026-08-29T20:08:46+08:00,codex/f-acc-001-sds,2e7a2fbe674f3d19b5382f7e8defa9a5330da412,F-COM-001,pms-module-commerce/src/test/java/cn/iocoder/yudao/module/pms/commerce/service/scope/CommerceDeliveryScopeCommandServiceTest.java,CONFLICTING_HUNKS_PENDING,rejected_hunks=0 rc=1,feat(commerce): 实现范围调整与释放命令
41,c48f70f008bdf3cba5aec1f38586089fe63596bd,2026-08-29T20:10:22+08:00,codex/f-acc-001-sds,1431dd7eb205419ba5b8e94b87c4c144b8917ca7,F-COM-001,tasks/features/F-COM-001.md,EXCLUDED_SOURCE_METADATA,regenerated after code replay,docs: 切换F-COM-001至验收范围绑定实施
42,f25e0ebfd38c78e80937de4100a6564b35533da5,2026-08-29T20:15:53+08:00,codex/f-acc-001-sds,89ec63cc85b7efa73eb109414ccae521359d3f1d,F-COM-001,pms-module-commerce/src/main/java/cn/iocoder/yudao/module/pms/commerce/service/scope/DeliveryScopeCompatibilityService.java,CONFLICTING_HUNKS_PENDING,rejected_hunks=1 rc=1,feat(commerce): 原子绑定验收阶段内新范围
42,f25e0ebfd38c78e80937de4100a6564b35533da5,2026-08-29T20:15:53+08:00,codex/f-acc-001-sds,89ec63cc85b7efa73eb109414ccae521359d3f1d,F-COM-001,pms-module-commerce/src/test/java/cn/iocoder/yudao/module/pms/commerce/service/scope/CommerceDeliveryScopeCommandServiceTest.java,CONFLICTING_HUNKS_PENDING,rejected_hunks=1 rc=1,feat(commerce): 原子绑定验收阶段内新范围
42,f25e0ebfd38c78e80937de4100a6564b35533da5,2026-08-29T20:15:53+08:00,codex/f-acc-001-sds,89ec63cc85b7efa73eb109414ccae521359d3f1d,F-COM-001,pms-module-commerce/src/test/java/cn/iocoder/yudao/module/pms/commerce/service/scope/DeliveryScopeCompatibilityServiceTest.java,CONFLICTING_HUNKS_PENDING,rejected_hunks=1 rc=1,feat(commerce): 原子绑定验收阶段内新范围
43,21c07181b6667f47e18a81ca3dee2114ab3d5074,2026-08-29T20:25:56+08:00,codex/f-acc-001-sds,436990e538149d619c275ff072b371620ba89c37,UNMAPPED,pms-module-project/src/main/java/cn/iocoder/yudao/module/pms/project/dal/mysql/projectmanual/ProjectStageInstanceMapper.java,CONFLICTING_HUNKS_PENDING,rejected_hunks=1 rc=1,feat(project): 原子进入项目验收阶段
43,21c07181b6667f47e18a81ca3dee2114ab3d5074,2026-08-29T20:25:56+08:00,codex/f-acc-001-sds,436990e538149d619c275ff072b371620ba89c37,UNMAPPED,pms-module-project/src/main/java/cn/iocoder/yudao/module/pms/project/dal/mysql/projectmanual/query/ProjectStageStatusUpdate.java,APPLIED_ADD_ADD,current-semantic-superset,feat(project): 原子进入项目验收阶段
43,21c07181b6667f47e18a81ca3dee2114ab3d5074,2026-08-29T20:25:56+08:00,codex/f-acc-001-sds,436990e538149d619c275ff072b371620ba89c37,UNMAPPED,pms-module-project/src/main/java/cn/iocoder/yudao/module/pms/project/domain/projectgovernance/ProjectStageSnapshotRules.java,CONFLICTING_HUNKS_PENDING,rejected_hunks=1 rc=1,feat(project): 原子进入项目验收阶段
43,21c07181b6667f47e18a81ca3dee2114ab3d5074,2026-08-29T20:25:56+08:00,codex/f-acc-001-sds,436990e538149d619c275ff072b371620ba89c37,UNMAPPED,pms-module-project/src/main/resources/mapper/projectmanual/ProjectStageInstanceMapper.xml,APPLIED_ADD_ADD,current-semantic-superset,feat(project): 原子进入项目验收阶段
44,16ef0f465a0f08ddd7cc90c4b23e5fea11f54975,2026-08-29T20:27:46+08:00,codex/f-acc-001-sds,b4df48230972a8f4b9dce4c262a9b4f7801955a7,F-COM-001,tasks/features/F-COM-001.md,EXCLUDED_SOURCE_METADATA,regenerated after code replay,docs: 切换F-COM-001至接口与页面实施
45,a8418dbb6800fe892ddb1a51b9380d149574b4a5,2026-08-29T20:34:51+08:00,codex/f-acc-001-sds,9f231e95f90b524452e5b779b501dfc60967a4e9,F-COM-001,pms-module-commerce/src/main/java/cn/iocoder/yudao/module/pms/commerce/dal/mysql/order/SalesOrderMapper.java,CONFLICTING_HUNKS_PENDING,rejected_hunks=1 rc=1,feat(commerce): 收紧合同访问与关系范围
45,a8418dbb6800fe892ddb1a51b9380d149574b4a5,2026-08-29T20:34:51+08:00,codex/f-acc-001-sds,9f231e95f90b524452e5b779b501dfc60967a4e9,F-COM-001,pms-module-commerce/src/main/java/cn/iocoder/yudao/module/pms/commerce/service/contract/ContractAccessService.java,CONFLICTING_HUNKS_PENDING,rejected_hunks=1 rc=1,feat(commerce): 收紧合同访问与关系范围
45,a8418dbb6800fe892ddb1a51b9380d149574b4a5,2026-08-29T20:34:51+08:00,codex/f-acc-001-sds,9f231e95f90b524452e5b779b501dfc60967a4e9,F-COM-001,pms-module-commerce/src/main/resources/mapper/contract/ContractMapper.xml,CONFLICTING_HUNKS_PENDING,rejected_hunks=1 rc=1,feat(commerce): 收紧合同访问与关系范围
45,a8418dbb6800fe892ddb1a51b9380d149574b4a5,2026-08-29T20:34:51+08:00,codex/f-acc-001-sds,9f231e95f90b524452e5b779b501dfc60967a4e9,F-COM-001,pms-module-commerce/src/main/resources/mapper/order/SalesOrderLineMapper.xml,APPLIED_CODE_CHANGE,clean per-commit delta,feat(commerce): 收紧合同访问与关系范围
45,a8418dbb6800fe892ddb1a51b9380d149574b4a5,2026-08-29T20:34:51+08:00,codex/f-acc-001-sds,9f231e95f90b524452e5b779b501dfc60967a4e9,F-COM-001,pms-module-commerce/src/main/resources/mapper/order/SalesOrderMapper.xml,CONFLICTING_HUNKS_PENDING,rejected_hunks=1 rc=1,feat(commerce): 收紧合同访问与关系范围
45,a8418dbb6800fe892ddb1a51b9380d149574b4a5,2026-08-29T20:34:51+08:00,codex/f-acc-001-sds,9f231e95f90b524452e5b779b501dfc60967a4e9,F-COM-001,pms-module-commerce/src/test/java/cn/iocoder/yudao/module/pms/commerce/service/contract/ContractAccessServiceTest.java,CONFLICTING_HUNKS_PENDING,rejected_hunks=1 rc=1,feat(commerce): 收紧合同访问与关系范围
46,06593a42796076cb67392dcd71e4ab5ad29de665,2026-08-29T20:36:58+08:00,codex/f-acc-001-sds,06db5af261a411445452578d2e7a9ee8becd03f9,F-COM-001,pms-module-commerce/src/main/java/cn/iocoder/yudao/module/pms/commerce/service/scope/CommerceDeliveryScopeQueryService.java,APPLIED_ADD_ADD,current-semantic-superset,feat(commerce): 新增交付范围授权查询
46,06593a42796076cb67392dcd71e4ab5ad29de665,2026-08-29T20:36:58+08:00,codex/f-acc-001-sds,06db5af261a411445452578d2e7a9ee8becd03f9,F-COM-001,pms-module-commerce/src/test/java/cn/iocoder/yudao/module/pms/commerce/service/scope/CommerceDeliveryScopeQueryServiceTest.java,CONFLICTING_HUNKS_PENDING,rejected_hunks=0 rc=1,feat(commerce): 新增交付范围授权查询
47,76a3dfc7721e427dbf0e80e89dd26aab6c87701c,2026-08-29T20:44:59+08:00,codex/f-acc-001-sds,d3a0356ecd0634639f9c159b7bbbe7c217dbd24c,F-COM-001,pms-module-commerce/src/main/java/cn/iocoder/yudao/module/pms/commerce/controller/admin/contract/ContractController.java,CONFLICTING_HUNKS_PENDING,rejected_hunks=0 rc=1,feat(commerce): 接通商务与验收阶段REST
47,76a3dfc7721e427dbf0e80e89dd26aab6c87701c,2026-08-29T20:44:59+08:00,codex/f-acc-001-sds,d3a0356ecd0634639f9c159b7bbbe7c217dbd24c,F-COM-001,pms-module-commerce/src/main/java/cn/iocoder/yudao/module/pms/commerce/controller/admin/order/OrderController.java,CONFLICTING_HUNKS_PENDING,rejected_hunks=0 rc=1,feat(commerce): 接通商务与验收阶段REST
47,76a3dfc7721e427dbf0e80e89dd26aab6c87701c,2026-08-29T20:44:59+08:00,codex/f-acc-001-sds,d3a0356ecd0634639f9c159b7bbbe7c217dbd24c,F-COM-001,pms-module-commerce/src/main/java/cn/iocoder/yudao/module/pms/commerce/controller/admin/scope/DeliveryScopeController.java,CONFLICTING_HUNKS_PENDING,rejected_hunks=0 rc=1,feat(commerce): 接通商务与验收阶段REST
47,76a3dfc7721e427dbf0e80e89dd26aab6c87701c,2026-08-29T20:44:59+08:00,codex/f-acc-001-sds,d3a0356ecd0634639f9c159b7bbbe7c217dbd24c,F-COM-001,pms-module-commerce/src/main/java/cn/iocoder/yudao/module/pms/commerce/controller/admin/scope/vo/DeliveryScopeAdjustReqVO.java,APPLIED_ADD_ADD,current-semantic-superset,feat(commerce): 接通商务与验收阶段REST
47,76a3dfc7721e427dbf0e80e89dd26aab6c87701c,2026-08-29T20:44:59+08:00,codex/f-acc-001-sds,d3a0356ecd0634639f9c159b7bbbe7c217dbd24c,F-COM-001,pms-module-commerce/src/main/java/cn/iocoder/yudao/module/pms/commerce/controller/admin/scope/vo/DeliveryScopeAssignReqVO.java,APPLIED_ADD_ADD,current-semantic-superset,feat(commerce): 接通商务与验收阶段REST
47,76a3dfc7721e427dbf0e80e89dd26aab6c87701c,2026-08-29T20:44:59+08:00,codex/f-acc-001-sds,d3a0356ecd0634639f9c159b7bbbe7c217dbd24c,F-COM-001,pms-module-commerce/src/main/java/cn/iocoder/yudao/module/pms/commerce/controller/admin/scope/vo/DeliveryScopePreviewReqVO.java,APPLIED_ADD_ADD,current-semantic-superset,feat(commerce): 接通商务与验收阶段REST
47,76a3dfc7721e427dbf0e80e89dd26aab6c87701c,2026-08-29T20:44:59+08:00,codex/f-acc-001-sds,d3a0356ecd0634639f9c159b7bbbe7c217dbd24c,F-COM-001,pms-module-commerce/src/main/java/cn/iocoder/yudao/module/pms/commerce/controller/admin/scope/vo/DeliveryScopeReleaseReqVO.java,APPLIED_ADD_ADD,current-semantic-superset,feat(commerce): 接通商务与验收阶段REST
47,76a3dfc7721e427dbf0e80e89dd26aab6c87701c,2026-08-29T20:44:59+08:00,codex/f-acc-001-sds,d3a0356ecd0634639f9c159b7bbbe7c217dbd24c,F-COM-001,pms-module-commerce/src/main/java/cn/iocoder/yudao/module/pms/commerce/service/scope/CommerceDeliveryScopeCommandService.java,APPLIED_CODE_CHANGE,clean per-commit delta,feat(commerce): 接通商务与验收阶段REST
47,76a3dfc7721e427dbf0e80e89dd26aab6c87701c,2026-08-29T20:44:59+08:00,codex/f-acc-001-sds,d3a0356ecd0634639f9c159b7bbbe7c217dbd24c,F-COM-001,pms-module-commerce/src/main/java/cn/iocoder/yudao/module/pms/commerce/service/scope/DeliveryScopePreviewCommand.java,CONFLICTING_HUNKS_PENDING,rejected_hunks=0 rc=1,feat(commerce): 接通商务与验收阶段REST
47,76a3dfc7721e427dbf0e80e89dd26aab6c87701c,2026-08-29T20:44:59+08:00,codex/f-acc-001-sds,d3a0356ecd0634639f9c159b7bbbe7c217dbd24c,F-COM-001,pms-module-commerce/src/test/java/cn/iocoder/yudao/module/pms/commerce/service/scope/CommerceDeliveryScopeCommandServiceTest.java,CONFLICTING_HUNKS_PENDING,rejected_hunks=1 rc=1,feat(commerce): 接通商务与验收阶段REST
48,65639c9c913cf506430fb74fec88ba59be0c2501,2026-08-29T20:51:17+08:00,codex/f-acc-001-sds,ed72a021e8590889d4ce3444adff69359c159754,F-COM-001,scripts/tests/test_fcom001_feature_contract.py,CONFLICTING_HUNKS_PENDING,rejected_hunks=1 rc=1,feat(commerce): 完成V125权限与验收种子
48,65639c9c913cf506430fb74fec88ba59be0c2501,2026-08-29T20:51:17+08:00,codex/f-acc-001-sds,ed72a021e8590889d4ce3444adff69359c159754,F-COM-001,sql/migrations/V125__fcom001_permissions_menu_and_acceptance_seed.sql,APPLIED_CODE_CHANGE,clean per-commit delta,feat(commerce): 完成V125权限与验收种子
49,835a1a57f17b483068cbd841b4861d153ef24147,2026-08-29T21:03:44+08:00,codex/f-acc-001-sds,785fcb9a998efc8a4e4358113033bb1229cddf43,F-COM-001,yudao-ui/yudao-ui-admin-vue3/src/api/pms/commerce/index.ts,CONFLICTING_HUNKS_PENDING,rejected_hunks=0 rc=1,feat(commerce): 新增合同与交付范围工作台
49,835a1a57f17b483068cbd841b4861d153ef24147,2026-08-29T21:03:44+08:00,codex/f-acc-001-sds,785fcb9a998efc8a4e4358113033bb1229cddf43,F-COM-001,yudao-ui/yudao-ui-admin-vue3/src/views/pms/commerce/commercePages.spec.ts,CONFLICTING_HUNKS_PENDING,rejected_hunks=0 rc=1,feat(commerce): 新增合同与交付范围工作台
49,835a1a57f17b483068cbd841b4861d153ef24147,2026-08-29T21:03:44+08:00,codex/f-acc-001-sds,785fcb9a998efc8a4e4358113033bb1229cddf43,F-COM-001,yudao-ui/yudao-ui-admin-vue3/src/views/pms/commerce/contracts/detail.vue,CONFLICTING_HUNKS_PENDING,rejected_hunks=0 rc=1,feat(commerce): 新增合同与交付范围工作台
49,835a1a57f17b483068cbd841b4861d153ef24147,2026-08-29T21:03:44+08:00,codex/f-acc-001-sds,785fcb9a998efc8a4e4358113033bb1229cddf43,F-COM-001,yudao-ui/yudao-ui-admin-vue3/src/views/pms/commerce/delivery-scope/DeliveryScopeEditor.vue,CONFLICTING_HUNKS_PENDING,rejected_hunks=0 rc=1,feat(commerce): 新增合同与交付范围工作台
49,835a1a57f17b483068cbd841b4861d153ef24147,2026-08-29T21:03:44+08:00,codex/f-acc-001-sds,785fcb9a998efc8a4e4358113033bb1229cddf43,F-COM-001,yudao-ui/yudao-ui-admin-vue3/src/views/pms/commerce/delivery-scope/index.vue,CONFLICTING_HUNKS_PENDING,rejected_hunks=0 rc=1,feat(commerce): 新增合同与交付范围工作台
50,fd9f2a5d5d52496ccbdf698700af5b4e9b65cb40,2026-08-29T21:04:35+08:00,codex/f-acc-001-sds,b15a0ff50b06873d7ce329210f5cb413f64d938b,F-COM-001,tasks/features/F-COM-001.md,EXCLUDED_SOURCE_METADATA,regenerated after code replay,docs: 切换F-COM-001至聚焦回归
51,a0acdf87c717edb75283d53f18108e4c579a21a8,2026-08-29T21:07:06+08:00,codex/f-acc-001-sds,9adedfe48ec5757a10d00db46691fa5f28bb4b01,F-COM-001,tasks/features/F-COM-001.md,EXCLUDED_SOURCE_METADATA,regenerated after code replay,docs: 切换F-COM-001至整体验证
52,ac8a6c9a39ed6abd35b3885fbaddd601ba26868c,2026-08-29T21:17:50+08:00,codex/f-acc-001-sds,03cff24dfcb6c3449009dde44212599a72d96ffe,F-COM-001,pms-module-commerce/src/test/java/cn/iocoder/yudao/module/pms/commerce/service/scope/Fcom001ApplicationMySqlIntegrationTest.java,CONFLICTING_HUNKS_PENDING,rejected_hunks=0 rc=1,fix(commerce): 修复V125并补全真实事务验证
52,ac8a6c9a39ed6abd35b3885fbaddd601ba26868c,2026-08-29T21:17:50+08:00,codex/f-acc-001-sds,03cff24dfcb6c3449009dde44212599a72d96ffe,F-COM-001,sql/migrations/V125__fcom001_permissions_menu_and_acceptance_seed.sql,APPLIED_CODE_CHANGE,clean per-commit delta,fix(commerce): 修复V125并补全真实事务验证
53,2566bfe0e16985820c4577c642e51274d8d9d79f,2026-08-29T21:18:25+08:00,codex/f-acc-001-sds,e9150376d72079d1243d12b5f559713a1df01ec0,F-COM-001,tasks/features/F-COM-001.md,EXCLUDED_SOURCE_METADATA,regenerated after code replay,docs: 切换F-COM-001至前端验证
55,9d01d95316ffddb1763a4c67f9461f2bf8e3256d,2026-08-29T21:23:21+08:00,codex/f-acc-001-sds,c5a5802243a1d513fbf4078cf3a29594b99a6878,F-COM-001,tasks/features/F-COM-001.md,EXCLUDED_SOURCE_METADATA,regenerated after code replay,docs: 切换F-COM-001至全仓验证
56,57eb41ea0cc72413209b3ef5e94ff670537458e4,2026-08-29T21:35:50+08:00,codex/f-acc-001-sds,d1ca3696a9bf5aa84bd912d7acd58894b5014da2,F-COM-001,tasks/features/F-COM-001.md,EXCLUDED_SOURCE_METADATA,regenerated after code replay,docs: 切换F-COM-001至浏览器验收
57,505aaf78b749d86190df72440c4f0ddfca7c9cda,2026-08-29T21:47:49+08:00,codex/f-acc-001-sds,9ab5e26bdf669abeb6ffb5f9b4388bfba5dfe93c,F-COM-001,docs/superpowers/plans/2026-08-29-f-com-001-contract-order-and-delivery-scope.md,EXCLUDED_SOURCE_METADATA,regenerated after code replay,docs: 锁定商务权威受控导入接口
57,505aaf78b749d86190df72440c4f0ddfca7c9cda,2026-08-29T21:47:49+08:00,codex/f-acc-001-sds,9ab5e26bdf669abeb6ffb5f9b4388bfba5dfe93c,UNMAPPED,scripts/tests/test_fcom001_feature_contract.py,APPLIED_NON_CONFLICTING_HUNKS,rejected_hunks=1 rc=1,docs: 锁定商务权威受控导入接口
57,505aaf78b749d86190df72440c4f0ddfca7c9cda,2026-08-29T21:47:49+08:00,codex/f-acc-001-sds,9ab5e26bdf669abeb6ffb5f9b4388bfba5dfe93c,F-COM-001,specs/features/F-COM-001-contract-order-association-and-delivery-scope-allocation.md,EXCLUDED_SOURCE_METADATA,regenerated after code replay,docs: 锁定商务权威受控导入接口
57,505aaf78b749d86190df72440c4f0ddfca7c9cda,2026-08-29T21:47:49+08:00,codex/f-acc-001-sds,9ab5e26bdf669abeb6ffb5f9b4388bfba5dfe93c,F-COM-001,specs/features/F-COM-001-physical-contract.json,EXCLUDED_SOURCE_METADATA,regenerated after code replay,docs: 锁定商务权威受控导入接口
58,0eb01df12559deb3ad98dc33e25550fe3c53194a,2026-08-29T21:53:19+08:00,codex/f-acc-001-sds,48e57c67b7d2e504689c6ddc55eaf7a322630715,F-COM-001,pms-module-commerce/src/main/java/cn/iocoder/yudao/module/pms/commerce/controller/admin/authority/CommerceAuthorityImportController.java,CONFLICTING_HUNKS_PENDING,rejected_hunks=0 rc=1,feat(commerce): 新增权威批次受控导入
58,0eb01df12559deb3ad98dc33e25550fe3c53194a,2026-08-29T21:53:19+08:00,codex/f-acc-001-sds,48e57c67b7d2e504689c6ddc55eaf7a322630715,F-COM-001,pms-module-commerce/src/main/java/cn/iocoder/yudao/module/pms/commerce/controller/admin/authority/vo/CommerceAuthorityImportBatchReqVO.java,CONFLICTING_HUNKS_PENDING,rejected_hunks=0 rc=1,feat(commerce): 新增权威批次受控导入
58,0eb01df12559deb3ad98dc33e25550fe3c53194a,2026-08-29T21:53:19+08:00,codex/f-acc-001-sds,48e57c67b7d2e504689c6ddc55eaf7a322630715,F-COM-001,pms-module-commerce/src/main/java/cn/iocoder/yudao/module/pms/commerce/service/authority/CommerceAuthorityImportApplicationService.java,CONFLICTING_HUNKS_PENDING,rejected_hunks=0 rc=1,feat(commerce): 新增权威批次受控导入
58,0eb01df12559deb3ad98dc33e25550fe3c53194a,2026-08-29T21:53:19+08:00,codex/f-acc-001-sds,48e57c67b7d2e504689c6ddc55eaf7a322630715,F-COM-001,pms-module-commerce/src/test/java/cn/iocoder/yudao/module/pms/commerce/controller/admin/authority/CommerceAuthorityImportControllerTest.java,CONFLICTING_HUNKS_PENDING,rejected_hunks=0 rc=1,feat(commerce): 新增权威批次受控导入
58,0eb01df12559deb3ad98dc33e25550fe3c53194a,2026-08-29T21:53:19+08:00,codex/f-acc-001-sds,48e57c67b7d2e504689c6ddc55eaf7a322630715,F-COM-001,pms-module-commerce/src/test/java/cn/iocoder/yudao/module/pms/commerce/service/authority/CommerceAuthorityImportApplicationServiceTest.java,CONFLICTING_HUNKS_PENDING,rejected_hunks=0 rc=1,feat(commerce): 新增权威批次受控导入
59,7d578e3749e8a1262e1589d1d3342c98872d91aa,2026-08-29T22:06:33+08:00,codex/f-acc-001-sds,db8da6b54477397dc206389c11bc474da675a7df,F-COM-001,docs/superpowers/plans/2026-08-29-f-com-001-contract-order-and-delivery-scope.md,EXCLUDED_SOURCE_METADATA,regenerated after code replay,feat(commerce): 新增验收阶段进入受管夹具
59,7d578e3749e8a1262e1589d1d3342c98872d91aa,2026-08-29T22:06:33+08:00,codex/f-acc-001-sds,db8da6b54477397dc206389c11bc474da675a7df,F-COM-001,scripts/tests/test_fcom001_v126_migration.py,APPLIED_CODE_CHANGE,clean per-commit delta,feat(commerce): 新增验收阶段进入受管夹具
59,7d578e3749e8a1262e1589d1d3342c98872d91aa,2026-08-29T22:06:33+08:00,codex/f-acc-001-sds,db8da6b54477397dc206389c11bc474da675a7df,F-COM-001,sql/migrations/V126__fcom001_stage_entry_acceptance_seed.sql,APPLIED_CODE_CHANGE,clean per-commit delta,feat(commerce): 新增验收阶段进入受管夹具
59,7d578e3749e8a1262e1589d1d3342c98872d91aa,2026-08-29T22:06:33+08:00,codex/f-acc-001-sds,db8da6b54477397dc206389c11bc474da675a7df,F-COM-001,tasks/features/F-COM-001.md,EXCLUDED_SOURCE_METADATA,regenerated after code replay,feat(commerce): 新增验收阶段进入受管夹具
60,32092b115a32262070d62b60bb3d429da3e496c6,2026-08-29T22:30:26+08:00,codex/f-acc-001-sds,d977eb1cc36e943bebebffea3d2238e7d7ed9768,F-COM-001,docs/superpowers/plans/2026-08-29-f-com-001-contract-order-and-delivery-scope.md,EXCLUDED_SOURCE_METADATA,regenerated after code replay,fix(commerce): 修复验收身份与范围绑定写入
60,32092b115a32262070d62b60bb3d429da3e496c6,2026-08-29T22:30:26+08:00,codex/f-acc-001-sds,d977eb1cc36e943bebebffea3d2238e7d7ed9768,F-COM-001,scripts/tests/test_fcom001_v127_migration.py,APPLIED_CODE_CHANGE,clean per-commit delta,fix(commerce): 修复验收身份与范围绑定写入
60,32092b115a32262070d62b60bb3d429da3e496c6,2026-08-29T22:30:26+08:00,codex/f-acc-001-sds,d977eb1cc36e943bebebffea3d2238e7d7ed9768,F-COM-001,sql/migrations/V127__fcom001_acceptance_identity_authorization_fix.sql,APPLIED_CODE_CHANGE,clean per-commit delta,fix(commerce): 修复验收身份与范围绑定写入
60,32092b115a32262070d62b60bb3d429da3e496c6,2026-08-29T22:30:26+08:00,codex/f-acc-001-sds,d977eb1cc36e943bebebffea3d2238e7d7ed9768,F-COM-001,tasks/features/F-COM-001.md,EXCLUDED_SOURCE_METADATA,regenerated after code replay,fix(commerce): 修复验收身份与范围绑定写入
61,3a78e2beee6ef574cb03734ab2235c8f7506cf11,2026-08-29T22:37:36+08:00,codex/f-acc-001-sds,1f1745fc7b44d7fc9bf085ffb41ffd017ab63cb0,F-COM-001,pms-module-commerce/src/main/java/cn/iocoder/yudao/module/pms/commerce/controller/admin/contract/ContractController.java,CONFLICTING_HUNKS_PENDING,rejected_hunks=1 rc=1,fix(commerce): 隔离合同商务敏感字段
61,3a78e2beee6ef574cb03734ab2235c8f7506cf11,2026-08-29T22:37:36+08:00,codex/f-acc-001-sds,1f1745fc7b44d7fc9bf085ffb41ffd017ab63cb0,F-COM-001,pms-module-commerce/src/test/java/cn/iocoder/yudao/module/pms/commerce/controller/admin/contract/ContractControllerTest.java,CONFLICTING_HUNKS_PENDING,rejected_hunks=0 rc=1,fix(commerce): 隔离合同商务敏感字段
62,a57c23c861d13097c67cb7c49f685db4a8996657,2026-08-29T23:10:59+08:00,codex/f-acc-001-sds,52db86b7a73b4f9541f3253538a030ed8b62a645,F-COM-001,docs/engineering/evidence/f-com-001-browser-evidence.json,EXCLUDED_SOURCE_METADATA,regenerated after code replay,test(commerce): 完成真实浏览器验收
62,a57c23c861d13097c67cb7c49f685db4a8996657,2026-08-29T23:10:59+08:00,codex/f-acc-001-sds,52db86b7a73b4f9541f3253538a030ed8b62a645,F-COM-001,docs/engineering/evidence/f-com-001-browser/screenshots/delivery-scope-1024.png,EXCLUDED_SOURCE_METADATA,regenerated after code replay,test(commerce): 完成真实浏览器验收
62,a57c23c861d13097c67cb7c49f685db4a8996657,2026-08-29T23:10:59+08:00,codex/f-acc-001-sds,52db86b7a73b4f9541f3253538a030ed8b62a645,F-COM-001,docs/engineering/evidence/f-com-001-browser/screenshots/delivery-scope-1440.png,EXCLUDED_SOURCE_METADATA,regenerated after code replay,test(commerce): 完成真实浏览器验收
62,a57c23c861d13097c67cb7c49f685db4a8996657,2026-08-29T23:10:59+08:00,codex/f-acc-001-sds,52db86b7a73b4f9541f3253538a030ed8b62a645,F-COM-001,docs/engineering/evidence/f-com-001-browser/screenshots/delivery-scope-768.png,EXCLUDED_SOURCE_METADATA,regenerated after code replay,test(commerce): 完成真实浏览器验收
62,a57c23c861d13097c67cb7c49f685db4a8996657,2026-08-29T23:10:59+08:00,codex/f-acc-001-sds,52db86b7a73b4f9541f3253538a030ed8b62a645,F-COM-001,docs/engineering/evidence/f-com-001-browser/screenshots/stage-project-binding.png,EXCLUDED_SOURCE_METADATA,regenerated after code replay,test(commerce): 完成真实浏览器验收
62,a57c23c861d13097c67cb7c49f685db4a8996657,2026-08-29T23:10:59+08:00,codex/f-acc-001-sds,52db86b7a73b4f9541f3253538a030ed8b62a645,F-COM-001,scripts/tests/run_fcom001_browser_acceptance.cjs,CONFLICTING_HUNKS_PENDING,rejected_hunks=0 rc=1,test(commerce): 完成真实浏览器验收
62,a57c23c861d13097c67cb7c49f685db4a8996657,2026-08-29T23:10:59+08:00,codex/f-acc-001-sds,52db86b7a73b4f9541f3253538a030ed8b62a645,F-COM-001,tasks/features/F-COM-001.md,EXCLUDED_SOURCE_METADATA,regenerated after code replay,test(commerce): 完成真实浏览器验收
63,5e56728152f642302bfee63e641465ab29b4af36,2026-08-29T23:55:20+08:00,codex/f-acc-001-sds,c331b03373ef910048f41063f095ee9df5292021,F-COM-001,docs/engineering/evidence/f-com-001-browser-evidence.json,EXCLUDED_SOURCE_METADATA,regenerated after code replay,fix(commerce): 闭合公开读取与业务拒绝语义
63,5e56728152f642302bfee63e641465ab29b4af36,2026-08-29T23:55:20+08:00,codex/f-acc-001-sds,c331b03373ef910048f41063f095ee9df5292021,F-COM-001,docs/engineering/evidence/f-com-001-browser/screenshots/delivery-scope-1024.png,EXCLUDED_SOURCE_METADATA,regenerated after code replay,fix(commerce): 闭合公开读取与业务拒绝语义
63,5e56728152f642302bfee63e641465ab29b4af36,2026-08-29T23:55:20+08:00,codex/f-acc-001-sds,c331b03373ef910048f41063f095ee9df5292021,F-COM-001,docs/engineering/evidence/f-com-001-browser/screenshots/delivery-scope-1440.png,EXCLUDED_SOURCE_METADATA,regenerated after code replay,fix(commerce): 闭合公开读取与业务拒绝语义
63,5e56728152f642302bfee63e641465ab29b4af36,2026-08-29T23:55:20+08:00,codex/f-acc-001-sds,c331b03373ef910048f41063f095ee9df5292021,F-COM-001,docs/engineering/evidence/f-com-001-browser/screenshots/delivery-scope-768.png,EXCLUDED_SOURCE_METADATA,regenerated after code replay,fix(commerce): 闭合公开读取与业务拒绝语义
63,5e56728152f642302bfee63e641465ab29b4af36,2026-08-29T23:55:20+08:00,codex/f-acc-001-sds,c331b03373ef910048f41063f095ee9df5292021,F-COM-001,docs/engineering/evidence/f-com-001-browser/screenshots/stage-project-binding.png,EXCLUDED_SOURCE_METADATA,regenerated after code replay,fix(commerce): 闭合公开读取与业务拒绝语义
63,5e56728152f642302bfee63e641465ab29b4af36,2026-08-29T23:55:20+08:00,codex/f-acc-001-sds,c331b03373ef910048f41063f095ee9df5292021,F-COM-001,pms-module-commerce/src/main/java/cn/iocoder/yudao/module/pms/commerce/service/scope/CommerceDeliveryScopeCommandService.java,CONFLICTING_HUNKS_PENDING,rejected_hunks=1 rc=1,fix(commerce): 闭合公开读取与业务拒绝语义
63,5e56728152f642302bfee63e641465ab29b4af36,2026-08-29T23:55:20+08:00,codex/f-acc-001-sds,c331b03373ef910048f41063f095ee9df5292021,F-COM-001,pms-module-commerce/src/main/resources/mapper/order/SalesOrderLineMapper.xml,APPLIED_NON_CONFLICTING_HUNKS,rejected_hunks=1 rc=1,fix(commerce): 闭合公开读取与业务拒绝语义
63,5e56728152f642302bfee63e641465ab29b4af36,2026-08-29T23:55:20+08:00,codex/f-acc-001-sds,c331b03373ef910048f41063f095ee9df5292021,F-COM-001,pms-module-commerce/src/test/java/cn/iocoder/yudao/module/pms/commerce/service/scope/CommerceDeliveryScopeCommandServiceTest.java,CONFLICTING_HUNKS_PENDING,rejected_hunks=1 rc=1,fix(commerce): 闭合公开读取与业务拒绝语义
63,5e56728152f642302bfee63e641465ab29b4af36,2026-08-29T23:55:20+08:00,codex/f-acc-001-sds,c331b03373ef910048f41063f095ee9df5292021,F-COM-001,scripts/tests/run_fcom001_browser_acceptance.cjs,CONFLICTING_HUNKS_PENDING,rejected_hunks=1 rc=1,fix(commerce): 闭合公开读取与业务拒绝语义
63,5e56728152f642302bfee63e641465ab29b4af36,2026-08-29T23:55:20+08:00,codex/f-acc-001-sds,c331b03373ef910048f41063f095ee9df5292021,F-COM-001,tasks/features/F-COM-001.md,EXCLUDED_SOURCE_METADATA,regenerated after code replay,fix(commerce): 闭合公开读取与业务拒绝语义
64,563daac11db0ce09027c62b602e56e9544fdd4f6,2026-08-30T00:32:13+08:00,codex/f-acc-001-sds,06bb6fd400515205e6af209ff7693abc43479a30,F-COM-001,tasks/features/F-COM-001.md,EXCLUDED_SOURCE_METADATA,regenerated after code replay,fix(commerce): 闭合项目范围与ACC错误分类
65,76d18f29bd6e3a04c1e7f65f0390f8f387ee52db,2026-08-30T00:36:43+08:00,codex/f-acc-001-sds,d77357a9f2152cfb30419cb0c1c7d1d0474e6298,F-COM-001,tasks/features/F-COM-001.md,EXCLUDED_SOURCE_METADATA,regenerated after code replay,docs(commerce): 回写Implementation Done裁决
66,21423d9c17e1f67846558d031273e4d1398d6a3d,2026-08-30T00:39:02+08:00,codex/f-acc-001-sds,fc2d803e2b2a659d6cdcba08180f79c2f2037d03,UNMAPPED,docs/traceability/requirement-matrix.md,EXCLUDED_SOURCE_METADATA,regenerated after code replay,docs(traceability): 同步COM实施完成投影
66,21423d9c17e1f67846558d031273e4d1398d6a3d,2026-08-30T00:39:02+08:00,codex/f-acc-001-sds,fc2d803e2b2a659d6cdcba08180f79c2f2037d03,UNMAPPED,docs/traceability/requirement-version-coverage.json,EXCLUDED_SOURCE_METADATA,regenerated after code replay,docs(traceability): 同步COM实施完成投影
67,20bca44b9aa1a4c083685673cfe8536308aca9c9,2026-08-30T01:03:42+08:00,codex/f-acc-001-sds,d22c9492e0f997e72a7793def6603c29d583bfd5,F-ACC-001,docs/decisions/0039-acceptance-report-version-and-deliverable-index.md,EXCLUDED_SOURCE_METADATA,regenerated after code replay,docs(acceptance): 形成验收报告版本SDS差量
67,20bca44b9aa1a4c083685673cfe8536308aca9c9,2026-08-30T01:03:42+08:00,codex/f-acc-001-sds,d22c9492e0f997e72a7793def6603c29d583bfd5,UNMAPPED,docs/design/02-domain-model.md,EXCLUDED_SOURCE_METADATA,regenerated after code replay,docs(acceptance): 形成验收报告版本SDS差量
67,20bca44b9aa1a4c083685673cfe8536308aca9c9,2026-08-30T01:03:42+08:00,codex/f-acc-001-sds,d22c9492e0f997e72a7793def6603c29d583bfd5,UNMAPPED,docs/design/04-module-design.md,EXCLUDED_SOURCE_METADATA,regenerated after code replay,docs(acceptance): 形成验收报告版本SDS差量
67,20bca44b9aa1a4c083685673cfe8536308aca9c9,2026-08-30T01:03:42+08:00,codex/f-acc-001-sds,d22c9492e0f997e72a7793def6603c29d583bfd5,UNMAPPED,docs/design/05-state-machine.md,EXCLUDED_SOURCE_METADATA,regenerated after code replay,docs(acceptance): 形成验收报告版本SDS差量
67,20bca44b9aa1a4c083685673cfe8536308aca9c9,2026-08-30T01:03:42+08:00,codex/f-acc-001-sds,d22c9492e0f997e72a7793def6603c29d583bfd5,UNMAPPED,docs/design/06-workflow-design.md,EXCLUDED_SOURCE_METADATA,regenerated after code replay,docs(acceptance): 形成验收报告版本SDS差量
67,20bca44b9aa1a4c083685673cfe8536308aca9c9,2026-08-30T01:03:42+08:00,codex/f-acc-001-sds,d22c9492e0f997e72a7793def6603c29d583bfd5,UNMAPPED,docs/design/08-data-model.md,EXCLUDED_SOURCE_METADATA,regenerated after code replay,docs(acceptance): 形成验收报告版本SDS差量
67,20bca44b9aa1a4c083685673cfe8536308aca9c9,2026-08-30T01:03:42+08:00,codex/f-acc-001-sds,d22c9492e0f997e72a7793def6603c29d583bfd5,UNMAPPED,docs/design/08a-domain-entity-migration-alignment.md,EXCLUDED_SOURCE_METADATA,regenerated after code replay,docs(acceptance): 形成验收报告版本SDS差量
67,20bca44b9aa1a4c083685673cfe8536308aca9c9,2026-08-30T01:03:42+08:00,codex/f-acc-001-sds,d22c9492e0f997e72a7793def6603c29d583bfd5,UNMAPPED,docs/design/09-database-design.md,EXCLUDED_SOURCE_METADATA,regenerated after code replay,docs(acceptance): 形成验收报告版本SDS差量
67,20bca44b9aa1a4c083685673cfe8536308aca9c9,2026-08-30T01:03:42+08:00,codex/f-acc-001-sds,d22c9492e0f997e72a7793def6603c29d583bfd5,UNMAPPED,docs/design/10-api-design.md,EXCLUDED_SOURCE_METADATA,regenerated after code replay,docs(acceptance): 形成验收报告版本SDS差量
67,20bca44b9aa1a4c083685673cfe8536308aca9c9,2026-08-30T01:03:42+08:00,codex/f-acc-001-sds,d22c9492e0f997e72a7793def6603c29d583bfd5,UNMAPPED,docs/design/11-event-design.md,EXCLUDED_SOURCE_METADATA,regenerated after code replay,docs(acceptance): 形成验收报告版本SDS差量
67,20bca44b9aa1a4c083685673cfe8536308aca9c9,2026-08-30T01:03:42+08:00,codex/f-acc-001-sds,d22c9492e0f997e72a7793def6603c29d583bfd5,UNMAPPED,docs/design/15-cache-and-concurrency.md,EXCLUDED_SOURCE_METADATA,regenerated after code replay,docs(acceptance): 形成验收报告版本SDS差量
67,20bca44b9aa1a4c083685673cfe8536308aca9c9,2026-08-30T01:03:42+08:00,codex/f-acc-001-sds,d22c9492e0f997e72a7793def6603c29d583bfd5,UNMAPPED,docs/design/16-exception-and-idempotency.md,EXCLUDED_SOURCE_METADATA,regenerated after code replay,docs(acceptance): 形成验收报告版本SDS差量
67,20bca44b9aa1a4c083685673cfe8536308aca9c9,2026-08-30T01:03:42+08:00,codex/f-acc-001-sds,d22c9492e0f997e72a7793def6603c29d583bfd5,UNMAPPED,docs/engineering/gates/phase-2/README.md,EXCLUDED_SOURCE_METADATA,regenerated after code replay,docs(acceptance): 形成验收报告版本SDS差量
67,20bca44b9aa1a4c083685673cfe8536308aca9c9,2026-08-30T01:03:42+08:00,codex/f-acc-001-sds,d22c9492e0f997e72a7793def6603c29d583bfd5,UNMAPPED,docs/engineering/gates/phase-2/gate-status.md,EXCLUDED_SOURCE_METADATA,regenerated after code replay,docs(acceptance): 形成验收报告版本SDS差量
67,20bca44b9aa1a4c083685673cfe8536308aca9c9,2026-08-30T01:03:42+08:00,codex/f-acc-001-sds,d22c9492e0f997e72a7793def6603c29d583bfd5,UNMAPPED,docs/engineering/gates/phase-2/independent-review.md,EXCLUDED_SOURCE_METADATA,regenerated after code replay,docs(acceptance): 形成验收报告版本SDS差量
67,20bca44b9aa1a4c083685673cfe8536308aca9c9,2026-08-30T01:03:42+08:00,codex/f-acc-001-sds,d22c9492e0f997e72a7793def6603c29d583bfd5,UNMAPPED,docs/engineering/gates/phase-2/self-review.md,EXCLUDED_SOURCE_METADATA,regenerated after code replay,docs(acceptance): 形成验收报告版本SDS差量
67,20bca44b9aa1a4c083685673cfe8536308aca9c9,2026-08-30T01:03:42+08:00,codex/f-acc-001-sds,d22c9492e0f997e72a7793def6603c29d583bfd5,UNMAPPED,docs/traceability/domain-entity-migration-contract.json,EXCLUDED_SOURCE_METADATA,regenerated after code replay,docs(acceptance): 形成验收报告版本SDS差量
67,20bca44b9aa1a4c083685673cfe8536308aca9c9,2026-08-30T01:03:42+08:00,codex/f-acc-001-sds,d22c9492e0f997e72a7793def6603c29d583bfd5,UNMAPPED,docs/traceability/domain-entity-migration-contract.md,EXCLUDED_SOURCE_METADATA,regenerated after code replay,docs(acceptance): 形成验收报告版本SDS差量
67,20bca44b9aa1a4c083685673cfe8536308aca9c9,2026-08-30T01:03:42+08:00,codex/f-acc-001-sds,d22c9492e0f997e72a7793def6603c29d583bfd5,UNMAPPED,docs/traceability/domain-object-table-map.json,EXCLUDED_SOURCE_METADATA,regenerated after code replay,docs(acceptance): 形成验收报告版本SDS差量
67,20bca44b9aa1a4c083685673cfe8536308aca9c9,2026-08-30T01:03:42+08:00,codex/f-acc-001-sds,d22c9492e0f997e72a7793def6603c29d583bfd5,UNMAPPED,docs/traceability/phase2-contract-map.md,EXCLUDED_SOURCE_METADATA,regenerated after code replay,docs(acceptance): 形成验收报告版本SDS差量
67,20bca44b9aa1a4c083685673cfe8536308aca9c9,2026-08-30T01:03:42+08:00,codex/f-acc-001-sds,d22c9492e0f997e72a7793def6603c29d583bfd5,UNMAPPED,scripts/generate_domain_entity_migration_contract.py,APPLIED_CODE_CHANGE,clean per-commit delta,docs(acceptance): 形成验收报告版本SDS差量
67,20bca44b9aa1a4c083685673cfe8536308aca9c9,2026-08-30T01:03:42+08:00,codex/f-acc-001-sds,d22c9492e0f997e72a7793def6603c29d583bfd5,UNMAPPED,scripts/generate_phase2_contract_map.py,APPLIED_CODE_CHANGE,clean per-commit delta,docs(acceptance): 形成验收报告版本SDS差量
67,20bca44b9aa1a4c083685673cfe8536308aca9c9,2026-08-30T01:03:42+08:00,codex/f-acc-001-sds,d22c9492e0f997e72a7793def6603c29d583bfd5,UNMAPPED,scripts/tests/test_validate_sds_phase2.py,APPLIED_CODE_CHANGE,clean per-commit delta,docs(acceptance): 形成验收报告版本SDS差量
67,20bca44b9aa1a4c083685673cfe8536308aca9c9,2026-08-30T01:03:42+08:00,codex/f-acc-001-sds,d22c9492e0f997e72a7793def6603c29d583bfd5,UNMAPPED,scripts/validate_sds_phase2.py,APPLIED_CODE_CHANGE,clean per-commit delta,docs(acceptance): 形成验收报告版本SDS差量
68,5c1e1ff2498abf838310da607ae5d1426953b3ad,2026-08-30T01:21:35+08:00,codex/f-acc-001-sds,331e81f399b52b79c1fe88df6364fc5f3df33702,UNMAPPED,docs/design/02-domain-model.md,EXCLUDED_SOURCE_METADATA,regenerated after code replay,docs(acceptance): 闭合报告换版与撤销契约
68,5c1e1ff2498abf838310da607ae5d1426953b3ad,2026-08-30T01:21:35+08:00,codex/f-acc-001-sds,331e81f399b52b79c1fe88df6364fc5f3df33702,UNMAPPED,docs/design/04-module-design.md,EXCLUDED_SOURCE_METADATA,regenerated after code replay,docs(acceptance): 闭合报告换版与撤销契约
68,5c1e1ff2498abf838310da607ae5d1426953b3ad,2026-08-30T01:21:35+08:00,codex/f-acc-001-sds,331e81f399b52b79c1fe88df6364fc5f3df33702,UNMAPPED,docs/design/05-state-machine.md,EXCLUDED_SOURCE_METADATA,regenerated after code replay,docs(acceptance): 闭合报告换版与撤销契约
68,5c1e1ff2498abf838310da607ae5d1426953b3ad,2026-08-30T01:21:35+08:00,codex/f-acc-001-sds,331e81f399b52b79c1fe88df6364fc5f3df33702,UNMAPPED,docs/design/06-workflow-design.md,EXCLUDED_SOURCE_METADATA,regenerated after code replay,docs(acceptance): 闭合报告换版与撤销契约
68,5c1e1ff2498abf838310da607ae5d1426953b3ad,2026-08-30T01:21:35+08:00,codex/f-acc-001-sds,331e81f399b52b79c1fe88df6364fc5f3df33702,UNMAPPED,docs/design/08-data-model.md,EXCLUDED_SOURCE_METADATA,regenerated after code replay,docs(acceptance): 闭合报告换版与撤销契约
68,5c1e1ff2498abf838310da607ae5d1426953b3ad,2026-08-30T01:21:35+08:00,codex/f-acc-001-sds,331e81f399b52b79c1fe88df6364fc5f3df33702,UNMAPPED,docs/design/08a-domain-entity-migration-alignment.md,EXCLUDED_SOURCE_METADATA,regenerated after code replay,docs(acceptance): 闭合报告换版与撤销契约
68,5c1e1ff2498abf838310da607ae5d1426953b3ad,2026-08-30T01:21:35+08:00,codex/f-acc-001-sds,331e81f399b52b79c1fe88df6364fc5f3df33702,UNMAPPED,docs/design/09-database-design.md,EXCLUDED_SOURCE_METADATA,regenerated after code replay,docs(acceptance): 闭合报告换版与撤销契约
68,5c1e1ff2498abf838310da607ae5d1426953b3ad,2026-08-30T01:21:35+08:00,codex/f-acc-001-sds,331e81f399b52b79c1fe88df6364fc5f3df33702,UNMAPPED,docs/design/10-api-design.md,EXCLUDED_SOURCE_METADATA,regenerated after code replay,docs(acceptance): 闭合报告换版与撤销契约
68,5c1e1ff2498abf838310da607ae5d1426953b3ad,2026-08-30T01:21:35+08:00,codex/f-acc-001-sds,331e81f399b52b79c1fe88df6364fc5f3df33702,UNMAPPED,docs/design/11-event-design.md,EXCLUDED_SOURCE_METADATA,regenerated after code replay,docs(acceptance): 闭合报告换版与撤销契约
68,5c1e1ff2498abf838310da607ae5d1426953b3ad,2026-08-30T01:21:35+08:00,codex/f-acc-001-sds,331e81f399b52b79c1fe88df6364fc5f3df33702,UNMAPPED,docs/design/15-cache-and-concurrency.md,EXCLUDED_SOURCE_METADATA,regenerated after code replay,docs(acceptance): 闭合报告换版与撤销契约
68,5c1e1ff2498abf838310da607ae5d1426953b3ad,2026-08-30T01:21:35+08:00,codex/f-acc-001-sds,331e81f399b52b79c1fe88df6364fc5f3df33702,UNMAPPED,docs/design/16-exception-and-idempotency.md,EXCLUDED_SOURCE_METADATA,regenerated after code replay,docs(acceptance): 闭合报告换版与撤销契约
68,5c1e1ff2498abf838310da607ae5d1426953b3ad,2026-08-30T01:21:35+08:00,codex/f-acc-001-sds,331e81f399b52b79c1fe88df6364fc5f3df33702,UNMAPPED,docs/engineering/gates/phase-2/gate-status.md,EXCLUDED_SOURCE_METADATA,regenerated after code replay,docs(acceptance): 闭合报告换版与撤销契约
68,5c1e1ff2498abf838310da607ae5d1426953b3ad,2026-08-30T01:21:35+08:00,codex/f-acc-001-sds,331e81f399b52b79c1fe88df6364fc5f3df33702,UNMAPPED,docs/engineering/gates/phase-2/self-review.md,EXCLUDED_SOURCE_METADATA,regenerated after code replay,docs(acceptance): 闭合报告换版与撤销契约
68,5c1e1ff2498abf838310da607ae5d1426953b3ad,2026-08-30T01:21:35+08:00,codex/f-acc-001-sds,331e81f399b52b79c1fe88df6364fc5f3df33702,UNMAPPED,docs/traceability/domain-entity-migration-contract.json,EXCLUDED_SOURCE_METADATA,regenerated after code replay,docs(acceptance): 闭合报告换版与撤销契约
68,5c1e1ff2498abf838310da607ae5d1426953b3ad,2026-08-30T01:21:35+08:00,codex/f-acc-001-sds,331e81f399b52b79c1fe88df6364fc5f3df33702,UNMAPPED,docs/traceability/domain-entity-migration-contract.md,EXCLUDED_SOURCE_METADATA,regenerated after code replay,docs(acceptance): 闭合报告换版与撤销契约
68,5c1e1ff2498abf838310da607ae5d1426953b3ad,2026-08-30T01:21:35+08:00,codex/f-acc-001-sds,331e81f399b52b79c1fe88df6364fc5f3df33702,UNMAPPED,docs/traceability/domain-object-table-map.json,EXCLUDED_SOURCE_METADATA,regenerated after code replay,docs(acceptance): 闭合报告换版与撤销契约
68,5c1e1ff2498abf838310da607ae5d1426953b3ad,2026-08-30T01:21:35+08:00,codex/f-acc-001-sds,331e81f399b52b79c1fe88df6364fc5f3df33702,UNMAPPED,docs/traceability/phase2-contract-map.md,EXCLUDED_SOURCE_METADATA,regenerated after code replay,docs(acceptance): 闭合报告换版与撤销契约
68,5c1e1ff2498abf838310da607ae5d1426953b3ad,2026-08-30T01:21:35+08:00,codex/f-acc-001-sds,331e81f399b52b79c1fe88df6364fc5f3df33702,UNMAPPED,scripts/generate_domain_entity_migration_contract.py,APPLIED_CODE_CHANGE,clean per-commit delta,docs(acceptance): 闭合报告换版与撤销契约
68,5c1e1ff2498abf838310da607ae5d1426953b3ad,2026-08-30T01:21:35+08:00,codex/f-acc-001-sds,331e81f399b52b79c1fe88df6364fc5f3df33702,UNMAPPED,scripts/generate_phase2_contract_map.py,APPLIED_CODE_CHANGE,clean per-commit delta,docs(acceptance): 闭合报告换版与撤销契约
68,5c1e1ff2498abf838310da607ae5d1426953b3ad,2026-08-30T01:21:35+08:00,codex/f-acc-001-sds,331e81f399b52b79c1fe88df6364fc5f3df33702,UNMAPPED,scripts/validate_sds_phase2.py,APPLIED_CODE_CHANGE,clean per-commit delta,docs(acceptance): 闭合报告换版与撤销契约
69,e3f8fe558f3ee5c4061fd68d910252e2285ce72a,2026-08-30T01:27:18+08:00,codex/f-acc-001-sds,5aaef8ea52b2bb3c17778c7041cce843a94b3157,UNMAPPED,docs/engineering/gates/phase-2/README.md,EXCLUDED_SOURCE_METADATA,regenerated after code replay,docs(acceptance): 回写报告SDS差量裁决
69,e3f8fe558f3ee5c4061fd68d910252e2285ce72a,2026-08-30T01:27:18+08:00,codex/f-acc-001-sds,5aaef8ea52b2bb3c17778c7041cce843a94b3157,UNMAPPED,docs/engineering/gates/phase-2/gate-status.md,EXCLUDED_SOURCE_METADATA,regenerated after code replay,docs(acceptance): 回写报告SDS差量裁决
69,e3f8fe558f3ee5c4061fd68d910252e2285ce72a,2026-08-30T01:27:18+08:00,codex/f-acc-001-sds,5aaef8ea52b2bb3c17778c7041cce843a94b3157,UNMAPPED,docs/engineering/gates/phase-2/independent-review.md,EXCLUDED_SOURCE_METADATA,regenerated after code replay,docs(acceptance): 回写报告SDS差量裁决
69,e3f8fe558f3ee5c4061fd68d910252e2285ce72a,2026-08-30T01:27:18+08:00,codex/f-acc-001-sds,5aaef8ea52b2bb3c17778c7041cce843a94b3157,UNMAPPED,docs/engineering/gates/phase-2/self-review.md,EXCLUDED_SOURCE_METADATA,regenerated after code replay,docs(acceptance): 回写报告SDS差量裁决
69,e3f8fe558f3ee5c4061fd68d910252e2285ce72a,2026-08-30T01:27:18+08:00,codex/f-acc-001-sds,5aaef8ea52b2bb3c17778c7041cce843a94b3157,UNMAPPED,scripts/validate_sds_phase2.py,APPLIED_CODE_CHANGE,clean per-commit delta,docs(acceptance): 回写报告SDS差量裁决
70,b628ee3eb1899f7c7e83d84b860ae7fd648f2a83,2026-08-30T01:34:54+08:00,codex/f-acc-001-sds,996ce043317c74a8f210305d014803e00fe6da5f,UNMAPPED,docs/traceability/requirement-matrix.md,EXCLUDED_SOURCE_METADATA,regenerated after code replay,docs(acceptance): 形成报告版本Feature候选
70,b628ee3eb1899f7c7e83d84b860ae7fd648f2a83,2026-08-30T01:34:54+08:00,codex/f-acc-001-sds,996ce043317c74a8f210305d014803e00fe6da5f,UNMAPPED,docs/traceability/requirement-version-coverage.json,EXCLUDED_SOURCE_METADATA,regenerated after code replay,docs(acceptance): 形成报告版本Feature候选
70,b628ee3eb1899f7c7e83d84b860ae7fd648f2a83,2026-08-30T01:34:54+08:00,codex/f-acc-001-sds,996ce043317c74a8f210305d014803e00fe6da5f,UNMAPPED,scripts/tests/test_facc001_feature_contract.py,CONFLICTING_HUNKS_PENDING,rejected_hunks=0 rc=1,docs(acceptance): 形成报告版本Feature候选
70,b628ee3eb1899f7c7e83d84b860ae7fd648f2a83,2026-08-30T01:34:54+08:00,codex/f-acc-001-sds,996ce043317c74a8f210305d014803e00fe6da5f,F-ACC-001,specs/features/F-ACC-001-acceptance-report-version-and-deliverable-sync.md,EXCLUDED_SOURCE_METADATA,regenerated after code replay,docs(acceptance): 形成报告版本Feature候选
70,b628ee3eb1899f7c7e83d84b860ae7fd648f2a83,2026-08-30T01:34:54+08:00,codex/f-acc-001-sds,996ce043317c74a8f210305d014803e00fe6da5f,F-ACC-001,specs/features/F-ACC-001-legacy-reuse-audit.md,EXCLUDED_SOURCE_METADATA,regenerated after code replay,docs(acceptance): 形成报告版本Feature候选
70,b628ee3eb1899f7c7e83d84b860ae7fd648f2a83,2026-08-30T01:34:54+08:00,codex/f-acc-001-sds,996ce043317c74a8f210305d014803e00fe6da5f,F-ACC-001,specs/features/F-ACC-001-physical-contract.json,EXCLUDED_SOURCE_METADATA,regenerated after code replay,docs(acceptance): 形成报告版本Feature候选
70,b628ee3eb1899f7c7e83d84b860ae7fd648f2a83,2026-08-30T01:34:54+08:00,codex/f-acc-001-sds,996ce043317c74a8f210305d014803e00fe6da5f,UNMAPPED,specs/features/README.md,EXCLUDED_SOURCE_METADATA,regenerated after code replay,docs(acceptance): 形成报告版本Feature候选
71,8cf0d9e6afbf0d481f70ed9d06caed6d9d4fcf88,2026-08-30T02:02:21+08:00,codex/f-acc-001-sds,e396fa57c6b494d6ac8a4685b091406921ffeab6,UNMAPPED,docs/decisions/0040-acceptance-file-fact-and-activity-initialization.md,EXCLUDED_SOURCE_METADATA,regenerated after code replay,docs(acceptance): 闭合文件事实与活动初始化契约
71,8cf0d9e6afbf0d481f70ed9d06caed6d9d4fcf88,2026-08-30T02:02:21+08:00,codex/f-acc-001-sds,e396fa57c6b494d6ac8a4685b091406921ffeab6,UNMAPPED,docs/design/02d-cross-context-contracts.md,EXCLUDED_SOURCE_METADATA,regenerated after code replay,docs(acceptance): 闭合文件事实与活动初始化契约
71,8cf0d9e6afbf0d481f70ed9d06caed6d9d4fcf88,2026-08-30T02:02:21+08:00,codex/f-acc-001-sds,e396fa57c6b494d6ac8a4685b091406921ffeab6,UNMAPPED,docs/design/04-module-design.md,EXCLUDED_SOURCE_METADATA,regenerated after code replay,docs(acceptance): 闭合文件事实与活动初始化契约
71,8cf0d9e6afbf0d481f70ed9d06caed6d9d4fcf88,2026-08-30T02:02:21+08:00,codex/f-acc-001-sds,e396fa57c6b494d6ac8a4685b091406921ffeab6,UNMAPPED,docs/design/08-data-model.md,EXCLUDED_SOURCE_METADATA,regenerated after code replay,docs(acceptance): 闭合文件事实与活动初始化契约
71,8cf0d9e6afbf0d481f70ed9d06caed6d9d4fcf88,2026-08-30T02:02:21+08:00,codex/f-acc-001-sds,e396fa57c6b494d6ac8a4685b091406921ffeab6,UNMAPPED,docs/design/08a-domain-entity-migration-alignment.md,EXCLUDED_SOURCE_METADATA,regenerated after code replay,docs(acceptance): 闭合文件事实与活动初始化契约
71,8cf0d9e6afbf0d481f70ed9d06caed6d9d4fcf88,2026-08-30T02:02:21+08:00,codex/f-acc-001-sds,e396fa57c6b494d6ac8a4685b091406921ffeab6,UNMAPPED,docs/design/09-database-design.md,EXCLUDED_SOURCE_METADATA,regenerated after code replay,docs(acceptance): 闭合文件事实与活动初始化契约
71,8cf0d9e6afbf0d481f70ed9d06caed6d9d4fcf88,2026-08-30T02:02:21+08:00,codex/f-acc-001-sds,e396fa57c6b494d6ac8a4685b091406921ffeab6,UNMAPPED,docs/design/10-api-design.md,EXCLUDED_SOURCE_METADATA,regenerated after code replay,docs(acceptance): 闭合文件事实与活动初始化契约
71,8cf0d9e6afbf0d481f70ed9d06caed6d9d4fcf88,2026-08-30T02:02:21+08:00,codex/f-acc-001-sds,e396fa57c6b494d6ac8a4685b091406921ffeab6,UNMAPPED,docs/design/11-event-design.md,EXCLUDED_SOURCE_METADATA,regenerated after code replay,docs(acceptance): 闭合文件事实与活动初始化契约
71,8cf0d9e6afbf0d481f70ed9d06caed6d9d4fcf88,2026-08-30T02:02:21+08:00,codex/f-acc-001-sds,e396fa57c6b494d6ac8a4685b091406921ffeab6,UNMAPPED,docs/design/13-file-design.md,EXCLUDED_SOURCE_METADATA,regenerated after code replay,docs(acceptance): 闭合文件事实与活动初始化契约
71,8cf0d9e6afbf0d481f70ed9d06caed6d9d4fcf88,2026-08-30T02:02:21+08:00,codex/f-acc-001-sds,e396fa57c6b494d6ac8a4685b091406921ffeab6,UNMAPPED,docs/design/15-cache-and-concurrency.md,EXCLUDED_SOURCE_METADATA,regenerated after code replay,docs(acceptance): 闭合文件事实与活动初始化契约
71,8cf0d9e6afbf0d481f70ed9d06caed6d9d4fcf88,2026-08-30T02:02:21+08:00,codex/f-acc-001-sds,e396fa57c6b494d6ac8a4685b091406921ffeab6,UNMAPPED,docs/design/16-exception-and-idempotency.md,EXCLUDED_SOURCE_METADATA,regenerated after code replay,docs(acceptance): 闭合文件事实与活动初始化契约
71,8cf0d9e6afbf0d481f70ed9d06caed6d9d4fcf88,2026-08-30T02:02:21+08:00,codex/f-acc-001-sds,e396fa57c6b494d6ac8a4685b091406921ffeab6,UNMAPPED,docs/engineering/gates/phase-2/gate-status.md,EXCLUDED_SOURCE_METADATA,regenerated after code replay,docs(acceptance): 闭合文件事实与活动初始化契约
71,8cf0d9e6afbf0d481f70ed9d06caed6d9d4fcf88,2026-08-30T02:02:21+08:00,codex/f-acc-001-sds,e396fa57c6b494d6ac8a4685b091406921ffeab6,UNMAPPED,docs/engineering/gates/phase-2/self-review.md,EXCLUDED_SOURCE_METADATA,regenerated after code replay,docs(acceptance): 闭合文件事实与活动初始化契约
71,8cf0d9e6afbf0d481f70ed9d06caed6d9d4fcf88,2026-08-30T02:02:21+08:00,codex/f-acc-001-sds,e396fa57c6b494d6ac8a4685b091406921ffeab6,UNMAPPED,scripts/validate_sds_phase2.py,APPLIED_CODE_CHANGE,clean per-commit delta,docs(acceptance): 闭合文件事实与活动初始化契约
72,6b51d9af700ac06d3261ec9c050ee81f0802bbd4,2026-08-30T02:14:28+08:00,codex/f-acc-001-sds,35fbb5206c4a67556e92f7efb6c32c3d15e70b14,UNMAPPED,docs/decisions/0040-acceptance-file-fact-and-activity-initialization.md,EXCLUDED_SOURCE_METADATA,regenerated after code replay,docs(acceptance): 闭合附件归档下载与存量切换
72,6b51d9af700ac06d3261ec9c050ee81f0802bbd4,2026-08-30T02:14:28+08:00,codex/f-acc-001-sds,35fbb5206c4a67556e92f7efb6c32c3d15e70b14,UNMAPPED,docs/design/02d-cross-context-contracts.md,EXCLUDED_SOURCE_METADATA,regenerated after code replay,docs(acceptance): 闭合附件归档下载与存量切换
72,6b51d9af700ac06d3261ec9c050ee81f0802bbd4,2026-08-30T02:14:28+08:00,codex/f-acc-001-sds,35fbb5206c4a67556e92f7efb6c32c3d15e70b14,UNMAPPED,docs/design/08-data-model.md,EXCLUDED_SOURCE_METADATA,regenerated after code replay,docs(acceptance): 闭合附件归档下载与存量切换
72,6b51d9af700ac06d3261ec9c050ee81f0802bbd4,2026-08-30T02:14:28+08:00,codex/f-acc-001-sds,35fbb5206c4a67556e92f7efb6c32c3d15e70b14,UNMAPPED,docs/design/08a-domain-entity-migration-alignment.md,EXCLUDED_SOURCE_METADATA,regenerated after code replay,docs(acceptance): 闭合附件归档下载与存量切换
72,6b51d9af700ac06d3261ec9c050ee81f0802bbd4,2026-08-30T02:14:28+08:00,codex/f-acc-001-sds,35fbb5206c4a67556e92f7efb6c32c3d15e70b14,UNMAPPED,docs/design/09-database-design.md,EXCLUDED_SOURCE_METADATA,regenerated after code replay,docs(acceptance): 闭合附件归档下载与存量切换
72,6b51d9af700ac06d3261ec9c050ee81f0802bbd4,2026-08-30T02:14:28+08:00,codex/f-acc-001-sds,35fbb5206c4a67556e92f7efb6c32c3d15e70b14,UNMAPPED,docs/design/10-api-design.md,EXCLUDED_SOURCE_METADATA,regenerated after code replay,docs(acceptance): 闭合附件归档下载与存量切换
72,6b51d9af700ac06d3261ec9c050ee81f0802bbd4,2026-08-30T02:14:28+08:00,codex/f-acc-001-sds,35fbb5206c4a67556e92f7efb6c32c3d15e70b14,UNMAPPED,docs/design/13-file-design.md,EXCLUDED_SOURCE_METADATA,regenerated after code replay,docs(acceptance): 闭合附件归档下载与存量切换
72,6b51d9af700ac06d3261ec9c050ee81f0802bbd4,2026-08-30T02:14:28+08:00,codex/f-acc-001-sds,35fbb5206c4a67556e92f7efb6c32c3d15e70b14,UNMAPPED,docs/design/15-cache-and-concurrency.md,EXCLUDED_SOURCE_METADATA,regenerated after code replay,docs(acceptance): 闭合附件归档下载与存量切换
72,6b51d9af700ac06d3261ec9c050ee81f0802bbd4,2026-08-30T02:14:28+08:00,codex/f-acc-001-sds,35fbb5206c4a67556e92f7efb6c32c3d15e70b14,UNMAPPED,docs/design/16-exception-and-idempotency.md,EXCLUDED_SOURCE_METADATA,regenerated after code replay,docs(acceptance): 闭合附件归档下载与存量切换
72,6b51d9af700ac06d3261ec9c050ee81f0802bbd4,2026-08-30T02:14:28+08:00,codex/f-acc-001-sds,35fbb5206c4a67556e92f7efb6c32c3d15e70b14,UNMAPPED,docs/engineering/gates/phase-2/self-review.md,EXCLUDED_SOURCE_METADATA,regenerated after code replay,docs(acceptance): 闭合附件归档下载与存量切换
72,6b51d9af700ac06d3261ec9c050ee81f0802bbd4,2026-08-30T02:14:28+08:00,codex/f-acc-001-sds,35fbb5206c4a67556e92f7efb6c32c3d15e70b14,UNMAPPED,scripts/validate_sds_phase2.py,APPLIED_CODE_CHANGE,clean per-commit delta,docs(acceptance): 闭合附件归档下载与存量切换
73,eba78387b3a7cebcb5c5348d303ff0d23579f734,2026-08-30T02:18:20+08:00,codex/f-acc-001-sds,c270db9e75548ea3ca4a0921ada1a166287c76e4,UNMAPPED,docs/engineering/gates/phase-2/gate-status.md,EXCLUDED_SOURCE_METADATA,regenerated after code replay,docs(acceptance): 回写文件与活动SDS裁决
73,eba78387b3a7cebcb5c5348d303ff0d23579f734,2026-08-30T02:18:20+08:00,codex/f-acc-001-sds,c270db9e75548ea3ca4a0921ada1a166287c76e4,UNMAPPED,docs/engineering/gates/phase-2/self-review.md,EXCLUDED_SOURCE_METADATA,regenerated after code replay,docs(acceptance): 回写文件与活动SDS裁决
73,eba78387b3a7cebcb5c5348d303ff0d23579f734,2026-08-30T02:18:20+08:00,codex/f-acc-001-sds,c270db9e75548ea3ca4a0921ada1a166287c76e4,UNMAPPED,scripts/validate_sds_phase2.py,APPLIED_CODE_CHANGE,clean per-commit delta,docs(acceptance): 回写文件与活动SDS裁决
74,bde0feac019baf820634ecc6a0e88272672b601d,2026-08-30T02:23:37+08:00,codex/f-acc-001-sds,936445f852309282791756ed1af0ef4fbc9a97d6,UNMAPPED,scripts/tests/test_facc001_feature_contract.py,CONFLICTING_HUNKS_PENDING,rejected_hunks=1 rc=1,docs(acceptance): 闭合Feature文件与活动契约
74,bde0feac019baf820634ecc6a0e88272672b601d,2026-08-30T02:23:37+08:00,codex/f-acc-001-sds,936445f852309282791756ed1af0ef4fbc9a97d6,F-ACC-001,specs/features/F-ACC-001-acceptance-report-version-and-deliverable-sync.md,EXCLUDED_SOURCE_METADATA,regenerated after code replay,docs(acceptance): 闭合Feature文件与活动契约
74,bde0feac019baf820634ecc6a0e88272672b601d,2026-08-30T02:23:37+08:00,codex/f-acc-001-sds,936445f852309282791756ed1af0ef4fbc9a97d6,F-ACC-001,specs/features/F-ACC-001-legacy-reuse-audit.md,EXCLUDED_SOURCE_METADATA,regenerated after code replay,docs(acceptance): 闭合Feature文件与活动契约
74,bde0feac019baf820634ecc6a0e88272672b601d,2026-08-30T02:23:37+08:00,codex/f-acc-001-sds,936445f852309282791756ed1af0ef4fbc9a97d6,F-ACC-001,specs/features/F-ACC-001-physical-contract.json,EXCLUDED_SOURCE_METADATA,regenerated after code replay,docs(acceptance): 闭合Feature文件与活动契约
75,9f3d31100c589ba3041e1d65b639066418e8c5a0,2026-08-30T02:28:29+08:00,codex/f-acc-001-sds,092cc152ae89a45c4c11b465c3f935d054572e70,UNMAPPED,scripts/tests/test_facc001_feature_contract.py,CONFLICTING_HUNKS_PENDING,rejected_hunks=1 rc=1,docs(acceptance): 回写Feature Ready裁决
75,9f3d31100c589ba3041e1d65b639066418e8c5a0,2026-08-30T02:28:29+08:00,codex/f-acc-001-sds,092cc152ae89a45c4c11b465c3f935d054572e70,F-ACC-001,specs/features/F-ACC-001-acceptance-report-version-and-deliverable-sync.md,EXCLUDED_SOURCE_METADATA,regenerated after code replay,docs(acceptance): 回写Feature Ready裁决
75,9f3d31100c589ba3041e1d65b639066418e8c5a0,2026-08-30T02:28:29+08:00,codex/f-acc-001-sds,092cc152ae89a45c4c11b465c3f935d054572e70,F-ACC-001,specs/features/F-ACC-001-physical-contract.json,EXCLUDED_SOURCE_METADATA,regenerated after code replay,docs(acceptance): 回写Feature Ready裁决
75,9f3d31100c589ba3041e1d65b639066418e8c5a0,2026-08-30T02:28:29+08:00,codex/f-acc-001-sds,092cc152ae89a45c4c11b465c3f935d054572e70,UNMAPPED,specs/features/README.md,EXCLUDED_SOURCE_METADATA,regenerated after code replay,docs(acceptance): 回写Feature Ready裁决
76,c6e79550badc04de9972da70fe8446dfde57e867,2026-08-30T02:36:14+08:00,codex/f-acc-001-sds,38259ef65fa0057234d2434a622097bede1c99bc,F-ACC-001,docs/superpowers/plans/2026-08-30-f-acc-001-acceptance-report-version-deliverable-sync.md,EXCLUDED_SOURCE_METADATA,regenerated after code replay,docs(acceptance): 形成报告版本Technical Plan
76,c6e79550badc04de9972da70fe8446dfde57e867,2026-08-30T02:36:14+08:00,codex/f-acc-001-sds,38259ef65fa0057234d2434a622097bede1c99bc,F-ACC-001,specs/features/F-ACC-001-acceptance-report-version-and-deliverable-sync.md,EXCLUDED_SOURCE_METADATA,regenerated after code replay,docs(acceptance): 形成报告版本Technical Plan
77,701bdf701539a0d65f3c67eb10aa0605de58c4a7,2026-08-30T02:52:50+08:00,codex/f-acc-001-sds,8bd2c7d9c5bddecd58220ab92eb5316b19f4cf03,UNMAPPED,docs/design/02d-cross-context-contracts.md,EXCLUDED_SOURCE_METADATA,regenerated after code replay,docs(acceptance): 闭合归档操作者与事件投递
77,701bdf701539a0d65f3c67eb10aa0605de58c4a7,2026-08-30T02:52:50+08:00,codex/f-acc-001-sds,8bd2c7d9c5bddecd58220ab92eb5316b19f4cf03,UNMAPPED,docs/design/04-module-design.md,EXCLUDED_SOURCE_METADATA,regenerated after code replay,docs(acceptance): 闭合归档操作者与事件投递
77,701bdf701539a0d65f3c67eb10aa0605de58c4a7,2026-08-30T02:52:50+08:00,codex/f-acc-001-sds,8bd2c7d9c5bddecd58220ab92eb5316b19f4cf03,UNMAPPED,docs/design/08-data-model.md,EXCLUDED_SOURCE_METADATA,regenerated after code replay,docs(acceptance): 闭合归档操作者与事件投递
77,701bdf701539a0d65f3c67eb10aa0605de58c4a7,2026-08-30T02:52:50+08:00,codex/f-acc-001-sds,8bd2c7d9c5bddecd58220ab92eb5316b19f4cf03,UNMAPPED,docs/design/09-database-design.md,EXCLUDED_SOURCE_METADATA,regenerated after code replay,docs(acceptance): 闭合归档操作者与事件投递
77,701bdf701539a0d65f3c67eb10aa0605de58c4a7,2026-08-30T02:52:50+08:00,codex/f-acc-001-sds,8bd2c7d9c5bddecd58220ab92eb5316b19f4cf03,UNMAPPED,docs/design/10-api-design.md,EXCLUDED_SOURCE_METADATA,regenerated after code replay,docs(acceptance): 闭合归档操作者与事件投递
77,701bdf701539a0d65f3c67eb10aa0605de58c4a7,2026-08-30T02:52:50+08:00,codex/f-acc-001-sds,8bd2c7d9c5bddecd58220ab92eb5316b19f4cf03,UNMAPPED,docs/design/11-event-design.md,EXCLUDED_SOURCE_METADATA,regenerated after code replay,docs(acceptance): 闭合归档操作者与事件投递
77,701bdf701539a0d65f3c67eb10aa0605de58c4a7,2026-08-30T02:52:50+08:00,codex/f-acc-001-sds,8bd2c7d9c5bddecd58220ab92eb5316b19f4cf03,UNMAPPED,docs/design/13-file-design.md,EXCLUDED_SOURCE_METADATA,regenerated after code replay,docs(acceptance): 闭合归档操作者与事件投递
77,701bdf701539a0d65f3c67eb10aa0605de58c4a7,2026-08-30T02:52:50+08:00,codex/f-acc-001-sds,8bd2c7d9c5bddecd58220ab92eb5316b19f4cf03,UNMAPPED,docs/design/15-cache-and-concurrency.md,EXCLUDED_SOURCE_METADATA,regenerated after code replay,docs(acceptance): 闭合归档操作者与事件投递
77,701bdf701539a0d65f3c67eb10aa0605de58c4a7,2026-08-30T02:52:50+08:00,codex/f-acc-001-sds,8bd2c7d9c5bddecd58220ab92eb5316b19f4cf03,UNMAPPED,docs/design/16-exception-and-idempotency.md,EXCLUDED_SOURCE_METADATA,regenerated after code replay,docs(acceptance): 闭合归档操作者与事件投递
77,701bdf701539a0d65f3c67eb10aa0605de58c4a7,2026-08-30T02:52:50+08:00,codex/f-acc-001-sds,8bd2c7d9c5bddecd58220ab92eb5316b19f4cf03,UNMAPPED,docs/engineering/gates/phase-2/gate-status.md,EXCLUDED_SOURCE_METADATA,regenerated after code replay,docs(acceptance): 闭合归档操作者与事件投递
77,701bdf701539a0d65f3c67eb10aa0605de58c4a7,2026-08-30T02:52:50+08:00,codex/f-acc-001-sds,8bd2c7d9c5bddecd58220ab92eb5316b19f4cf03,UNMAPPED,docs/engineering/gates/phase-2/self-review.md,EXCLUDED_SOURCE_METADATA,regenerated after code replay,docs(acceptance): 闭合归档操作者与事件投递
77,701bdf701539a0d65f3c67eb10aa0605de58c4a7,2026-08-30T02:52:50+08:00,codex/f-acc-001-sds,8bd2c7d9c5bddecd58220ab92eb5316b19f4cf03,UNMAPPED,scripts/validate_sds_phase2.py,APPLIED_CODE_CHANGE,clean per-commit delta,docs(acceptance): 闭合归档操作者与事件投递
78,7f4cfa7aa137005daa637988f3319b0df7123bdc,2026-08-30T02:57:18+08:00,codex/f-acc-001-sds,557826e316aa51999a5a3fb9d65164cca32dcb8e,UNMAPPED,docs/engineering/gates/phase-2/gate-status.md,EXCLUDED_SOURCE_METADATA,regenerated after code replay,docs(acceptance): 回写归档与投递SDS裁决
78,7f4cfa7aa137005daa637988f3319b0df7123bdc,2026-08-30T02:57:18+08:00,codex/f-acc-001-sds,557826e316aa51999a5a3fb9d65164cca32dcb8e,UNMAPPED,docs/engineering/gates/phase-2/self-review.md,EXCLUDED_SOURCE_METADATA,regenerated after code replay,docs(acceptance): 回写归档与投递SDS裁决
79,fca9626c4fce4ccf4b03efdebe997343ce7b5a42,2026-08-30T03:03:23+08:00,codex/f-acc-001-sds,c021514b748401574d9752fe247cbffca8f25949,F-ACC-001,docs/superpowers/plans/2026-08-30-f-acc-001-acceptance-report-version-deliverable-sync.md,EXCLUDED_SOURCE_METADATA,regenerated after code replay,docs(acceptance): 闭合报告Technical Plan执行边界
79,fca9626c4fce4ccf4b03efdebe997343ce7b5a42,2026-08-30T03:03:23+08:00,codex/f-acc-001-sds,c021514b748401574d9752fe247cbffca8f25949,UNMAPPED,scripts/tests/test_facc001_feature_contract.py,CONFLICTING_HUNKS_PENDING,rejected_hunks=1 rc=1,docs(acceptance): 闭合报告Technical Plan执行边界
79,fca9626c4fce4ccf4b03efdebe997343ce7b5a42,2026-08-30T03:03:23+08:00,codex/f-acc-001-sds,c021514b748401574d9752fe247cbffca8f25949,F-ACC-001,specs/features/F-ACC-001-acceptance-report-version-and-deliverable-sync.md,EXCLUDED_SOURCE_METADATA,regenerated after code replay,docs(acceptance): 闭合报告Technical Plan执行边界
79,fca9626c4fce4ccf4b03efdebe997343ce7b5a42,2026-08-30T03:03:23+08:00,codex/f-acc-001-sds,c021514b748401574d9752fe247cbffca8f25949,F-ACC-001,specs/features/F-ACC-001-physical-contract.json,EXCLUDED_SOURCE_METADATA,regenerated after code replay,docs(acceptance): 闭合报告Technical Plan执行边界
80,993fb99a5c9ebf1702f6845c1619ce493597261c,2026-08-30T03:07:37+08:00,codex/f-acc-001-sds,0eab4fb5edac1f1fb513ce40a139bf8c98eae4ef,F-ACC-001,specs/features/F-ACC-001-acceptance-report-version-and-deliverable-sync.md,EXCLUDED_SOURCE_METADATA,regenerated after code replay,docs(acceptance): 进入报告版本实施阶段
80,993fb99a5c9ebf1702f6845c1619ce493597261c,2026-08-30T03:07:37+08:00,codex/f-acc-001-sds,0eab4fb5edac1f1fb513ce40a139bf8c98eae4ef,F-ACC-001,tasks/features/F-ACC-001.md,EXCLUDED_SOURCE_METADATA,regenerated after code replay,docs(acceptance): 进入报告版本实施阶段
81,fec7c69e3892115c8a402d78f223462c3ca81fa4,2026-08-30T03:25:04+08:00,codex/f-acc-001-sds,a476b2d7274e04c8dae821c706616e86dc18d16b,UNMAPPED,pms-module-platform/pms-module-platform-api/src/main/java/cn/iocoder/yudao/module/pms/platform/api/file/FileArtifactApi.java,CONFLICTING_HUNKS_PENDING,rejected_hunks=1 rc=1,feat(acceptance): 建立报告文件与活动Owner基础
81,fec7c69e3892115c8a402d78f223462c3ca81fa4,2026-08-30T03:25:04+08:00,codex/f-acc-001-sds,a476b2d7274e04c8dae821c706616e86dc18d16b,UNMAPPED,pms-module-platform/pms-module-platform-api/src/main/java/cn/iocoder/yudao/module/pms/platform/api/file/dto/ArchiveFileReferenceSetsCommand.java,CONFLICTING_HUNKS_PENDING,rejected_hunks=0 rc=1,feat(acceptance): 建立报告文件与活动Owner基础
81,fec7c69e3892115c8a402d78f223462c3ca81fa4,2026-08-30T03:25:04+08:00,codex/f-acc-001-sds,a476b2d7274e04c8dae821c706616e86dc18d16b,UNMAPPED,pms-module-platform/pms-module-platform-api/src/main/java/cn/iocoder/yudao/module/pms/platform/api/file/dto/ExistingFileReferenceTarget.java,CONFLICTING_HUNKS_PENDING,rejected_hunks=1 rc=1,feat(acceptance): 建立报告文件与活动Owner基础
81,fec7c69e3892115c8a402d78f223462c3ca81fa4,2026-08-30T03:25:04+08:00,codex/f-acc-001-sds,a476b2d7274e04c8dae821c706616e86dc18d16b,UNMAPPED,pms-module-platform/src/main/java/cn/iocoder/yudao/module/pms/platform/service/file/FileArtifactApiImpl.java,CONFLICTING_HUNKS_PENDING,rejected_hunks=1 rc=1,feat(acceptance): 建立报告文件与活动Owner基础
81,fec7c69e3892115c8a402d78f223462c3ca81fa4,2026-08-30T03:25:04+08:00,codex/f-acc-001-sds,a476b2d7274e04c8dae821c706616e86dc18d16b,UNMAPPED,pms-module-platform/src/main/java/cn/iocoder/yudao/module/pms/platform/service/outbox/PlatformOutboxDeliveryApiImpl.java,CONFLICTING_HUNKS_PENDING,rejected_hunks=1 rc=1,feat(acceptance): 建立报告文件与活动Owner基础
81,fec7c69e3892115c8a402d78f223462c3ca81fa4,2026-08-30T03:25:04+08:00,codex/f-acc-001-sds,a476b2d7274e04c8dae821c706616e86dc18d16b,UNMAPPED,pms-module-platform/src/test/java/cn/iocoder/yudao/module/pms/platform/file/FileArtifactApiImplTest.java,CONFLICTING_HUNKS_PENDING,rejected_hunks=1 rc=1,feat(acceptance): 建立报告文件与活动Owner基础
81,fec7c69e3892115c8a402d78f223462c3ca81fa4,2026-08-30T03:25:04+08:00,codex/f-acc-001-sds,a476b2d7274e04c8dae821c706616e86dc18d16b,F-ACC-001,pms-module-project/pms-module-project-api/src/main/java/cn/iocoder/yudao/module/pms/project/api/acceptanceactivity/dto/AcceptanceActivityCompletionCommand.java,APPLIED_ADD_ADD,current-semantic-superset,feat(acceptance): 建立报告文件与活动Owner基础
81,fec7c69e3892115c8a402d78f223462c3ca81fa4,2026-08-30T03:25:04+08:00,codex/f-acc-001-sds,a476b2d7274e04c8dae821c706616e86dc18d16b,F-ACC-001,pms-module-project/src/main/java/cn/iocoder/yudao/module/pms/project/dal/dataobject/acceptancereport/AcceptanceReportVersionDO.java,APPLIED_ADD_ADD,current-semantic-superset,feat(acceptance): 建立报告文件与活动Owner基础
81,fec7c69e3892115c8a402d78f223462c3ca81fa4,2026-08-30T03:25:04+08:00,codex/f-acc-001-sds,a476b2d7274e04c8dae821c706616e86dc18d16b,F-ACC-001,pms-module-project/src/main/java/cn/iocoder/yudao/module/pms/project/dal/mysql/acceptance/AccProjectDeliverableMapper.java,CONFLICTING_HUNKS_PENDING,rejected_hunks=1 rc=1,feat(acceptance): 建立报告文件与活动Owner基础
81,fec7c69e3892115c8a402d78f223462c3ca81fa4,2026-08-30T03:25:04+08:00,codex/f-acc-001-sds,a476b2d7274e04c8dae821c706616e86dc18d16b,F-ACC-001,pms-module-project/src/main/java/cn/iocoder/yudao/module/pms/project/dal/mysql/acceptancereport/AcceptanceActivityMapper.java,APPLIED_ADD_ADD,current-semantic-superset,feat(acceptance): 建立报告文件与活动Owner基础
81,fec7c69e3892115c8a402d78f223462c3ca81fa4,2026-08-30T03:25:04+08:00,codex/f-acc-001-sds,a476b2d7274e04c8dae821c706616e86dc18d16b,F-ACC-001,pms-module-project/src/main/java/cn/iocoder/yudao/module/pms/project/dal/mysql/acceptancereport/AcceptanceReportVersionMapper.java,APPLIED_ADD_ADD,current-semantic-superset,feat(acceptance): 建立报告文件与活动Owner基础
81,fec7c69e3892115c8a402d78f223462c3ca81fa4,2026-08-30T03:25:04+08:00,codex/f-acc-001-sds,a476b2d7274e04c8dae821c706616e86dc18d16b,F-ACC-001,pms-module-project/src/main/resources/mapper/acceptance/AccProjectDeliverableMapper.xml,CONFLICTING_HUNKS_PENDING,rejected_hunks=0 rc=1,feat(acceptance): 建立报告文件与活动Owner基础
81,fec7c69e3892115c8a402d78f223462c3ca81fa4,2026-08-30T03:25:04+08:00,codex/f-acc-001-sds,a476b2d7274e04c8dae821c706616e86dc18d16b,F-ACC-001,pms-module-project/src/main/resources/mapper/acceptancereport/AcceptanceActivityMapper.xml,APPLIED_ADD_ADD,current-semantic-superset,feat(acceptance): 建立报告文件与活动Owner基础
81,fec7c69e3892115c8a402d78f223462c3ca81fa4,2026-08-30T03:25:04+08:00,codex/f-acc-001-sds,a476b2d7274e04c8dae821c706616e86dc18d16b,F-ACC-001,pms-module-project/src/main/resources/mapper/acceptancereport/AcceptanceReportVersionMapper.xml,APPLIED_ADD_ADD,current-semantic-superset,feat(acceptance): 建立报告文件与活动Owner基础
83,e08898b57e6c7c81e43139881b53ac9d50b4154e,2026-08-30T03:30:54+08:00,codex/f-cut-001-matrices,048cf031e388ab7fce032e2fdd8dd2d23ef0c059,F-CUT-001,pms-module-cutover/src/test/java/cn/iocoder/yudao/module/pms/cutover/service/configuration/CutoverConfigurationServiceImplTest.java,CONFLICTING_HUNKS_PENDING,rejected_hunks=1 rc=1,feat(cutover): 扩展矩阵类别与绑定必填契约
84,c0dcf2051a0e5d135375ad1dd9cb1f268b87cc38,2026-08-30T03:37:13+08:00,codex/f-cut-001-matrices,19a8d1c9419f2a583fad92b1f9e991de1ef5fbec,F-CUT-001,pms-module-cutover/src/test/java/cn/iocoder/yudao/module/pms/cutover/service/configuration/CutoverConfigurationServiceImplTest.java,APPLIED_NON_CONFLICTING_HUNKS,rejected_hunks=1 rc=1,feat(cutover): 联合校验风险与调研矩阵发布
85,45bd0c45f453077d39063d9fcd65381912c16362,2026-08-30T03:42:51+08:00,codex/f-cut-001-matrices,6c2ab075d56a86322fb4478f824b2a55d9932ca8,F-CUT-001,docs/decisions/open-questions.md,EXCLUDED_SOURCE_METADATA,regenerated after code replay,docs(cutover): 登记双机种子名称缺口
86,8d582aea1aa4e226fe483c58c83b70995c4801e4,2026-08-30T03:45:10+08:00,codex/f-acc-001-sds,146d4c87f6702a179b7e01aed961422c8f897965,UNMAPPED,pms-module-platform/src/main/java/cn/iocoder/yudao/module/pms/platform/service/file/FileArtifactApiImpl.java,CONFLICTING_HUNKS_PENDING,rejected_hunks=1 rc=1,feat(acceptance): 实现报告版本与归档补偿
86,8d582aea1aa4e226fe483c58c83b70995c4801e4,2026-08-30T03:45:10+08:00,codex/f-acc-001-sds,146d4c87f6702a179b7e01aed961422c8f897965,F-ACC-001,pms-module-project/src/main/java/cn/iocoder/yudao/module/pms/project/api/acceptanceactivity/AcceptanceActivityCompletionFactApiImpl.java,CONFLICTING_HUNKS_PENDING,rejected_hunks=0 rc=1,feat(acceptance): 实现报告版本与归档补偿
86,8d582aea1aa4e226fe483c58c83b70995c4801e4,2026-08-30T03:45:10+08:00,codex/f-acc-001-sds,146d4c87f6702a179b7e01aed961422c8f897965,F-ACC-001,pms-module-project/src/main/java/cn/iocoder/yudao/module/pms/project/dal/dataobject/acceptancereport/ProjectDeliverableSourceVersionDO.java,APPLIED_ADD_ADD,current-semantic-superset,feat(acceptance): 实现报告版本与归档补偿
86,8d582aea1aa4e226fe483c58c83b70995c4801e4,2026-08-30T03:45:10+08:00,codex/f-acc-001-sds,146d4c87f6702a179b7e01aed961422c8f897965,F-ACC-001,pms-module-project/src/main/java/cn/iocoder/yudao/module/pms/project/dal/mysql/acceptance/AccProjectDeliverableMapper.java,CONFLICTING_HUNKS_PENDING,rejected_hunks=1 rc=1,feat(acceptance): 实现报告版本与归档补偿
86,8d582aea1aa4e226fe483c58c83b70995c4801e4,2026-08-30T03:45:10+08:00,codex/f-acc-001-sds,146d4c87f6702a179b7e01aed961422c8f897965,F-ACC-001,pms-module-project/src/main/java/cn/iocoder/yudao/module/pms/project/dal/mysql/acceptancereport/AcceptanceActivityMapper.java,CONFLICTING_HUNKS_PENDING,rejected_hunks=1 rc=1,feat(acceptance): 实现报告版本与归档补偿
86,8d582aea1aa4e226fe483c58c83b70995c4801e4,2026-08-30T03:45:10+08:00,codex/f-acc-001-sds,146d4c87f6702a179b7e01aed961422c8f897965,F-ACC-001,pms-module-project/src/main/java/cn/iocoder/yudao/module/pms/project/dal/mysql/acceptancereport/ProjectDeliverableSourceVersionMapper.java,APPLIED_ADD_ADD,current-semantic-superset,feat(acceptance): 实现报告版本与归档补偿
86,8d582aea1aa4e226fe483c58c83b70995c4801e4,2026-08-30T03:45:10+08:00,codex/f-acc-001-sds,146d4c87f6702a179b7e01aed961422c8f897965,UNMAPPED,pms-module-project/src/main/java/cn/iocoder/yudao/module/pms/project/enums/ErrorCodeConstants.java,CONFLICTING_HUNKS_PENDING,rejected_hunks=1 rc=1,feat(acceptance): 实现报告版本与归档补偿
86,8d582aea1aa4e226fe483c58c83b70995c4801e4,2026-08-30T03:45:10+08:00,codex/f-acc-001-sds,146d4c87f6702a179b7e01aed961422c8f897965,F-ACC-001,pms-module-project/src/main/java/cn/iocoder/yudao/module/pms/project/service/acceptancereport/AcceptanceReportArchiveCompensationJob.java,CONFLICTING_HUNKS_PENDING,rejected_hunks=0 rc=1,feat(acceptance): 实现报告版本与归档补偿
86,8d582aea1aa4e226fe483c58c83b70995c4801e4,2026-08-30T03:45:10+08:00,codex/f-acc-001-sds,146d4c87f6702a179b7e01aed961422c8f897965,F-ACC-001,pms-module-project/src/main/java/cn/iocoder/yudao/module/pms/project/service/acceptancereport/AcceptanceReportArchiveCompensationService.java,CONFLICTING_HUNKS_PENDING,rejected_hunks=0 rc=1,feat(acceptance): 实现报告版本与归档补偿
86,8d582aea1aa4e226fe483c58c83b70995c4801e4,2026-08-30T03:45:10+08:00,codex/f-acc-001-sds,146d4c87f6702a179b7e01aed961422c8f897965,F-ACC-001,pms-module-project/src/main/java/cn/iocoder/yudao/module/pms/project/service/acceptancereport/AcceptanceReportCommandService.java,CONFLICTING_HUNKS_PENDING,rejected_hunks=0 rc=1,feat(acceptance): 实现报告版本与归档补偿
86,8d582aea1aa4e226fe483c58c83b70995c4801e4,2026-08-30T03:45:10+08:00,codex/f-acc-001-sds,146d4c87f6702a179b7e01aed961422c8f897965,F-ACC-001,pms-module-project/src/main/java/cn/iocoder/yudao/module/pms/project/service/acceptancereport/AcceptanceReportOutboxDeliveryJob.java,APPLIED_ADD_ADD,current-semantic-superset,feat(acceptance): 实现报告版本与归档补偿
86,8d582aea1aa4e226fe483c58c83b70995c4801e4,2026-08-30T03:45:10+08:00,codex/f-acc-001-sds,146d4c87f6702a179b7e01aed961422c8f897965,F-ACC-001,pms-module-project/src/main/resources/mapper/acceptance/AccProjectDeliverableMapper.xml,CONFLICTING_HUNKS_PENDING,rejected_hunks=1 rc=1,feat(acceptance): 实现报告版本与归档补偿
86,8d582aea1aa4e226fe483c58c83b70995c4801e4,2026-08-30T03:45:10+08:00,codex/f-acc-001-sds,146d4c87f6702a179b7e01aed961422c8f897965,F-ACC-001,pms-module-project/src/main/resources/mapper/acceptancereport/AcceptanceActivityMapper.xml,CONFLICTING_HUNKS_PENDING,rejected_hunks=1 rc=1,feat(acceptance): 实现报告版本与归档补偿
86,8d582aea1aa4e226fe483c58c83b70995c4801e4,2026-08-30T03:45:10+08:00,codex/f-acc-001-sds,146d4c87f6702a179b7e01aed961422c8f897965,F-ACC-001,pms-module-project/src/main/resources/mapper/acceptancereport/ProjectDeliverableSourceVersionMapper.xml,CONFLICTING_HUNKS_PENDING,rejected_hunks=0 rc=1,feat(acceptance): 实现报告版本与归档补偿
86,8d582aea1aa4e226fe483c58c83b70995c4801e4,2026-08-30T03:45:10+08:00,codex/f-acc-001-sds,146d4c87f6702a179b7e01aed961422c8f897965,F-ACC-001,pms-module-project/src/test/java/cn/iocoder/yudao/module/pms/project/api/acceptanceactivity/AcceptanceActivityCompletionFactApiImplTest.java,CONFLICTING_HUNKS_PENDING,rejected_hunks=0 rc=1,feat(acceptance): 实现报告版本与归档补偿
86,8d582aea1aa4e226fe483c58c83b70995c4801e4,2026-08-30T03:45:10+08:00,codex/f-acc-001-sds,146d4c87f6702a179b7e01aed961422c8f897965,F-ACC-001,pms-module-project/src/test/java/cn/iocoder/yudao/module/pms/project/service/acceptancereport/AcceptanceReportCommandServiceTest.java,CONFLICTING_HUNKS_PENDING,rejected_hunks=0 rc=1,feat(acceptance): 实现报告版本与归档补偿
86,8d582aea1aa4e226fe483c58c83b70995c4801e4,2026-08-30T03:45:10+08:00,codex/f-acc-001-sds,146d4c87f6702a179b7e01aed961422c8f897965,F-ACC-001,pms-module-project/src/test/java/cn/iocoder/yudao/module/pms/project/service/acceptancereport/AcceptanceReportOutboxDeliveryJobTest.java,CONFLICTING_HUNKS_PENDING,rejected_hunks=0 rc=1,feat(acceptance): 实现报告版本与归档补偿
87,e31f08b31fe20ee9bf80b2b65d4495a6d4410940,2026-08-30T03:50:34+08:00,codex/f-acc-001-sds,86beb5ceb0f35c7713d2b59dcf3cfb4d945f0a80,UNMAPPED,pms-module-project/src/main/java/cn/iocoder/yudao/module/pms/project/service/projectmanual/ProjectManualCreationServiceImpl.java,CONFLICTING_HUNKS_PENDING,rejected_hunks=1 rc=1,feat(project): 接入验收活动执行契约
87,e31f08b31fe20ee9bf80b2b65d4495a6d4410940,2026-08-30T03:50:34+08:00,codex/f-acc-001-sds,86beb5ceb0f35c7713d2b59dcf3cfb4d945f0a80,UNMAPPED,pms-module-project/src/main/java/cn/iocoder/yudao/module/pms/project/service/taskworkbench/ProjectTaskLifecycleService.java,CONFLICTING_HUNKS_PENDING,rejected_hunks=1 rc=1,feat(project): 接入验收活动执行契约
87,e31f08b31fe20ee9bf80b2b65d4495a6d4410940,2026-08-30T03:50:34+08:00,codex/f-acc-001-sds,86beb5ceb0f35c7713d2b59dcf3cfb4d945f0a80,UNMAPPED,pms-module-project/src/test/java/cn/iocoder/yudao/module/pms/project/service/taskworkbench/ProjectTaskLifecycleServiceTest.java,CONFLICTING_HUNKS_PENDING,rejected_hunks=1 rc=1,feat(project): 接入验收活动执行契约
88,1a61ea895a2d798a55946427b1b7c291b3a7b98e,2026-08-30T04:01:11+08:00,codex/f-cut-001-matrices,01aa2007bf79a0e6744c7b717faad908c46985a9,F-CUT-001,yudao-ui/yudao-ui-admin-vue3/src/views/pms/cutover/cutover-config/components/cutoverMatrix.spec.ts,APPLIED_ADD_ADD,current-semantic-superset,feat(cutover): 增加风险与调研矩阵编辑界面
89,229e9f4b946c3933405b43ca2cd11e519d7d921c,2026-08-30T04:08:42+08:00,codex/f-acc-001-sds,5a316ae096242dc5ede19091b2a7c10c853ef272,UNMAPPED,pms-module-project/src/test/java/cn/iocoder/yudao/module/pms/project/migration/Facc001MigrationContractTest.java,CONFLICTING_HUNKS_PENDING,rejected_hunks=0 rc=1,feat(acceptance): 建立报告版本前向迁移
89,229e9f4b946c3933405b43ca2cd11e519d7d921c,2026-08-30T04:08:42+08:00,codex/f-acc-001-sds,5a316ae096242dc5ede19091b2a7c10c853ef272,UNMAPPED,sql/migrations/V128__facc001_acceptance_report_version_forward.sql,APPLIED_CODE_CHANGE,clean per-commit delta,feat(acceptance): 建立报告版本前向迁移
89,229e9f4b946c3933405b43ca2cd11e519d7d921c,2026-08-30T04:08:42+08:00,codex/f-acc-001-sds,5a316ae096242dc5ede19091b2a7c10c853ef272,F-ACC-001,tasks/features/F-ACC-001.md,EXCLUDED_SOURCE_METADATA,regenerated after code replay,feat(acceptance): 建立报告版本前向迁移
90,ba8a4def8583ee29da3652472eae3f0660c4ad9f,2026-08-30T04:19:21+08:00,codex/f-acc-001-sds,8c844f2d741c4c0016d20f115ceb2c40e41e5a5f,F-ACC-001,pms-module-project/src/main/java/cn/iocoder/yudao/module/pms/project/service/acceptancereport/AcceptanceReportQueryService.java,CONFLICTING_HUNKS_PENDING,rejected_hunks=0 rc=1,feat(acceptance): 开放验收报告管理接口
90,ba8a4def8583ee29da3652472eae3f0660c4ad9f,2026-08-30T04:19:21+08:00,codex/f-acc-001-sds,8c844f2d741c4c0016d20f115ceb2c40e41e5a5f,F-ACC-001,pms-module-project/src/test/java/cn/iocoder/yudao/module/pms/project/service/acceptancereport/AcceptanceReportQueryServiceTest.java,CONFLICTING_HUNKS_PENDING,rejected_hunks=0 rc=1,feat(acceptance): 开放验收报告管理接口
90,ba8a4def8583ee29da3652472eae3f0660c4ad9f,2026-08-30T04:19:21+08:00,codex/f-acc-001-sds,8c844f2d741c4c0016d20f115ceb2c40e41e5a5f,F-ACC-001,tasks/features/F-ACC-001.md,EXCLUDED_SOURCE_METADATA,regenerated after code replay,feat(acceptance): 开放验收报告管理接口
91,26b61c4a809dcebec2138f8089b19aa66462b9d7,2026-08-30T04:37:47+08:00,codex/f-cut-001-matrices,2eba106f69d1d42f872379de3a98895a84209b46,F-CUT-001,docs/decisions/open-questions.md,EXCLUDED_SOURCE_METADATA,regenerated after code replay,docs(cutover): 纠正矩阵参考资料边界
91,26b61c4a809dcebec2138f8089b19aa66462b9d7,2026-08-30T04:37:47+08:00,codex/f-cut-001-matrices,2eba106f69d1d42f872379de3a98895a84209b46,F-CUT-001,docs/superpowers/plans/2026-08-30-f-cut-001-risk-survey-matrices.md,EXCLUDED_SOURCE_METADATA,regenerated after code replay,docs(cutover): 纠正矩阵参考资料边界
92,0b1671cb93a81a6a5c9dbee774b2d32a7950a4c5,2026-08-30T04:46:38+08:00,codex/f-acc-001-sds,9c8db6331dd175ded0faa7c51b4841ea1aed698d,F-ACC-001,pms-module-project/src/test/java/cn/iocoder/yudao/module/pms/project/service/acceptancereport/Facc001ApplicationMySqlIntegrationTest.java,CONFLICTING_HUNKS_PENDING,rejected_hunks=0 rc=1,feat(acceptance): 建立报告页面与真实验收准备
92,0b1671cb93a81a6a5c9dbee774b2d32a7950a4c5,2026-08-30T04:46:38+08:00,codex/f-acc-001-sds,9c8db6331dd175ded0faa7c51b4841ea1aed698d,UNMAPPED,scripts/tests/run_facc001_browser_acceptance.cjs,CONFLICTING_HUNKS_PENDING,rejected_hunks=0 rc=1,feat(acceptance): 建立报告页面与真实验收准备
92,0b1671cb93a81a6a5c9dbee774b2d32a7950a4c5,2026-08-30T04:46:38+08:00,codex/f-acc-001-sds,9c8db6331dd175ded0faa7c51b4841ea1aed698d,F-ACC-001,tasks/features/F-ACC-001.md,EXCLUDED_SOURCE_METADATA,regenerated after code replay,feat(acceptance): 建立报告页面与真实验收准备
93,f8a83538cd033a6795770f1e1de76d8a518976de,2026-08-30T04:59:49+08:00,codex/f-cut-001-matrices,b5a49c34f64d98ccdcd3418f883e30a29ee465ec,F-CUT-001,.run/backend.pid,EXCLUDED_SOURCE_METADATA,regenerated after code replay,feat(test): 添加f-cut-001端到端浏览器验收测试
93,f8a83538cd033a6795770f1e1de76d8a518976de,2026-08-30T04:59:49+08:00,codex/f-cut-001-matrices,b5a49c34f64d98ccdcd3418f883e30a29ee465ec,F-CUT-001,.run/frontend.pid,EXCLUDED_SOURCE_METADATA,regenerated after code replay,feat(test): 添加f-cut-001端到端浏览器验收测试
93,f8a83538cd033a6795770f1e1de76d8a518976de,2026-08-30T04:59:49+08:00,codex/f-cut-001-matrices,b5a49c34f64d98ccdcd3418f883e30a29ee465ec,F-CUT-001,output/f-cut-001-v18/browser-current/01-complete-risk-matrix-1440.png,EXCLUDED_SOURCE_METADATA,regenerated after code replay,feat(test): 添加f-cut-001端到端浏览器验收测试
93,f8a83538cd033a6795770f1e1de76d8a518976de,2026-08-30T04:59:49+08:00,codex/f-cut-001-matrices,b5a49c34f64d98ccdcd3418f883e30a29ee465ec,F-CUT-001,output/f-cut-001-v18/browser-current/02-dual-count-rejected.png,EXCLUDED_SOURCE_METADATA,regenerated after code replay,feat(test): 添加f-cut-001端到端浏览器验收测试
93,f8a83538cd033a6795770f1e1de76d8a518976de,2026-08-30T04:59:49+08:00,codex/f-cut-001-matrices,b5a49c34f64d98ccdcd3418f883e30a29ee465ec,F-CUT-001,tests/e2e/fcut001_browser_acceptance.py,CONFLICTING_HUNKS_PENDING,rejected_hunks=0 rc=1,feat(test): 添加f-cut-001端到端浏览器验收测试
94,8ff1193db6bee7997a063ec8d7f8bfb04e05aa15,2026-08-30T05:01:49+08:00,codex/f-cut-001-matrices,5201616cd3958c9bfafe0f16412c918a3999b37f,F-CUT-001,output/f-cut-001-v18/browser-current/01-complete-risk-matrix-1440.png,EXCLUDED_SOURCE_METADATA,regenerated after code replay,fix(test): update e2e test to enable vsm item via api instead of ui
94,8ff1193db6bee7997a063ec8d7f8bfb04e05aa15,2026-08-30T05:01:49+08:00,codex/f-cut-001-matrices,5201616cd3958c9bfafe0f16412c918a3999b37f,F-CUT-001,output/f-cut-001-v18/browser-current/02-dual-count-rejected.png,EXCLUDED_SOURCE_METADATA,regenerated after code replay,fix(test): update e2e test to enable vsm item via api instead of ui
95,72ccb83f8052758e70fc585b1226403b6a825311,2026-08-30T05:15:26+08:00,codex/f-cut-001-matrices,47de6145b90d1cdb355bb84afe7610aa40e7412a,F-CUT-001,docs/traceability/requirement-matrix.md,EXCLUDED_SOURCE_METADATA,regenerated after code replay,test(cutover): 完成矩阵验收与Feature收口
95,72ccb83f8052758e70fc585b1226403b6a825311,2026-08-30T05:15:26+08:00,codex/f-cut-001-matrices,47de6145b90d1cdb355bb84afe7610aa40e7412a,F-CUT-001,docs/traceability/requirement-version-coverage.json,EXCLUDED_SOURCE_METADATA,regenerated after code replay,test(cutover): 完成矩阵验收与Feature收口
95,72ccb83f8052758e70fc585b1226403b6a825311,2026-08-30T05:15:26+08:00,codex/f-cut-001-matrices,47de6145b90d1cdb355bb84afe7610aa40e7412a,F-CUT-001,specs/features/README.md,EXCLUDED_SOURCE_METADATA,regenerated after code replay,test(cutover): 完成矩阵验收与Feature收口
95,72ccb83f8052758e70fc585b1226403b6a825311,2026-08-30T05:15:26+08:00,codex/f-cut-001-matrices,47de6145b90d1cdb355bb84afe7610aa40e7412a,F-CUT-001,tasks/features/F-CUT-001.md,EXCLUDED_SOURCE_METADATA,regenerated after code replay,test(cutover): 完成矩阵验收与Feature收口
96,76d4156ac1cf554ab508186196c4f17a845d7cec,2026-08-30T05:29:28+08:00,codex/f-cut-001-matrices,0030da3a5051432685883dddd7dfed710bba04c8,UNMAPPED,docs/traceability/phase2-contract-map.md,EXCLUDED_SOURCE_METADATA,regenerated after code replay,fix(traceability): 纠正EXE-06物理Owner契约
96,76d4156ac1cf554ab508186196c4f17a845d7cec,2026-08-30T05:29:28+08:00,codex/f-cut-001-matrices,0030da3a5051432685883dddd7dfed710bba04c8,UNMAPPED,scripts/generate_phase2_contract_map.py,APPLIED_CODE_CHANGE,clean per-commit delta,fix(traceability): 纠正EXE-06物理Owner契约
96,76d4156ac1cf554ab508186196c4f17a845d7cec,2026-08-30T05:29:28+08:00,codex/f-cut-001-matrices,0030da3a5051432685883dddd7dfed710bba04c8,UNMAPPED,scripts/validate_sds_phase3.py,APPLIED_CODE_CHANGE,clean per-commit delta,fix(traceability): 纠正EXE-06物理Owner契约
96,76d4156ac1cf554ab508186196c4f17a845d7cec,2026-08-30T05:29:28+08:00,codex/f-cut-001-matrices,0030da3a5051432685883dddd7dfed710bba04c8,F-PROJ-006,specs/features/F-PROJ-006-project-rollback-exception-close-and-reopen.md,EXCLUDED_SOURCE_METADATA,regenerated after code replay,fix(traceability): 纠正EXE-06物理Owner契约
97,7550e43487099dc56230e4928c8bf99c0a01cf1f,2026-08-30T05:35:02+08:00,codex/f-cut-001-matrices,fb7aaf488a212bdbce046994fd14049a77ab5106,F-CUT-001,docs/traceability/requirement-matrix.md,EXCLUDED_SOURCE_METADATA,regenerated after code replay,docs(cutover): 登记任务接入与就绪快照边界
97,7550e43487099dc56230e4928c8bf99c0a01cf1f,2026-08-30T05:35:02+08:00,codex/f-cut-001-matrices,fb7aaf488a212bdbce046994fd14049a77ab5106,F-CUT-001,docs/traceability/requirement-version-coverage.json,EXCLUDED_SOURCE_METADATA,regenerated after code replay,docs(cutover): 登记任务接入与就绪快照边界
97,7550e43487099dc56230e4928c8bf99c0a01cf1f,2026-08-30T05:35:02+08:00,codex/f-cut-001-matrices,fb7aaf488a212bdbce046994fd14049a77ab5106,F-CUT-002,specs/features/F-CUT-002-cutover-intake-and-manual-assessment.md,EXCLUDED_SOURCE_METADATA,regenerated after code replay,docs(cutover): 登记任务接入与就绪快照边界
97,7550e43487099dc56230e4928c8bf99c0a01cf1f,2026-08-30T05:35:02+08:00,codex/f-cut-001-matrices,fb7aaf488a212bdbce046994fd14049a77ab5106,F-IMP-001,specs/features/F-IMP-001-implementation-readiness-snapshot.md,EXCLUDED_SOURCE_METADATA,regenerated after code replay,docs(cutover): 登记任务接入与就绪快照边界
97,7550e43487099dc56230e4928c8bf99c0a01cf1f,2026-08-30T05:35:02+08:00,codex/f-cut-001-matrices,fb7aaf488a212bdbce046994fd14049a77ab5106,F-IMP-001,specs/features/F-IMP-001-physical-contract.json,EXCLUDED_SOURCE_METADATA,regenerated after code replay,docs(cutover): 登记任务接入与就绪快照边界
97,7550e43487099dc56230e4928c8bf99c0a01cf1f,2026-08-30T05:35:02+08:00,codex/f-cut-001-matrices,fb7aaf488a212bdbce046994fd14049a77ab5106,F-CUT-001,specs/features/README.md,EXCLUDED_SOURCE_METADATA,regenerated after code replay,docs(cutover): 登记任务接入与就绪快照边界
97,7550e43487099dc56230e4928c8bf99c0a01cf1f,2026-08-30T05:35:02+08:00,codex/f-cut-001-matrices,fb7aaf488a212bdbce046994fd14049a77ab5106,F-CUT-002,tasks/features/F-CUT-002.md,EXCLUDED_SOURCE_METADATA,regenerated after code replay,docs(cutover): 登记任务接入与就绪快照边界
97,7550e43487099dc56230e4928c8bf99c0a01cf1f,2026-08-30T05:35:02+08:00,codex/f-cut-001-matrices,fb7aaf488a212bdbce046994fd14049a77ab5106,F-IMP-001,tasks/features/F-IMP-001.md,EXCLUDED_SOURCE_METADATA,regenerated after code replay,docs(cutover): 登记任务接入与就绪快照边界
98,33d282e4bc4ad395f561d7bf2c7ecbac22655c19,2026-08-30T05:46:00+08:00,codex/f-cut-001-matrices,a9739545c5670252b290a49e23fceeda5fc0d48e,F-CUT-001,docs/design/08a-domain-entity-migration-alignment.md,EXCLUDED_SOURCE_METADATA,regenerated after code replay,docs(cutover): 收敛任务迁移与旧实现边界
98,33d282e4bc4ad395f561d7bf2c7ecbac22655c19,2026-08-30T05:46:00+08:00,codex/f-cut-001-matrices,a9739545c5670252b290a49e23fceeda5fc0d48e,F-CUT-002,specs/features/F-CUT-002-cutover-intake-and-manual-assessment.md,EXCLUDED_SOURCE_METADATA,regenerated after code replay,docs(cutover): 收敛任务迁移与旧实现边界
98,33d282e4bc4ad395f561d7bf2c7ecbac22655c19,2026-08-30T05:46:00+08:00,codex/f-cut-001-matrices,a9739545c5670252b290a49e23fceeda5fc0d48e,F-CUT-002,specs/features/F-CUT-002-legacy-reuse-audit.md,EXCLUDED_SOURCE_METADATA,regenerated after code replay,docs(cutover): 收敛任务迁移与旧实现边界
98,33d282e4bc4ad395f561d7bf2c7ecbac22655c19,2026-08-30T05:46:00+08:00,codex/f-cut-001-matrices,a9739545c5670252b290a49e23fceeda5fc0d48e,F-CUT-002,tasks/features/F-CUT-002.md,EXCLUDED_SOURCE_METADATA,regenerated after code replay,docs(cutover): 收敛任务迁移与旧实现边界
99,03a53732361dc08f2793293658a956a68e9b5810,2026-08-30T05:57:01+08:00,codex/f-cut-001-matrices,77e103bc0511c0866332b3060da6789994d08135,UNMAPPED,docs/design/04-module-design.md,EXCLUDED_SOURCE_METADATA,regenerated after code replay,docs(imp): 登记就绪快照Owner契约边界
99,03a53732361dc08f2793293658a956a68e9b5810,2026-08-30T05:57:01+08:00,codex/f-cut-001-matrices,77e103bc0511c0866332b3060da6789994d08135,UNMAPPED,docs/design/08-data-model.md,EXCLUDED_SOURCE_METADATA,regenerated after code replay,docs(imp): 登记就绪快照Owner契约边界
99,03a53732361dc08f2793293658a956a68e9b5810,2026-08-30T05:57:01+08:00,codex/f-cut-001-matrices,77e103bc0511c0866332b3060da6789994d08135,UNMAPPED,docs/design/09-database-design.md,EXCLUDED_SOURCE_METADATA,regenerated after code replay,docs(imp): 登记就绪快照Owner契约边界
99,03a53732361dc08f2793293658a956a68e9b5810,2026-08-30T05:57:01+08:00,codex/f-cut-001-matrices,77e103bc0511c0866332b3060da6789994d08135,UNMAPPED,docs/design/10-api-design.md,EXCLUDED_SOURCE_METADATA,regenerated after code replay,docs(imp): 登记就绪快照Owner契约边界
99,03a53732361dc08f2793293658a956a68e9b5810,2026-08-30T05:57:01+08:00,codex/f-cut-001-matrices,77e103bc0511c0866332b3060da6789994d08135,UNMAPPED,docs/design/15-cache-and-concurrency.md,EXCLUDED_SOURCE_METADATA,regenerated after code replay,docs(imp): 登记就绪快照Owner契约边界
99,03a53732361dc08f2793293658a956a68e9b5810,2026-08-30T05:57:01+08:00,codex/f-cut-001-matrices,77e103bc0511c0866332b3060da6789994d08135,UNMAPPED,docs/design/16-exception-and-idempotency.md,EXCLUDED_SOURCE_METADATA,regenerated after code replay,docs(imp): 登记就绪快照Owner契约边界
99,03a53732361dc08f2793293658a956a68e9b5810,2026-08-30T05:57:01+08:00,codex/f-cut-001-matrices,77e103bc0511c0866332b3060da6789994d08135,UNMAPPED,docs/design/17-audit-and-observability.md,EXCLUDED_SOURCE_METADATA,regenerated after code replay,docs(imp): 登记就绪快照Owner契约边界
99,03a53732361dc08f2793293658a956a68e9b5810,2026-08-30T05:57:01+08:00,codex/f-cut-001-matrices,77e103bc0511c0866332b3060da6789994d08135,UNMAPPED,docs/design/20-test-design.md,EXCLUDED_SOURCE_METADATA,regenerated after code replay,docs(imp): 登记就绪快照Owner契约边界
99,03a53732361dc08f2793293658a956a68e9b5810,2026-08-30T05:57:01+08:00,codex/f-cut-001-matrices,77e103bc0511c0866332b3060da6789994d08135,UNMAPPED,docs/traceability/requirement-matrix.md,EXCLUDED_SOURCE_METADATA,regenerated after code replay,docs(imp): 登记就绪快照Owner契约边界
99,03a53732361dc08f2793293658a956a68e9b5810,2026-08-30T05:57:01+08:00,codex/f-cut-001-matrices,77e103bc0511c0866332b3060da6789994d08135,UNMAPPED,docs/traceability/requirement-version-coverage.json,EXCLUDED_SOURCE_METADATA,regenerated after code replay,docs(imp): 登记就绪快照Owner契约边界
99,03a53732361dc08f2793293658a956a68e9b5810,2026-08-30T05:57:01+08:00,codex/f-cut-001-matrices,77e103bc0511c0866332b3060da6789994d08135,F-AST-002,specs/features/F-AST-002-device-scope-fact-contract.md,EXCLUDED_SOURCE_METADATA,regenerated after code replay,docs(imp): 登记就绪快照Owner契约边界
99,03a53732361dc08f2793293658a956a68e9b5810,2026-08-30T05:57:01+08:00,codex/f-cut-001-matrices,77e103bc0511c0866332b3060da6789994d08135,F-CUT-002,specs/features/F-CUT-002-cutover-intake-and-manual-assessment.md,EXCLUDED_SOURCE_METADATA,regenerated after code replay,docs(imp): 登记就绪快照Owner契约边界
99,03a53732361dc08f2793293658a956a68e9b5810,2026-08-30T05:57:01+08:00,codex/f-cut-001-matrices,77e103bc0511c0866332b3060da6789994d08135,F-IMP-001,specs/features/F-IMP-001-implementation-readiness-snapshot.md,EXCLUDED_SOURCE_METADATA,regenerated after code replay,docs(imp): 登记就绪快照Owner契约边界
99,03a53732361dc08f2793293658a956a68e9b5810,2026-08-30T05:57:01+08:00,codex/f-cut-001-matrices,77e103bc0511c0866332b3060da6789994d08135,F-IMP-001,specs/features/F-IMP-001-physical-contract.json,EXCLUDED_SOURCE_METADATA,regenerated after code replay,docs(imp): 登记就绪快照Owner契约边界
99,03a53732361dc08f2793293658a956a68e9b5810,2026-08-30T05:57:01+08:00,codex/f-cut-001-matrices,77e103bc0511c0866332b3060da6789994d08135,F-IMP-002,specs/features/F-IMP-002-arrival-acceptance.md,EXCLUDED_SOURCE_METADATA,regenerated after code replay,docs(imp): 登记就绪快照Owner契约边界
99,03a53732361dc08f2793293658a956a68e9b5810,2026-08-30T05:57:01+08:00,codex/f-cut-001-matrices,77e103bc0511c0866332b3060da6789994d08135,F-IMP-003,specs/features/F-IMP-003-hardware-installation-record.md,EXCLUDED_SOURCE_METADATA,regenerated after code replay,docs(imp): 登记就绪快照Owner契约边界
99,03a53732361dc08f2793293658a956a68e9b5810,2026-08-30T05:57:01+08:00,codex/f-cut-001-matrices,77e103bc0511c0866332b3060da6789994d08135,F-IMP-004,specs/features/F-IMP-004-configuration-log-collection.md,EXCLUDED_SOURCE_METADATA,regenerated after code replay,docs(imp): 登记就绪快照Owner契约边界
99,03a53732361dc08f2793293658a956a68e9b5810,2026-08-30T05:57:01+08:00,codex/f-cut-001-matrices,77e103bc0511c0866332b3060da6789994d08135,F-IMP-005,specs/features/F-IMP-005-joint-debugging-configuration.md,EXCLUDED_SOURCE_METADATA,regenerated after code replay,docs(imp): 登记就绪快照Owner契约边界
99,03a53732361dc08f2793293658a956a68e9b5810,2026-08-30T05:57:01+08:00,codex/f-cut-001-matrices,77e103bc0511c0866332b3060da6789994d08135,UNMAPPED,specs/features/README.md,EXCLUDED_SOURCE_METADATA,regenerated after code replay,docs(imp): 登记就绪快照Owner契约边界
99,03a53732361dc08f2793293658a956a68e9b5810,2026-08-30T05:57:01+08:00,codex/f-cut-001-matrices,77e103bc0511c0866332b3060da6789994d08135,F-AST-002,tasks/features/F-AST-002.md,EXCLUDED_SOURCE_METADATA,regenerated after code replay,docs(imp): 登记就绪快照Owner契约边界
99,03a53732361dc08f2793293658a956a68e9b5810,2026-08-30T05:57:01+08:00,codex/f-cut-001-matrices,77e103bc0511c0866332b3060da6789994d08135,F-CUT-002,tasks/features/F-CUT-002.md,EXCLUDED_SOURCE_METADATA,regenerated after code replay,docs(imp): 登记就绪快照Owner契约边界
99,03a53732361dc08f2793293658a956a68e9b5810,2026-08-30T05:57:01+08:00,codex/f-cut-001-matrices,77e103bc0511c0866332b3060da6789994d08135,F-IMP-001,tasks/features/F-IMP-001.md,EXCLUDED_SOURCE_METADATA,regenerated after code replay,docs(imp): 登记就绪快照Owner契约边界
99,03a53732361dc08f2793293658a956a68e9b5810,2026-08-30T05:57:01+08:00,codex/f-cut-001-matrices,77e103bc0511c0866332b3060da6789994d08135,F-IMP-002,tasks/features/F-IMP-002.md,EXCLUDED_SOURCE_METADATA,regenerated after code replay,docs(imp): 登记就绪快照Owner契约边界
99,03a53732361dc08f2793293658a956a68e9b5810,2026-08-30T05:57:01+08:00,codex/f-cut-001-matrices,77e103bc0511c0866332b3060da6789994d08135,F-IMP-003,tasks/features/F-IMP-003.md,EXCLUDED_SOURCE_METADATA,regenerated after code replay,docs(imp): 登记就绪快照Owner契约边界
99,03a53732361dc08f2793293658a956a68e9b5810,2026-08-30T05:57:01+08:00,codex/f-cut-001-matrices,77e103bc0511c0866332b3060da6789994d08135,F-IMP-004,tasks/features/F-IMP-004.md,EXCLUDED_SOURCE_METADATA,regenerated after code replay,docs(imp): 登记就绪快照Owner契约边界
99,03a53732361dc08f2793293658a956a68e9b5810,2026-08-30T05:57:01+08:00,codex/f-cut-001-matrices,77e103bc0511c0866332b3060da6789994d08135,F-IMP-005,tasks/features/F-IMP-005.md,EXCLUDED_SOURCE_METADATA,regenerated after code replay,docs(imp): 登记就绪快照Owner契约边界
100,3a27eeffb1f081a0a70842b6326b66d90b9c95cf,2026-08-30T06:07:47+08:00,codex/f-acc-001-sds,0b7f0c1f00664544c08b1986b1416749f3407feb,F-ACC-001,docs/engineering/evidence/f-acc-001-browser-evidence.json,EXCLUDED_SOURCE_METADATA,regenerated after code replay,fix(acceptance): 收口正式验收迁移与调度
100,3a27eeffb1f081a0a70842b6326b66d90b9c95cf,2026-08-30T06:07:47+08:00,codex/f-acc-001-sds,0b7f0c1f00664544c08b1986b1416749f3407feb,F-ACC-001,docs/engineering/evidence/f-acc-001-browser/01-facc001-report-history.png,EXCLUDED_SOURCE_METADATA,regenerated after code replay,fix(acceptance): 收口正式验收迁移与调度
100,3a27eeffb1f081a0a70842b6326b66d90b9c95cf,2026-08-30T06:07:47+08:00,codex/f-acc-001-sds,0b7f0c1f00664544c08b1986b1416749f3407feb,F-ACC-001,docs/superpowers/plans/2026-08-30-f-acc-001-acceptance-report-version-deliverable-sync.md,EXCLUDED_SOURCE_METADATA,regenerated after code replay,fix(acceptance): 收口正式验收迁移与调度
100,3a27eeffb1f081a0a70842b6326b66d90b9c95cf,2026-08-30T06:07:47+08:00,codex/f-acc-001-sds,0b7f0c1f00664544c08b1986b1416749f3407feb,UNMAPPED,docs/traceability/requirement-matrix.md,EXCLUDED_SOURCE_METADATA,regenerated after code replay,fix(acceptance): 收口正式验收迁移与调度
100,3a27eeffb1f081a0a70842b6326b66d90b9c95cf,2026-08-30T06:07:47+08:00,codex/f-acc-001-sds,0b7f0c1f00664544c08b1986b1416749f3407feb,UNMAPPED,docs/traceability/requirement-version-coverage.json,EXCLUDED_SOURCE_METADATA,regenerated after code replay,fix(acceptance): 收口正式验收迁移与调度
100,3a27eeffb1f081a0a70842b6326b66d90b9c95cf,2026-08-30T06:07:47+08:00,codex/f-acc-001-sds,0b7f0c1f00664544c08b1986b1416749f3407feb,UNMAPPED,pms-module-project/src/test/java/cn/iocoder/yudao/module/pms/project/migration/Facc001MigrationContractTest.java,CONFLICTING_HUNKS_PENDING,rejected_hunks=1 rc=1,fix(acceptance): 收口正式验收迁移与调度
100,3a27eeffb1f081a0a70842b6326b66d90b9c95cf,2026-08-30T06:07:47+08:00,codex/f-acc-001-sds,0b7f0c1f00664544c08b1986b1416749f3407feb,UNMAPPED,scripts/tests/run_facc001_browser_acceptance.cjs,CONFLICTING_HUNKS_PENDING,rejected_hunks=1 rc=1,fix(acceptance): 收口正式验收迁移与调度
100,3a27eeffb1f081a0a70842b6326b66d90b9c95cf,2026-08-30T06:07:47+08:00,codex/f-acc-001-sds,0b7f0c1f00664544c08b1986b1416749f3407feb,UNMAPPED,sql/migrations/V129__facc001_acceptance_role_menu_ancestor_fix.sql,APPLIED_CODE_CHANGE,clean per-commit delta,fix(acceptance): 收口正式验收迁移与调度
100,3a27eeffb1f081a0a70842b6326b66d90b9c95cf,2026-08-30T06:07:47+08:00,codex/f-acc-001-sds,0b7f0c1f00664544c08b1986b1416749f3407feb,UNMAPPED,sql/migrations/V130__facc001_acceptance_activity_contract_identity_fix.sql,APPLIED_CODE_CHANGE,clean per-commit delta,fix(acceptance): 收口正式验收迁移与调度
100,3a27eeffb1f081a0a70842b6326b66d90b9c95cf,2026-08-30T06:07:47+08:00,codex/f-acc-001-sds,0b7f0c1f00664544c08b1986b1416749f3407feb,UNMAPPED,sql/migrations/V131__facc001_acceptance_report_jobs.sql,APPLIED_CODE_CHANGE,clean per-commit delta,fix(acceptance): 收口正式验收迁移与调度
100,3a27eeffb1f081a0a70842b6326b66d90b9c95cf,2026-08-30T06:07:47+08:00,codex/f-acc-001-sds,0b7f0c1f00664544c08b1986b1416749f3407feb,F-ACC-001,tasks/features/F-ACC-001.md,EXCLUDED_SOURCE_METADATA,regenerated after code replay,fix(acceptance): 收口正式验收迁移与调度
101,e55f6ae6f3d8cf4608f2374e32623de0ddff7aef,2026-08-30T06:15:44+08:00,codex/f-cut-001-matrices,b1b3a095ab7d80f7293c5c1b9f07f7e61b6d15e3,F-IMP-002,docs/design/02d-cross-context-contracts.md,EXCLUDED_SOURCE_METADATA,regenerated after code replay,docs(imp): 收敛到货签收Feature Ready输入
101,e55f6ae6f3d8cf4608f2374e32623de0ddff7aef,2026-08-30T06:15:44+08:00,codex/f-cut-001-matrices,b1b3a095ab7d80f7293c5c1b9f07f7e61b6d15e3,F-IMP-002,docs/design/08-data-model.md,EXCLUDED_SOURCE_METADATA,regenerated after code replay,docs(imp): 收敛到货签收Feature Ready输入
101,e55f6ae6f3d8cf4608f2374e32623de0ddff7aef,2026-08-30T06:15:44+08:00,codex/f-cut-001-matrices,b1b3a095ab7d80f7293c5c1b9f07f7e61b6d15e3,F-IMP-002,docs/design/08a-domain-entity-migration-alignment.md,EXCLUDED_SOURCE_METADATA,regenerated after code replay,docs(imp): 收敛到货签收Feature Ready输入
101,e55f6ae6f3d8cf4608f2374e32623de0ddff7aef,2026-08-30T06:15:44+08:00,codex/f-cut-001-matrices,b1b3a095ab7d80f7293c5c1b9f07f7e61b6d15e3,F-IMP-002,docs/design/09-database-design.md,EXCLUDED_SOURCE_METADATA,regenerated after code replay,docs(imp): 收敛到货签收Feature Ready输入
101,e55f6ae6f3d8cf4608f2374e32623de0ddff7aef,2026-08-30T06:15:44+08:00,codex/f-cut-001-matrices,b1b3a095ab7d80f7293c5c1b9f07f7e61b6d15e3,F-IMP-002,docs/design/10-api-design.md,EXCLUDED_SOURCE_METADATA,regenerated after code replay,docs(imp): 收敛到货签收Feature Ready输入
101,e55f6ae6f3d8cf4608f2374e32623de0ddff7aef,2026-08-30T06:15:44+08:00,codex/f-cut-001-matrices,b1b3a095ab7d80f7293c5c1b9f07f7e61b6d15e3,F-IMP-002,docs/traceability/domain-entity-migration-contract.md,EXCLUDED_SOURCE_METADATA,regenerated after code replay,docs(imp): 收敛到货签收Feature Ready输入
101,e55f6ae6f3d8cf4608f2374e32623de0ddff7aef,2026-08-30T06:15:44+08:00,codex/f-cut-001-matrices,b1b3a095ab7d80f7293c5c1b9f07f7e61b6d15e3,F-IMP-002,docs/traceability/requirement-matrix.md,EXCLUDED_SOURCE_METADATA,regenerated after code replay,docs(imp): 收敛到货签收Feature Ready输入
101,e55f6ae6f3d8cf4608f2374e32623de0ddff7aef,2026-08-30T06:15:44+08:00,codex/f-cut-001-matrices,b1b3a095ab7d80f7293c5c1b9f07f7e61b6d15e3,F-IMP-002,docs/traceability/requirement-version-coverage.json,EXCLUDED_SOURCE_METADATA,regenerated after code replay,docs(imp): 收敛到货签收Feature Ready输入
101,e55f6ae6f3d8cf4608f2374e32623de0ddff7aef,2026-08-30T06:15:44+08:00,codex/f-cut-001-matrices,b1b3a095ab7d80f7293c5c1b9f07f7e61b6d15e3,F-CUT-002,specs/features/F-CUT-002-cutover-intake-and-manual-assessment.md,EXCLUDED_SOURCE_METADATA,regenerated after code replay,docs(imp): 收敛到货签收Feature Ready输入
101,e55f6ae6f3d8cf4608f2374e32623de0ddff7aef,2026-08-30T06:15:44+08:00,codex/f-cut-001-matrices,b1b3a095ab7d80f7293c5c1b9f07f7e61b6d15e3,F-IMP-001,specs/features/F-IMP-001-ast-device-scope-support-audit.md,EXCLUDED_SOURCE_METADATA,regenerated after code replay,docs(imp): 收敛到货签收Feature Ready输入
101,e55f6ae6f3d8cf4608f2374e32623de0ddff7aef,2026-08-30T06:15:44+08:00,codex/f-cut-001-matrices,b1b3a095ab7d80f7293c5c1b9f07f7e61b6d15e3,F-IMP-001,specs/features/F-IMP-001-implementation-readiness-snapshot.md,EXCLUDED_SOURCE_METADATA,regenerated after code replay,docs(imp): 收敛到货签收Feature Ready输入
101,e55f6ae6f3d8cf4608f2374e32623de0ddff7aef,2026-08-30T06:15:44+08:00,codex/f-cut-001-matrices,b1b3a095ab7d80f7293c5c1b9f07f7e61b6d15e3,F-IMP-002,specs/features/F-IMP-002-arrival-acceptance.md,EXCLUDED_SOURCE_METADATA,regenerated after code replay,docs(imp): 收敛到货签收Feature Ready输入
101,e55f6ae6f3d8cf4608f2374e32623de0ddff7aef,2026-08-30T06:15:44+08:00,codex/f-cut-001-matrices,b1b3a095ab7d80f7293c5c1b9f07f7e61b6d15e3,F-IMP-002,specs/features/F-IMP-002-arrival-fact-contract.json,EXCLUDED_SOURCE_METADATA,regenerated after code replay,docs(imp): 收敛到货签收Feature Ready输入
101,e55f6ae6f3d8cf4608f2374e32623de0ddff7aef,2026-08-30T06:15:44+08:00,codex/f-cut-001-matrices,b1b3a095ab7d80f7293c5c1b9f07f7e61b6d15e3,F-IMP-002,specs/features/F-IMP-002-legacy-reuse-audit.md,EXCLUDED_SOURCE_METADATA,regenerated after code replay,docs(imp): 收敛到货签收Feature Ready输入
101,e55f6ae6f3d8cf4608f2374e32623de0ddff7aef,2026-08-30T06:15:44+08:00,codex/f-cut-001-matrices,b1b3a095ab7d80f7293c5c1b9f07f7e61b6d15e3,F-IMP-002,specs/features/F-IMP-002-physical-contract.json,EXCLUDED_SOURCE_METADATA,regenerated after code replay,docs(imp): 收敛到货签收Feature Ready输入
101,e55f6ae6f3d8cf4608f2374e32623de0ddff7aef,2026-08-30T06:15:44+08:00,codex/f-cut-001-matrices,b1b3a095ab7d80f7293c5c1b9f07f7e61b6d15e3,F-IMP-003,specs/features/F-IMP-003-hardware-installation-record.md,EXCLUDED_SOURCE_METADATA,regenerated after code replay,docs(imp): 收敛到货签收Feature Ready输入
101,e55f6ae6f3d8cf4608f2374e32623de0ddff7aef,2026-08-30T06:15:44+08:00,codex/f-cut-001-matrices,b1b3a095ab7d80f7293c5c1b9f07f7e61b6d15e3,F-IMP-002,specs/features/README.md,EXCLUDED_SOURCE_METADATA,regenerated after code replay,docs(imp): 收敛到货签收Feature Ready输入
101,e55f6ae6f3d8cf4608f2374e32623de0ddff7aef,2026-08-30T06:15:44+08:00,codex/f-cut-001-matrices,b1b3a095ab7d80f7293c5c1b9f07f7e61b6d15e3,F-AST-002,tasks/features/F-AST-002.md,EXCLUDED_SOURCE_METADATA,regenerated after code replay,docs(imp): 收敛到货签收Feature Ready输入
101,e55f6ae6f3d8cf4608f2374e32623de0ddff7aef,2026-08-30T06:15:44+08:00,codex/f-cut-001-matrices,b1b3a095ab7d80f7293c5c1b9f07f7e61b6d15e3,F-CUT-002,tasks/features/F-CUT-002.md,EXCLUDED_SOURCE_METADATA,regenerated after code replay,docs(imp): 收敛到货签收Feature Ready输入
101,e55f6ae6f3d8cf4608f2374e32623de0ddff7aef,2026-08-30T06:15:44+08:00,codex/f-cut-001-matrices,b1b3a095ab7d80f7293c5c1b9f07f7e61b6d15e3,F-IMP-001,tasks/features/F-IMP-001.md,EXCLUDED_SOURCE_METADATA,regenerated after code replay,docs(imp): 收敛到货签收Feature Ready输入
101,e55f6ae6f3d8cf4608f2374e32623de0ddff7aef,2026-08-30T06:15:44+08:00,codex/f-cut-001-matrices,b1b3a095ab7d80f7293c5c1b9f07f7e61b6d15e3,F-IMP-002,tasks/features/F-IMP-002.md,EXCLUDED_SOURCE_METADATA,regenerated after code replay,docs(imp): 收敛到货签收Feature Ready输入
102,fdd4537b912bfd9753b8cb18a2e7dd28c90cd91d,2026-08-30T06:28:46+08:00,codex/f-cut-001-matrices,d4fe20ad69c090fcfc1ecb68769d68aa9217d8c1,UNMAPPED,docs/design/02d-cross-context-contracts.md,EXCLUDED_SOURCE_METADATA,regenerated after code replay,docs(imp): 闭合签收证据与状态契约
102,fdd4537b912bfd9753b8cb18a2e7dd28c90cd91d,2026-08-30T06:28:46+08:00,codex/f-cut-001-matrices,d4fe20ad69c090fcfc1ecb68769d68aa9217d8c1,UNMAPPED,docs/design/05-state-machine.md,EXCLUDED_SOURCE_METADATA,regenerated after code replay,docs(imp): 闭合签收证据与状态契约
102,fdd4537b912bfd9753b8cb18a2e7dd28c90cd91d,2026-08-30T06:28:46+08:00,codex/f-cut-001-matrices,d4fe20ad69c090fcfc1ecb68769d68aa9217d8c1,UNMAPPED,docs/design/08a-domain-entity-migration-alignment.md,EXCLUDED_SOURCE_METADATA,regenerated after code replay,docs(imp): 闭合签收证据与状态契约
102,fdd4537b912bfd9753b8cb18a2e7dd28c90cd91d,2026-08-30T06:28:46+08:00,codex/f-cut-001-matrices,d4fe20ad69c090fcfc1ecb68769d68aa9217d8c1,UNMAPPED,docs/design/09-database-design.md,EXCLUDED_SOURCE_METADATA,regenerated after code replay,docs(imp): 闭合签收证据与状态契约
102,fdd4537b912bfd9753b8cb18a2e7dd28c90cd91d,2026-08-30T06:28:46+08:00,codex/f-cut-001-matrices,d4fe20ad69c090fcfc1ecb68769d68aa9217d8c1,UNMAPPED,docs/design/10-api-design.md,EXCLUDED_SOURCE_METADATA,regenerated after code replay,docs(imp): 闭合签收证据与状态契约
102,fdd4537b912bfd9753b8cb18a2e7dd28c90cd91d,2026-08-30T06:28:46+08:00,codex/f-cut-001-matrices,d4fe20ad69c090fcfc1ecb68769d68aa9217d8c1,UNMAPPED,docs/design/11-event-design.md,EXCLUDED_SOURCE_METADATA,regenerated after code replay,docs(imp): 闭合签收证据与状态契约
102,fdd4537b912bfd9753b8cb18a2e7dd28c90cd91d,2026-08-30T06:28:46+08:00,codex/f-cut-001-matrices,d4fe20ad69c090fcfc1ecb68769d68aa9217d8c1,UNMAPPED,docs/traceability/domain-entity-migration-contract.json,EXCLUDED_SOURCE_METADATA,regenerated after code replay,docs(imp): 闭合签收证据与状态契约
102,fdd4537b912bfd9753b8cb18a2e7dd28c90cd91d,2026-08-30T06:28:46+08:00,codex/f-cut-001-matrices,d4fe20ad69c090fcfc1ecb68769d68aa9217d8c1,UNMAPPED,docs/traceability/domain-entity-migration-contract.md,EXCLUDED_SOURCE_METADATA,regenerated after code replay,docs(imp): 闭合签收证据与状态契约
102,fdd4537b912bfd9753b8cb18a2e7dd28c90cd91d,2026-08-30T06:28:46+08:00,codex/f-cut-001-matrices,d4fe20ad69c090fcfc1ecb68769d68aa9217d8c1,UNMAPPED,scripts/generate_domain_entity_migration_contract.py,APPLIED_NON_CONFLICTING_HUNKS,rejected_hunks=1 rc=1,docs(imp): 闭合签收证据与状态契约
102,fdd4537b912bfd9753b8cb18a2e7dd28c90cd91d,2026-08-30T06:28:46+08:00,codex/f-cut-001-matrices,d4fe20ad69c090fcfc1ecb68769d68aa9217d8c1,F-IMP-002,specs/features/F-IMP-002-arrival-acceptance.md,EXCLUDED_SOURCE_METADATA,regenerated after code replay,docs(imp): 闭合签收证据与状态契约
102,fdd4537b912bfd9753b8cb18a2e7dd28c90cd91d,2026-08-30T06:28:46+08:00,codex/f-cut-001-matrices,d4fe20ad69c090fcfc1ecb68769d68aa9217d8c1,F-IMP-002,specs/features/F-IMP-002-physical-contract.json,EXCLUDED_SOURCE_METADATA,regenerated after code replay,docs(imp): 闭合签收证据与状态契约
102,fdd4537b912bfd9753b8cb18a2e7dd28c90cd91d,2026-08-30T06:28:46+08:00,codex/f-cut-001-matrices,d4fe20ad69c090fcfc1ecb68769d68aa9217d8c1,F-IMP-002,tasks/features/F-IMP-002.md,EXCLUDED_SOURCE_METADATA,regenerated after code replay,docs(imp): 闭合签收证据与状态契约
103,4b5a2ac96aa92be766412a3c8fefb5e338206b97,2026-08-30T06:33:42+08:00,codex/f-cut-001-matrices,2a629c010ff8438a8fed3a647595b0472cdc65da,UNMAPPED,docs/design/02d-cross-context-contracts.md,EXCLUDED_SOURCE_METADATA,regenerated after code replay,docs(imp): 补齐归档回执超时重试路径
103,4b5a2ac96aa92be766412a3c8fefb5e338206b97,2026-08-30T06:33:42+08:00,codex/f-cut-001-matrices,2a629c010ff8438a8fed3a647595b0472cdc65da,UNMAPPED,docs/design/05-state-machine.md,EXCLUDED_SOURCE_METADATA,regenerated after code replay,docs(imp): 补齐归档回执超时重试路径
103,4b5a2ac96aa92be766412a3c8fefb5e338206b97,2026-08-30T06:33:42+08:00,codex/f-cut-001-matrices,2a629c010ff8438a8fed3a647595b0472cdc65da,UNMAPPED,docs/design/11-event-design.md,EXCLUDED_SOURCE_METADATA,regenerated after code replay,docs(imp): 补齐归档回执超时重试路径
103,4b5a2ac96aa92be766412a3c8fefb5e338206b97,2026-08-30T06:33:42+08:00,codex/f-cut-001-matrices,2a629c010ff8438a8fed3a647595b0472cdc65da,F-IMP-002,specs/features/F-IMP-002-arrival-acceptance.md,EXCLUDED_SOURCE_METADATA,regenerated after code replay,docs(imp): 补齐归档回执超时重试路径
103,4b5a2ac96aa92be766412a3c8fefb5e338206b97,2026-08-30T06:33:42+08:00,codex/f-cut-001-matrices,2a629c010ff8438a8fed3a647595b0472cdc65da,F-IMP-002,specs/features/F-IMP-002-physical-contract.json,EXCLUDED_SOURCE_METADATA,regenerated after code replay,docs(imp): 补齐归档回执超时重试路径
104,6c18f794cfb440a7a3efed638f5ce6a09871a002,2026-08-30T06:37:55+08:00,codex/f-cut-001-matrices,65f938347ab47330da7cb5bbfd69f8e3de4e7ac9,F-IMP-002,specs/features/F-IMP-002-arrival-fact-contract.json,EXCLUDED_SOURCE_METADATA,regenerated after code replay,docs(imp): 晋级到货签收Feature Ready
104,6c18f794cfb440a7a3efed638f5ce6a09871a002,2026-08-30T06:37:55+08:00,codex/f-cut-001-matrices,65f938347ab47330da7cb5bbfd69f8e3de4e7ac9,F-IMP-002,specs/features/F-IMP-002-physical-contract.json,EXCLUDED_SOURCE_METADATA,regenerated after code replay,docs(imp): 晋级到货签收Feature Ready
104,6c18f794cfb440a7a3efed638f5ce6a09871a002,2026-08-30T06:37:55+08:00,codex/f-cut-001-matrices,65f938347ab47330da7cb5bbfd69f8e3de4e7ac9,F-IMP-002,specs/features/README.md,EXCLUDED_SOURCE_METADATA,regenerated after code replay,docs(imp): 晋级到货签收Feature Ready
104,6c18f794cfb440a7a3efed638f5ce6a09871a002,2026-08-30T06:37:55+08:00,codex/f-cut-001-matrices,65f938347ab47330da7cb5bbfd69f8e3de4e7ac9,F-IMP-001,tasks/features/F-IMP-001.md,EXCLUDED_SOURCE_METADATA,regenerated after code replay,docs(imp): 晋级到货签收Feature Ready
104,6c18f794cfb440a7a3efed638f5ce6a09871a002,2026-08-30T06:37:55+08:00,codex/f-cut-001-matrices,65f938347ab47330da7cb5bbfd69f8e3de4e7ac9,F-IMP-002,tasks/features/F-IMP-002.md,EXCLUDED_SOURCE_METADATA,regenerated after code replay,docs(imp): 晋级到货签收Feature Ready
105,e0b44970c82c6992089e706f4f97bd418090e73b,2026-08-30T06:43:15+08:00,codex/f-cut-001-matrices,0782cc1a722f065285adf24e9fe3d8a195b2b12b,F-IMP-002,docs/superpowers/plans/2026-08-30-f-imp-002-arrival-acceptance.md,EXCLUDED_SOURCE_METADATA,regenerated after code replay,docs(imp): 生成到货签收Technical Plan
105,e0b44970c82c6992089e706f4f97bd418090e73b,2026-08-30T06:43:15+08:00,codex/f-cut-001-matrices,0782cc1a722f065285adf24e9fe3d8a195b2b12b,F-IMP-002,specs/features/F-IMP-002-arrival-acceptance.md,EXCLUDED_SOURCE_METADATA,regenerated after code replay,docs(imp): 生成到货签收Technical Plan
105,e0b44970c82c6992089e706f4f97bd418090e73b,2026-08-30T06:43:15+08:00,codex/f-cut-001-matrices,0782cc1a722f065285adf24e9fe3d8a195b2b12b,F-IMP-002,tasks/features/F-IMP-002.md,EXCLUDED_SOURCE_METADATA,regenerated after code replay,docs(imp): 生成到货签收Technical Plan
106,41a71649420edb7034b31b503eff8a6906c4d08d,2026-08-30T06:56:50+08:00,codex/f-acc-001-sds,81bc7d116a1a6d5afd24939dc091c868b16dafed,F-ACC-001,docs/engineering/evidence/f-acc-001-browser-evidence.json,EXCLUDED_SOURCE_METADATA,regenerated after code replay,fix(acceptance): 闭合归档补偿与正式验收证据
106,41a71649420edb7034b31b503eff8a6906c4d08d,2026-08-30T06:56:50+08:00,codex/f-acc-001-sds,81bc7d116a1a6d5afd24939dc091c868b16dafed,F-ACC-001,docs/engineering/evidence/f-acc-001-browser/01-facc001-report-history.png,EXCLUDED_SOURCE_METADATA,regenerated after code replay,fix(acceptance): 闭合归档补偿与正式验收证据
106,41a71649420edb7034b31b503eff8a6906c4d08d,2026-08-30T06:56:50+08:00,codex/f-acc-001-sds,81bc7d116a1a6d5afd24939dc091c868b16dafed,F-ACC-001,pms-module-project/src/main/resources/mapper/acceptancereport/ProjectDeliverableSourceVersionMapper.xml,CONFLICTING_HUNKS_PENDING,rejected_hunks=1 rc=1,fix(acceptance): 闭合归档补偿与正式验收证据
106,41a71649420edb7034b31b503eff8a6906c4d08d,2026-08-30T06:56:50+08:00,codex/f-acc-001-sds,81bc7d116a1a6d5afd24939dc091c868b16dafed,UNMAPPED,pms-module-project/src/test/java/cn/iocoder/yudao/module/pms/project/migration/Facc001MigrationContractTest.java,CONFLICTING_HUNKS_PENDING,rejected_hunks=1 rc=1,fix(acceptance): 闭合归档补偿与正式验收证据
106,41a71649420edb7034b31b503eff8a6906c4d08d,2026-08-30T06:56:50+08:00,codex/f-acc-001-sds,81bc7d116a1a6d5afd24939dc091c868b16dafed,UNMAPPED,scripts/tests/run_facc001_browser_acceptance.cjs,CONFLICTING_HUNKS_PENDING,rejected_hunks=1 rc=1,fix(acceptance): 闭合归档补偿与正式验收证据
106,41a71649420edb7034b31b503eff8a6906c4d08d,2026-08-30T06:56:50+08:00,codex/f-acc-001-sds,81bc7d116a1a6d5afd24939dc091c868b16dafed,UNMAPPED,sql/migrations/V132__facc001_acceptance_project_query_permission.sql,APPLIED_CODE_CHANGE,clean per-commit delta,fix(acceptance): 闭合归档补偿与正式验收证据
106,41a71649420edb7034b31b503eff8a6906c4d08d,2026-08-30T06:56:50+08:00,codex/f-acc-001-sds,81bc7d116a1a6d5afd24939dc091c868b16dafed,F-ACC-001,tasks/features/F-ACC-001.md,EXCLUDED_SOURCE_METADATA,regenerated after code replay,fix(acceptance): 闭合归档补偿与正式验收证据
107,5805db7f4b2bdadd39f158864267ed507f2d3f10,2026-08-30T06:58:13+08:00,codex/f-cut-001-matrices,260b656996a70241b4f13bbf404066bca1bd0dac,F-IMP-002,docs/superpowers/plans/2026-08-30-f-imp-002-arrival-acceptance.md,EXCLUDED_SOURCE_METADATA,regenerated after code replay,docs(imp): 闭合到货签收计划执行路径
107,5805db7f4b2bdadd39f158864267ed507f2d3f10,2026-08-30T06:58:13+08:00,codex/f-cut-001-matrices,260b656996a70241b4f13bbf404066bca1bd0dac,F-IMP-002,tasks/features/F-IMP-002.md,EXCLUDED_SOURCE_METADATA,regenerated after code replay,docs(imp): 闭合到货签收计划执行路径
108,e0184ac4f6f17da364e2d43738be909e03853edf,2026-08-30T07:02:04+08:00,codex/f-cut-001-matrices,3aef3e9d5d908c3a23e9068a4aa5cb3a24f5e9a7,F-IMP-002,tasks/features/F-IMP-002.md,EXCLUDED_SOURCE_METADATA,regenerated after code replay,docs(imp): 锁定应到范围生产依赖
109,e8d7728832013b37690bb7f6d6eb2ece6cedeca6,2026-08-30T07:03:52+08:00,codex/f-cut-001-matrices,b402a23aa59034ea06d64a20ccf50b1a511c124e,F-IMP-002,specs/features/F-IMP-002-arrival-acceptance.md,EXCLUDED_SOURCE_METADATA,regenerated after code replay,docs(imp): 通过到货签收Technical Plan Gate
109,e8d7728832013b37690bb7f6d6eb2ece6cedeca6,2026-08-30T07:03:52+08:00,codex/f-cut-001-matrices,b402a23aa59034ea06d64a20ccf50b1a511c124e,F-IMP-002,tasks/features/F-IMP-002.md,EXCLUDED_SOURCE_METADATA,regenerated after code replay,docs(imp): 通过到货签收Technical Plan Gate
110,d5d8e978170bedd36a86de5f29696b5304bddc39,2026-08-30T07:09:59+08:00,codex/f-cut-001-matrices,f27bcaab6096dbc0f9cb552e1801e806497f5e48,F-IMP-002,tasks/features/F-IMP-002.md,EXCLUDED_SOURCE_METADATA,regenerated after code replay,feat(engineering): 新增到货签收事实契约
111,fea30001c9872a8a94185add4291d1a3d3f75fb8,2026-08-30T07:10:25+08:00,codex/f-acc-001-sds,15acc94d88207fd9ac085d6f52e7a62c96979286,F-ACC-001,docs/engineering/evidence/f-acc-001-browser-evidence.json,EXCLUDED_SOURCE_METADATA,regenerated after code replay,test(acceptance): 补齐跨范围下载验收证据
111,fea30001c9872a8a94185add4291d1a3d3f75fb8,2026-08-30T07:10:25+08:00,codex/f-acc-001-sds,15acc94d88207fd9ac085d6f52e7a62c96979286,F-ACC-001,docs/engineering/evidence/f-acc-001-browser/01-facc001-report-history.png,EXCLUDED_SOURCE_METADATA,regenerated after code replay,test(acceptance): 补齐跨范围下载验收证据
111,fea30001c9872a8a94185add4291d1a3d3f75fb8,2026-08-30T07:10:25+08:00,codex/f-acc-001-sds,15acc94d88207fd9ac085d6f52e7a62c96979286,UNMAPPED,scripts/tests/run_facc001_browser_acceptance.cjs,CONFLICTING_HUNKS_PENDING,rejected_hunks=1 rc=1,test(acceptance): 补齐跨范围下载验收证据
112,54383436951d4afa0a8b884b4718406e774ee619,2026-08-30T07:14:48+08:00,codex/f-cut-001-matrices,fb650f9cc3189619e26332bd8b21dde232070279,F-ACC-001,pms-module-engineering/src/main/java/cn/iocoder/yudao/module/pms/engineering/service/arrivalacceptance/adapter/FileArtifactApiAdapter.java,APPLIED_ADD_ADD,current-semantic-superset,feat(engineering): 接入到货签收项目与文件事实
112,54383436951d4afa0a8b884b4718406e774ee619,2026-08-30T07:14:48+08:00,codex/f-cut-001-matrices,fb650f9cc3189619e26332bd8b21dde232070279,F-ACC-001,pms-module-engineering/src/main/java/cn/iocoder/yudao/module/pms/engineering/service/arrivalacceptance/adapter/ProjectQualificationApiAdapter.java,CONFLICTING_HUNKS_PENDING,rejected_hunks=0 rc=1,feat(engineering): 接入到货签收项目与文件事实
112,54383436951d4afa0a8b884b4718406e774ee619,2026-08-30T07:14:48+08:00,codex/f-cut-001-matrices,fb650f9cc3189619e26332bd8b21dde232070279,F-ACC-001,pms-module-engineering/src/main/java/cn/iocoder/yudao/module/pms/engineering/service/arrivalacceptance/port/FileArtifactFactPort.java,APPLIED_ADD_ADD,current-semantic-superset,feat(engineering): 接入到货签收项目与文件事实
112,54383436951d4afa0a8b884b4718406e774ee619,2026-08-30T07:14:48+08:00,codex/f-cut-001-matrices,fb650f9cc3189619e26332bd8b21dde232070279,F-ACC-001,pms-module-engineering/src/main/java/cn/iocoder/yudao/module/pms/engineering/service/arrivalacceptance/port/ProjectQualificationPort.java,CONFLICTING_HUNKS_PENDING,rejected_hunks=0 rc=1,feat(engineering): 接入到货签收项目与文件事实
112,54383436951d4afa0a8b884b4718406e774ee619,2026-08-30T07:14:48+08:00,codex/f-cut-001-matrices,fb650f9cc3189619e26332bd8b21dde232070279,F-ACC-001,pms-module-engineering/src/test/java/cn/iocoder/yudao/module/pms/engineering/service/arrivalacceptance/adapter/ArrivalAcceptanceOwnerAdapterTest.java,CONFLICTING_HUNKS_PENDING,rejected_hunks=0 rc=1,feat(engineering): 接入到货签收项目与文件事实
112,54383436951d4afa0a8b884b4718406e774ee619,2026-08-30T07:14:48+08:00,codex/f-cut-001-matrices,fb650f9cc3189619e26332bd8b21dde232070279,F-IMP-002,tasks/features/F-IMP-002.md,EXCLUDED_SOURCE_METADATA,regenerated after code replay,feat(engineering): 接入到货签收项目与文件事实
113,ad5b401f0a0ff378bda7b03a5268437d3462f3ce,2026-08-30T07:17:50+08:00,codex/f-acc-001-sds,a085da1f983ea601ce67e21d2ae13acc2972e5e7,F-ACC-001,docs/engineering/evidence/f-acc-001-browser-evidence.json,EXCLUDED_SOURCE_METADATA,regenerated after code replay,test(acceptance): 收紧无权项目范围验收
113,ad5b401f0a0ff378bda7b03a5268437d3462f3ce,2026-08-30T07:17:50+08:00,codex/f-acc-001-sds,a085da1f983ea601ce67e21d2ae13acc2972e5e7,F-ACC-001,docs/engineering/evidence/f-acc-001-browser/01-facc001-report-history.png,EXCLUDED_SOURCE_METADATA,regenerated after code replay,test(acceptance): 收紧无权项目范围验收
114,7f3e3c62b524f15e9408888763c85a6ebbe45362,2026-08-30T07:20:27+08:00,codex/f-acc-001-sds,02a105de91d73a235a8798a32b647618baa590c9,UNMAPPED,docs/traceability/requirement-matrix.md,EXCLUDED_SOURCE_METADATA,regenerated after code replay,docs(acceptance): 回写实施完成状态
114,7f3e3c62b524f15e9408888763c85a6ebbe45362,2026-08-30T07:20:27+08:00,codex/f-acc-001-sds,02a105de91d73a235a8798a32b647618baa590c9,UNMAPPED,docs/traceability/requirement-version-coverage.json,EXCLUDED_SOURCE_METADATA,regenerated after code replay,docs(acceptance): 回写实施完成状态
114,7f3e3c62b524f15e9408888763c85a6ebbe45362,2026-08-30T07:20:27+08:00,codex/f-acc-001-sds,02a105de91d73a235a8798a32b647618baa590c9,UNMAPPED,specs/features/README.md,EXCLUDED_SOURCE_METADATA,regenerated after code replay,docs(acceptance): 回写实施完成状态
114,7f3e3c62b524f15e9408888763c85a6ebbe45362,2026-08-30T07:20:27+08:00,codex/f-acc-001-sds,02a105de91d73a235a8798a32b647618baa590c9,F-ACC-001,tasks/features/F-ACC-001.md,EXCLUDED_SOURCE_METADATA,regenerated after code replay,docs(acceptance): 回写实施完成状态
115,2bb1dbc0b34a4ec1b758bf839da9824ed0322529,2026-08-30T07:20:57+08:00,codex/f-cut-001-matrices,bd3730f4944c406a784ce9379f9ee61daa8e63d0,F-ACC-001,pms-module-engineering/src/test/java/cn/iocoder/yudao/module/pms/engineering/arrivalacceptance/ArrivalAcceptanceMigrationContractTest.java,CONFLICTING_HUNKS_PENDING,rejected_hunks=0 rc=1,feat(engineering): 建立到货签收Owner表
115,2bb1dbc0b34a4ec1b758bf839da9824ed0322529,2026-08-30T07:20:57+08:00,codex/f-cut-001-matrices,bd3730f4944c406a784ce9379f9ee61daa8e63d0,F-IMP-002,sql/migrations/V133__fimp002_arrival_acceptance.sql,APPLIED_CODE_CHANGE,clean per-commit delta,feat(engineering): 建立到货签收Owner表
115,2bb1dbc0b34a4ec1b758bf839da9824ed0322529,2026-08-30T07:20:57+08:00,codex/f-cut-001-matrices,bd3730f4944c406a784ce9379f9ee61daa8e63d0,F-IMP-002,tasks/features/F-IMP-002.md,EXCLUDED_SOURCE_METADATA,regenerated after code replay,feat(engineering): 建立到货签收Owner表
116,c071450250a7bb65110ba2ed12ebac4d011a2253,2026-08-30T07:26:53+08:00,codex/f-cut-001-matrices,51180d504f74d83be55d8903eee7a9271f503371,F-ACC-001,pms-module-engineering/src/main/java/cn/iocoder/yudao/module/pms/engineering/dal/dataobject/arrivalacceptance/ArrivalAcceptanceDO.java,APPLIED_ADD_ADD,current-semantic-superset,feat(engineering): 建立到货签收持久化映射
116,c071450250a7bb65110ba2ed12ebac4d011a2253,2026-08-30T07:26:53+08:00,codex/f-cut-001-matrices,51180d504f74d83be55d8903eee7a9271f503371,F-ACC-001,pms-module-engineering/src/main/java/cn/iocoder/yudao/module/pms/engineering/dal/dataobject/arrivalacceptance/ArrivalDifferenceDO.java,APPLIED_ADD_ADD,current-semantic-superset,feat(engineering): 建立到货签收持久化映射
116,c071450250a7bb65110ba2ed12ebac4d011a2253,2026-08-30T07:26:53+08:00,codex/f-cut-001-matrices,51180d504f74d83be55d8903eee7a9271f503371,F-ACC-001,pms-module-engineering/src/main/java/cn/iocoder/yudao/module/pms/engineering/dal/dataobject/arrivalacceptance/DeliveryEvidenceDO.java,APPLIED_ADD_ADD,current-semantic-superset,feat(engineering): 建立到货签收持久化映射
116,c071450250a7bb65110ba2ed12ebac4d011a2253,2026-08-30T07:26:53+08:00,codex/f-cut-001-matrices,51180d504f74d83be55d8903eee7a9271f503371,F-ACC-001,pms-module-engineering/src/main/java/cn/iocoder/yudao/module/pms/engineering/dal/dataobject/arrivalacceptance/DeliveryEvidenceRevisionDO.java,APPLIED_ADD_ADD,current-semantic-superset,feat(engineering): 建立到货签收持久化映射
116,c071450250a7bb65110ba2ed12ebac4d011a2253,2026-08-30T07:26:53+08:00,codex/f-cut-001-matrices,51180d504f74d83be55d8903eee7a9271f503371,F-ACC-001,pms-module-engineering/src/main/java/cn/iocoder/yudao/module/pms/engineering/dal/mysql/arrivalacceptance/ArrivalAcceptanceMapper.java,APPLIED_ADD_ADD,current-semantic-superset,feat(engineering): 建立到货签收持久化映射
116,c071450250a7bb65110ba2ed12ebac4d011a2253,2026-08-30T07:26:53+08:00,codex/f-cut-001-matrices,51180d504f74d83be55d8903eee7a9271f503371,F-ACC-001,pms-module-engineering/src/main/java/cn/iocoder/yudao/module/pms/engineering/dal/mysql/arrivalacceptance/ArrivalDifferenceMapper.java,APPLIED_ADD_ADD,current-semantic-superset,feat(engineering): 建立到货签收持久化映射
116,c071450250a7bb65110ba2ed12ebac4d011a2253,2026-08-30T07:26:53+08:00,codex/f-cut-001-matrices,51180d504f74d83be55d8903eee7a9271f503371,F-ACC-001,pms-module-engineering/src/main/java/cn/iocoder/yudao/module/pms/engineering/dal/mysql/arrivalacceptance/ArrivalLineMapper.java,APPLIED_ADD_ADD,current-semantic-superset,feat(engineering): 建立到货签收持久化映射
116,c071450250a7bb65110ba2ed12ebac4d011a2253,2026-08-30T07:26:53+08:00,codex/f-cut-001-matrices,51180d504f74d83be55d8903eee7a9271f503371,F-ACC-001,pms-module-engineering/src/main/java/cn/iocoder/yudao/module/pms/engineering/dal/mysql/arrivalacceptance/DeliveryEvidenceMapper.java,APPLIED_ADD_ADD,current-semantic-superset,feat(engineering): 建立到货签收持久化映射
116,c071450250a7bb65110ba2ed12ebac4d011a2253,2026-08-30T07:26:53+08:00,codex/f-cut-001-matrices,51180d504f74d83be55d8903eee7a9271f503371,F-ACC-001,pms-module-engineering/src/main/java/cn/iocoder/yudao/module/pms/engineering/dal/mysql/arrivalacceptance/query/ArrivalPageQuery.java,APPLIED_ADD_ADD,current-semantic-superset,feat(engineering): 建立到货签收持久化映射
116,c071450250a7bb65110ba2ed12ebac4d011a2253,2026-08-30T07:26:53+08:00,codex/f-cut-001-matrices,51180d504f74d83be55d8903eee7a9271f503371,F-ACC-001,pms-module-engineering/src/main/resources/mapper/arrivalacceptance/ArrivalAcceptanceMapper.xml,CONFLICTING_HUNKS_PENDING,rejected_hunks=0 rc=1,feat(engineering): 建立到货签收持久化映射
116,c071450250a7bb65110ba2ed12ebac4d011a2253,2026-08-30T07:26:53+08:00,codex/f-cut-001-matrices,51180d504f74d83be55d8903eee7a9271f503371,F-ACC-001,pms-module-engineering/src/main/resources/mapper/arrivalacceptance/ArrivalDifferenceMapper.xml,CONFLICTING_HUNKS_PENDING,rejected_hunks=0 rc=1,feat(engineering): 建立到货签收持久化映射
116,c071450250a7bb65110ba2ed12ebac4d011a2253,2026-08-30T07:26:53+08:00,codex/f-cut-001-matrices,51180d504f74d83be55d8903eee7a9271f503371,F-ACC-001,pms-module-engineering/src/main/resources/mapper/arrivalacceptance/ArrivalLineMapper.xml,CONFLICTING_HUNKS_PENDING,rejected_hunks=0 rc=1,feat(engineering): 建立到货签收持久化映射
116,c071450250a7bb65110ba2ed12ebac4d011a2253,2026-08-30T07:26:53+08:00,codex/f-cut-001-matrices,51180d504f74d83be55d8903eee7a9271f503371,F-ACC-001,pms-module-engineering/src/main/resources/mapper/arrivalacceptance/DeliveryEvidenceMapper.xml,CONFLICTING_HUNKS_PENDING,rejected_hunks=0 rc=1,feat(engineering): 建立到货签收持久化映射
116,c071450250a7bb65110ba2ed12ebac4d011a2253,2026-08-30T07:26:53+08:00,codex/f-cut-001-matrices,51180d504f74d83be55d8903eee7a9271f503371,F-ACC-001,pms-module-engineering/src/main/resources/mapper/arrivalacceptance/DeliveryEvidenceRevisionMapper.xml,CONFLICTING_HUNKS_PENDING,rejected_hunks=0 rc=1,feat(engineering): 建立到货签收持久化映射
116,c071450250a7bb65110ba2ed12ebac4d011a2253,2026-08-30T07:26:53+08:00,codex/f-cut-001-matrices,51180d504f74d83be55d8903eee7a9271f503371,F-ACC-001,pms-module-engineering/src/test/java/cn/iocoder/yudao/module/pms/engineering/dal/mysql/arrivalacceptance/ArrivalAcceptanceMapperContractTest.java,CONFLICTING_HUNKS_PENDING,rejected_hunks=0 rc=1,feat(engineering): 建立到货签收持久化映射
116,c071450250a7bb65110ba2ed12ebac4d011a2253,2026-08-30T07:26:53+08:00,codex/f-cut-001-matrices,51180d504f74d83be55d8903eee7a9271f503371,F-IMP-002,tasks/features/F-IMP-002.md,EXCLUDED_SOURCE_METADATA,regenerated after code replay,feat(engineering): 建立到货签收持久化映射
117,8370d0f19be603dc6429d7a0cb4ffff80262cab8,2026-08-30T07:29:22+08:00,codex/f-cut-001-matrices,a3998d575a874116f0fc3d816b6df965fd2b864f,F-ACC-001,pms-module-engineering/src/main/java/cn/iocoder/yudao/module/pms/engineering/dal/mysql/arrivalacceptance/ArrivalAcceptanceMapper.java,CONFLICTING_HUNKS_PENDING,rejected_hunks=1 rc=1,feat(engineering): 补齐到货签收项目事实查询
117,8370d0f19be603dc6429d7a0cb4ffff80262cab8,2026-08-30T07:29:22+08:00,codex/f-cut-001-matrices,a3998d575a874116f0fc3d816b6df965fd2b864f,F-ACC-001,pms-module-engineering/src/main/java/cn/iocoder/yudao/module/pms/engineering/dal/mysql/arrivalacceptance/ArrivalDifferenceMapper.java,CONFLICTING_HUNKS_PENDING,rejected_hunks=1 rc=1,feat(engineering): 补齐到货签收项目事实查询
117,8370d0f19be603dc6429d7a0cb4ffff80262cab8,2026-08-30T07:29:22+08:00,codex/f-cut-001-matrices,a3998d575a874116f0fc3d816b6df965fd2b864f,F-ACC-001,pms-module-engineering/src/main/java/cn/iocoder/yudao/module/pms/engineering/dal/mysql/arrivalacceptance/ArrivalLineMapper.java,CONFLICTING_HUNKS_PENDING,rejected_hunks=1 rc=1,feat(engineering): 补齐到货签收项目事实查询
117,8370d0f19be603dc6429d7a0cb4ffff80262cab8,2026-08-30T07:29:22+08:00,codex/f-cut-001-matrices,a3998d575a874116f0fc3d816b6df965fd2b864f,F-ACC-001,pms-module-engineering/src/main/resources/mapper/arrivalacceptance/ArrivalAcceptanceMapper.xml,CONFLICTING_HUNKS_PENDING,rejected_hunks=1 rc=1,feat(engineering): 补齐到货签收项目事实查询
117,8370d0f19be603dc6429d7a0cb4ffff80262cab8,2026-08-30T07:29:22+08:00,codex/f-cut-001-matrices,a3998d575a874116f0fc3d816b6df965fd2b864f,F-ACC-001,pms-module-engineering/src/main/resources/mapper/arrivalacceptance/ArrivalDifferenceMapper.xml,CONFLICTING_HUNKS_PENDING,rejected_hunks=1 rc=1,feat(engineering): 补齐到货签收项目事实查询
117,8370d0f19be603dc6429d7a0cb4ffff80262cab8,2026-08-30T07:29:22+08:00,codex/f-cut-001-matrices,a3998d575a874116f0fc3d816b6df965fd2b864f,F-ACC-001,pms-module-engineering/src/main/resources/mapper/arrivalacceptance/ArrivalLineMapper.xml,APPLIED_CODE_CHANGE,clean per-commit delta,feat(engineering): 补齐到货签收项目事实查询
117,8370d0f19be603dc6429d7a0cb4ffff80262cab8,2026-08-30T07:29:22+08:00,codex/f-cut-001-matrices,a3998d575a874116f0fc3d816b6df965fd2b864f,F-ACC-001,pms-module-engineering/src/test/java/cn/iocoder/yudao/module/pms/engineering/dal/mysql/arrivalacceptance/ArrivalAcceptanceMapperContractTest.java,CONFLICTING_HUNKS_PENDING,rejected_hunks=1 rc=1,feat(engineering): 补齐到货签收项目事实查询
117,8370d0f19be603dc6429d7a0cb4ffff80262cab8,2026-08-30T07:29:22+08:00,codex/f-cut-001-matrices,a3998d575a874116f0fc3d816b6df965fd2b864f,F-IMP-002,tasks/features/F-IMP-002.md,EXCLUDED_SOURCE_METADATA,regenerated after code replay,feat(engineering): 补齐到货签收项目事实查询
118,c3bde6fe599b327e9dc8bf2a3ac315ef294c8ed7,2026-08-30T07:34:30+08:00,codex/f-cut-001-matrices,986b7dade312823275623acfbf3a89fe6b60ef14,F-IMP-002,tasks/features/F-IMP-002.md,EXCLUDED_SOURCE_METADATA,regenerated after code replay,feat(engineering): 实现到货签收正向领域规则
119,b563913fad5c8fd6966bd47dbe294b7380ecee94,2026-08-30T07:40:52+08:00,codex/f-cut-001-matrices,04a811d42da75034faaeb5ff2d6da7e4443f2419,F-ACC-001,pms-module-engineering/src/main/java/cn/iocoder/yudao/module/pms/engineering/service/arrivalacceptance/adapter/ProjectQualificationApiAdapter.java,CONFLICTING_HUNKS_PENDING,rejected_hunks=1 rc=1,fix(engineering): 分离签收经理事实与操作范围
119,b563913fad5c8fd6966bd47dbe294b7380ecee94,2026-08-30T07:40:52+08:00,codex/f-cut-001-matrices,04a811d42da75034faaeb5ff2d6da7e4443f2419,F-ACC-001,pms-module-engineering/src/main/java/cn/iocoder/yudao/module/pms/engineering/service/arrivalacceptance/port/ProjectQualificationPort.java,CONFLICTING_HUNKS_PENDING,rejected_hunks=1 rc=1,fix(engineering): 分离签收经理事实与操作范围
119,b563913fad5c8fd6966bd47dbe294b7380ecee94,2026-08-30T07:40:52+08:00,codex/f-cut-001-matrices,04a811d42da75034faaeb5ff2d6da7e4443f2419,F-ACC-001,pms-module-engineering/src/test/java/cn/iocoder/yudao/module/pms/engineering/service/arrivalacceptance/adapter/ArrivalAcceptanceOwnerAdapterTest.java,CONFLICTING_HUNKS_PENDING,rejected_hunks=1 rc=1,fix(engineering): 分离签收经理事实与操作范围
120,a3099280c782be16b891ce4cbe4c13d69cda6347,2026-08-30T07:46:16+08:00,codex/f-cut-001-matrices,305227c585c19db541012d87ac9890f0c70ee779,F-ACC-001,pms-module-engineering/src/test/java/cn/iocoder/yudao/module/pms/engineering/arrivalacceptance/ArrivalAcceptanceMigrationContractTest.java,CONFLICTING_HUNKS_PENDING,rejected_hunks=1 rc=1,feat(engineering): 持久化签收项目资格版本
120,a3099280c782be16b891ce4cbe4c13d69cda6347,2026-08-30T07:46:16+08:00,codex/f-cut-001-matrices,305227c585c19db541012d87ac9890f0c70ee779,F-IMP-002,specs/features/F-IMP-002-arrival-acceptance.md,EXCLUDED_SOURCE_METADATA,regenerated after code replay,feat(engineering): 持久化签收项目资格版本
120,a3099280c782be16b891ce4cbe4c13d69cda6347,2026-08-30T07:46:16+08:00,codex/f-cut-001-matrices,305227c585c19db541012d87ac9890f0c70ee779,F-IMP-002,specs/features/F-IMP-002-physical-contract.json,EXCLUDED_SOURCE_METADATA,regenerated after code replay,feat(engineering): 持久化签收项目资格版本
120,a3099280c782be16b891ce4cbe4c13d69cda6347,2026-08-30T07:46:16+08:00,codex/f-cut-001-matrices,305227c585c19db541012d87ac9890f0c70ee779,UNMAPPED,sql/migrations/V134__fimp002_project_qualification_versions.sql,APPLIED_CODE_CHANGE,clean per-commit delta,feat(engineering): 持久化签收项目资格版本
120,a3099280c782be16b891ce4cbe4c13d69cda6347,2026-08-30T07:46:16+08:00,codex/f-cut-001-matrices,305227c585c19db541012d87ac9890f0c70ee779,F-IMP-002,tasks/features/F-IMP-002.md,EXCLUDED_SOURCE_METADATA,regenerated after code replay,feat(engineering): 持久化签收项目资格版本
121,54ec4e00789bc676d6569de65c99e0f3db82ac70,2026-08-30T07:48:58+08:00,codex/f-acc-001-sds,d5e6948249d06cd551c398f4688e6dc6aaac632e,F-ACC-002,docs/decisions/0041-satisfaction-questionnaire-result-and-deliverable-source.md,EXCLUDED_SOURCE_METADATA,regenerated after code replay,docs(acceptance): 锁定满意度问卷与归档来源契约
121,54ec4e00789bc676d6569de65c99e0f3db82ac70,2026-08-30T07:48:58+08:00,codex/f-acc-001-sds,d5e6948249d06cd551c398f4688e6dc6aaac632e,F-ACC-002,docs/design/02-domain-model.md,EXCLUDED_SOURCE_METADATA,regenerated after code replay,docs(acceptance): 锁定满意度问卷与归档来源契约
121,54ec4e00789bc676d6569de65c99e0f3db82ac70,2026-08-30T07:48:58+08:00,codex/f-acc-001-sds,d5e6948249d06cd551c398f4688e6dc6aaac632e,F-ACC-002,docs/design/02d-cross-context-contracts.md,EXCLUDED_SOURCE_METADATA,regenerated after code replay,docs(acceptance): 锁定满意度问卷与归档来源契约
121,54ec4e00789bc676d6569de65c99e0f3db82ac70,2026-08-30T07:48:58+08:00,codex/f-acc-001-sds,d5e6948249d06cd551c398f4688e6dc6aaac632e,F-ACC-002,docs/design/04-module-design.md,EXCLUDED_SOURCE_METADATA,regenerated after code replay,docs(acceptance): 锁定满意度问卷与归档来源契约
121,54ec4e00789bc676d6569de65c99e0f3db82ac70,2026-08-30T07:48:58+08:00,codex/f-acc-001-sds,d5e6948249d06cd551c398f4688e6dc6aaac632e,F-ACC-002,docs/design/05-state-machine.md,EXCLUDED_SOURCE_METADATA,regenerated after code replay,docs(acceptance): 锁定满意度问卷与归档来源契约
121,54ec4e00789bc676d6569de65c99e0f3db82ac70,2026-08-30T07:48:58+08:00,codex/f-acc-001-sds,d5e6948249d06cd551c398f4688e6dc6aaac632e,F-ACC-002,docs/design/06-workflow-design.md,EXCLUDED_SOURCE_METADATA,regenerated after code replay,docs(acceptance): 锁定满意度问卷与归档来源契约
121,54ec4e00789bc676d6569de65c99e0f3db82ac70,2026-08-30T07:48:58+08:00,codex/f-acc-001-sds,d5e6948249d06cd551c398f4688e6dc6aaac632e,F-ACC-002,docs/design/08-data-model.md,EXCLUDED_SOURCE_METADATA,regenerated after code replay,docs(acceptance): 锁定满意度问卷与归档来源契约
121,54ec4e00789bc676d6569de65c99e0f3db82ac70,2026-08-30T07:48:58+08:00,codex/f-acc-001-sds,d5e6948249d06cd551c398f4688e6dc6aaac632e,F-ACC-002,docs/design/08a-domain-entity-migration-alignment.md,EXCLUDED_SOURCE_METADATA,regenerated after code replay,docs(acceptance): 锁定满意度问卷与归档来源契约
121,54ec4e00789bc676d6569de65c99e0f3db82ac70,2026-08-30T07:48:58+08:00,codex/f-acc-001-sds,d5e6948249d06cd551c398f4688e6dc6aaac632e,F-ACC-002,docs/design/09-database-design.md,EXCLUDED_SOURCE_METADATA,regenerated after code replay,docs(acceptance): 锁定满意度问卷与归档来源契约
121,54ec4e00789bc676d6569de65c99e0f3db82ac70,2026-08-30T07:48:58+08:00,codex/f-acc-001-sds,d5e6948249d06cd551c398f4688e6dc6aaac632e,F-ACC-002,docs/design/10-api-design.md,EXCLUDED_SOURCE_METADATA,regenerated after code replay,docs(acceptance): 锁定满意度问卷与归档来源契约
121,54ec4e00789bc676d6569de65c99e0f3db82ac70,2026-08-30T07:48:58+08:00,codex/f-acc-001-sds,d5e6948249d06cd551c398f4688e6dc6aaac632e,F-ACC-002,docs/design/11-event-design.md,EXCLUDED_SOURCE_METADATA,regenerated after code replay,docs(acceptance): 锁定满意度问卷与归档来源契约
121,54ec4e00789bc676d6569de65c99e0f3db82ac70,2026-08-30T07:48:58+08:00,codex/f-acc-001-sds,d5e6948249d06cd551c398f4688e6dc6aaac632e,F-ACC-002,docs/design/13-file-design.md,EXCLUDED_SOURCE_METADATA,regenerated after code replay,docs(acceptance): 锁定满意度问卷与归档来源契约
121,54ec4e00789bc676d6569de65c99e0f3db82ac70,2026-08-30T07:48:58+08:00,codex/f-acc-001-sds,d5e6948249d06cd551c398f4688e6dc6aaac632e,F-ACC-002,docs/design/14-security-design.md,EXCLUDED_SOURCE_METADATA,regenerated after code replay,docs(acceptance): 锁定满意度问卷与归档来源契约
121,54ec4e00789bc676d6569de65c99e0f3db82ac70,2026-08-30T07:48:58+08:00,codex/f-acc-001-sds,d5e6948249d06cd551c398f4688e6dc6aaac632e,F-ACC-002,docs/design/15-cache-and-concurrency.md,EXCLUDED_SOURCE_METADATA,regenerated after code replay,docs(acceptance): 锁定满意度问卷与归档来源契约
121,54ec4e00789bc676d6569de65c99e0f3db82ac70,2026-08-30T07:48:58+08:00,codex/f-acc-001-sds,d5e6948249d06cd551c398f4688e6dc6aaac632e,F-ACC-002,docs/design/16-exception-and-idempotency.md,EXCLUDED_SOURCE_METADATA,regenerated after code replay,docs(acceptance): 锁定满意度问卷与归档来源契约
121,54ec4e00789bc676d6569de65c99e0f3db82ac70,2026-08-30T07:48:58+08:00,codex/f-acc-001-sds,d5e6948249d06cd551c398f4688e6dc6aaac632e,F-ACC-002,docs/engineering/gates/phase-2/README.md,EXCLUDED_SOURCE_METADATA,regenerated after code replay,docs(acceptance): 锁定满意度问卷与归档来源契约
121,54ec4e00789bc676d6569de65c99e0f3db82ac70,2026-08-30T07:48:58+08:00,codex/f-acc-001-sds,d5e6948249d06cd551c398f4688e6dc6aaac632e,F-ACC-002,docs/engineering/gates/phase-2/gate-status.md,EXCLUDED_SOURCE_METADATA,regenerated after code replay,docs(acceptance): 锁定满意度问卷与归档来源契约
121,54ec4e00789bc676d6569de65c99e0f3db82ac70,2026-08-30T07:48:58+08:00,codex/f-acc-001-sds,d5e6948249d06cd551c398f4688e6dc6aaac632e,F-ACC-002,docs/engineering/gates/phase-2/self-review.md,EXCLUDED_SOURCE_METADATA,regenerated after code replay,docs(acceptance): 锁定满意度问卷与归档来源契约
121,54ec4e00789bc676d6569de65c99e0f3db82ac70,2026-08-30T07:48:58+08:00,codex/f-acc-001-sds,d5e6948249d06cd551c398f4688e6dc6aaac632e,F-ACC-002,docs/traceability/domain-entity-migration-contract.json,EXCLUDED_SOURCE_METADATA,regenerated after code replay,docs(acceptance): 锁定满意度问卷与归档来源契约
121,54ec4e00789bc676d6569de65c99e0f3db82ac70,2026-08-30T07:48:58+08:00,codex/f-acc-001-sds,d5e6948249d06cd551c398f4688e6dc6aaac632e,F-ACC-002,docs/traceability/domain-entity-migration-contract.md,EXCLUDED_SOURCE_METADATA,regenerated after code replay,docs(acceptance): 锁定满意度问卷与归档来源契约
121,54ec4e00789bc676d6569de65c99e0f3db82ac70,2026-08-30T07:48:58+08:00,codex/f-acc-001-sds,d5e6948249d06cd551c398f4688e6dc6aaac632e,F-ACC-002,docs/traceability/domain-object-table-map.json,EXCLUDED_SOURCE_METADATA,regenerated after code replay,docs(acceptance): 锁定满意度问卷与归档来源契约
121,54ec4e00789bc676d6569de65c99e0f3db82ac70,2026-08-30T07:48:58+08:00,codex/f-acc-001-sds,d5e6948249d06cd551c398f4688e6dc6aaac632e,F-ACC-002,docs/traceability/phase2-contract-map.md,EXCLUDED_SOURCE_METADATA,regenerated after code replay,docs(acceptance): 锁定满意度问卷与归档来源契约
121,54ec4e00789bc676d6569de65c99e0f3db82ac70,2026-08-30T07:48:58+08:00,codex/f-acc-001-sds,d5e6948249d06cd551c398f4688e6dc6aaac632e,F-ACC-002,scripts/generate_domain_entity_migration_contract.py,APPLIED_CODE_CHANGE,clean per-commit delta,docs(acceptance): 锁定满意度问卷与归档来源契约
121,54ec4e00789bc676d6569de65c99e0f3db82ac70,2026-08-30T07:48:58+08:00,codex/f-acc-001-sds,d5e6948249d06cd551c398f4688e6dc6aaac632e,F-ACC-002,scripts/generate_phase2_contract_map.py,APPLIED_CODE_CHANGE,clean per-commit delta,docs(acceptance): 锁定满意度问卷与归档来源契约
121,54ec4e00789bc676d6569de65c99e0f3db82ac70,2026-08-30T07:48:58+08:00,codex/f-acc-001-sds,d5e6948249d06cd551c398f4688e6dc6aaac632e,F-ACC-002,scripts/tests/test_validate_sds_phase2.py,APPLIED_CODE_CHANGE,clean per-commit delta,docs(acceptance): 锁定满意度问卷与归档来源契约
121,54ec4e00789bc676d6569de65c99e0f3db82ac70,2026-08-30T07:48:58+08:00,codex/f-acc-001-sds,d5e6948249d06cd551c398f4688e6dc6aaac632e,F-ACC-002,scripts/validate_sds_phase2.py,APPLIED_CODE_CHANGE,clean per-commit delta,docs(acceptance): 锁定满意度问卷与归档来源契约
122,08ee613b59ea88e04c51cb2dc9671c4a6be552ec,2026-08-30T07:51:42+08:00,codex/f-cut-001-matrices,d77dab5bf13e46854680ee4ded7e51815b817591,F-ACC-001,pms-module-engineering/src/main/java/cn/iocoder/yudao/module/pms/engineering/service/arrivalacceptance/ArrivalAcceptanceApplicationService.java,CONFLICTING_HUNKS_PENDING,rejected_hunks=0 rc=1,feat(engineering): 实现到货签收草稿创建核心
122,08ee613b59ea88e04c51cb2dc9671c4a6be552ec,2026-08-30T07:51:42+08:00,codex/f-cut-001-matrices,d77dab5bf13e46854680ee4ded7e51815b817591,F-ACC-001,pms-module-engineering/src/main/java/cn/iocoder/yudao/module/pms/engineering/service/arrivalacceptance/port/DeliveryScopePort.java,CONFLICTING_HUNKS_PENDING,rejected_hunks=0 rc=1,feat(engineering): 实现到货签收草稿创建核心
122,08ee613b59ea88e04c51cb2dc9671c4a6be552ec,2026-08-30T07:51:42+08:00,codex/f-cut-001-matrices,d77dab5bf13e46854680ee4ded7e51815b817591,F-ACC-001,pms-module-engineering/src/main/java/cn/iocoder/yudao/module/pms/engineering/service/arrivalacceptance/port/DeviceScopeFactPort.java,APPLIED_ADD_ADD,current-semantic-superset,feat(engineering): 实现到货签收草稿创建核心
122,08ee613b59ea88e04c51cb2dc9671c4a6be552ec,2026-08-30T07:51:42+08:00,codex/f-cut-001-matrices,d77dab5bf13e46854680ee4ded7e51815b817591,F-ACC-001,pms-module-engineering/src/test/java/cn/iocoder/yudao/module/pms/engineering/service/arrivalacceptance/ArrivalAcceptanceApplicationServiceTest.java,CONFLICTING_HUNKS_PENDING,rejected_hunks=0 rc=1,feat(engineering): 实现到货签收草稿创建核心
122,08ee613b59ea88e04c51cb2dc9671c4a6be552ec,2026-08-30T07:51:42+08:00,codex/f-cut-001-matrices,d77dab5bf13e46854680ee4ded7e51815b817591,F-IMP-002,tasks/features/F-IMP-002.md,EXCLUDED_SOURCE_METADATA,regenerated after code replay,feat(engineering): 实现到货签收草稿创建核心
123,0cf2ba79aea969689696aac962c9a53b9fa65ab1,2026-08-30T07:54:36+08:00,codex/f-cut-001-matrices,f36dafed4adb034482511e8216d7900ff62b4915,F-ACC-001,pms-module-engineering/src/main/resources/mapper/arrivalacceptance/ArrivalAcceptanceMapper.xml,CONFLICTING_HUNKS_PENDING,rejected_hunks=1 rc=1,fix(engineering): 补全签收资格版本重验投影
123,0cf2ba79aea969689696aac962c9a53b9fa65ab1,2026-08-30T07:54:36+08:00,codex/f-cut-001-matrices,f36dafed4adb034482511e8216d7900ff62b4915,F-ACC-001,pms-module-engineering/src/test/java/cn/iocoder/yudao/module/pms/engineering/dal/mysql/arrivalacceptance/ArrivalAcceptanceMapperContractTest.java,CONFLICTING_HUNKS_PENDING,rejected_hunks=1 rc=1,fix(engineering): 补全签收资格版本重验投影
123,0cf2ba79aea969689696aac962c9a53b9fa65ab1,2026-08-30T07:54:36+08:00,codex/f-cut-001-matrices,f36dafed4adb034482511e8216d7900ff62b4915,F-ACC-001,pms-module-engineering/src/test/java/cn/iocoder/yudao/module/pms/engineering/service/arrivalacceptance/adapter/ArrivalAcceptanceOwnerAdapterTest.java,CONFLICTING_HUNKS_PENDING,rejected_hunks=1 rc=1,fix(engineering): 补全签收资格版本重验投影
124,dd374c5f8ae494d6b775809dd69a4a2c3f655603,2026-08-30T07:58:13+08:00,codex/f-cut-001-matrices,2d311f3e7b9b0ce0351bbc3cc695613030cc87b0,F-ACC-001,pms-module-engineering/src/test/java/cn/iocoder/yudao/module/pms/engineering/arrivalacceptance/ArrivalAcceptanceMigrationContractTest.java,CONFLICTING_HUNKS_PENDING,rejected_hunks=1 rc=1,feat(engineering): 冻结签收证据文件事实版本
124,dd374c5f8ae494d6b775809dd69a4a2c3f655603,2026-08-30T07:58:13+08:00,codex/f-cut-001-matrices,2d311f3e7b9b0ce0351bbc3cc695613030cc87b0,F-IMP-002,specs/features/F-IMP-002-arrival-acceptance.md,EXCLUDED_SOURCE_METADATA,regenerated after code replay,feat(engineering): 冻结签收证据文件事实版本
124,dd374c5f8ae494d6b775809dd69a4a2c3f655603,2026-08-30T07:58:13+08:00,codex/f-cut-001-matrices,2d311f3e7b9b0ce0351bbc3cc695613030cc87b0,UNMAPPED,sql/migrations/V135__fimp002_file_fact_versions.sql,APPLIED_CODE_CHANGE,clean per-commit delta,feat(engineering): 冻结签收证据文件事实版本
124,dd374c5f8ae494d6b775809dd69a4a2c3f655603,2026-08-30T07:58:13+08:00,codex/f-cut-001-matrices,2d311f3e7b9b0ce0351bbc3cc695613030cc87b0,F-IMP-002,tasks/features/F-IMP-002.md,EXCLUDED_SOURCE_METADATA,regenerated after code replay,feat(engineering): 冻结签收证据文件事实版本
125,774aeb11bd663645a6f29e32624a00073979bcc5,2026-08-30T08:00:30+08:00,codex/f-cut-001-matrices,e2898842d93ea003863d395d1290b5e99a139dda,F-ACC-001,pms-module-engineering/src/main/java/cn/iocoder/yudao/module/pms/engineering/dal/mysql/arrivalacceptance/ArrivalAcceptanceMapper.java,CONFLICTING_HUNKS_PENDING,rejected_hunks=1 rc=1,feat(engineering): 建立签收提交锁定支撑
125,774aeb11bd663645a6f29e32624a00073979bcc5,2026-08-30T08:00:30+08:00,codex/f-cut-001-matrices,e2898842d93ea003863d395d1290b5e99a139dda,F-ACC-001,pms-module-engineering/src/main/resources/mapper/arrivalacceptance/ArrivalAcceptanceMapper.xml,CONFLICTING_HUNKS_PENDING,rejected_hunks=1 rc=1,feat(engineering): 建立签收提交锁定支撑
125,774aeb11bd663645a6f29e32624a00073979bcc5,2026-08-30T08:00:30+08:00,codex/f-cut-001-matrices,e2898842d93ea003863d395d1290b5e99a139dda,F-ACC-001,pms-module-engineering/src/test/java/cn/iocoder/yudao/module/pms/engineering/dal/mysql/arrivalacceptance/ArrivalAcceptanceMapperContractTest.java,CONFLICTING_HUNKS_PENDING,rejected_hunks=1 rc=1,feat(engineering): 建立签收提交锁定支撑
125,774aeb11bd663645a6f29e32624a00073979bcc5,2026-08-30T08:00:30+08:00,codex/f-cut-001-matrices,e2898842d93ea003863d395d1290b5e99a139dda,F-IMP-002,tasks/features/F-IMP-002.md,EXCLUDED_SOURCE_METADATA,regenerated after code replay,feat(engineering): 建立签收提交锁定支撑
126,b98d0caafb724a13433aec382bafa30c02d30091,2026-08-30T08:04:45+08:00,codex/f-acc-001-sds,5f088293d165e022679374d9152d4307539ce313,F-ACC-002,docs/decisions/0041-satisfaction-questionnaire-result-and-deliverable-source.md,EXCLUDED_SOURCE_METADATA,regenerated after code replay,docs(acceptance): 闭合满意度应交根与整改身份
126,b98d0caafb724a13433aec382bafa30c02d30091,2026-08-30T08:04:45+08:00,codex/f-acc-001-sds,5f088293d165e022679374d9152d4307539ce313,F-ACC-002,docs/design/02d-cross-context-contracts.md,EXCLUDED_SOURCE_METADATA,regenerated after code replay,docs(acceptance): 闭合满意度应交根与整改身份
126,b98d0caafb724a13433aec382bafa30c02d30091,2026-08-30T08:04:45+08:00,codex/f-acc-001-sds,5f088293d165e022679374d9152d4307539ce313,F-ACC-002,docs/design/08-data-model.md,EXCLUDED_SOURCE_METADATA,regenerated after code replay,docs(acceptance): 闭合满意度应交根与整改身份
126,b98d0caafb724a13433aec382bafa30c02d30091,2026-08-30T08:04:45+08:00,codex/f-acc-001-sds,5f088293d165e022679374d9152d4307539ce313,F-ACC-002,docs/design/08a-domain-entity-migration-alignment.md,EXCLUDED_SOURCE_METADATA,regenerated after code replay,docs(acceptance): 闭合满意度应交根与整改身份
126,b98d0caafb724a13433aec382bafa30c02d30091,2026-08-30T08:04:45+08:00,codex/f-acc-001-sds,5f088293d165e022679374d9152d4307539ce313,F-ACC-002,docs/design/09-database-design.md,EXCLUDED_SOURCE_METADATA,regenerated after code replay,docs(acceptance): 闭合满意度应交根与整改身份
126,b98d0caafb724a13433aec382bafa30c02d30091,2026-08-30T08:04:45+08:00,codex/f-acc-001-sds,5f088293d165e022679374d9152d4307539ce313,F-ACC-002,docs/design/10-api-design.md,EXCLUDED_SOURCE_METADATA,regenerated after code replay,docs(acceptance): 闭合满意度应交根与整改身份
126,b98d0caafb724a13433aec382bafa30c02d30091,2026-08-30T08:04:45+08:00,codex/f-acc-001-sds,5f088293d165e022679374d9152d4307539ce313,F-ACC-002,docs/design/11-event-design.md,EXCLUDED_SOURCE_METADATA,regenerated after code replay,docs(acceptance): 闭合满意度应交根与整改身份
126,b98d0caafb724a13433aec382bafa30c02d30091,2026-08-30T08:04:45+08:00,codex/f-acc-001-sds,5f088293d165e022679374d9152d4307539ce313,F-ACC-002,docs/design/15-cache-and-concurrency.md,EXCLUDED_SOURCE_METADATA,regenerated after code replay,docs(acceptance): 闭合满意度应交根与整改身份
126,b98d0caafb724a13433aec382bafa30c02d30091,2026-08-30T08:04:45+08:00,codex/f-acc-001-sds,5f088293d165e022679374d9152d4307539ce313,F-ACC-002,docs/design/16-exception-and-idempotency.md,EXCLUDED_SOURCE_METADATA,regenerated after code replay,docs(acceptance): 闭合满意度应交根与整改身份
126,b98d0caafb724a13433aec382bafa30c02d30091,2026-08-30T08:04:45+08:00,codex/f-acc-001-sds,5f088293d165e022679374d9152d4307539ce313,F-ACC-002,docs/engineering/gates/phase-2/gate-status.md,EXCLUDED_SOURCE_METADATA,regenerated after code replay,docs(acceptance): 闭合满意度应交根与整改身份
126,b98d0caafb724a13433aec382bafa30c02d30091,2026-08-30T08:04:45+08:00,codex/f-acc-001-sds,5f088293d165e022679374d9152d4307539ce313,F-ACC-002,docs/engineering/gates/phase-2/self-review.md,EXCLUDED_SOURCE_METADATA,regenerated after code replay,docs(acceptance): 闭合满意度应交根与整改身份
126,b98d0caafb724a13433aec382bafa30c02d30091,2026-08-30T08:04:45+08:00,codex/f-acc-001-sds,5f088293d165e022679374d9152d4307539ce313,F-ACC-002,docs/traceability/domain-entity-migration-contract.json,EXCLUDED_SOURCE_METADATA,regenerated after code replay,docs(acceptance): 闭合满意度应交根与整改身份
126,b98d0caafb724a13433aec382bafa30c02d30091,2026-08-30T08:04:45+08:00,codex/f-acc-001-sds,5f088293d165e022679374d9152d4307539ce313,F-ACC-002,docs/traceability/domain-entity-migration-contract.md,EXCLUDED_SOURCE_METADATA,regenerated after code replay,docs(acceptance): 闭合满意度应交根与整改身份
126,b98d0caafb724a13433aec382bafa30c02d30091,2026-08-30T08:04:45+08:00,codex/f-acc-001-sds,5f088293d165e022679374d9152d4307539ce313,F-ACC-002,docs/traceability/domain-object-table-map.json,EXCLUDED_SOURCE_METADATA,regenerated after code replay,docs(acceptance): 闭合满意度应交根与整改身份
126,b98d0caafb724a13433aec382bafa30c02d30091,2026-08-30T08:04:45+08:00,codex/f-acc-001-sds,5f088293d165e022679374d9152d4307539ce313,F-ACC-002,docs/traceability/phase2-contract-map.md,EXCLUDED_SOURCE_METADATA,regenerated after code replay,docs(acceptance): 闭合满意度应交根与整改身份
126,b98d0caafb724a13433aec382bafa30c02d30091,2026-08-30T08:04:45+08:00,codex/f-acc-001-sds,5f088293d165e022679374d9152d4307539ce313,F-ACC-002,scripts/generate_domain_entity_migration_contract.py,APPLIED_CODE_CHANGE,clean per-commit delta,docs(acceptance): 闭合满意度应交根与整改身份
126,b98d0caafb724a13433aec382bafa30c02d30091,2026-08-30T08:04:45+08:00,codex/f-acc-001-sds,5f088293d165e022679374d9152d4307539ce313,F-ACC-002,scripts/generate_phase2_contract_map.py,APPLIED_CODE_CHANGE,clean per-commit delta,docs(acceptance): 闭合满意度应交根与整改身份
126,b98d0caafb724a13433aec382bafa30c02d30091,2026-08-30T08:04:45+08:00,codex/f-acc-001-sds,5f088293d165e022679374d9152d4307539ce313,F-ACC-002,scripts/tests/test_validate_sds_phase2.py,APPLIED_CODE_CHANGE,clean per-commit delta,docs(acceptance): 闭合满意度应交根与整改身份
126,b98d0caafb724a13433aec382bafa30c02d30091,2026-08-30T08:04:45+08:00,codex/f-acc-001-sds,5f088293d165e022679374d9152d4307539ce313,F-ACC-002,scripts/validate_sds_phase2.py,APPLIED_CODE_CHANGE,clean per-commit delta,docs(acceptance): 闭合满意度应交根与整改身份
127,0a56196a3864dd996da3a5d6df77cfc18003182f,2026-08-30T08:09:09+08:00,codex/f-cut-001-matrices,294845d6770f911751c60e2001bd931fff977349,F-ACC-001,pms-module-engineering/src/main/java/cn/iocoder/yudao/module/pms/engineering/service/arrivalacceptance/ArrivalAcceptanceApplicationService.java,CONFLICTING_HUNKS_PENDING,rejected_hunks=1 rc=1,feat(engineering): 实现到货签收提交核心
127,0a56196a3864dd996da3a5d6df77cfc18003182f,2026-08-30T08:09:09+08:00,codex/f-cut-001-matrices,294845d6770f911751c60e2001bd931fff977349,F-ACC-001,pms-module-engineering/src/test/java/cn/iocoder/yudao/module/pms/engineering/service/arrivalacceptance/ArrivalAcceptanceApplicationServiceTest.java,CONFLICTING_HUNKS_PENDING,rejected_hunks=1 rc=1,feat(engineering): 实现到货签收提交核心
127,0a56196a3864dd996da3a5d6df77cfc18003182f,2026-08-30T08:09:09+08:00,codex/f-cut-001-matrices,294845d6770f911751c60e2001bd931fff977349,F-IMP-002,tasks/features/F-IMP-002.md,EXCLUDED_SOURCE_METADATA,regenerated after code replay,feat(engineering): 实现到货签收提交核心
128,00afc3549a7e5e001569a65938ca007baffb71f9,2026-08-30T08:09:16+08:00,codex/f-acc-001-sds,38593cfa98e752382789f7c80faf6bdae9295ded,F-ACC-002,docs/decisions/0041-satisfaction-questionnaire-result-and-deliverable-source.md,EXCLUDED_SOURCE_METADATA,regenerated after code replay,docs(acceptance): 回写满意度SDS裁决状态
128,00afc3549a7e5e001569a65938ca007baffb71f9,2026-08-30T08:09:16+08:00,codex/f-acc-001-sds,38593cfa98e752382789f7c80faf6bdae9295ded,F-ACC-002,docs/engineering/gates/phase-2/README.md,EXCLUDED_SOURCE_METADATA,regenerated after code replay,docs(acceptance): 回写满意度SDS裁决状态
128,00afc3549a7e5e001569a65938ca007baffb71f9,2026-08-30T08:09:16+08:00,codex/f-acc-001-sds,38593cfa98e752382789f7c80faf6bdae9295ded,F-ACC-002,docs/engineering/gates/phase-2/gate-status.md,EXCLUDED_SOURCE_METADATA,regenerated after code replay,docs(acceptance): 回写满意度SDS裁决状态
128,00afc3549a7e5e001569a65938ca007baffb71f9,2026-08-30T08:09:16+08:00,codex/f-acc-001-sds,38593cfa98e752382789f7c80faf6bdae9295ded,F-ACC-002,docs/engineering/gates/phase-2/independent-review.md,EXCLUDED_SOURCE_METADATA,regenerated after code replay,docs(acceptance): 回写满意度SDS裁决状态
128,00afc3549a7e5e001569a65938ca007baffb71f9,2026-08-30T08:09:16+08:00,codex/f-acc-001-sds,38593cfa98e752382789f7c80faf6bdae9295ded,F-ACC-002,docs/engineering/gates/phase-2/self-review.md,EXCLUDED_SOURCE_METADATA,regenerated after code replay,docs(acceptance): 回写满意度SDS裁决状态
129,0267ef4d0d4f9d91a64fd09caaabc18c12819954,2026-08-30T08:13:31+08:00,codex/f-cut-001-matrices,9b1492121c4a6b147645848c827811fe357e91f8,F-ACC-001,pms-module-engineering/src/main/java/cn/iocoder/yudao/module/pms/engineering/service/arrivalacceptance/ArrivalAcceptanceApplicationService.java,CONFLICTING_HUNKS_PENDING,rejected_hunks=1 rc=1,feat(engineering): 累计签收历史确认范围
129,0267ef4d0d4f9d91a64fd09caaabc18c12819954,2026-08-30T08:13:31+08:00,codex/f-cut-001-matrices,9b1492121c4a6b147645848c827811fe357e91f8,F-ACC-001,pms-module-engineering/src/test/java/cn/iocoder/yudao/module/pms/engineering/service/arrivalacceptance/ArrivalAcceptanceApplicationServiceTest.java,APPLIED_NON_CONFLICTING_HUNKS,rejected_hunks=1 rc=1,feat(engineering): 累计签收历史确认范围
129,0267ef4d0d4f9d91a64fd09caaabc18c12819954,2026-08-30T08:13:31+08:00,codex/f-cut-001-matrices,9b1492121c4a6b147645848c827811fe357e91f8,F-IMP-002,tasks/features/F-IMP-002.md,EXCLUDED_SOURCE_METADATA,regenerated after code replay,feat(engineering): 累计签收历史确认范围
130,084ee75338534fb3e6d7a836370891fb092e3aed,2026-08-30T08:16:13+08:00,codex/f-cut-001-matrices,158b238ea0a6433334f04230d06901192945091e,F-IMP-002,specs/features/F-IMP-002-physical-contract.json,EXCLUDED_SOURCE_METADATA,regenerated after code replay,docs(engineering): 锁定签收差异范围快照
131,38901259fd595799a3fd40f470e78119ea89d595,2026-08-30T08:18:38+08:00,codex/f-acc-001-sds,85dc3eb49ee5b854ac71581dfd263e8e17917401,F-ACC-002,docs/traceability/requirement-matrix.md,EXCLUDED_SOURCE_METADATA,regenerated after code replay,docs(acceptance): 形成满意度Feature契约
131,38901259fd595799a3fd40f470e78119ea89d595,2026-08-30T08:18:38+08:00,codex/f-acc-001-sds,85dc3eb49ee5b854ac71581dfd263e8e17917401,F-ACC-002,docs/traceability/requirement-version-coverage.json,EXCLUDED_SOURCE_METADATA,regenerated after code replay,docs(acceptance): 形成满意度Feature契约
131,38901259fd595799a3fd40f470e78119ea89d595,2026-08-30T08:18:38+08:00,codex/f-acc-001-sds,85dc3eb49ee5b854ac71581dfd263e8e17917401,F-ACC-002,scripts/tests/test_facc002_feature_contract.py,CONFLICTING_HUNKS_PENDING,rejected_hunks=0 rc=1,docs(acceptance): 形成满意度Feature契约
131,38901259fd595799a3fd40f470e78119ea89d595,2026-08-30T08:18:38+08:00,codex/f-acc-001-sds,85dc3eb49ee5b854ac71581dfd263e8e17917401,F-ACC-002,specs/features/F-ACC-002-legacy-reuse-audit.md,EXCLUDED_SOURCE_METADATA,regenerated after code replay,docs(acceptance): 形成满意度Feature契约
131,38901259fd595799a3fd40f470e78119ea89d595,2026-08-30T08:18:38+08:00,codex/f-acc-001-sds,85dc3eb49ee5b854ac71581dfd263e8e17917401,F-ACC-002,specs/features/F-ACC-002-physical-contract.json,EXCLUDED_SOURCE_METADATA,regenerated after code replay,docs(acceptance): 形成满意度Feature契约
131,38901259fd595799a3fd40f470e78119ea89d595,2026-08-30T08:18:38+08:00,codex/f-acc-001-sds,85dc3eb49ee5b854ac71581dfd263e8e17917401,F-ACC-002,specs/features/F-ACC-002-satisfaction-questionnaire-result-and-deliverable-sync.md,EXCLUDED_SOURCE_METADATA,regenerated after code replay,docs(acceptance): 形成满意度Feature契约
131,38901259fd595799a3fd40f470e78119ea89d595,2026-08-30T08:18:38+08:00,codex/f-acc-001-sds,85dc3eb49ee5b854ac71581dfd263e8e17917401,F-ACC-002,specs/features/README.md,EXCLUDED_SOURCE_METADATA,regenerated after code replay,docs(acceptance): 形成满意度Feature契约
132,65a6b395e692b463f070ffc784a9e9fc4461e431,2026-08-30T08:27:12+08:00,codex/f-cut-001-matrices,beec50570a75a923b9610dd752a3ae5737f08c02,F-ACC-001,pms-module-engineering/src/test/java/cn/iocoder/yudao/module/pms/engineering/arrivalacceptance/ArrivalAcceptanceMigrationContractTest.java,CONFLICTING_HUNKS_PENDING,rejected_hunks=1 rc=1,feat(engineering): 校正签收差异事实版本契约
132,65a6b395e692b463f070ffc784a9e9fc4461e431,2026-08-30T08:27:12+08:00,codex/f-cut-001-matrices,beec50570a75a923b9610dd752a3ae5737f08c02,F-IMP-002,specs/features/F-IMP-002-arrival-acceptance.md,EXCLUDED_SOURCE_METADATA,regenerated after code replay,feat(engineering): 校正签收差异事实版本契约
132,65a6b395e692b463f070ffc784a9e9fc4461e431,2026-08-30T08:27:12+08:00,codex/f-cut-001-matrices,beec50570a75a923b9610dd752a3ae5737f08c02,F-IMP-002,specs/features/F-IMP-002-physical-contract.json,EXCLUDED_SOURCE_METADATA,regenerated after code replay,feat(engineering): 校正签收差异事实版本契约
132,65a6b395e692b463f070ffc784a9e9fc4461e431,2026-08-30T08:27:12+08:00,codex/f-cut-001-matrices,beec50570a75a923b9610dd752a3ae5737f08c02,UNMAPPED,sql/migrations/V136__fimp002_nullable_difference_fact_version.sql,APPLIED_CODE_CHANGE,clean per-commit delta,feat(engineering): 校正签收差异事实版本契约
132,65a6b395e692b463f070ffc784a9e9fc4461e431,2026-08-30T08:27:12+08:00,codex/f-cut-001-matrices,beec50570a75a923b9610dd752a3ae5737f08c02,F-IMP-002,tasks/features/F-IMP-002.md,EXCLUDED_SOURCE_METADATA,regenerated after code replay,feat(engineering): 校正签收差异事实版本契约
133,d8b847e018bf756ad6c05ff4d8c79bb5d9197026,2026-08-30T08:31:31+08:00,codex/f-acc-001-sds,10bfd430e0d730ded78f1a83f44a10aaa13a1221,F-ACC-002,docs/decisions/0041-satisfaction-questionnaire-result-and-deliverable-source.md,EXCLUDED_SOURCE_METADATA,regenerated after code replay,docs(acceptance): 锁定满意度结果失效命令
133,d8b847e018bf756ad6c05ff4d8c79bb5d9197026,2026-08-30T08:31:31+08:00,codex/f-acc-001-sds,10bfd430e0d730ded78f1a83f44a10aaa13a1221,F-ACC-002,docs/design/02d-cross-context-contracts.md,EXCLUDED_SOURCE_METADATA,regenerated after code replay,docs(acceptance): 锁定满意度结果失效命令
133,d8b847e018bf756ad6c05ff4d8c79bb5d9197026,2026-08-30T08:31:31+08:00,codex/f-acc-001-sds,10bfd430e0d730ded78f1a83f44a10aaa13a1221,F-ACC-002,docs/design/05-state-machine.md,EXCLUDED_SOURCE_METADATA,regenerated after code replay,docs(acceptance): 锁定满意度结果失效命令
133,d8b847e018bf756ad6c05ff4d8c79bb5d9197026,2026-08-30T08:31:31+08:00,codex/f-acc-001-sds,10bfd430e0d730ded78f1a83f44a10aaa13a1221,F-ACC-002,docs/design/08-data-model.md,EXCLUDED_SOURCE_METADATA,regenerated after code replay,docs(acceptance): 锁定满意度结果失效命令
133,d8b847e018bf756ad6c05ff4d8c79bb5d9197026,2026-08-30T08:31:31+08:00,codex/f-acc-001-sds,10bfd430e0d730ded78f1a83f44a10aaa13a1221,F-ACC-002,docs/design/09-database-design.md,EXCLUDED_SOURCE_METADATA,regenerated after code replay,docs(acceptance): 锁定满意度结果失效命令
133,d8b847e018bf756ad6c05ff4d8c79bb5d9197026,2026-08-30T08:31:31+08:00,codex/f-acc-001-sds,10bfd430e0d730ded78f1a83f44a10aaa13a1221,F-ACC-002,docs/design/10-api-design.md,EXCLUDED_SOURCE_METADATA,regenerated after code replay,docs(acceptance): 锁定满意度结果失效命令
133,d8b847e018bf756ad6c05ff4d8c79bb5d9197026,2026-08-30T08:31:31+08:00,codex/f-acc-001-sds,10bfd430e0d730ded78f1a83f44a10aaa13a1221,F-ACC-002,docs/design/11-event-design.md,EXCLUDED_SOURCE_METADATA,regenerated after code replay,docs(acceptance): 锁定满意度结果失效命令
133,d8b847e018bf756ad6c05ff4d8c79bb5d9197026,2026-08-30T08:31:31+08:00,codex/f-acc-001-sds,10bfd430e0d730ded78f1a83f44a10aaa13a1221,F-ACC-002,docs/design/15-cache-and-concurrency.md,EXCLUDED_SOURCE_METADATA,regenerated after code replay,docs(acceptance): 锁定满意度结果失效命令
133,d8b847e018bf756ad6c05ff4d8c79bb5d9197026,2026-08-30T08:31:31+08:00,codex/f-acc-001-sds,10bfd430e0d730ded78f1a83f44a10aaa13a1221,F-ACC-002,docs/design/16-exception-and-idempotency.md,EXCLUDED_SOURCE_METADATA,regenerated after code replay,docs(acceptance): 锁定满意度结果失效命令
133,d8b847e018bf756ad6c05ff4d8c79bb5d9197026,2026-08-30T08:31:31+08:00,codex/f-acc-001-sds,10bfd430e0d730ded78f1a83f44a10aaa13a1221,F-ACC-002,docs/engineering/gates/phase-2/gate-status.md,EXCLUDED_SOURCE_METADATA,regenerated after code replay,docs(acceptance): 锁定满意度结果失效命令
133,d8b847e018bf756ad6c05ff4d8c79bb5d9197026,2026-08-30T08:31:31+08:00,codex/f-acc-001-sds,10bfd430e0d730ded78f1a83f44a10aaa13a1221,F-ACC-002,docs/traceability/phase2-contract-map.md,EXCLUDED_SOURCE_METADATA,regenerated after code replay,docs(acceptance): 锁定满意度结果失效命令
133,d8b847e018bf756ad6c05ff4d8c79bb5d9197026,2026-08-30T08:31:31+08:00,codex/f-acc-001-sds,10bfd430e0d730ded78f1a83f44a10aaa13a1221,F-ACC-002,scripts/generate_phase2_contract_map.py,APPLIED_CODE_CHANGE,clean per-commit delta,docs(acceptance): 锁定满意度结果失效命令
133,d8b847e018bf756ad6c05ff4d8c79bb5d9197026,2026-08-30T08:31:31+08:00,codex/f-acc-001-sds,10bfd430e0d730ded78f1a83f44a10aaa13a1221,F-ACC-002,scripts/tests/test_validate_sds_phase2.py,APPLIED_CODE_CHANGE,clean per-commit delta,docs(acceptance): 锁定满意度结果失效命令
133,d8b847e018bf756ad6c05ff4d8c79bb5d9197026,2026-08-30T08:31:31+08:00,codex/f-acc-001-sds,10bfd430e0d730ded78f1a83f44a10aaa13a1221,F-ACC-002,scripts/validate_sds_phase2.py,APPLIED_CODE_CHANGE,clean per-commit delta,docs(acceptance): 锁定满意度结果失效命令
133,d8b847e018bf756ad6c05ff4d8c79bb5d9197026,2026-08-30T08:31:31+08:00,codex/f-acc-001-sds,10bfd430e0d730ded78f1a83f44a10aaa13a1221,F-ACC-002,specs/features/F-ACC-002-satisfaction-questionnaire-result-and-deliverable-sync.md,EXCLUDED_SOURCE_METADATA,regenerated after code replay,docs(acceptance): 锁定满意度结果失效命令
134,f1ecb73d7a7532789e56c3795655a805c3bec9cd,2026-08-30T08:32:00+08:00,codex/f-cut-001-matrices,5c5c4f6b5995b1f782bfd0d0cc4aaf3ac6827ddf,F-ACC-001,pms-module-engineering/src/main/java/cn/iocoder/yudao/module/pms/engineering/service/arrivalacceptance/ArrivalAcceptanceApplicationService.java,CONFLICTING_HUNKS_PENDING,rejected_hunks=1 rc=1,feat(engineering): 累计签收有效豁免范围
134,f1ecb73d7a7532789e56c3795655a805c3bec9cd,2026-08-30T08:32:00+08:00,codex/f-cut-001-matrices,5c5c4f6b5995b1f782bfd0d0cc4aaf3ac6827ddf,F-ACC-001,pms-module-engineering/src/test/java/cn/iocoder/yudao/module/pms/engineering/service/arrivalacceptance/ArrivalAcceptanceApplicationServiceTest.java,APPLIED_NON_CONFLICTING_HUNKS,rejected_hunks=1 rc=1,feat(engineering): 累计签收有效豁免范围
134,f1ecb73d7a7532789e56c3795655a805c3bec9cd,2026-08-30T08:32:00+08:00,codex/f-cut-001-matrices,5c5c4f6b5995b1f782bfd0d0cc4aaf3ac6827ddf,F-IMP-002,tasks/features/F-IMP-002.md,EXCLUDED_SOURCE_METADATA,regenerated after code replay,feat(engineering): 累计签收有效豁免范围
135,6ce766596c819dea691478cc20479464a809633c,2026-08-30T08:34:49+08:00,codex/f-cut-001-matrices,9543d15b76f4bf1c354e4a645d215b6667b32c95,F-ACC-001,pms-module-engineering/src/main/java/cn/iocoder/yudao/module/pms/engineering/dal/mysql/arrivalacceptance/ArrivalAcceptanceMapper.java,CONFLICTING_HUNKS_PENDING,rejected_hunks=1 rc=1,feat(engineering): 建立签收事实版本分配集合
135,6ce766596c819dea691478cc20479464a809633c,2026-08-30T08:34:49+08:00,codex/f-cut-001-matrices,9543d15b76f4bf1c354e4a645d215b6667b32c95,F-ACC-001,pms-module-engineering/src/main/resources/mapper/arrivalacceptance/ArrivalAcceptanceMapper.xml,CONFLICTING_HUNKS_PENDING,rejected_hunks=1 rc=1,feat(engineering): 建立签收事实版本分配集合
135,6ce766596c819dea691478cc20479464a809633c,2026-08-30T08:34:49+08:00,codex/f-cut-001-matrices,9543d15b76f4bf1c354e4a645d215b6667b32c95,F-ACC-001,pms-module-engineering/src/test/java/cn/iocoder/yudao/module/pms/engineering/dal/mysql/arrivalacceptance/ArrivalAcceptanceMapperContractTest.java,CONFLICTING_HUNKS_PENDING,rejected_hunks=1 rc=1,feat(engineering): 建立签收事实版本分配集合
135,6ce766596c819dea691478cc20479464a809633c,2026-08-30T08:34:49+08:00,codex/f-cut-001-matrices,9543d15b76f4bf1c354e4a645d215b6667b32c95,F-IMP-002,tasks/features/F-IMP-002.md,EXCLUDED_SOURCE_METADATA,regenerated after code replay,feat(engineering): 建立签收事实版本分配集合
136,c1e7354c4738be42d2792b70222f1a369b82583b,2026-08-30T08:38:46+08:00,codex/f-acc-001-sds,9c248764b47988975224707bec39cdd3763ad51e,F-ACC-002,docs/decisions/0041-satisfaction-questionnaire-result-and-deliverable-source.md,EXCLUDED_SOURCE_METADATA,regenerated after code replay,docs(acceptance): 闭合满意度来源双向乱序
136,c1e7354c4738be42d2792b70222f1a369b82583b,2026-08-30T08:38:46+08:00,codex/f-acc-001-sds,9c248764b47988975224707bec39cdd3763ad51e,F-ACC-002,docs/design/09-database-design.md,EXCLUDED_SOURCE_METADATA,regenerated after code replay,docs(acceptance): 闭合满意度来源双向乱序
136,c1e7354c4738be42d2792b70222f1a369b82583b,2026-08-30T08:38:46+08:00,codex/f-acc-001-sds,9c248764b47988975224707bec39cdd3763ad51e,F-ACC-002,docs/design/10-api-design.md,EXCLUDED_SOURCE_METADATA,regenerated after code replay,docs(acceptance): 闭合满意度来源双向乱序
136,c1e7354c4738be42d2792b70222f1a369b82583b,2026-08-30T08:38:46+08:00,codex/f-acc-001-sds,9c248764b47988975224707bec39cdd3763ad51e,F-ACC-002,docs/design/11-event-design.md,EXCLUDED_SOURCE_METADATA,regenerated after code replay,docs(acceptance): 闭合满意度来源双向乱序
136,c1e7354c4738be42d2792b70222f1a369b82583b,2026-08-30T08:38:46+08:00,codex/f-acc-001-sds,9c248764b47988975224707bec39cdd3763ad51e,F-ACC-002,docs/design/15-cache-and-concurrency.md,EXCLUDED_SOURCE_METADATA,regenerated after code replay,docs(acceptance): 闭合满意度来源双向乱序
136,c1e7354c4738be42d2792b70222f1a369b82583b,2026-08-30T08:38:46+08:00,codex/f-acc-001-sds,9c248764b47988975224707bec39cdd3763ad51e,F-ACC-002,docs/design/16-exception-and-idempotency.md,EXCLUDED_SOURCE_METADATA,regenerated after code replay,docs(acceptance): 闭合满意度来源双向乱序
136,c1e7354c4738be42d2792b70222f1a369b82583b,2026-08-30T08:38:46+08:00,codex/f-acc-001-sds,9c248764b47988975224707bec39cdd3763ad51e,F-ACC-002,scripts/tests/test_validate_sds_phase2.py,APPLIED_CODE_CHANGE,clean per-commit delta,docs(acceptance): 闭合满意度来源双向乱序
136,c1e7354c4738be42d2792b70222f1a369b82583b,2026-08-30T08:38:46+08:00,codex/f-acc-001-sds,9c248764b47988975224707bec39cdd3763ad51e,F-ACC-002,scripts/validate_sds_phase2.py,APPLIED_CODE_CHANGE,clean per-commit delta,docs(acceptance): 闭合满意度来源双向乱序
137,44fec02baa51fb58923089b9f726958e8c68acac,2026-08-30T08:43:45+08:00,codex/f-acc-001-sds,17ef923c1c4fe8328be76896a0398b3e137a6643,F-ACC-002,docs/decisions/0041-satisfaction-questionnaire-result-and-deliverable-source.md,EXCLUDED_SOURCE_METADATA,regenerated after code replay,docs(acceptance): 回写满意度失效SDS裁决
137,44fec02baa51fb58923089b9f726958e8c68acac,2026-08-30T08:43:45+08:00,codex/f-acc-001-sds,17ef923c1c4fe8328be76896a0398b3e137a6643,F-ACC-002,docs/engineering/gates/phase-2/gate-status.md,EXCLUDED_SOURCE_METADATA,regenerated after code replay,docs(acceptance): 回写满意度失效SDS裁决
137,44fec02baa51fb58923089b9f726958e8c68acac,2026-08-30T08:43:45+08:00,codex/f-acc-001-sds,17ef923c1c4fe8328be76896a0398b3e137a6643,F-ACC-002,docs/engineering/gates/phase-2/independent-review.md,EXCLUDED_SOURCE_METADATA,regenerated after code replay,docs(acceptance): 回写满意度失效SDS裁决
137,44fec02baa51fb58923089b9f726958e8c68acac,2026-08-30T08:43:45+08:00,codex/f-acc-001-sds,17ef923c1c4fe8328be76896a0398b3e137a6643,F-ACC-002,specs/features/F-ACC-002-satisfaction-questionnaire-result-and-deliverable-sync.md,EXCLUDED_SOURCE_METADATA,regenerated after code replay,docs(acceptance): 回写满意度失效SDS裁决
138,18c2b0ec569f10174817e3c23a22abe264a90bda,2026-08-30T08:44:58+08:00,codex/f-cut-001-matrices,8b332344cdf71ca954eb707722c88cac16b25802,F-ACC-001,pms-module-engineering/src/main/java/cn/iocoder/yudao/module/pms/engineering/dal/mysql/arrivalacceptance/ArrivalAcceptanceMapper.java,CONFLICTING_HUNKS_PENDING,rejected_hunks=1 rc=1,feat(engineering): 实现到货签收确认事务
138,18c2b0ec569f10174817e3c23a22abe264a90bda,2026-08-30T08:44:58+08:00,codex/f-cut-001-matrices,8b332344cdf71ca954eb707722c88cac16b25802,F-ACC-001,pms-module-engineering/src/main/java/cn/iocoder/yudao/module/pms/engineering/dal/mysql/arrivalacceptance/DeliveryEvidenceMapper.java,CONFLICTING_HUNKS_PENDING,rejected_hunks=1 rc=1,feat(engineering): 实现到货签收确认事务
138,18c2b0ec569f10174817e3c23a22abe264a90bda,2026-08-30T08:44:58+08:00,codex/f-cut-001-matrices,8b332344cdf71ca954eb707722c88cac16b25802,F-ACC-001,pms-module-engineering/src/main/java/cn/iocoder/yudao/module/pms/engineering/dal/mysql/arrivalacceptance/query/DeliveryEvidencePublishUpdate.java,APPLIED_ADD_ADD,current-semantic-superset,feat(engineering): 实现到货签收确认事务
138,18c2b0ec569f10174817e3c23a22abe264a90bda,2026-08-30T08:44:58+08:00,codex/f-cut-001-matrices,8b332344cdf71ca954eb707722c88cac16b25802,F-ACC-001,pms-module-engineering/src/main/java/cn/iocoder/yudao/module/pms/engineering/service/arrivalacceptance/ArrivalAcceptanceApplicationService.java,CONFLICTING_HUNKS_PENDING,rejected_hunks=1 rc=1,feat(engineering): 实现到货签收确认事务
138,18c2b0ec569f10174817e3c23a22abe264a90bda,2026-08-30T08:44:58+08:00,codex/f-cut-001-matrices,8b332344cdf71ca954eb707722c88cac16b25802,F-ACC-001,pms-module-engineering/src/main/resources/mapper/arrivalacceptance/ArrivalAcceptanceMapper.xml,APPLIED_NON_CONFLICTING_HUNKS,rejected_hunks=0 rc=0,feat(engineering): 实现到货签收确认事务
138,18c2b0ec569f10174817e3c23a22abe264a90bda,2026-08-30T08:44:58+08:00,codex/f-cut-001-matrices,8b332344cdf71ca954eb707722c88cac16b25802,F-ACC-001,pms-module-engineering/src/main/resources/mapper/arrivalacceptance/DeliveryEvidenceMapper.xml,CONFLICTING_HUNKS_PENDING,rejected_hunks=1 rc=1,feat(engineering): 实现到货签收确认事务
138,18c2b0ec569f10174817e3c23a22abe264a90bda,2026-08-30T08:44:58+08:00,codex/f-cut-001-matrices,8b332344cdf71ca954eb707722c88cac16b25802,F-ACC-001,pms-module-engineering/src/test/java/cn/iocoder/yudao/module/pms/engineering/dal/mysql/arrivalacceptance/ArrivalAcceptanceMapperContractTest.java,CONFLICTING_HUNKS_PENDING,rejected_hunks=1 rc=1,feat(engineering): 实现到货签收确认事务
138,18c2b0ec569f10174817e3c23a22abe264a90bda,2026-08-30T08:44:58+08:00,codex/f-cut-001-matrices,8b332344cdf71ca954eb707722c88cac16b25802,F-ACC-001,pms-module-engineering/src/test/java/cn/iocoder/yudao/module/pms/engineering/service/arrivalacceptance/ArrivalAcceptanceApplicationServiceTest.java,CONFLICTING_HUNKS_PENDING,rejected_hunks=1 rc=1,feat(engineering): 实现到货签收确认事务
138,18c2b0ec569f10174817e3c23a22abe264a90bda,2026-08-30T08:44:58+08:00,codex/f-cut-001-matrices,8b332344cdf71ca954eb707722c88cac16b25802,F-IMP-002,tasks/features/F-IMP-002.md,EXCLUDED_SOURCE_METADATA,regenerated after code replay,feat(engineering): 实现到货签收确认事务
139,145e4a61ea936d0679f2ec41a7d412975572e5a3,2026-08-30T08:47:58+08:00,codex/f-acc-001-sds,fad93df301c14a2bac53b5e4ac979ecf7fb9a3ce,F-ACC-002,scripts/tests/test_facc002_feature_contract.py,CONFLICTING_HUNKS_PENDING,rejected_hunks=1 rc=1,docs(acceptance): 闭合满意度Feature契约边界
139,145e4a61ea936d0679f2ec41a7d412975572e5a3,2026-08-30T08:47:58+08:00,codex/f-acc-001-sds,fad93df301c14a2bac53b5e4ac979ecf7fb9a3ce,F-ACC-002,specs/features/F-ACC-002-legacy-reuse-audit.md,EXCLUDED_SOURCE_METADATA,regenerated after code replay,docs(acceptance): 闭合满意度Feature契约边界
139,145e4a61ea936d0679f2ec41a7d412975572e5a3,2026-08-30T08:47:58+08:00,codex/f-acc-001-sds,fad93df301c14a2bac53b5e4ac979ecf7fb9a3ce,F-ACC-002,specs/features/F-ACC-002-physical-contract.json,EXCLUDED_SOURCE_METADATA,regenerated after code replay,docs(acceptance): 闭合满意度Feature契约边界
139,145e4a61ea936d0679f2ec41a7d412975572e5a3,2026-08-30T08:47:58+08:00,codex/f-acc-001-sds,fad93df301c14a2bac53b5e4ac979ecf7fb9a3ce,F-ACC-002,specs/features/F-ACC-002-satisfaction-questionnaire-result-and-deliverable-sync.md,EXCLUDED_SOURCE_METADATA,regenerated after code replay,docs(acceptance): 闭合满意度Feature契约边界
140,27f5bcb2c451fb224fce3bc70376af0cf07b6882,2026-08-30T08:53:07+08:00,codex/f-acc-001-sds,7b24a302b8a527c8260a12197a96b8396f155e5b,F-ACC-002,scripts/tests/test_facc002_feature_contract.py,CONFLICTING_HUNKS_PENDING,rejected_hunks=1 rc=1,docs(acceptance): 回写满意度Feature Ready裁决
140,27f5bcb2c451fb224fce3bc70376af0cf07b6882,2026-08-30T08:53:07+08:00,codex/f-acc-001-sds,7b24a302b8a527c8260a12197a96b8396f155e5b,F-ACC-002,specs/features/F-ACC-002-physical-contract.json,EXCLUDED_SOURCE_METADATA,regenerated after code replay,docs(acceptance): 回写满意度Feature Ready裁决
140,27f5bcb2c451fb224fce3bc70376af0cf07b6882,2026-08-30T08:53:07+08:00,codex/f-acc-001-sds,7b24a302b8a527c8260a12197a96b8396f155e5b,F-ACC-002,specs/features/F-ACC-002-satisfaction-questionnaire-result-and-deliverable-sync.md,EXCLUDED_SOURCE_METADATA,regenerated after code replay,docs(acceptance): 回写满意度Feature Ready裁决
140,27f5bcb2c451fb224fce3bc70376af0cf07b6882,2026-08-30T08:53:07+08:00,codex/f-acc-001-sds,7b24a302b8a527c8260a12197a96b8396f155e5b,F-ACC-002,specs/features/README.md,EXCLUDED_SOURCE_METADATA,regenerated after code replay,docs(acceptance): 回写满意度Feature Ready裁决
141,7ea868e86cb5df7c93517a7e40e50a97d5ba8006,2026-08-30T09:01:06+08:00,codex/f-cut-001-matrices,bef9174c2d02f3f3a965194f31d63c6a026279d3,F-ACC-001,pms-module-engineering/src/main/java/cn/iocoder/yudao/module/pms/engineering/service/arrivalacceptance/evidence/ArrivalEvidenceOutboxDeliveryJob.java,CONFLICTING_HUNKS_PENDING,rejected_hunks=0 rc=1,feat(engineering): 实现签收证据暂停投递任务
141,7ea868e86cb5df7c93517a7e40e50a97d5ba8006,2026-08-30T09:01:06+08:00,codex/f-cut-001-matrices,bef9174c2d02f3f3a965194f31d63c6a026279d3,F-ACC-001,pms-module-engineering/src/test/java/cn/iocoder/yudao/module/pms/engineering/arrivalacceptance/ArrivalAcceptanceMigrationContractTest.java,CONFLICTING_HUNKS_PENDING,rejected_hunks=1 rc=1,feat(engineering): 实现签收证据暂停投递任务
141,7ea868e86cb5df7c93517a7e40e50a97d5ba8006,2026-08-30T09:01:06+08:00,codex/f-cut-001-matrices,bef9174c2d02f3f3a965194f31d63c6a026279d3,F-ACC-001,pms-module-engineering/src/test/java/cn/iocoder/yudao/module/pms/engineering/service/arrivalacceptance/evidence/ArrivalEvidenceOutboxDeliveryJobTest.java,CONFLICTING_HUNKS_PENDING,rejected_hunks=0 rc=1,feat(engineering): 实现签收证据暂停投递任务
141,7ea868e86cb5df7c93517a7e40e50a97d5ba8006,2026-08-30T09:01:06+08:00,codex/f-cut-001-matrices,bef9174c2d02f3f3a965194f31d63c6a026279d3,UNMAPPED,sql/migrations/V137__fimp002_arrival_evidence_outbox_job.sql,APPLIED_CODE_CHANGE,clean per-commit delta,feat(engineering): 实现签收证据暂停投递任务
141,7ea868e86cb5df7c93517a7e40e50a97d5ba8006,2026-08-30T09:01:06+08:00,codex/f-cut-001-matrices,bef9174c2d02f3f3a965194f31d63c6a026279d3,F-IMP-002,tasks/features/F-IMP-002.md,EXCLUDED_SOURCE_METADATA,regenerated after code replay,feat(engineering): 实现签收证据暂停投递任务
142,a55567ce12c91ce086a8923e28e8ba6dd387f415,2026-08-30T09:09:31+08:00,codex/f-acc-001-sds,8887f68a62a94ca982034a9a9d88e91ff569e241,F-ACC-002,docs/decisions/0041-satisfaction-questionnaire-result-and-deliverable-source.md,EXCLUDED_SOURCE_METADATA,regenerated after code replay,docs(acceptance): 锁定满意度结果生成文件契约
142,a55567ce12c91ce086a8923e28e8ba6dd387f415,2026-08-30T09:09:31+08:00,codex/f-acc-001-sds,8887f68a62a94ca982034a9a9d88e91ff569e241,F-ACC-002,docs/design/02d-cross-context-contracts.md,EXCLUDED_SOURCE_METADATA,regenerated after code replay,docs(acceptance): 锁定满意度结果生成文件契约
142,a55567ce12c91ce086a8923e28e8ba6dd387f415,2026-08-30T09:09:31+08:00,codex/f-acc-001-sds,8887f68a62a94ca982034a9a9d88e91ff569e241,F-ACC-002,docs/design/10-api-design.md,EXCLUDED_SOURCE_METADATA,regenerated after code replay,docs(acceptance): 锁定满意度结果生成文件契约
142,a55567ce12c91ce086a8923e28e8ba6dd387f415,2026-08-30T09:09:31+08:00,codex/f-acc-001-sds,8887f68a62a94ca982034a9a9d88e91ff569e241,F-ACC-002,docs/design/13-file-design.md,EXCLUDED_SOURCE_METADATA,regenerated after code replay,docs(acceptance): 锁定满意度结果生成文件契约
142,a55567ce12c91ce086a8923e28e8ba6dd387f415,2026-08-30T09:09:31+08:00,codex/f-acc-001-sds,8887f68a62a94ca982034a9a9d88e91ff569e241,F-ACC-002,docs/design/15-cache-and-concurrency.md,EXCLUDED_SOURCE_METADATA,regenerated after code replay,docs(acceptance): 锁定满意度结果生成文件契约
142,a55567ce12c91ce086a8923e28e8ba6dd387f415,2026-08-30T09:09:31+08:00,codex/f-acc-001-sds,8887f68a62a94ca982034a9a9d88e91ff569e241,F-ACC-002,docs/design/16-exception-and-idempotency.md,EXCLUDED_SOURCE_METADATA,regenerated after code replay,docs(acceptance): 锁定满意度结果生成文件契约
142,a55567ce12c91ce086a8923e28e8ba6dd387f415,2026-08-30T09:09:31+08:00,codex/f-acc-001-sds,8887f68a62a94ca982034a9a9d88e91ff569e241,F-ACC-002,docs/engineering/gates/phase-2/gate-status.md,EXCLUDED_SOURCE_METADATA,regenerated after code replay,docs(acceptance): 锁定满意度结果生成文件契约
142,a55567ce12c91ce086a8923e28e8ba6dd387f415,2026-08-30T09:09:31+08:00,codex/f-acc-001-sds,8887f68a62a94ca982034a9a9d88e91ff569e241,F-ACC-002,scripts/tests/test_facc002_feature_contract.py,CONFLICTING_HUNKS_PENDING,rejected_hunks=1 rc=1,docs(acceptance): 锁定满意度结果生成文件契约
142,a55567ce12c91ce086a8923e28e8ba6dd387f415,2026-08-30T09:09:31+08:00,codex/f-acc-001-sds,8887f68a62a94ca982034a9a9d88e91ff569e241,F-ACC-002,scripts/tests/test_validate_sds_phase2.py,APPLIED_CODE_CHANGE,clean per-commit delta,docs(acceptance): 锁定满意度结果生成文件契约
142,a55567ce12c91ce086a8923e28e8ba6dd387f415,2026-08-30T09:09:31+08:00,codex/f-acc-001-sds,8887f68a62a94ca982034a9a9d88e91ff569e241,F-ACC-002,scripts/validate_sds_phase2.py,APPLIED_CODE_CHANGE,clean per-commit delta,docs(acceptance): 锁定满意度结果生成文件契约
142,a55567ce12c91ce086a8923e28e8ba6dd387f415,2026-08-30T09:09:31+08:00,codex/f-acc-001-sds,8887f68a62a94ca982034a9a9d88e91ff569e241,F-ACC-002,specs/features/F-ACC-002-legacy-reuse-audit.md,EXCLUDED_SOURCE_METADATA,regenerated after code replay,docs(acceptance): 锁定满意度结果生成文件契约
142,a55567ce12c91ce086a8923e28e8ba6dd387f415,2026-08-30T09:09:31+08:00,codex/f-acc-001-sds,8887f68a62a94ca982034a9a9d88e91ff569e241,F-ACC-002,specs/features/F-ACC-002-physical-contract.json,EXCLUDED_SOURCE_METADATA,regenerated after code replay,docs(acceptance): 锁定满意度结果生成文件契约
142,a55567ce12c91ce086a8923e28e8ba6dd387f415,2026-08-30T09:09:31+08:00,codex/f-acc-001-sds,8887f68a62a94ca982034a9a9d88e91ff569e241,F-ACC-002,specs/features/F-ACC-002-satisfaction-questionnaire-result-and-deliverable-sync.md,EXCLUDED_SOURCE_METADATA,regenerated after code replay,docs(acceptance): 锁定满意度结果生成文件契约
143,afa37d66eb3478c8a915a6dbe723723d9ca249b8,2026-08-30T09:17:52+08:00,codex/f-acc-001-sds,43de31f65b5ff72a4aae5ed7bda5c32898baaeda,UNMAPPED,docs/design/16-exception-and-idempotency.md,EXCLUDED_SOURCE_METADATA,regenerated after code replay,docs(acceptance): 统一结果文档失败事务语义
143,afa37d66eb3478c8a915a6dbe723723d9ca249b8,2026-08-30T09:17:52+08:00,codex/f-acc-001-sds,43de31f65b5ff72a4aae5ed7bda5c32898baaeda,UNMAPPED,scripts/tests/test_validate_sds_phase2.py,APPLIED_CODE_CHANGE,clean per-commit delta,docs(acceptance): 统一结果文档失败事务语义
143,afa37d66eb3478c8a915a6dbe723723d9ca249b8,2026-08-30T09:17:52+08:00,codex/f-acc-001-sds,43de31f65b5ff72a4aae5ed7bda5c32898baaeda,UNMAPPED,scripts/validate_sds_phase2.py,APPLIED_CODE_CHANGE,clean per-commit delta,docs(acceptance): 统一结果文档失败事务语义
144,ddc928d02f19f244fbb3c167046d2f8b45bf8d36,2026-08-30T09:18:11+08:00,codex/f-cut-001-matrices,715143dea87449aeda0bcd1caf9dc975733369cb,F-ACC-001,pms-module-engineering/src/main/java/cn/iocoder/yudao/module/pms/engineering/dal/mysql/arrivalacceptance/DeliveryEvidenceMapper.java,CONFLICTING_HUNKS_PENDING,rejected_hunks=1 rc=1,feat(engineering): 实现签收证据回执消费
144,ddc928d02f19f244fbb3c167046d2f8b45bf8d36,2026-08-30T09:18:11+08:00,codex/f-cut-001-matrices,715143dea87449aeda0bcd1caf9dc975733369cb,F-ACC-001,pms-module-engineering/src/main/java/cn/iocoder/yudao/module/pms/engineering/service/arrivalacceptance/evidence/ArtifactCallbackHandler.java,CONFLICTING_HUNKS_PENDING,rejected_hunks=0 rc=1,feat(engineering): 实现签收证据回执消费
144,ddc928d02f19f244fbb3c167046d2f8b45bf8d36,2026-08-30T09:18:11+08:00,codex/f-cut-001-matrices,715143dea87449aeda0bcd1caf9dc975733369cb,F-ACC-001,pms-module-engineering/src/main/resources/mapper/arrivalacceptance/DeliveryEvidenceMapper.xml,APPLIED_NON_CONFLICTING_HUNKS,rejected_hunks=1 rc=1,feat(engineering): 实现签收证据回执消费
144,ddc928d02f19f244fbb3c167046d2f8b45bf8d36,2026-08-30T09:18:11+08:00,codex/f-cut-001-matrices,715143dea87449aeda0bcd1caf9dc975733369cb,F-ACC-001,pms-module-engineering/src/test/java/cn/iocoder/yudao/module/pms/engineering/dal/mysql/arrivalacceptance/ArrivalAcceptanceMapperContractTest.java,CONFLICTING_HUNKS_PENDING,rejected_hunks=1 rc=1,feat(engineering): 实现签收证据回执消费
144,ddc928d02f19f244fbb3c167046d2f8b45bf8d36,2026-08-30T09:18:11+08:00,codex/f-cut-001-matrices,715143dea87449aeda0bcd1caf9dc975733369cb,F-ACC-001,pms-module-engineering/src/test/java/cn/iocoder/yudao/module/pms/engineering/service/arrivalacceptance/evidence/ArtifactCallbackHandlerTest.java,CONFLICTING_HUNKS_PENDING,rejected_hunks=0 rc=1,feat(engineering): 实现签收证据回执消费
144,ddc928d02f19f244fbb3c167046d2f8b45bf8d36,2026-08-30T09:18:11+08:00,codex/f-cut-001-matrices,715143dea87449aeda0bcd1caf9dc975733369cb,F-IMP-002,tasks/features/F-IMP-002.md,EXCLUDED_SOURCE_METADATA,regenerated after code replay,feat(engineering): 实现签收证据回执消费
145,131a52286d1be48806bdce615d15f8ccdbdf4457,2026-08-30T09:20:51+08:00,codex/f-acc-001-sds,b1c60d5da90d32f41730bfe98680ac13248b2bc9,F-ACC-002,docs/decisions/0041-satisfaction-questionnaire-result-and-deliverable-source.md,EXCLUDED_SOURCE_METADATA,regenerated after code replay,docs(acceptance): 回写结果生成文件契约裁决
145,131a52286d1be48806bdce615d15f8ccdbdf4457,2026-08-30T09:20:51+08:00,codex/f-acc-001-sds,b1c60d5da90d32f41730bfe98680ac13248b2bc9,UNMAPPED,docs/engineering/gates/phase-2/gate-status.md,EXCLUDED_SOURCE_METADATA,regenerated after code replay,docs(acceptance): 回写结果生成文件契约裁决
145,131a52286d1be48806bdce615d15f8ccdbdf4457,2026-08-30T09:20:51+08:00,codex/f-acc-001-sds,b1c60d5da90d32f41730bfe98680ac13248b2bc9,F-ACC-002,specs/features/F-ACC-002-satisfaction-questionnaire-result-and-deliverable-sync.md,EXCLUDED_SOURCE_METADATA,regenerated after code replay,docs(acceptance): 回写结果生成文件契约裁决
146,878697ef67f6fd1bacb08467cc1d54f39e4367b0,2026-08-30T09:28:58+08:00,codex/f-acc-001-sds,e5c47fd5c4b2fdf08eb99aac1d8af6027e40ede2,F-ACC-002,docs/superpowers/plans/2026-08-30-f-acc-002-satisfaction-questionnaire-result-deliverable-sync.md,EXCLUDED_SOURCE_METADATA,regenerated after code replay,docs(acceptance): 形成满意度纵向实施计划
146,878697ef67f6fd1bacb08467cc1d54f39e4367b0,2026-08-30T09:28:58+08:00,codex/f-acc-001-sds,e5c47fd5c4b2fdf08eb99aac1d8af6027e40ede2,F-ACC-002,specs/features/F-ACC-002-satisfaction-questionnaire-result-and-deliverable-sync.md,EXCLUDED_SOURCE_METADATA,regenerated after code replay,docs(acceptance): 形成满意度纵向实施计划
147,b943461c9f59714f02260e34f78505c8f091a037,2026-08-30T09:29:33+08:00,codex/f-cut-001-matrices,b9fad8af969dd191ecb742228b3b579c77578474,F-IMP-002,tasks/features/F-IMP-002.md,EXCLUDED_SOURCE_METADATA,regenerated after code replay,fix(engineering): 收敛签收回执消费边界
148,47c2daeb9101e46ad6add0d3475c669e4846a70d,2026-08-30T09:32:54+08:00,codex/f-cut-001-matrices,907e41b0bd81c01770925c243b9d8fb3b5fac10e,F-IMP-002,tasks/features/F-IMP-002.md,EXCLUDED_SOURCE_METADATA,regenerated after code replay,docs(engineering): 记录签收回执消费评审通过
149,1927cb2e5d8ccc148e0bda6efdd607d2c8f6396c,2026-08-30T09:39:54+08:00,codex/f-acc-001-sds,ae6e122de7df0d10669a8eb0ad8b1be41a87e10b,F-ACC-002,docs/superpowers/plans/2026-08-30-f-acc-002-satisfaction-questionnaire-result-deliverable-sync.md,EXCLUDED_SOURCE_METADATA,regenerated after code replay,docs(acceptance): 闭合满意度实施计划接线
149,1927cb2e5d8ccc148e0bda6efdd607d2c8f6396c,2026-08-30T09:39:54+08:00,codex/f-acc-001-sds,ae6e122de7df0d10669a8eb0ad8b1be41a87e10b,F-ACC-002,specs/features/F-ACC-002-satisfaction-questionnaire-result-and-deliverable-sync.md,EXCLUDED_SOURCE_METADATA,regenerated after code replay,docs(acceptance): 闭合满意度实施计划接线
150,351d8bbb0aa4ef5cb8dd3ac2bee3463cd38265c4,2026-08-30T09:48:17+08:00,codex/f-cut-001-matrices,cba37395c8f1b21758e9c1459acd0cc71fc3a6a3,UNMAPPED,docs/design/09-database-design.md,EXCLUDED_SOURCE_METADATA,regenerated after code replay,feat(engineering): 冻结签收证据发布关联链
150,351d8bbb0aa4ef5cb8dd3ac2bee3463cd38265c4,2026-08-30T09:48:17+08:00,codex/f-cut-001-matrices,cba37395c8f1b21758e9c1459acd0cc71fc3a6a3,F-ACC-001,pms-module-engineering/src/test/java/cn/iocoder/yudao/module/pms/engineering/arrivalacceptance/ArrivalAcceptanceMigrationContractTest.java,CONFLICTING_HUNKS_PENDING,rejected_hunks=1 rc=1,feat(engineering): 冻结签收证据发布关联链
150,351d8bbb0aa4ef5cb8dd3ac2bee3463cd38265c4,2026-08-30T09:48:17+08:00,codex/f-cut-001-matrices,cba37395c8f1b21758e9c1459acd0cc71fc3a6a3,UNMAPPED,sql/migrations/V138__fimp002_evidence_correlation.sql,APPLIED_CODE_CHANGE,clean per-commit delta,feat(engineering): 冻结签收证据发布关联链
150,351d8bbb0aa4ef5cb8dd3ac2bee3463cd38265c4,2026-08-30T09:48:17+08:00,codex/f-cut-001-matrices,cba37395c8f1b21758e9c1459acd0cc71fc3a6a3,F-IMP-002,tasks/features/F-IMP-002.md,EXCLUDED_SOURCE_METADATA,regenerated after code replay,feat(engineering): 冻结签收证据发布关联链
151,700b659d7e11e6fbcbe88c05b02269a35b82084f,2026-08-30T09:51:43+08:00,codex/f-acc-001-sds,e84e5b711c1a91646e53425d8c356b60e41a1f6b,UNMAPPED,docs/decisions/0042-unified-business-export-task-and-audit.md,EXCLUDED_SOURCE_METADATA,regenerated after code replay,docs(platform): 锁定统一异步导出公共契约
151,700b659d7e11e6fbcbe88c05b02269a35b82084f,2026-08-30T09:51:43+08:00,codex/f-acc-001-sds,e84e5b711c1a91646e53425d8c356b60e41a1f6b,UNMAPPED,docs/design/02d-cross-context-contracts.md,EXCLUDED_SOURCE_METADATA,regenerated after code replay,docs(platform): 锁定统一异步导出公共契约
151,700b659d7e11e6fbcbe88c05b02269a35b82084f,2026-08-30T09:51:43+08:00,codex/f-acc-001-sds,e84e5b711c1a91646e53425d8c356b60e41a1f6b,UNMAPPED,docs/design/04-module-design.md,EXCLUDED_SOURCE_METADATA,regenerated after code replay,docs(platform): 锁定统一异步导出公共契约
151,700b659d7e11e6fbcbe88c05b02269a35b82084f,2026-08-30T09:51:43+08:00,codex/f-acc-001-sds,e84e5b711c1a91646e53425d8c356b60e41a1f6b,UNMAPPED,docs/design/08-data-model.md,EXCLUDED_SOURCE_METADATA,regenerated after code replay,docs(platform): 锁定统一异步导出公共契约
151,700b659d7e11e6fbcbe88c05b02269a35b82084f,2026-08-30T09:51:43+08:00,codex/f-acc-001-sds,e84e5b711c1a91646e53425d8c356b60e41a1f6b,UNMAPPED,docs/design/08a-domain-entity-migration-alignment.md,EXCLUDED_SOURCE_METADATA,regenerated after code replay,docs(platform): 锁定统一异步导出公共契约
151,700b659d7e11e6fbcbe88c05b02269a35b82084f,2026-08-30T09:51:43+08:00,codex/f-acc-001-sds,e84e5b711c1a91646e53425d8c356b60e41a1f6b,UNMAPPED,docs/design/09-database-design.md,EXCLUDED_SOURCE_METADATA,regenerated after code replay,docs(platform): 锁定统一异步导出公共契约
151,700b659d7e11e6fbcbe88c05b02269a35b82084f,2026-08-30T09:51:43+08:00,codex/f-acc-001-sds,e84e5b711c1a91646e53425d8c356b60e41a1f6b,UNMAPPED,docs/design/10-api-design.md,EXCLUDED_SOURCE_METADATA,regenerated after code replay,docs(platform): 锁定统一异步导出公共契约
151,700b659d7e11e6fbcbe88c05b02269a35b82084f,2026-08-30T09:51:43+08:00,codex/f-acc-001-sds,e84e5b711c1a91646e53425d8c356b60e41a1f6b,UNMAPPED,docs/design/13-file-design.md,EXCLUDED_SOURCE_METADATA,regenerated after code replay,docs(platform): 锁定统一异步导出公共契约
151,700b659d7e11e6fbcbe88c05b02269a35b82084f,2026-08-30T09:51:43+08:00,codex/f-acc-001-sds,e84e5b711c1a91646e53425d8c356b60e41a1f6b,UNMAPPED,docs/design/15-cache-and-concurrency.md,EXCLUDED_SOURCE_METADATA,regenerated after code replay,docs(platform): 锁定统一异步导出公共契约
151,700b659d7e11e6fbcbe88c05b02269a35b82084f,2026-08-30T09:51:43+08:00,codex/f-acc-001-sds,e84e5b711c1a91646e53425d8c356b60e41a1f6b,UNMAPPED,docs/design/16-exception-and-idempotency.md,EXCLUDED_SOURCE_METADATA,regenerated after code replay,docs(platform): 锁定统一异步导出公共契约
151,700b659d7e11e6fbcbe88c05b02269a35b82084f,2026-08-30T09:51:43+08:00,codex/f-acc-001-sds,e84e5b711c1a91646e53425d8c356b60e41a1f6b,UNMAPPED,docs/engineering/gates/phase-2/README.md,EXCLUDED_SOURCE_METADATA,regenerated after code replay,docs(platform): 锁定统一异步导出公共契约
151,700b659d7e11e6fbcbe88c05b02269a35b82084f,2026-08-30T09:51:43+08:00,codex/f-acc-001-sds,e84e5b711c1a91646e53425d8c356b60e41a1f6b,UNMAPPED,docs/engineering/gates/phase-2/gate-status.md,EXCLUDED_SOURCE_METADATA,regenerated after code replay,docs(platform): 锁定统一异步导出公共契约
151,700b659d7e11e6fbcbe88c05b02269a35b82084f,2026-08-30T09:51:43+08:00,codex/f-acc-001-sds,e84e5b711c1a91646e53425d8c356b60e41a1f6b,UNMAPPED,docs/engineering/gates/phase-2/self-review.md,EXCLUDED_SOURCE_METADATA,regenerated after code replay,docs(platform): 锁定统一异步导出公共契约
151,700b659d7e11e6fbcbe88c05b02269a35b82084f,2026-08-30T09:51:43+08:00,codex/f-acc-001-sds,e84e5b711c1a91646e53425d8c356b60e41a1f6b,UNMAPPED,docs/traceability/domain-entity-migration-contract.json,EXCLUDED_SOURCE_METADATA,regenerated after code replay,docs(platform): 锁定统一异步导出公共契约
151,700b659d7e11e6fbcbe88c05b02269a35b82084f,2026-08-30T09:51:43+08:00,codex/f-acc-001-sds,e84e5b711c1a91646e53425d8c356b60e41a1f6b,UNMAPPED,docs/traceability/domain-entity-migration-contract.md,EXCLUDED_SOURCE_METADATA,regenerated after code replay,docs(platform): 锁定统一异步导出公共契约
151,700b659d7e11e6fbcbe88c05b02269a35b82084f,2026-08-30T09:51:43+08:00,codex/f-acc-001-sds,e84e5b711c1a91646e53425d8c356b60e41a1f6b,UNMAPPED,docs/traceability/domain-object-table-map.json,EXCLUDED_SOURCE_METADATA,regenerated after code replay,docs(platform): 锁定统一异步导出公共契约
151,700b659d7e11e6fbcbe88c05b02269a35b82084f,2026-08-30T09:51:43+08:00,codex/f-acc-001-sds,e84e5b711c1a91646e53425d8c356b60e41a1f6b,UNMAPPED,scripts/generate_domain_entity_migration_contract.py,APPLIED_NON_CONFLICTING_HUNKS,rejected_hunks=1 rc=1,docs(platform): 锁定统一异步导出公共契约
151,700b659d7e11e6fbcbe88c05b02269a35b82084f,2026-08-30T09:51:43+08:00,codex/f-acc-001-sds,e84e5b711c1a91646e53425d8c356b60e41a1f6b,UNMAPPED,scripts/tests/test_validate_sds_phase2.py,APPLIED_CODE_CHANGE,clean per-commit delta,docs(platform): 锁定统一异步导出公共契约
151,700b659d7e11e6fbcbe88c05b02269a35b82084f,2026-08-30T09:51:43+08:00,codex/f-acc-001-sds,e84e5b711c1a91646e53425d8c356b60e41a1f6b,UNMAPPED,scripts/validate_sds_phase2.py,APPLIED_CODE_CHANGE,clean per-commit delta,docs(platform): 锁定统一异步导出公共契约
151,700b659d7e11e6fbcbe88c05b02269a35b82084f,2026-08-30T09:51:43+08:00,codex/f-acc-001-sds,e84e5b711c1a91646e53425d8c356b60e41a1f6b,F-ACC-002,specs/features/F-ACC-002-satisfaction-questionnaire-result-and-deliverable-sync.md,EXCLUDED_SOURCE_METADATA,regenerated after code replay,docs(platform): 锁定统一异步导出公共契约
152,e34930bc2c2c84196d1d0a755d879d3ddd22ec18,2026-08-30T09:54:58+08:00,codex/f-cut-001-matrices,7718be7f584758eb97f11ff4ac71637fb0880b50,F-ACC-001,pms-module-engineering/src/test/java/cn/iocoder/yudao/module/pms/engineering/arrivalacceptance/ArrivalAcceptanceMigrationContractTest.java,CONFLICTING_HUNKS_PENDING,rejected_hunks=1 rc=1,fix(engineering): 修复签收关联迁移重跑约束
152,e34930bc2c2c84196d1d0a755d879d3ddd22ec18,2026-08-30T09:54:58+08:00,codex/f-cut-001-matrices,7718be7f584758eb97f11ff4ac71637fb0880b50,UNMAPPED,sql/migrations/V138__fimp002_evidence_correlation.sql,APPLIED_CODE_CHANGE,clean per-commit delta,fix(engineering): 修复签收关联迁移重跑约束
153,553dbec0fdf612534153810e1f7015c4fa5493df,2026-08-30T10:00:28+08:00,codex/f-acc-001-sds,62ca0d88a98e01c0253cb095c38be15b8bc14608,UNMAPPED,docs/design/02d-cross-context-contracts.md,EXCLUDED_SOURCE_METADATA,regenerated after code replay,docs(platform): 闭合统一导出任务重试状态
153,553dbec0fdf612534153810e1f7015c4fa5493df,2026-08-30T10:00:28+08:00,codex/f-acc-001-sds,62ca0d88a98e01c0253cb095c38be15b8bc14608,UNMAPPED,docs/design/09-database-design.md,EXCLUDED_SOURCE_METADATA,regenerated after code replay,docs(platform): 闭合统一导出任务重试状态
153,553dbec0fdf612534153810e1f7015c4fa5493df,2026-08-30T10:00:28+08:00,codex/f-acc-001-sds,62ca0d88a98e01c0253cb095c38be15b8bc14608,UNMAPPED,docs/design/10-api-design.md,EXCLUDED_SOURCE_METADATA,regenerated after code replay,docs(platform): 闭合统一导出任务重试状态
153,553dbec0fdf612534153810e1f7015c4fa5493df,2026-08-30T10:00:28+08:00,codex/f-acc-001-sds,62ca0d88a98e01c0253cb095c38be15b8bc14608,UNMAPPED,docs/design/15-cache-and-concurrency.md,EXCLUDED_SOURCE_METADATA,regenerated after code replay,docs(platform): 闭合统一导出任务重试状态
153,553dbec0fdf612534153810e1f7015c4fa5493df,2026-08-30T10:00:28+08:00,codex/f-acc-001-sds,62ca0d88a98e01c0253cb095c38be15b8bc14608,UNMAPPED,docs/design/16-exception-and-idempotency.md,EXCLUDED_SOURCE_METADATA,regenerated after code replay,docs(platform): 闭合统一导出任务重试状态
153,553dbec0fdf612534153810e1f7015c4fa5493df,2026-08-30T10:00:28+08:00,codex/f-acc-001-sds,62ca0d88a98e01c0253cb095c38be15b8bc14608,UNMAPPED,scripts/tests/test_validate_sds_phase2.py,APPLIED_CODE_CHANGE,clean per-commit delta,docs(platform): 闭合统一导出任务重试状态
153,553dbec0fdf612534153810e1f7015c4fa5493df,2026-08-30T10:00:28+08:00,codex/f-acc-001-sds,62ca0d88a98e01c0253cb095c38be15b8bc14608,UNMAPPED,scripts/validate_sds_phase2.py,APPLIED_CODE_CHANGE,clean per-commit delta,docs(platform): 闭合统一导出任务重试状态
153,553dbec0fdf612534153810e1f7015c4fa5493df,2026-08-30T10:00:28+08:00,codex/f-acc-001-sds,62ca0d88a98e01c0253cb095c38be15b8bc14608,F-ACC-002,specs/features/F-ACC-002-satisfaction-questionnaire-result-and-deliverable-sync.md,EXCLUDED_SOURCE_METADATA,regenerated after code replay,docs(platform): 闭合统一导出任务重试状态
154,1df9b3922a5c0a0ad5150cc5e33c14c7585c564c,2026-08-30T10:05:36+08:00,codex/f-acc-001-sds,b7e717cdfda7578f785be117702ba8ee52f89d70,UNMAPPED,docs/design/16-exception-and-idempotency.md,EXCLUDED_SOURCE_METADATA,regenerated after code replay,docs(platform): 唯一化导出失败分类
154,1df9b3922a5c0a0ad5150cc5e33c14c7585c564c,2026-08-30T10:05:36+08:00,codex/f-acc-001-sds,b7e717cdfda7578f785be117702ba8ee52f89d70,UNMAPPED,scripts/tests/test_validate_sds_phase2.py,APPLIED_CODE_CHANGE,clean per-commit delta,docs(platform): 唯一化导出失败分类
154,1df9b3922a5c0a0ad5150cc5e33c14c7585c564c,2026-08-30T10:05:36+08:00,codex/f-acc-001-sds,b7e717cdfda7578f785be117702ba8ee52f89d70,UNMAPPED,scripts/validate_sds_phase2.py,APPLIED_CODE_CHANGE,clean per-commit delta,docs(platform): 唯一化导出失败分类
155,9ab20d99ca3524f0506560654cc7c2614cd9f79a,2026-08-30T10:08:39+08:00,codex/f-acc-001-sds,cbe418d780cc944d5c08f6f0828f986e7cd327d8,UNMAPPED,docs/engineering/gates/phase-2/gate-status.md,EXCLUDED_SOURCE_METADATA,regenerated after code replay,docs(platform): 回写统一导出契约裁决
155,9ab20d99ca3524f0506560654cc7c2614cd9f79a,2026-08-30T10:08:39+08:00,codex/f-acc-001-sds,cbe418d780cc944d5c08f6f0828f986e7cd327d8,UNMAPPED,docs/engineering/gates/phase-2/independent-review.md,EXCLUDED_SOURCE_METADATA,regenerated after code replay,docs(platform): 回写统一导出契约裁决
155,9ab20d99ca3524f0506560654cc7c2614cd9f79a,2026-08-30T10:08:39+08:00,codex/f-acc-001-sds,cbe418d780cc944d5c08f6f0828f986e7cd327d8,F-ACC-002,specs/features/F-ACC-002-satisfaction-questionnaire-result-and-deliverable-sync.md,EXCLUDED_SOURCE_METADATA,regenerated after code replay,docs(platform): 回写统一导出契约裁决
156,1eec2fbc12fc97862952888b4f44b6508d2c736c,2026-08-30T10:10:41+08:00,codex/f-cut-001-matrices,38b90944677bd64a3a727e5af15dce0c3d705821,F-ACC-001,pms-module-engineering/src/main/java/cn/iocoder/yudao/module/pms/engineering/dal/mysql/arrivalacceptance/DeliveryEvidenceMapper.java,CONFLICTING_HUNKS_PENDING,rejected_hunks=1 rc=1,feat(engineering): 实现签收证据双阶段重试
156,1eec2fbc12fc97862952888b4f44b6508d2c736c,2026-08-30T10:10:41+08:00,codex/f-cut-001-matrices,38b90944677bd64a3a727e5af15dce0c3d705821,F-ACC-001,pms-module-engineering/src/main/java/cn/iocoder/yudao/module/pms/engineering/service/arrivalacceptance/evidence/ArrivalEvidenceRetryService.java,CONFLICTING_HUNKS_PENDING,rejected_hunks=0 rc=1,feat(engineering): 实现签收证据双阶段重试
156,1eec2fbc12fc97862952888b4f44b6508d2c736c,2026-08-30T10:10:41+08:00,codex/f-cut-001-matrices,38b90944677bd64a3a727e5af15dce0c3d705821,F-ACC-001,pms-module-engineering/src/main/resources/mapper/arrivalacceptance/DeliveryEvidenceMapper.xml,APPLIED_NON_CONFLICTING_HUNKS,rejected_hunks=1 rc=1,feat(engineering): 实现签收证据双阶段重试
156,1eec2fbc12fc97862952888b4f44b6508d2c736c,2026-08-30T10:10:41+08:00,codex/f-cut-001-matrices,38b90944677bd64a3a727e5af15dce0c3d705821,F-ACC-001,pms-module-engineering/src/test/java/cn/iocoder/yudao/module/pms/engineering/arrivalacceptance/ArrivalAcceptanceMigrationContractTest.java,CONFLICTING_HUNKS_PENDING,rejected_hunks=1 rc=1,feat(engineering): 实现签收证据双阶段重试
156,1eec2fbc12fc97862952888b4f44b6508d2c736c,2026-08-30T10:10:41+08:00,codex/f-cut-001-matrices,38b90944677bd64a3a727e5af15dce0c3d705821,F-ACC-001,pms-module-engineering/src/test/java/cn/iocoder/yudao/module/pms/engineering/dal/mysql/arrivalacceptance/ArrivalAcceptanceMapperContractTest.java,CONFLICTING_HUNKS_PENDING,rejected_hunks=1 rc=1,feat(engineering): 实现签收证据双阶段重试
156,1eec2fbc12fc97862952888b4f44b6508d2c736c,2026-08-30T10:10:41+08:00,codex/f-cut-001-matrices,38b90944677bd64a3a727e5af15dce0c3d705821,F-ACC-001,pms-module-engineering/src/test/java/cn/iocoder/yudao/module/pms/engineering/service/arrivalacceptance/evidence/ArrivalEvidenceRetryServiceTest.java,CONFLICTING_HUNKS_PENDING,rejected_hunks=0 rc=1,feat(engineering): 实现签收证据双阶段重试
156,1eec2fbc12fc97862952888b4f44b6508d2c736c,2026-08-30T10:10:41+08:00,codex/f-cut-001-matrices,38b90944677bd64a3a727e5af15dce0c3d705821,UNMAPPED,pms-module-platform/src/main/java/cn/iocoder/yudao/module/pms/platform/service/outbox/PlatformOutboxDeliveryApiImpl.java,CONFLICTING_HUNKS_PENDING,rejected_hunks=1 rc=1,feat(engineering): 实现签收证据双阶段重试
156,1eec2fbc12fc97862952888b4f44b6508d2c736c,2026-08-30T10:10:41+08:00,codex/f-cut-001-matrices,38b90944677bd64a3a727e5af15dce0c3d705821,UNMAPPED,pms-module-platform/src/test/java/cn/iocoder/yudao/module/pms/platform/service/outbox/PlatformOutboxDeliveryApiImplTest.java,APPLIED_CODE_CHANGE,clean per-commit delta,feat(engineering): 实现签收证据双阶段重试
156,1eec2fbc12fc97862952888b4f44b6508d2c736c,2026-08-30T10:10:41+08:00,codex/f-cut-001-matrices,38b90944677bd64a3a727e5af15dce0c3d705821,UNMAPPED,sql/migrations/V139__fimp002_arrival_evidence_retry_job.sql,APPLIED_CODE_CHANGE,clean per-commit delta,feat(engineering): 实现签收证据双阶段重试
156,1eec2fbc12fc97862952888b4f44b6508d2c736c,2026-08-30T10:10:41+08:00,codex/f-cut-001-matrices,38b90944677bd64a3a727e5af15dce0c3d705821,F-IMP-002,tasks/features/F-IMP-002.md,EXCLUDED_SOURCE_METADATA,regenerated after code replay,feat(engineering): 实现签收证据双阶段重试
157,41f92526919e8c18b11c04f188365be2105240ac,2026-08-30T10:17:20+08:00,codex/f-acc-001-sds,a91418bb0678726a3e68b58b7fc9b23b893ec437,F-ACC-002,docs/superpowers/plans/2026-08-30-f-acc-002-satisfaction-questionnaire-result-deliverable-sync.md,EXCLUDED_SOURCE_METADATA,regenerated after code replay,docs(acceptance): 闭合满意度实施计划导出链
157,41f92526919e8c18b11c04f188365be2105240ac,2026-08-30T10:17:20+08:00,codex/f-acc-001-sds,a91418bb0678726a3e68b58b7fc9b23b893ec437,F-ACC-002,scripts/tests/test_facc002_feature_contract.py,CONFLICTING_HUNKS_PENDING,rejected_hunks=1 rc=1,docs(acceptance): 闭合满意度实施计划导出链
157,41f92526919e8c18b11c04f188365be2105240ac,2026-08-30T10:17:20+08:00,codex/f-acc-001-sds,a91418bb0678726a3e68b58b7fc9b23b893ec437,F-ACC-002,specs/features/F-ACC-002-satisfaction-questionnaire-result-and-deliverable-sync.md,EXCLUDED_SOURCE_METADATA,regenerated after code replay,docs(acceptance): 闭合满意度实施计划导出链
158,6a552a288f94936eb71748c980fbc59ad1a04c4b,2026-08-30T10:22:31+08:00,codex/f-acc-001-sds,a5ca1cd15b64c2a5bce45a997f3ac5922df4b645,F-ACC-002,docs/superpowers/plans/2026-08-30-f-acc-002-satisfaction-questionnaire-result-deliverable-sync.md,EXCLUDED_SOURCE_METADATA,regenerated after code replay,docs(acceptance): 启动满意度Feature实施
158,6a552a288f94936eb71748c980fbc59ad1a04c4b,2026-08-30T10:22:31+08:00,codex/f-acc-001-sds,a5ca1cd15b64c2a5bce45a997f3ac5922df4b645,F-ACC-002,docs/traceability/requirement-matrix.md,EXCLUDED_SOURCE_METADATA,regenerated after code replay,docs(acceptance): 启动满意度Feature实施
158,6a552a288f94936eb71748c980fbc59ad1a04c4b,2026-08-30T10:22:31+08:00,codex/f-acc-001-sds,a5ca1cd15b64c2a5bce45a997f3ac5922df4b645,F-ACC-002,specs/features/F-ACC-002-satisfaction-questionnaire-result-and-deliverable-sync.md,EXCLUDED_SOURCE_METADATA,regenerated after code replay,docs(acceptance): 启动满意度Feature实施
158,6a552a288f94936eb71748c980fbc59ad1a04c4b,2026-08-30T10:22:31+08:00,codex/f-acc-001-sds,a5ca1cd15b64c2a5bce45a997f3ac5922df4b645,F-ACC-002,specs/features/README.md,EXCLUDED_SOURCE_METADATA,regenerated after code replay,docs(acceptance): 启动满意度Feature实施
158,6a552a288f94936eb71748c980fbc59ad1a04c4b,2026-08-30T10:22:31+08:00,codex/f-acc-001-sds,a5ca1cd15b64c2a5bce45a997f3ac5922df4b645,F-ACC-002,tasks/features/F-ACC-002.md,EXCLUDED_SOURCE_METADATA,regenerated after code replay,docs(acceptance): 启动满意度Feature实施
159,9561384bda94cbc9ce0616434f301d1886977b74,2026-08-30T10:26:30+08:00,codex/f-cut-001-matrices,4c06a905a4de27c1a803cd4c08528a4d82a326f5,F-ACC-001,pms-module-engineering/src/main/resources/mapper/arrivalacceptance/DeliveryEvidenceMapper.xml,APPLIED_NON_CONFLICTING_HUNKS,rejected_hunks=0 rc=0,fix(engineering): 收敛签收证据重试事务
159,9561384bda94cbc9ce0616434f301d1886977b74,2026-08-30T10:26:30+08:00,codex/f-cut-001-matrices,4c06a905a4de27c1a803cd4c08528a4d82a326f5,F-ACC-001,pms-module-engineering/src/test/java/cn/iocoder/yudao/module/pms/engineering/dal/mysql/arrivalacceptance/ArrivalAcceptanceMapperContractTest.java,CONFLICTING_HUNKS_PENDING,rejected_hunks=1 rc=1,fix(engineering): 收敛签收证据重试事务
159,9561384bda94cbc9ce0616434f301d1886977b74,2026-08-30T10:26:30+08:00,codex/f-cut-001-matrices,4c06a905a4de27c1a803cd4c08528a4d82a326f5,F-IMP-002,tasks/features/F-IMP-002.md,EXCLUDED_SOURCE_METADATA,regenerated after code replay,fix(engineering): 收敛签收证据重试事务
160,4f662853a2631ec4d63736f39c65e5a06dd42323,2026-08-30T10:31:17+08:00,codex/f-cut-001-matrices,375994372bf994b1846cc05ff1f1f9b44636d843,F-IMP-002,tasks/features/F-IMP-002.md,EXCLUDED_SOURCE_METADATA,regenerated after code replay,docs(engineering): 记录签收证据重试评审通过
161,a43ed4c1c7e7ecec2a2923aa3914fda566eb4e67,2026-08-30T10:52:11+08:00,codex/f-acc-001-sds,8145a86ca8bac4c94dfe046fea1d662d445cb4f8,UNMAPPED,pms-module-platform/src/main/java/cn/iocoder/yudao/module/pms/platform/controller/admin/export/ExportTaskController.java,CONFLICTING_HUNKS_PENDING,rejected_hunks=0 rc=1,feat(platform): 实现统一异步导出基础能力
161,a43ed4c1c7e7ecec2a2923aa3914fda566eb4e67,2026-08-30T10:52:11+08:00,codex/f-acc-001-sds,8145a86ca8bac4c94dfe046fea1d662d445cb4f8,UNMAPPED,pms-module-platform/src/main/java/cn/iocoder/yudao/module/pms/platform/service/export/ExportFileExpirationJob.java,APPLIED_ADD_ADD,current-semantic-superset,feat(platform): 实现统一异步导出基础能力
161,a43ed4c1c7e7ecec2a2923aa3914fda566eb4e67,2026-08-30T10:52:11+08:00,codex/f-acc-001-sds,8145a86ca8bac4c94dfe046fea1d662d445cb4f8,UNMAPPED,pms-module-platform/src/main/java/cn/iocoder/yudao/module/pms/platform/service/export/ExportTaskExecutionJob.java,APPLIED_ADD_ADD,current-semantic-superset,feat(platform): 实现统一异步导出基础能力
161,a43ed4c1c7e7ecec2a2923aa3914fda566eb4e67,2026-08-30T10:52:11+08:00,codex/f-acc-001-sds,8145a86ca8bac4c94dfe046fea1d662d445cb4f8,UNMAPPED,pms-module-platform/src/main/java/cn/iocoder/yudao/module/pms/platform/service/export/ExportTaskExecutionService.java,APPLIED_ADD_ADD,current-semantic-superset,feat(platform): 实现统一异步导出基础能力
161,a43ed4c1c7e7ecec2a2923aa3914fda566eb4e67,2026-08-30T10:52:11+08:00,codex/f-acc-001-sds,8145a86ca8bac4c94dfe046fea1d662d445cb4f8,UNMAPPED,pms-module-platform/src/main/java/cn/iocoder/yudao/module/pms/platform/service/export/PlatformExportFilePolicyProvider.java,APPLIED_ADD_ADD,current-semantic-superset,feat(platform): 实现统一异步导出基础能力
161,a43ed4c1c7e7ecec2a2923aa3914fda566eb4e67,2026-08-30T10:52:11+08:00,codex/f-acc-001-sds,8145a86ca8bac4c94dfe046fea1d662d445cb4f8,UNMAPPED,pms-module-platform/src/main/java/cn/iocoder/yudao/module/pms/platform/service/export/PlatformExportFileWriter.java,CONFLICTING_HUNKS_PENDING,rejected_hunks=0 rc=1,feat(platform): 实现统一异步导出基础能力
161,a43ed4c1c7e7ecec2a2923aa3914fda566eb4e67,2026-08-30T10:52:11+08:00,codex/f-acc-001-sds,8145a86ca8bac4c94dfe046fea1d662d445cb4f8,UNMAPPED,pms-module-project/src/test/java/cn/iocoder/yudao/module/pms/project/migration/Facc002MigrationContractTest.java,CONFLICTING_HUNKS_PENDING,rejected_hunks=0 rc=1,feat(platform): 实现统一异步导出基础能力
161,a43ed4c1c7e7ecec2a2923aa3914fda566eb4e67,2026-08-30T10:52:11+08:00,codex/f-acc-001-sds,8145a86ca8bac4c94dfe046fea1d662d445cb4f8,F-ACC-002,sql/migrations/V133__facc002_satisfaction_questionnaire_result_forward.sql,APPLIED_CODE_CHANGE,clean per-commit delta,feat(platform): 实现统一异步导出基础能力
162,ce0447ecb867b5478b95440482d998d773e006be,2026-08-30T11:04:54+08:00,codex/f-cut-001-matrices,69cf8f9419d92b4aec85693fcce19eee0057e4da,F-IMP-002,docs/traceability/requirement-matrix.md,EXCLUDED_SOURCE_METADATA,regenerated after code replay,feat(engineering): 实现到货签收项目事实查询
162,ce0447ecb867b5478b95440482d998d773e006be,2026-08-30T11:04:54+08:00,codex/f-cut-001-matrices,69cf8f9419d92b4aec85693fcce19eee0057e4da,F-IMP-002,pms-module-engineering/src/main/java/cn/iocoder/yudao/module/pms/engineering/api/arrival/ArrivalAcceptanceFactApiImpl.java,CONFLICTING_HUNKS_PENDING,rejected_hunks=0 rc=1,feat(engineering): 实现到货签收项目事实查询
162,ce0447ecb867b5478b95440482d998d773e006be,2026-08-30T11:04:54+08:00,codex/f-cut-001-matrices,69cf8f9419d92b4aec85693fcce19eee0057e4da,F-ACC-001,pms-module-engineering/src/main/java/cn/iocoder/yudao/module/pms/engineering/dal/mysql/arrivalacceptance/ArrivalAcceptanceMapper.java,CONFLICTING_HUNKS_PENDING,rejected_hunks=1 rc=1,feat(engineering): 实现到货签收项目事实查询
162,ce0447ecb867b5478b95440482d998d773e006be,2026-08-30T11:04:54+08:00,codex/f-cut-001-matrices,69cf8f9419d92b4aec85693fcce19eee0057e4da,F-ACC-001,pms-module-engineering/src/main/java/cn/iocoder/yudao/module/pms/engineering/dal/mysql/arrivalacceptance/ArrivalDifferenceMapper.java,CONFLICTING_HUNKS_PENDING,rejected_hunks=1 rc=1,feat(engineering): 实现到货签收项目事实查询
162,ce0447ecb867b5478b95440482d998d773e006be,2026-08-30T11:04:54+08:00,codex/f-cut-001-matrices,69cf8f9419d92b4aec85693fcce19eee0057e4da,F-ACC-001,pms-module-engineering/src/main/resources/mapper/arrivalacceptance/ArrivalLineMapper.xml,APPLIED_CODE_CHANGE,clean per-commit delta,feat(engineering): 实现到货签收项目事实查询
162,ce0447ecb867b5478b95440482d998d773e006be,2026-08-30T11:04:54+08:00,codex/f-cut-001-matrices,69cf8f9419d92b4aec85693fcce19eee0057e4da,F-IMP-002,pms-module-engineering/src/test/java/cn/iocoder/yudao/module/pms/engineering/api/arrival/ArrivalAcceptanceFactApiImplTest.java,CONFLICTING_HUNKS_PENDING,rejected_hunks=0 rc=1,feat(engineering): 实现到货签收项目事实查询
162,ce0447ecb867b5478b95440482d998d773e006be,2026-08-30T11:04:54+08:00,codex/f-cut-001-matrices,69cf8f9419d92b4aec85693fcce19eee0057e4da,F-IMP-002,pms-module-engineering/src/test/java/cn/iocoder/yudao/module/pms/engineering/api/arrival/ArrivalAcceptanceFactApiMySqlTest.java,CONFLICTING_HUNKS_PENDING,rejected_hunks=0 rc=1,feat(engineering): 实现到货签收项目事实查询
162,ce0447ecb867b5478b95440482d998d773e006be,2026-08-30T11:04:54+08:00,codex/f-cut-001-matrices,69cf8f9419d92b4aec85693fcce19eee0057e4da,F-ACC-001,pms-module-engineering/src/test/java/cn/iocoder/yudao/module/pms/engineering/dal/mysql/arrivalacceptance/ArrivalAcceptanceMapperContractTest.java,CONFLICTING_HUNKS_PENDING,rejected_hunks=1 rc=1,feat(engineering): 实现到货签收项目事实查询
162,ce0447ecb867b5478b95440482d998d773e006be,2026-08-30T11:04:54+08:00,codex/f-cut-001-matrices,69cf8f9419d92b4aec85693fcce19eee0057e4da,F-IMP-002,specs/features/F-IMP-002-arrival-fact-contract.json,EXCLUDED_SOURCE_METADATA,regenerated after code replay,feat(engineering): 实现到货签收项目事实查询
162,ce0447ecb867b5478b95440482d998d773e006be,2026-08-30T11:04:54+08:00,codex/f-cut-001-matrices,69cf8f9419d92b4aec85693fcce19eee0057e4da,F-IMP-002,specs/features/F-IMP-002-physical-contract.json,EXCLUDED_SOURCE_METADATA,regenerated after code replay,feat(engineering): 实现到货签收项目事实查询
162,ce0447ecb867b5478b95440482d998d773e006be,2026-08-30T11:04:54+08:00,codex/f-cut-001-matrices,69cf8f9419d92b4aec85693fcce19eee0057e4da,F-IMP-002,tasks/features/F-IMP-002.md,EXCLUDED_SOURCE_METADATA,regenerated after code replay,feat(engineering): 实现到货签收项目事实查询
163,dfcc224c842a59addc0f0ddcc6373b49a664cb2a,2026-08-30T11:25:28+08:00,codex/f-cut-001-matrices,ff05b8154615d6cc74cb374afe5ee43abbdfad79,F-IMP-002,pms-module-engineering/src/main/java/cn/iocoder/yudao/module/pms/engineering/api/arrival/ArrivalAcceptanceFactApiImpl.java,CONFLICTING_HUNKS_PENDING,rejected_hunks=1 rc=1,fix(engineering): 收敛到货事实范围与陈旧判定
163,dfcc224c842a59addc0f0ddcc6373b49a664cb2a,2026-08-30T11:25:28+08:00,codex/f-cut-001-matrices,ff05b8154615d6cc74cb374afe5ee43abbdfad79,F-ACC-001,pms-module-engineering/src/main/java/cn/iocoder/yudao/module/pms/engineering/service/arrivalacceptance/port/DeliveryScopePort.java,CONFLICTING_HUNKS_PENDING,rejected_hunks=1 rc=1,fix(engineering): 收敛到货事实范围与陈旧判定
163,dfcc224c842a59addc0f0ddcc6373b49a664cb2a,2026-08-30T11:25:28+08:00,codex/f-cut-001-matrices,ff05b8154615d6cc74cb374afe5ee43abbdfad79,F-ACC-001,pms-module-engineering/src/main/java/cn/iocoder/yudao/module/pms/engineering/service/arrivalacceptance/port/DeviceScopeFactPort.java,CONFLICTING_HUNKS_PENDING,rejected_hunks=1 rc=1,fix(engineering): 收敛到货事实范围与陈旧判定
163,dfcc224c842a59addc0f0ddcc6373b49a664cb2a,2026-08-30T11:25:28+08:00,codex/f-cut-001-matrices,ff05b8154615d6cc74cb374afe5ee43abbdfad79,F-ACC-001,pms-module-engineering/src/main/java/cn/iocoder/yudao/module/pms/engineering/service/arrivalacceptance/port/OwnerFactVersionMismatchException.java,APPLIED_ADD_ADD,current-semantic-superset,fix(engineering): 收敛到货事实范围与陈旧判定
163,dfcc224c842a59addc0f0ddcc6373b49a664cb2a,2026-08-30T11:25:28+08:00,codex/f-cut-001-matrices,ff05b8154615d6cc74cb374afe5ee43abbdfad79,F-IMP-002,pms-module-engineering/src/test/java/cn/iocoder/yudao/module/pms/engineering/api/arrival/ArrivalAcceptanceFactApiImplTest.java,APPLIED_NON_CONFLICTING_HUNKS,rejected_hunks=1 rc=1,fix(engineering): 收敛到货事实范围与陈旧判定
163,dfcc224c842a59addc0f0ddcc6373b49a664cb2a,2026-08-30T11:25:28+08:00,codex/f-cut-001-matrices,ff05b8154615d6cc74cb374afe5ee43abbdfad79,F-IMP-002,tasks/features/F-IMP-002.md,EXCLUDED_SOURCE_METADATA,regenerated after code replay,fix(engineering): 收敛到货事实范围与陈旧判定
164,b45678d6f790020dde6fa21b2c0c0301c5d47975,2026-08-30T11:29:37+08:00,codex/f-cut-001-matrices,66eb0cdc5c8aba38290232352fcd8c1499af2855,F-IMP-002,tasks/features/F-IMP-002.md,EXCLUDED_SOURCE_METADATA,regenerated after code replay,docs(engineering): 记录到货事实查询评审通过
165,1cb0461f3424a2ae7fd573d5dd43d0cd8252fe54,2026-08-30T11:37:37+08:00,codex/f-acc-001-sds,fe92fdc1f0108901c641b2cc590d8771312931e4,F-ACC-002,pms-module-project/pms-module-project-api/src/main/java/cn/iocoder/yudao/module/pms/project/api/satisfaction/dto/SatisfactionResultFactQuery.java,CONFLICTING_HUNKS_PENDING,rejected_hunks=0 rc=1,feat(acceptance): 初始化满意度采集任务
165,1cb0461f3424a2ae7fd573d5dd43d0cd8252fe54,2026-08-30T11:37:37+08:00,codex/f-acc-001-sds,fe92fdc1f0108901c641b2cc590d8771312931e4,F-ACC-002,pms-module-project/pms-module-project-api/src/main/java/cn/iocoder/yudao/module/pms/project/api/workbinding/ProjectWorkBindingFactApi.java,CONFLICTING_HUNKS_PENDING,rejected_hunks=1 rc=1,feat(acceptance): 初始化满意度采集任务
165,1cb0461f3424a2ae7fd573d5dd43d0cd8252fe54,2026-08-30T11:37:37+08:00,codex/f-acc-001-sds,fe92fdc1f0108901c641b2cc590d8771312931e4,F-ACC-002,pms-module-project/src/main/java/cn/iocoder/yudao/module/pms/project/api/acceptanceactivity/AcceptanceActivityCompletionFactApiImpl.java,CONFLICTING_HUNKS_PENDING,rejected_hunks=1 rc=1,feat(acceptance): 初始化满意度采集任务
165,1cb0461f3424a2ae7fd573d5dd43d0cd8252fe54,2026-08-30T11:37:37+08:00,codex/f-acc-001-sds,fe92fdc1f0108901c641b2cc590d8771312931e4,F-ACC-002,pms-module-project/src/main/java/cn/iocoder/yudao/module/pms/project/api/satisfaction/SatisfactionTaskInitializationApiImpl.java,APPLIED_ADD_ADD,current-semantic-superset,feat(acceptance): 初始化满意度采集任务
165,1cb0461f3424a2ae7fd573d5dd43d0cd8252fe54,2026-08-30T11:37:37+08:00,codex/f-acc-001-sds,fe92fdc1f0108901c641b2cc590d8771312931e4,F-ACC-002,pms-module-project/src/main/java/cn/iocoder/yudao/module/pms/project/api/workbinding/ProjectWorkBindingFactApiImpl.java,CONFLICTING_HUNKS_PENDING,rejected_hunks=1 rc=1,feat(acceptance): 初始化满意度采集任务
165,1cb0461f3424a2ae7fd573d5dd43d0cd8252fe54,2026-08-30T11:37:37+08:00,codex/f-acc-001-sds,fe92fdc1f0108901c641b2cc590d8771312931e4,F-ACC-002,pms-module-project/src/main/java/cn/iocoder/yudao/module/pms/project/dal/mysql/satisfaction/SatisfactionCollectionTaskMapper.java,APPLIED_ADD_ADD,current-semantic-superset,feat(acceptance): 初始化满意度采集任务
165,1cb0461f3424a2ae7fd573d5dd43d0cd8252fe54,2026-08-30T11:37:37+08:00,codex/f-acc-001-sds,fe92fdc1f0108901c641b2cc590d8771312931e4,F-ACC-002,pms-module-project/src/main/java/cn/iocoder/yudao/module/pms/project/dal/mysql/satisfaction/SatisfactionQuestionnaireMapper.java,APPLIED_ADD_ADD,current-semantic-superset,feat(acceptance): 初始化满意度采集任务
165,1cb0461f3424a2ae7fd573d5dd43d0cd8252fe54,2026-08-30T11:37:37+08:00,codex/f-acc-001-sds,fe92fdc1f0108901c641b2cc590d8771312931e4,F-ACC-002,pms-module-project/src/main/java/cn/iocoder/yudao/module/pms/project/dal/mysql/satisfaction/SatisfactionQuestionnaireTemplateMapper.java,APPLIED_ADD_ADD,current-semantic-superset,feat(acceptance): 初始化满意度采集任务
165,1cb0461f3424a2ae7fd573d5dd43d0cd8252fe54,2026-08-30T11:37:37+08:00,codex/f-acc-001-sds,fe92fdc1f0108901c641b2cc590d8771312931e4,F-ACC-002,pms-module-project/src/main/java/cn/iocoder/yudao/module/pms/project/dal/mysql/satisfaction/SatisfactionQuestionnaireTemplateRevisionMapper.java,APPLIED_ADD_ADD,current-semantic-superset,feat(acceptance): 初始化满意度采集任务
165,1cb0461f3424a2ae7fd573d5dd43d0cd8252fe54,2026-08-30T11:37:37+08:00,codex/f-acc-001-sds,fe92fdc1f0108901c641b2cc590d8771312931e4,F-ACC-002,pms-module-project/src/main/java/cn/iocoder/yudao/module/pms/project/dal/mysql/taskworkbench/ProjectWorkBindingFactMapper.java,CONFLICTING_HUNKS_PENDING,rejected_hunks=1 rc=1,feat(acceptance): 初始化满意度采集任务
165,1cb0461f3424a2ae7fd573d5dd43d0cd8252fe54,2026-08-30T11:37:37+08:00,codex/f-acc-001-sds,fe92fdc1f0108901c641b2cc590d8771312931e4,F-ACC-002,pms-module-project/src/main/resources/mapper/satisfaction/SatisfactionCollectionTaskMapper.xml,APPLIED_ADD_ADD,current-semantic-superset,feat(acceptance): 初始化满意度采集任务
165,1cb0461f3424a2ae7fd573d5dd43d0cd8252fe54,2026-08-30T11:37:37+08:00,codex/f-acc-001-sds,fe92fdc1f0108901c641b2cc590d8771312931e4,F-ACC-002,pms-module-project/src/main/resources/mapper/satisfaction/SatisfactionQuestionnaireTemplateMapper.xml,APPLIED_ADD_ADD,current-semantic-superset,feat(acceptance): 初始化满意度采集任务
165,1cb0461f3424a2ae7fd573d5dd43d0cd8252fe54,2026-08-30T11:37:37+08:00,codex/f-acc-001-sds,fe92fdc1f0108901c641b2cc590d8771312931e4,F-ACC-002,pms-module-project/src/main/resources/mapper/satisfaction/SatisfactionQuestionnaireTemplateRevisionMapper.xml,APPLIED_ADD_ADD,current-semantic-superset,feat(acceptance): 初始化满意度采集任务
165,1cb0461f3424a2ae7fd573d5dd43d0cd8252fe54,2026-08-30T11:37:37+08:00,codex/f-acc-001-sds,fe92fdc1f0108901c641b2cc590d8771312931e4,F-ACC-002,pms-module-project/src/main/resources/mapper/taskworkbench/ProjectWorkBindingFactMapper.xml,CONFLICTING_HUNKS_PENDING,rejected_hunks=1 rc=1,feat(acceptance): 初始化满意度采集任务
165,1cb0461f3424a2ae7fd573d5dd43d0cd8252fe54,2026-08-30T11:37:37+08:00,codex/f-acc-001-sds,fe92fdc1f0108901c641b2cc590d8771312931e4,F-ACC-002,pms-module-project/src/test/java/cn/iocoder/yudao/module/pms/project/api/acceptanceactivity/AcceptanceActivityCompletionFactApiImplTest.java,CONFLICTING_HUNKS_PENDING,rejected_hunks=1 rc=1,feat(acceptance): 初始化满意度采集任务
165,1cb0461f3424a2ae7fd573d5dd43d0cd8252fe54,2026-08-30T11:37:37+08:00,codex/f-acc-001-sds,fe92fdc1f0108901c641b2cc590d8771312931e4,F-ACC-002,pms-module-project/src/test/java/cn/iocoder/yudao/module/pms/project/api/satisfaction/SatisfactionTaskInitializationApiImplTest.java,CONFLICTING_HUNKS_PENDING,rejected_hunks=0 rc=1,feat(acceptance): 初始化满意度采集任务
165,1cb0461f3424a2ae7fd573d5dd43d0cd8252fe54,2026-08-30T11:37:37+08:00,codex/f-acc-001-sds,fe92fdc1f0108901c641b2cc590d8771312931e4,F-ACC-002,pms-module-project/src/test/java/cn/iocoder/yudao/module/pms/project/api/workbinding/ProjectWorkBindingFactApiImplTest.java,CONFLICTING_HUNKS_PENDING,rejected_hunks=1 rc=1,feat(acceptance): 初始化满意度采集任务
165,1cb0461f3424a2ae7fd573d5dd43d0cd8252fe54,2026-08-30T11:37:37+08:00,codex/f-acc-001-sds,fe92fdc1f0108901c641b2cc590d8771312931e4,F-ACC-002,pms-module-project/src/test/java/cn/iocoder/yudao/module/pms/project/migration/Facc002MigrationContractTest.java,CONFLICTING_HUNKS_PENDING,rejected_hunks=1 rc=1,feat(acceptance): 初始化满意度采集任务
165,1cb0461f3424a2ae7fd573d5dd43d0cd8252fe54,2026-08-30T11:37:37+08:00,codex/f-acc-001-sds,fe92fdc1f0108901c641b2cc590d8771312931e4,F-ACC-002,sql/migrations/V133__facc002_satisfaction_questionnaire_result_forward.sql,APPLIED_CODE_CHANGE,clean per-commit delta,feat(acceptance): 初始化满意度采集任务
166,fab9e06f98d446acc138499c14eae908037f3d9c,2026-08-30T11:41:30+08:00,codex/f-acc-001-sds,94f0aa406ff5cccb90f1c2bb7a639aab5b1b1bb5,F-ACC-002,pms-module-project/src/main/java/cn/iocoder/yudao/module/pms/project/api/satisfaction/SatisfactionResultFactApiImpl.java,CONFLICTING_HUNKS_PENDING,rejected_hunks=0 rc=1,feat(acceptance): 提供满意度结果Owner事实
166,fab9e06f98d446acc138499c14eae908037f3d9c,2026-08-30T11:41:30+08:00,codex/f-acc-001-sds,94f0aa406ff5cccb90f1c2bb7a639aab5b1b1bb5,F-ACC-002,pms-module-project/src/main/java/cn/iocoder/yudao/module/pms/project/dal/mysql/satisfaction/SatisfactionResultMapper.java,APPLIED_ADD_ADD,current-semantic-superset,feat(acceptance): 提供满意度结果Owner事实
166,fab9e06f98d446acc138499c14eae908037f3d9c,2026-08-30T11:41:30+08:00,codex/f-acc-001-sds,94f0aa406ff5cccb90f1c2bb7a639aab5b1b1bb5,F-ACC-002,pms-module-project/src/main/resources/mapper/satisfaction/SatisfactionResultMapper.xml,APPLIED_ADD_ADD,current-semantic-superset,feat(acceptance): 提供满意度结果Owner事实
167,a276347d44fa062ee6ee10d95a8e83e3e3a73d4d,2026-08-30T11:48:54+08:00,codex/f-acc-001-sds,abc2b9200c35b2f62338208a18c4ca7675094a16,F-ACC-002,pms-module-project/src/main/java/cn/iocoder/yudao/module/pms/project/controller/admin/satisfaction/SatisfactionQuestionnairePublicController.java,CONFLICTING_HUNKS_PENDING,rejected_hunks=0 rc=1,feat(acceptance): 提供满意度受控访问链接
167,a276347d44fa062ee6ee10d95a8e83e3e3a73d4d,2026-08-30T11:48:54+08:00,codex/f-acc-001-sds,abc2b9200c35b2f62338208a18c4ca7675094a16,F-ACC-002,pms-module-project/src/main/java/cn/iocoder/yudao/module/pms/project/controller/admin/satisfaction/SatisfactionTaskController.java,CONFLICTING_HUNKS_PENDING,rejected_hunks=0 rc=1,feat(acceptance): 提供满意度受控访问链接
167,a276347d44fa062ee6ee10d95a8e83e3e3a73d4d,2026-08-30T11:48:54+08:00,codex/f-acc-001-sds,abc2b9200c35b2f62338208a18c4ca7675094a16,F-ACC-002,pms-module-project/src/main/java/cn/iocoder/yudao/module/pms/project/dal/mysql/satisfaction/SatisfactionAccessGrantMapper.java,APPLIED_ADD_ADD,current-semantic-superset,feat(acceptance): 提供满意度受控访问链接
167,a276347d44fa062ee6ee10d95a8e83e3e3a73d4d,2026-08-30T11:48:54+08:00,codex/f-acc-001-sds,abc2b9200c35b2f62338208a18c4ca7675094a16,F-ACC-002,pms-module-project/src/main/java/cn/iocoder/yudao/module/pms/project/service/satisfaction/SatisfactionAccessGrantService.java,CONFLICTING_HUNKS_PENDING,rejected_hunks=0 rc=1,feat(acceptance): 提供满意度受控访问链接
167,a276347d44fa062ee6ee10d95a8e83e3e3a73d4d,2026-08-30T11:48:54+08:00,codex/f-acc-001-sds,abc2b9200c35b2f62338208a18c4ca7675094a16,F-ACC-002,pms-module-project/src/main/resources/mapper/satisfaction/SatisfactionAccessGrantMapper.xml,APPLIED_ADD_ADD,current-semantic-superset,feat(acceptance): 提供满意度受控访问链接
168,120605575c50667d93fa4b39fda200050f9ea19d,2026-08-30T11:54:12+08:00,codex/f-acc-001-sds,5313e8641487814d3a059694a5dea62587abe6ee,F-ACC-002,pms-module-project/src/main/java/cn/iocoder/yudao/module/pms/project/dal/mysql/satisfaction/SatisfactionCollectionTaskMapper.java,CONFLICTING_HUNKS_PENDING,rejected_hunks=1 rc=1,feat(acceptance): 持久化满意度不可变答卷
168,120605575c50667d93fa4b39fda200050f9ea19d,2026-08-30T11:54:12+08:00,codex/f-acc-001-sds,5313e8641487814d3a059694a5dea62587abe6ee,F-ACC-002,pms-module-project/src/main/java/cn/iocoder/yudao/module/pms/project/dal/mysql/satisfaction/SatisfactionResponseFileMapper.java,CONFLICTING_HUNKS_PENDING,rejected_hunks=0 rc=1,feat(acceptance): 持久化满意度不可变答卷
168,120605575c50667d93fa4b39fda200050f9ea19d,2026-08-30T11:54:12+08:00,codex/f-acc-001-sds,5313e8641487814d3a059694a5dea62587abe6ee,F-ACC-002,pms-module-project/src/main/java/cn/iocoder/yudao/module/pms/project/dal/mysql/satisfaction/SatisfactionResponseMapper.java,APPLIED_ADD_ADD,current-semantic-superset,feat(acceptance): 持久化满意度不可变答卷
168,120605575c50667d93fa4b39fda200050f9ea19d,2026-08-30T11:54:12+08:00,codex/f-acc-001-sds,5313e8641487814d3a059694a5dea62587abe6ee,F-ACC-002,pms-module-project/src/main/java/cn/iocoder/yudao/module/pms/project/service/satisfaction/SatisfactionResponseSubmissionService.java,CONFLICTING_HUNKS_PENDING,rejected_hunks=0 rc=1,feat(acceptance): 持久化满意度不可变答卷
168,120605575c50667d93fa4b39fda200050f9ea19d,2026-08-30T11:54:12+08:00,codex/f-acc-001-sds,5313e8641487814d3a059694a5dea62587abe6ee,F-ACC-002,pms-module-project/src/main/resources/mapper/satisfaction/SatisfactionCollectionTaskMapper.xml,CONFLICTING_HUNKS_PENDING,rejected_hunks=1 rc=1,feat(acceptance): 持久化满意度不可变答卷
168,120605575c50667d93fa4b39fda200050f9ea19d,2026-08-30T11:54:12+08:00,codex/f-acc-001-sds,5313e8641487814d3a059694a5dea62587abe6ee,F-ACC-002,pms-module-project/src/main/resources/mapper/satisfaction/SatisfactionResponseMapper.xml,APPLIED_ADD_ADD,current-semantic-superset,feat(acceptance): 持久化满意度不可变答卷
168,120605575c50667d93fa4b39fda200050f9ea19d,2026-08-30T11:54:12+08:00,codex/f-acc-001-sds,5313e8641487814d3a059694a5dea62587abe6ee,F-ACC-002,pms-module-project/src/test/java/cn/iocoder/yudao/module/pms/project/service/satisfaction/SatisfactionResponseSubmissionServiceTest.java,CONFLICTING_HUNKS_PENDING,rejected_hunks=0 rc=1,feat(acceptance): 持久化满意度不可变答卷
169,337757b39d38abc0493c1374b192ce8c000ed110,2026-08-30T11:54:38+08:00,codex/f-cut-001-matrices,27c6eba228a02356fc6c6d527e3df61002adf2b6,F-IMP-002,docs/decisions/open-questions.md,EXCLUDED_SOURCE_METADATA,regenerated after code replay,docs(engineering): 补全到货签收 REST 机器契约
169,337757b39d38abc0493c1374b192ce8c000ed110,2026-08-30T11:54:38+08:00,codex/f-cut-001-matrices,27c6eba228a02356fc6c6d527e3df61002adf2b6,F-IMP-002,docs/design/05-state-machine.md,EXCLUDED_SOURCE_METADATA,regenerated after code replay,docs(engineering): 补全到货签收 REST 机器契约
169,337757b39d38abc0493c1374b192ce8c000ed110,2026-08-30T11:54:38+08:00,codex/f-cut-001-matrices,27c6eba228a02356fc6c6d527e3df61002adf2b6,F-IMP-002,docs/design/09-database-design.md,EXCLUDED_SOURCE_METADATA,regenerated after code replay,docs(engineering): 补全到货签收 REST 机器契约
169,337757b39d38abc0493c1374b192ce8c000ed110,2026-08-30T11:54:38+08:00,codex/f-cut-001-matrices,27c6eba228a02356fc6c6d527e3df61002adf2b6,F-IMP-002,docs/design/10-api-design.md,EXCLUDED_SOURCE_METADATA,regenerated after code replay,docs(engineering): 补全到货签收 REST 机器契约
169,337757b39d38abc0493c1374b192ce8c000ed110,2026-08-30T11:54:38+08:00,codex/f-cut-001-matrices,27c6eba228a02356fc6c6d527e3df61002adf2b6,F-IMP-002,specs/features/F-IMP-002-arrival-acceptance.md,EXCLUDED_SOURCE_METADATA,regenerated after code replay,docs(engineering): 补全到货签收 REST 机器契约
169,337757b39d38abc0493c1374b192ce8c000ed110,2026-08-30T11:54:38+08:00,codex/f-cut-001-matrices,27c6eba228a02356fc6c6d527e3df61002adf2b6,F-IMP-002,specs/features/F-IMP-002-physical-contract.json,EXCLUDED_SOURCE_METADATA,regenerated after code replay,docs(engineering): 补全到货签收 REST 机器契约
169,337757b39d38abc0493c1374b192ce8c000ed110,2026-08-30T11:54:38+08:00,codex/f-cut-001-matrices,27c6eba228a02356fc6c6d527e3df61002adf2b6,F-IMP-002,specs/features/F-IMP-002-rest-api-contract.json,EXCLUDED_SOURCE_METADATA,regenerated after code replay,docs(engineering): 补全到货签收 REST 机器契约
169,337757b39d38abc0493c1374b192ce8c000ed110,2026-08-30T11:54:38+08:00,codex/f-cut-001-matrices,27c6eba228a02356fc6c6d527e3df61002adf2b6,F-IMP-002,tasks/features/F-IMP-002.md,EXCLUDED_SOURCE_METADATA,regenerated after code replay,docs(engineering): 补全到货签收 REST 机器契约
170,88c322fa2306a88c88e00903a85a9acfd51897fa,2026-08-30T12:05:57+08:00,codex/f-acc-001-sds,593f4df319f5c73af57b22d27fef75765203a7c1,UNMAPPED,docs/design/10-api-design.md,EXCLUDED_SOURCE_METADATA,regenerated after code replay,docs(acceptance): 锁定Result文件Owner身份
171,b9c0686a161547a1610b9e48f26023303b8ef784,2026-08-30T12:11:34+08:00,codex/f-acc-001-sds,f04e0a2e29370cfd9f8811ec2729881e33947fe4,UNMAPPED,pms-module-platform/pms-module-platform-api/src/main/java/cn/iocoder/yudao/module/pms/platform/api/file/FileBusinessObjectPolicyProvider.java,CONFLICTING_HUNKS_PENDING,rejected_hunks=1 rc=1,feat(acceptance): 实现Result文件Owner重验
171,b9c0686a161547a1610b9e48f26023303b8ef784,2026-08-30T12:11:34+08:00,codex/f-acc-001-sds,f04e0a2e29370cfd9f8811ec2729881e33947fe4,UNMAPPED,pms-module-platform/src/main/java/cn/iocoder/yudao/module/pms/platform/service/file/FileBusinessObjectPolicyRegistry.java,CONFLICTING_HUNKS_PENDING,rejected_hunks=1 rc=1,feat(acceptance): 实现Result文件Owner重验
171,b9c0686a161547a1610b9e48f26023303b8ef784,2026-08-30T12:11:34+08:00,codex/f-acc-001-sds,f04e0a2e29370cfd9f8811ec2729881e33947fe4,F-ACC-002,pms-module-project/src/main/java/cn/iocoder/yudao/module/pms/project/dal/mysql/satisfaction/SatisfactionResultMapper.java,CONFLICTING_HUNKS_PENDING,rejected_hunks=1 rc=1,feat(acceptance): 实现Result文件Owner重验
171,b9c0686a161547a1610b9e48f26023303b8ef784,2026-08-30T12:11:34+08:00,codex/f-acc-001-sds,f04e0a2e29370cfd9f8811ec2729881e33947fe4,F-ACC-002,pms-module-project/src/main/java/cn/iocoder/yudao/module/pms/project/service/satisfaction/SatisfactionResultFilePolicyProvider.java,CONFLICTING_HUNKS_PENDING,rejected_hunks=0 rc=1,feat(acceptance): 实现Result文件Owner重验
171,b9c0686a161547a1610b9e48f26023303b8ef784,2026-08-30T12:11:34+08:00,codex/f-acc-001-sds,f04e0a2e29370cfd9f8811ec2729881e33947fe4,F-ACC-002,pms-module-project/src/main/resources/mapper/satisfaction/SatisfactionResultMapper.xml,CONFLICTING_HUNKS_PENDING,rejected_hunks=1 rc=1,feat(acceptance): 实现Result文件Owner重验
171,b9c0686a161547a1610b9e48f26023303b8ef784,2026-08-30T12:11:34+08:00,codex/f-acc-001-sds,f04e0a2e29370cfd9f8811ec2729881e33947fe4,F-ACC-002,pms-module-project/src/test/java/cn/iocoder/yudao/module/pms/project/service/satisfaction/SatisfactionResultFilePolicyProviderTest.java,APPLIED_ADD_ADD,current-semantic-superset,feat(acceptance): 实现Result文件Owner重验
172,856f458b35e76c2bcd6bd6961fefb18cefcc1691,2026-08-30T12:15:20+08:00,codex/f-cut-001-matrices,6b46e90ab64f38dc1742456151c2be1f4fc01d3a,F-IMP-002,docs/decisions/open-questions.md,EXCLUDED_SOURCE_METADATA,regenerated after code replay,docs(engineering): 收敛到货签收 Task 5B 契约
172,856f458b35e76c2bcd6bd6961fefb18cefcc1691,2026-08-30T12:15:20+08:00,codex/f-cut-001-matrices,6b46e90ab64f38dc1742456151c2be1f4fc01d3a,F-IMP-002,docs/design/05-state-machine.md,EXCLUDED_SOURCE_METADATA,regenerated after code replay,docs(engineering): 收敛到货签收 Task 5B 契约
172,856f458b35e76c2bcd6bd6961fefb18cefcc1691,2026-08-30T12:15:20+08:00,codex/f-cut-001-matrices,6b46e90ab64f38dc1742456151c2be1f4fc01d3a,F-IMP-002,docs/design/09-database-design.md,EXCLUDED_SOURCE_METADATA,regenerated after code replay,docs(engineering): 收敛到货签收 Task 5B 契约
172,856f458b35e76c2bcd6bd6961fefb18cefcc1691,2026-08-30T12:15:20+08:00,codex/f-cut-001-matrices,6b46e90ab64f38dc1742456151c2be1f4fc01d3a,F-IMP-002,docs/design/10-api-design.md,EXCLUDED_SOURCE_METADATA,regenerated after code replay,docs(engineering): 收敛到货签收 Task 5B 契约
172,856f458b35e76c2bcd6bd6961fefb18cefcc1691,2026-08-30T12:15:20+08:00,codex/f-cut-001-matrices,6b46e90ab64f38dc1742456151c2be1f4fc01d3a,F-IMP-002,specs/features/F-IMP-002-arrival-acceptance.md,EXCLUDED_SOURCE_METADATA,regenerated after code replay,docs(engineering): 收敛到货签收 Task 5B 契约
172,856f458b35e76c2bcd6bd6961fefb18cefcc1691,2026-08-30T12:15:20+08:00,codex/f-cut-001-matrices,6b46e90ab64f38dc1742456151c2be1f4fc01d3a,F-IMP-002,specs/features/F-IMP-002-physical-contract.json,EXCLUDED_SOURCE_METADATA,regenerated after code replay,docs(engineering): 收敛到货签收 Task 5B 契约
172,856f458b35e76c2bcd6bd6961fefb18cefcc1691,2026-08-30T12:15:20+08:00,codex/f-cut-001-matrices,6b46e90ab64f38dc1742456151c2be1f4fc01d3a,F-IMP-002,specs/features/F-IMP-002-rest-api-contract.json,EXCLUDED_SOURCE_METADATA,regenerated after code replay,docs(engineering): 收敛到货签收 Task 5B 契约
172,856f458b35e76c2bcd6bd6961fefb18cefcc1691,2026-08-30T12:15:20+08:00,codex/f-cut-001-matrices,6b46e90ab64f38dc1742456151c2be1f4fc01d3a,F-IMP-002,tasks/features/F-IMP-002.md,EXCLUDED_SOURCE_METADATA,regenerated after code replay,docs(engineering): 收敛到货签收 Task 5B 契约
173,369c92bd21e9c14b94fc653c08d9070e535dce22,2026-08-30T12:21:42+08:00,codex/f-acc-001-sds,cd1ebdc37d4959e4b9d87f96b8c292134f31d826,UNMAPPED,pms-module-platform/pms-module-platform-api/src/main/java/cn/iocoder/yudao/module/pms/platform/api/file/FileArtifactApi.java,CONFLICTING_HUNKS_PENDING,rejected_hunks=1 rc=1,feat(platform): 支持Result生成文件原子持久化
173,369c92bd21e9c14b94fc653c08d9070e535dce22,2026-08-30T12:21:42+08:00,codex/f-acc-001-sds,cd1ebdc37d4959e4b9d87f96b8c292134f31d826,UNMAPPED,pms-module-platform/src/main/java/cn/iocoder/yudao/module/pms/platform/dal/mysql/file/FileUploadSessionMapper.java,CONFLICTING_HUNKS_PENDING,rejected_hunks=1 rc=1,feat(platform): 支持Result生成文件原子持久化
173,369c92bd21e9c14b94fc653c08d9070e535dce22,2026-08-30T12:21:42+08:00,codex/f-acc-001-sds,cd1ebdc37d4959e4b9d87f96b8c292134f31d826,UNMAPPED,pms-module-platform/src/main/java/cn/iocoder/yudao/module/pms/platform/service/file/FileArtifactApiImpl.java,CONFLICTING_HUNKS_PENDING,rejected_hunks=1 rc=1,feat(platform): 支持Result生成文件原子持久化
173,369c92bd21e9c14b94fc653c08d9070e535dce22,2026-08-30T12:21:42+08:00,codex/f-acc-001-sds,cd1ebdc37d4959e4b9d87f96b8c292134f31d826,UNMAPPED,pms-module-platform/src/test/java/cn/iocoder/yudao/module/pms/platform/file/FileArtifactApiImplTest.java,CONFLICTING_HUNKS_PENDING,rejected_hunks=1 rc=1,feat(platform): 支持Result生成文件原子持久化
173,369c92bd21e9c14b94fc653c08d9070e535dce22,2026-08-30T12:21:42+08:00,codex/f-acc-001-sds,cd1ebdc37d4959e4b9d87f96b8c292134f31d826,UNMAPPED,pms-module-platform/src/test/java/cn/iocoder/yudao/module/pms/platform/file/FileContractAndMapperTest.java,CONFLICTING_HUNKS_PENDING,rejected_hunks=1 rc=1,feat(platform): 支持Result生成文件原子持久化
174,dbf62b8fda6426976268c5c507ab7fa7e7b3dd39,2026-08-30T12:23:19+08:00,codex/f-cut-001-matrices,f30a0406cafa4cc3e1816d69b45fd4e67e115779,F-IMP-002,docs/design/10-api-design.md,EXCLUDED_SOURCE_METADATA,regenerated after code replay,docs(engineering): 固化到货签收 wire 类型
174,dbf62b8fda6426976268c5c507ab7fa7e7b3dd39,2026-08-30T12:23:19+08:00,codex/f-cut-001-matrices,f30a0406cafa4cc3e1816d69b45fd4e67e115779,F-IMP-002,specs/features/F-IMP-002-arrival-acceptance.md,EXCLUDED_SOURCE_METADATA,regenerated after code replay,docs(engineering): 固化到货签收 wire 类型
174,dbf62b8fda6426976268c5c507ab7fa7e7b3dd39,2026-08-30T12:23:19+08:00,codex/f-cut-001-matrices,f30a0406cafa4cc3e1816d69b45fd4e67e115779,F-IMP-002,specs/features/F-IMP-002-rest-api-contract.json,EXCLUDED_SOURCE_METADATA,regenerated after code replay,docs(engineering): 固化到货签收 wire 类型
174,dbf62b8fda6426976268c5c507ab7fa7e7b3dd39,2026-08-30T12:23:19+08:00,codex/f-cut-001-matrices,f30a0406cafa4cc3e1816d69b45fd4e67e115779,F-IMP-002,tasks/features/F-IMP-002.md,EXCLUDED_SOURCE_METADATA,regenerated after code replay,docs(engineering): 固化到货签收 wire 类型
175,bf904db177f0ab29372e8415aaf0de261e3b9c94,2026-08-30T12:27:17+08:00,codex/f-acc-001-sds,ce279bbf3b15abee24fd34bdb5dde04ef7411f0f,F-ACC-002,docs/decisions/open-questions.md,EXCLUDED_SOURCE_METADATA,regenerated after code replay,docs(acceptance): 登记满意度计分规格阻断
175,bf904db177f0ab29372e8415aaf0de261e3b9c94,2026-08-30T12:27:17+08:00,codex/f-acc-001-sds,ce279bbf3b15abee24fd34bdb5dde04ef7411f0f,F-ACC-002,tasks/features/F-ACC-002.md,EXCLUDED_SOURCE_METADATA,regenerated after code replay,docs(acceptance): 登记满意度计分规格阻断
176,f84b704878a78e7ced44e35a252e9ab6d866ba21,2026-08-30T12:27:45+08:00,codex/f-cut-001-matrices,98508a451af1426fab3e5e44110fa9229a1be457,F-IMP-002,specs/features/F-IMP-002-rest-api-contract.json,EXCLUDED_SOURCE_METADATA,regenerated after code replay,docs(engineering): 记录 Task 5B 契约复审通过
176,f84b704878a78e7ced44e35a252e9ab6d866ba21,2026-08-30T12:27:45+08:00,codex/f-cut-001-matrices,98508a451af1426fab3e5e44110fa9229a1be457,F-IMP-002,tasks/features/F-IMP-002.md,EXCLUDED_SOURCE_METADATA,regenerated after code replay,docs(engineering): 记录 Task 5B 契约复审通过
177,e2b321e4bdc79c3075f28ff9059b39542e7ee826,2026-08-30T12:59:03+08:00,codex/f-acc-001-sds,0f71a3e3467e34fc96cb8defec759ae944a20817,UNMAPPED,docs/baseline/README.md,EXCLUDED_SOURCE_METADATA,regenerated after code replay,docs(prd): 基线化可配置问卷基础能力候选
177,e2b321e4bdc79c3075f28ff9059b39542e7ee826,2026-08-30T12:59:03+08:00,codex/f-acc-001-sds,0f71a3e3467e34fc96cb8defec759ae944a20817,UNMAPPED,docs/baseline/baseline-signoff.md,EXCLUDED_SOURCE_METADATA,regenerated after code replay,docs(prd): 基线化可配置问卷基础能力候选
177,e2b321e4bdc79c3075f28ff9059b39542e7ee826,2026-08-30T12:59:03+08:00,codex/f-acc-001-sds,0f71a3e3467e34fc96cb8defec759ae944a20817,UNMAPPED,docs/baseline/change-log.md,EXCLUDED_SOURCE_METADATA,regenerated after code replay,docs(prd): 基线化可配置问卷基础能力候选
177,e2b321e4bdc79c3075f28ff9059b39542e7ee826,2026-08-30T12:59:03+08:00,codex/f-acc-001-sds,0f71a3e3467e34fc96cb8defec759ae944a20817,UNMAPPED,docs/baseline/prd-v1.8-amendment-010-configurable-questionnaire-foundation.md,EXCLUDED_SOURCE_METADATA,regenerated after code replay,docs(prd): 基线化可配置问卷基础能力候选
177,e2b321e4bdc79c3075f28ff9059b39542e7ee826,2026-08-30T12:59:03+08:00,codex/f-acc-001-sds,0f71a3e3467e34fc96cb8defec759ae944a20817,UNMAPPED,docs/baseline/prd-v1.8.md,EXCLUDED_SOURCE_METADATA,regenerated after code replay,docs(prd): 基线化可配置问卷基础能力候选
177,e2b321e4bdc79c3075f28ff9059b39542e7ee826,2026-08-30T12:59:03+08:00,codex/f-acc-001-sds,0f71a3e3467e34fc96cb8defec759ae944a20817,UNMAPPED,docs/baseline/requirement-baseline.yaml,EXCLUDED_SOURCE_METADATA,regenerated after code replay,docs(prd): 基线化可配置问卷基础能力候选
177,e2b321e4bdc79c3075f28ff9059b39542e7ee826,2026-08-30T12:59:03+08:00,codex/f-acc-001-sds,0f71a3e3467e34fc96cb8defec759ae944a20817,UNMAPPED,docs/decisions/open-questions.md,EXCLUDED_SOURCE_METADATA,regenerated after code replay,docs(prd): 基线化可配置问卷基础能力候选
177,e2b321e4bdc79c3075f28ff9059b39542e7ee826,2026-08-30T12:59:03+08:00,codex/f-acc-001-sds,0f71a3e3467e34fc96cb8defec759ae944a20817,UNMAPPED,docs/reports/2026-08-30-PRD-V1.8修订010基线变更报告.md,EXCLUDED_SOURCE_METADATA,regenerated after code replay,docs(prd): 基线化可配置问卷基础能力候选
177,e2b321e4bdc79c3075f28ff9059b39542e7ee826,2026-08-30T12:59:03+08:00,codex/f-acc-001-sds,0f71a3e3467e34fc96cb8defec759ae944a20817,F-ACC-002,scripts/tests/test_prd_satisfaction_questionnaire_configuration.py,APPLIED_CODE_CHANGE,clean per-commit delta,docs(prd): 基线化可配置问卷基础能力候选
177,e2b321e4bdc79c3075f28ff9059b39542e7ee826,2026-08-30T12:59:03+08:00,codex/f-acc-001-sds,0f71a3e3467e34fc96cb8defec759ae944a20817,UNMAPPED,specs/001-project-delivery-platform/domains/ACC-验收与项目闭环需求规格.md,EXCLUDED_SOURCE_METADATA,regenerated after code replay,docs(prd): 基线化可配置问卷基础能力候选
177,e2b321e4bdc79c3075f28ff9059b39542e7ee826,2026-08-30T12:59:03+08:00,codex/f-acc-001-sds,0f71a3e3467e34fc96cb8defec759ae944a20817,F-ACC-002,tasks/features/F-ACC-002.md,EXCLUDED_SOURCE_METADATA,regenerated after code replay,docs(prd): 基线化可配置问卷基础能力候选
177,e2b321e4bdc79c3075f28ff9059b39542e7ee826,2026-08-30T12:59:03+08:00,codex/f-acc-001-sds,0f71a3e3467e34fc96cb8defec759ae944a20817,UNMAPPED,需求/PRD-项目实施交付管理平台.md,EXCLUDED_SOURCE_METADATA,regenerated after code replay,docs(prd): 基线化可配置问卷基础能力候选
178,80a8d4221a2a7973295ca0e12b2e7283cf60ba59,2026-08-30T13:03:11+08:00,codex/f-cut-001-matrices,e70c6d1103461720c0c692d3412554add77c9d1a,F-IMP-002,docs/decisions/open-questions.md,EXCLUDED_SOURCE_METADATA,regenerated after code replay,feat(engineering): 实现到货签收 Task 5B 基础命令
178,80a8d4221a2a7973295ca0e12b2e7283cf60ba59,2026-08-30T13:03:11+08:00,codex/f-cut-001-matrices,e70c6d1103461720c0c692d3412554add77c9d1a,F-ACC-001,pms-module-engineering/src/main/java/cn/iocoder/yudao/module/pms/engineering/dal/mysql/arrivalacceptance/ArrivalAcceptanceMapper.java,CONFLICTING_HUNKS_PENDING,rejected_hunks=1 rc=1,feat(engineering): 实现到货签收 Task 5B 基础命令
178,80a8d4221a2a7973295ca0e12b2e7283cf60ba59,2026-08-30T13:03:11+08:00,codex/f-cut-001-matrices,e70c6d1103461720c0c692d3412554add77c9d1a,F-ACC-001,pms-module-engineering/src/main/java/cn/iocoder/yudao/module/pms/engineering/dal/mysql/arrivalacceptance/ArrivalDifferenceMapper.java,CONFLICTING_HUNKS_PENDING,rejected_hunks=1 rc=1,feat(engineering): 实现到货签收 Task 5B 基础命令
178,80a8d4221a2a7973295ca0e12b2e7283cf60ba59,2026-08-30T13:03:11+08:00,codex/f-cut-001-matrices,e70c6d1103461720c0c692d3412554add77c9d1a,F-ACC-001,pms-module-engineering/src/main/java/cn/iocoder/yudao/module/pms/engineering/service/arrivalacceptance/ArrivalAcceptanceApplicationService.java,CONFLICTING_HUNKS_PENDING,rejected_hunks=1 rc=1,feat(engineering): 实现到货签收 Task 5B 基础命令
178,80a8d4221a2a7973295ca0e12b2e7283cf60ba59,2026-08-30T13:03:11+08:00,codex/f-cut-001-matrices,e70c6d1103461720c0c692d3412554add77c9d1a,F-ACC-001,pms-module-engineering/src/main/java/cn/iocoder/yudao/module/pms/engineering/service/arrivalacceptance/ArrivalAcceptanceCommandService.java,CONFLICTING_HUNKS_PENDING,rejected_hunks=0 rc=1,feat(engineering): 实现到货签收 Task 5B 基础命令
178,80a8d4221a2a7973295ca0e12b2e7283cf60ba59,2026-08-30T13:03:11+08:00,codex/f-cut-001-matrices,e70c6d1103461720c0c692d3412554add77c9d1a,F-ACC-001,pms-module-engineering/src/main/java/cn/iocoder/yudao/module/pms/engineering/service/arrivalacceptance/ArrivalAcceptanceCommands.java,CONFLICTING_HUNKS_PENDING,rejected_hunks=0 rc=1,feat(engineering): 实现到货签收 Task 5B 基础命令
178,80a8d4221a2a7973295ca0e12b2e7283cf60ba59,2026-08-30T13:03:11+08:00,codex/f-cut-001-matrices,e70c6d1103461720c0c692d3412554add77c9d1a,F-ACC-001,pms-module-engineering/src/main/java/cn/iocoder/yudao/module/pms/engineering/service/arrivalacceptance/ArrivalAcceptanceQueryService.java,CONFLICTING_HUNKS_PENDING,rejected_hunks=0 rc=1,feat(engineering): 实现到货签收 Task 5B 基础命令
178,80a8d4221a2a7973295ca0e12b2e7283cf60ba59,2026-08-30T13:03:11+08:00,codex/f-cut-001-matrices,e70c6d1103461720c0c692d3412554add77c9d1a,F-ACC-001,pms-module-engineering/src/main/resources/mapper/arrivalacceptance/ArrivalAcceptanceMapper.xml,APPLIED_NON_CONFLICTING_HUNKS,rejected_hunks=1 rc=1,feat(engineering): 实现到货签收 Task 5B 基础命令
178,80a8d4221a2a7973295ca0e12b2e7283cf60ba59,2026-08-30T13:03:11+08:00,codex/f-cut-001-matrices,e70c6d1103461720c0c692d3412554add77c9d1a,F-ACC-001,pms-module-engineering/src/main/resources/mapper/arrivalacceptance/ArrivalDifferenceMapper.xml,CONFLICTING_HUNKS_PENDING,rejected_hunks=1 rc=1,feat(engineering): 实现到货签收 Task 5B 基础命令
178,80a8d4221a2a7973295ca0e12b2e7283cf60ba59,2026-08-30T13:03:11+08:00,codex/f-cut-001-matrices,e70c6d1103461720c0c692d3412554add77c9d1a,F-ACC-001,pms-module-engineering/src/main/resources/mapper/arrivalacceptance/ArrivalLineMapper.xml,CONFLICTING_HUNKS_PENDING,rejected_hunks=1 rc=1,feat(engineering): 实现到货签收 Task 5B 基础命令
178,80a8d4221a2a7973295ca0e12b2e7283cf60ba59,2026-08-30T13:03:11+08:00,codex/f-cut-001-matrices,e70c6d1103461720c0c692d3412554add77c9d1a,F-ACC-001,pms-module-engineering/src/main/resources/mapper/arrivalacceptance/DeliveryEvidenceMapper.xml,CONFLICTING_HUNKS_PENDING,rejected_hunks=1 rc=1,feat(engineering): 实现到货签收 Task 5B 基础命令
178,80a8d4221a2a7973295ca0e12b2e7283cf60ba59,2026-08-30T13:03:11+08:00,codex/f-cut-001-matrices,e70c6d1103461720c0c692d3412554add77c9d1a,F-ACC-001,pms-module-engineering/src/test/java/cn/iocoder/yudao/module/pms/engineering/arrivalacceptance/ArrivalAcceptanceMigrationContractTest.java,CONFLICTING_HUNKS_PENDING,rejected_hunks=1 rc=1,feat(engineering): 实现到货签收 Task 5B 基础命令
178,80a8d4221a2a7973295ca0e12b2e7283cf60ba59,2026-08-30T13:03:11+08:00,codex/f-cut-001-matrices,e70c6d1103461720c0c692d3412554add77c9d1a,F-ACC-001,pms-module-engineering/src/test/java/cn/iocoder/yudao/module/pms/engineering/service/arrivalacceptance/ArrivalAcceptanceApplicationServiceTest.java,CONFLICTING_HUNKS_PENDING,rejected_hunks=1 rc=1,feat(engineering): 实现到货签收 Task 5B 基础命令
178,80a8d4221a2a7973295ca0e12b2e7283cf60ba59,2026-08-30T13:03:11+08:00,codex/f-cut-001-matrices,e70c6d1103461720c0c692d3412554add77c9d1a,F-ACC-001,pms-module-engineering/src/test/java/cn/iocoder/yudao/module/pms/engineering/service/arrivalacceptance/ArrivalAcceptanceCommandServiceTest.java,CONFLICTING_HUNKS_PENDING,rejected_hunks=0 rc=1,feat(engineering): 实现到货签收 Task 5B 基础命令
178,80a8d4221a2a7973295ca0e12b2e7283cf60ba59,2026-08-30T13:03:11+08:00,codex/f-cut-001-matrices,e70c6d1103461720c0c692d3412554add77c9d1a,F-ACC-001,pms-module-engineering/src/test/java/cn/iocoder/yudao/module/pms/engineering/service/arrivalacceptance/ArrivalAcceptanceQueryServiceTest.java,APPLIED_ADD_ADD,current-semantic-superset,feat(engineering): 实现到货签收 Task 5B 基础命令
178,80a8d4221a2a7973295ca0e12b2e7283cf60ba59,2026-08-30T13:03:11+08:00,codex/f-cut-001-matrices,e70c6d1103461720c0c692d3412554add77c9d1a,F-IMP-002,sql/migrations/V140__fimp002_task5b_successor_fact_impact.sql,APPLIED_CODE_CHANGE,clean per-commit delta,feat(engineering): 实现到货签收 Task 5B 基础命令
178,80a8d4221a2a7973295ca0e12b2e7283cf60ba59,2026-08-30T13:03:11+08:00,codex/f-cut-001-matrices,e70c6d1103461720c0c692d3412554add77c9d1a,F-IMP-002,tasks/features/F-IMP-002.md,EXCLUDED_SOURCE_METADATA,regenerated after code replay,feat(engineering): 实现到货签收 Task 5B 基础命令
179,c69a53a4e03566ebb4ec2e81d3e22bc73aad63f6,2026-08-30T13:04:10+08:00,codex/f-acc-001-sds,02f39c50a198eaa8a8ab40fba991a2d7eb309043,UNMAPPED,docs/baseline/requirement-baseline.yaml,EXCLUDED_SOURCE_METADATA,regenerated after code replay,fix(prd): 修正修订010基线校验报告
180,0564ec7e1194e9116058734e90430d4bfcb330e8,2026-08-30T13:14:47+08:00,codex/f-cut-001-matrices,5bd0380ea2c922fe6a574a9e2db97a11e50c3db8,F-IMP-002,docs/decisions/open-questions.md,EXCLUDED_SOURCE_METADATA,regenerated after code replay,fix(engineering): 修正到货后继批次唯一模型
180,0564ec7e1194e9116058734e90430d4bfcb330e8,2026-08-30T13:14:47+08:00,codex/f-cut-001-matrices,5bd0380ea2c922fe6a574a9e2db97a11e50c3db8,F-IMP-002,docs/design/05-state-machine.md,EXCLUDED_SOURCE_METADATA,regenerated after code replay,fix(engineering): 修正到货后继批次唯一模型
180,0564ec7e1194e9116058734e90430d4bfcb330e8,2026-08-30T13:14:47+08:00,codex/f-cut-001-matrices,5bd0380ea2c922fe6a574a9e2db97a11e50c3db8,F-IMP-002,docs/design/09-database-design.md,EXCLUDED_SOURCE_METADATA,regenerated after code replay,fix(engineering): 修正到货后继批次唯一模型
180,0564ec7e1194e9116058734e90430d4bfcb330e8,2026-08-30T13:14:47+08:00,codex/f-cut-001-matrices,5bd0380ea2c922fe6a574a9e2db97a11e50c3db8,F-ACC-001,pms-module-engineering/src/test/java/cn/iocoder/yudao/module/pms/engineering/arrivalacceptance/ArrivalAcceptanceMigrationContractTest.java,CONFLICTING_HUNKS_PENDING,rejected_hunks=1 rc=1,fix(engineering): 修正到货后继批次唯一模型
180,0564ec7e1194e9116058734e90430d4bfcb330e8,2026-08-30T13:14:47+08:00,codex/f-cut-001-matrices,5bd0380ea2c922fe6a574a9e2db97a11e50c3db8,F-IMP-002,specs/features/F-IMP-002-physical-contract.json,EXCLUDED_SOURCE_METADATA,regenerated after code replay,fix(engineering): 修正到货后继批次唯一模型
180,0564ec7e1194e9116058734e90430d4bfcb330e8,2026-08-30T13:14:47+08:00,codex/f-cut-001-matrices,5bd0380ea2c922fe6a574a9e2db97a11e50c3db8,F-IMP-002,specs/features/F-IMP-002-rest-api-contract.json,EXCLUDED_SOURCE_METADATA,regenerated after code replay,fix(engineering): 修正到货后继批次唯一模型
180,0564ec7e1194e9116058734e90430d4bfcb330e8,2026-08-30T13:14:47+08:00,codex/f-cut-001-matrices,5bd0380ea2c922fe6a574a9e2db97a11e50c3db8,F-IMP-002,sql/migrations/V141__fimp002_successor_batch_identity.sql,APPLIED_CODE_CHANGE,clean per-commit delta,fix(engineering): 修正到货后继批次唯一模型
180,0564ec7e1194e9116058734e90430d4bfcb330e8,2026-08-30T13:14:47+08:00,codex/f-cut-001-matrices,5bd0380ea2c922fe6a574a9e2db97a11e50c3db8,F-IMP-002,tasks/features/F-IMP-002.md,EXCLUDED_SOURCE_METADATA,regenerated after code replay,fix(engineering): 修正到货后继批次唯一模型
181,0750182e7a50a28e6fbff29196ed247c2d59808f,2026-08-30T13:20:45+08:00,codex/f-cut-001-matrices,04e60809a09e251a86f54baee8297d79b66d06b6,F-ACC-001,pms-module-engineering/src/test/java/cn/iocoder/yudao/module/pms/engineering/arrivalacceptance/ArrivalAcceptanceMigrationContractTest.java,CONFLICTING_HUNKS_PENDING,rejected_hunks=1 rc=1,fix(engineering): 拒绝空批次根标记
181,0750182e7a50a28e6fbff29196ed247c2d59808f,2026-08-30T13:20:45+08:00,codex/f-cut-001-matrices,04e60809a09e251a86f54baee8297d79b66d06b6,UNMAPPED,sql/migrations/V141__fimp002_successor_batch_identity.sql,APPLIED_CODE_CHANGE,clean per-commit delta,fix(engineering): 拒绝空批次根标记
182,9f178dc322dbcd7412e6b6570ad7d9a7cc2ff26a,2026-08-30T13:21:48+08:00,codex/f-acc-001-sds,6f54932d08d1ff1ce1d4540a55a6993c1e989631,UNMAPPED,docs/baseline/README.md,EXCLUDED_SOURCE_METADATA,regenerated after code replay,docs(acceptance): 锁定可配置问卷计分契约
182,9f178dc322dbcd7412e6b6570ad7d9a7cc2ff26a,2026-08-30T13:21:48+08:00,codex/f-acc-001-sds,6f54932d08d1ff1ce1d4540a55a6993c1e989631,UNMAPPED,docs/baseline/baseline-signoff.md,EXCLUDED_SOURCE_METADATA,regenerated after code replay,docs(acceptance): 锁定可配置问卷计分契约
182,9f178dc322dbcd7412e6b6570ad7d9a7cc2ff26a,2026-08-30T13:21:48+08:00,codex/f-acc-001-sds,6f54932d08d1ff1ce1d4540a55a6993c1e989631,UNMAPPED,docs/baseline/change-log.md,EXCLUDED_SOURCE_METADATA,regenerated after code replay,docs(acceptance): 锁定可配置问卷计分契约
182,9f178dc322dbcd7412e6b6570ad7d9a7cc2ff26a,2026-08-30T13:21:48+08:00,codex/f-acc-001-sds,6f54932d08d1ff1ce1d4540a55a6993c1e989631,UNMAPPED,docs/baseline/prd-v1.8-amendment-010-configurable-questionnaire-foundation.md,EXCLUDED_SOURCE_METADATA,regenerated after code replay,docs(acceptance): 锁定可配置问卷计分契约
182,9f178dc322dbcd7412e6b6570ad7d9a7cc2ff26a,2026-08-30T13:21:48+08:00,codex/f-acc-001-sds,6f54932d08d1ff1ce1d4540a55a6993c1e989631,UNMAPPED,docs/baseline/requirement-baseline.yaml,EXCLUDED_SOURCE_METADATA,regenerated after code replay,docs(acceptance): 锁定可配置问卷计分契约
182,9f178dc322dbcd7412e6b6570ad7d9a7cc2ff26a,2026-08-30T13:21:48+08:00,codex/f-acc-001-sds,6f54932d08d1ff1ce1d4540a55a6993c1e989631,F-ACC-002,docs/decisions/0041-satisfaction-questionnaire-result-and-deliverable-source.md,EXCLUDED_SOURCE_METADATA,regenerated after code replay,docs(acceptance): 锁定可配置问卷计分契约
182,9f178dc322dbcd7412e6b6570ad7d9a7cc2ff26a,2026-08-30T13:21:48+08:00,codex/f-acc-001-sds,6f54932d08d1ff1ce1d4540a55a6993c1e989631,UNMAPPED,docs/decisions/open-questions.md,EXCLUDED_SOURCE_METADATA,regenerated after code replay,docs(acceptance): 锁定可配置问卷计分契约
182,9f178dc322dbcd7412e6b6570ad7d9a7cc2ff26a,2026-08-30T13:21:48+08:00,codex/f-acc-001-sds,6f54932d08d1ff1ce1d4540a55a6993c1e989631,UNMAPPED,docs/design/05-state-machine.md,EXCLUDED_SOURCE_METADATA,regenerated after code replay,docs(acceptance): 锁定可配置问卷计分契约
182,9f178dc322dbcd7412e6b6570ad7d9a7cc2ff26a,2026-08-30T13:21:48+08:00,codex/f-acc-001-sds,6f54932d08d1ff1ce1d4540a55a6993c1e989631,UNMAPPED,docs/design/08-data-model.md,EXCLUDED_SOURCE_METADATA,regenerated after code replay,docs(acceptance): 锁定可配置问卷计分契约
182,9f178dc322dbcd7412e6b6570ad7d9a7cc2ff26a,2026-08-30T13:21:48+08:00,codex/f-acc-001-sds,6f54932d08d1ff1ce1d4540a55a6993c1e989631,UNMAPPED,docs/design/09-database-design.md,EXCLUDED_SOURCE_METADATA,regenerated after code replay,docs(acceptance): 锁定可配置问卷计分契约
182,9f178dc322dbcd7412e6b6570ad7d9a7cc2ff26a,2026-08-30T13:21:48+08:00,codex/f-acc-001-sds,6f54932d08d1ff1ce1d4540a55a6993c1e989631,UNMAPPED,docs/design/10-api-design.md,EXCLUDED_SOURCE_METADATA,regenerated after code replay,docs(acceptance): 锁定可配置问卷计分契约
182,9f178dc322dbcd7412e6b6570ad7d9a7cc2ff26a,2026-08-30T13:21:48+08:00,codex/f-acc-001-sds,6f54932d08d1ff1ce1d4540a55a6993c1e989631,UNMAPPED,docs/design/15-cache-and-concurrency.md,EXCLUDED_SOURCE_METADATA,regenerated after code replay,docs(acceptance): 锁定可配置问卷计分契约
182,9f178dc322dbcd7412e6b6570ad7d9a7cc2ff26a,2026-08-30T13:21:48+08:00,codex/f-acc-001-sds,6f54932d08d1ff1ce1d4540a55a6993c1e989631,UNMAPPED,docs/design/16-exception-and-idempotency.md,EXCLUDED_SOURCE_METADATA,regenerated after code replay,docs(acceptance): 锁定可配置问卷计分契约
182,9f178dc322dbcd7412e6b6570ad7d9a7cc2ff26a,2026-08-30T13:21:48+08:00,codex/f-acc-001-sds,6f54932d08d1ff1ce1d4540a55a6993c1e989631,UNMAPPED,docs/engineering/gates/phase-2/gate-status.md,EXCLUDED_SOURCE_METADATA,regenerated after code replay,docs(acceptance): 锁定可配置问卷计分契约
182,9f178dc322dbcd7412e6b6570ad7d9a7cc2ff26a,2026-08-30T13:21:48+08:00,codex/f-acc-001-sds,6f54932d08d1ff1ce1d4540a55a6993c1e989631,UNMAPPED,docs/reports/2026-08-30-PRD-V1.8修订010基线变更报告.md,EXCLUDED_SOURCE_METADATA,regenerated after code replay,docs(acceptance): 锁定可配置问卷计分契约
182,9f178dc322dbcd7412e6b6570ad7d9a7cc2ff26a,2026-08-30T13:21:48+08:00,codex/f-acc-001-sds,6f54932d08d1ff1ce1d4540a55a6993c1e989631,UNMAPPED,docs/traceability/domain-entity-migration-contract.json,EXCLUDED_SOURCE_METADATA,regenerated after code replay,docs(acceptance): 锁定可配置问卷计分契约
182,9f178dc322dbcd7412e6b6570ad7d9a7cc2ff26a,2026-08-30T13:21:48+08:00,codex/f-acc-001-sds,6f54932d08d1ff1ce1d4540a55a6993c1e989631,UNMAPPED,docs/traceability/domain-entity-migration-contract.md,EXCLUDED_SOURCE_METADATA,regenerated after code replay,docs(acceptance): 锁定可配置问卷计分契约
182,9f178dc322dbcd7412e6b6570ad7d9a7cc2ff26a,2026-08-30T13:21:48+08:00,codex/f-acc-001-sds,6f54932d08d1ff1ce1d4540a55a6993c1e989631,UNMAPPED,docs/traceability/phase2-contract-map.md,EXCLUDED_SOURCE_METADATA,regenerated after code replay,docs(acceptance): 锁定可配置问卷计分契约
182,9f178dc322dbcd7412e6b6570ad7d9a7cc2ff26a,2026-08-30T13:21:48+08:00,codex/f-acc-001-sds,6f54932d08d1ff1ce1d4540a55a6993c1e989631,UNMAPPED,scripts/generate_domain_entity_migration_contract.py,APPLIED_CODE_CHANGE,clean per-commit delta,docs(acceptance): 锁定可配置问卷计分契约
182,9f178dc322dbcd7412e6b6570ad7d9a7cc2ff26a,2026-08-30T13:21:48+08:00,codex/f-acc-001-sds,6f54932d08d1ff1ce1d4540a55a6993c1e989631,UNMAPPED,scripts/generate_phase2_contract_map.py,APPLIED_CODE_CHANGE,clean per-commit delta,docs(acceptance): 锁定可配置问卷计分契约
182,9f178dc322dbcd7412e6b6570ad7d9a7cc2ff26a,2026-08-30T13:21:48+08:00,codex/f-acc-001-sds,6f54932d08d1ff1ce1d4540a55a6993c1e989631,F-ACC-002,scripts/tests/test_prd_satisfaction_questionnaire_configuration.py,APPLIED_CODE_CHANGE,clean per-commit delta,docs(acceptance): 锁定可配置问卷计分契约
182,9f178dc322dbcd7412e6b6570ad7d9a7cc2ff26a,2026-08-30T13:21:48+08:00,codex/f-acc-001-sds,6f54932d08d1ff1ce1d4540a55a6993c1e989631,UNMAPPED,scripts/tests/test_validate_sds_phase2.py,APPLIED_CODE_CHANGE,clean per-commit delta,docs(acceptance): 锁定可配置问卷计分契约
182,9f178dc322dbcd7412e6b6570ad7d9a7cc2ff26a,2026-08-30T13:21:48+08:00,codex/f-acc-001-sds,6f54932d08d1ff1ce1d4540a55a6993c1e989631,UNMAPPED,scripts/validate_sds_phase2.py,APPLIED_CODE_CHANGE,clean per-commit delta,docs(acceptance): 锁定可配置问卷计分契约
182,9f178dc322dbcd7412e6b6570ad7d9a7cc2ff26a,2026-08-30T13:21:48+08:00,codex/f-acc-001-sds,6f54932d08d1ff1ce1d4540a55a6993c1e989631,F-ACC-002,tasks/features/F-ACC-002.md,EXCLUDED_SOURCE_METADATA,regenerated after code replay,docs(acceptance): 锁定可配置问卷计分契约
183,4ecc9d3bb3677ab7a7cbcd867b7ec29418479985,2026-08-30T13:30:25+08:00,codex/f-acc-001-sds,3a4aa02e2898e4ec45c734f7d1a817c919bf2d5e,UNMAPPED,docs/design/09-database-design.md,EXCLUDED_SOURCE_METADATA,regenerated after code replay,docs(acceptance): 闭合多选题可达分契约
183,4ecc9d3bb3677ab7a7cbcd867b7ec29418479985,2026-08-30T13:30:25+08:00,codex/f-acc-001-sds,3a4aa02e2898e4ec45c734f7d1a817c919bf2d5e,UNMAPPED,docs/design/10-api-design.md,EXCLUDED_SOURCE_METADATA,regenerated after code replay,docs(acceptance): 闭合多选题可达分契约
183,4ecc9d3bb3677ab7a7cbcd867b7ec29418479985,2026-08-30T13:30:25+08:00,codex/f-acc-001-sds,3a4aa02e2898e4ec45c734f7d1a817c919bf2d5e,UNMAPPED,docs/design/16-exception-and-idempotency.md,EXCLUDED_SOURCE_METADATA,regenerated after code replay,docs(acceptance): 闭合多选题可达分契约
183,4ecc9d3bb3677ab7a7cbcd867b7ec29418479985,2026-08-30T13:30:25+08:00,codex/f-acc-001-sds,3a4aa02e2898e4ec45c734f7d1a817c919bf2d5e,UNMAPPED,scripts/tests/test_validate_sds_phase2.py,APPLIED_CODE_CHANGE,clean per-commit delta,docs(acceptance): 闭合多选题可达分契约
183,4ecc9d3bb3677ab7a7cbcd867b7ec29418479985,2026-08-30T13:30:25+08:00,codex/f-acc-001-sds,3a4aa02e2898e4ec45c734f7d1a817c919bf2d5e,UNMAPPED,scripts/validate_sds_phase2.py,APPLIED_CODE_CHANGE,clean per-commit delta,docs(acceptance): 闭合多选题可达分契约
184,293293c5cc187bdf2405b9638406e0f97f4c7cb2,2026-08-30T13:37:28+08:00,codex/f-acc-001-sds,77107f997258778aa8add3aad90dd51396e06e09,F-ACC-002,docs/decisions/0041-satisfaction-questionnaire-result-and-deliverable-source.md,EXCLUDED_SOURCE_METADATA,regenerated after code replay,docs(acceptance): 同步可配置问卷实施契约
184,293293c5cc187bdf2405b9638406e0f97f4c7cb2,2026-08-30T13:37:28+08:00,codex/f-acc-001-sds,77107f997258778aa8add3aad90dd51396e06e09,UNMAPPED,docs/engineering/gates/phase-2/gate-status.md,EXCLUDED_SOURCE_METADATA,regenerated after code replay,docs(acceptance): 同步可配置问卷实施契约
184,293293c5cc187bdf2405b9638406e0f97f4c7cb2,2026-08-30T13:37:28+08:00,codex/f-acc-001-sds,77107f997258778aa8add3aad90dd51396e06e09,F-ACC-002,specs/features/F-ACC-002-satisfaction-questionnaire-result-and-deliverable-sync.md,EXCLUDED_SOURCE_METADATA,regenerated after code replay,docs(acceptance): 同步可配置问卷实施契约
184,293293c5cc187bdf2405b9638406e0f97f4c7cb2,2026-08-30T13:37:28+08:00,codex/f-acc-001-sds,77107f997258778aa8add3aad90dd51396e06e09,F-ACC-002,tasks/features/F-ACC-002.md,EXCLUDED_SOURCE_METADATA,regenerated after code replay,docs(acceptance): 同步可配置问卷实施契约
185,935324cf381a7ef61404ad854039ec1142dc86f7,2026-08-30T13:39:30+08:00,codex/f-cut-001-matrices,6bd8115baf7d97ec7b272bdb46ca8ff9a034323f,F-ACC-001,pms-module-engineering/src/main/java/cn/iocoder/yudao/module/pms/engineering/dal/mysql/arrivalacceptance/ArrivalAcceptanceMapper.java,CONFLICTING_HUNKS_PENDING,rejected_hunks=1 rc=1,feat(engineering): 实现到货签收后继链
185,935324cf381a7ef61404ad854039ec1142dc86f7,2026-08-30T13:39:30+08:00,codex/f-cut-001-matrices,6bd8115baf7d97ec7b272bdb46ca8ff9a034323f,F-ACC-001,pms-module-engineering/src/main/java/cn/iocoder/yudao/module/pms/engineering/service/arrivalacceptance/ArrivalAcceptanceCommandService.java,CONFLICTING_HUNKS_PENDING,rejected_hunks=1 rc=1,feat(engineering): 实现到货签收后继链
185,935324cf381a7ef61404ad854039ec1142dc86f7,2026-08-30T13:39:30+08:00,codex/f-cut-001-matrices,6bd8115baf7d97ec7b272bdb46ca8ff9a034323f,F-ACC-001,pms-module-engineering/src/main/resources/mapper/arrivalacceptance/ArrivalAcceptanceMapper.xml,CONFLICTING_HUNKS_PENDING,rejected_hunks=1 rc=1,feat(engineering): 实现到货签收后继链
185,935324cf381a7ef61404ad854039ec1142dc86f7,2026-08-30T13:39:30+08:00,codex/f-cut-001-matrices,6bd8115baf7d97ec7b272bdb46ca8ff9a034323f,F-ACC-001,pms-module-engineering/src/main/resources/mapper/arrivalacceptance/ArrivalDifferenceMapper.xml,CONFLICTING_HUNKS_PENDING,rejected_hunks=1 rc=1,feat(engineering): 实现到货签收后继链
185,935324cf381a7ef61404ad854039ec1142dc86f7,2026-08-30T13:39:30+08:00,codex/f-cut-001-matrices,6bd8115baf7d97ec7b272bdb46ca8ff9a034323f,F-ACC-001,pms-module-engineering/src/test/java/cn/iocoder/yudao/module/pms/engineering/dal/mysql/arrivalacceptance/ArrivalAcceptanceMapperContractTest.java,CONFLICTING_HUNKS_PENDING,rejected_hunks=1 rc=1,feat(engineering): 实现到货签收后继链
185,935324cf381a7ef61404ad854039ec1142dc86f7,2026-08-30T13:39:30+08:00,codex/f-cut-001-matrices,6bd8115baf7d97ec7b272bdb46ca8ff9a034323f,F-ACC-001,pms-module-engineering/src/test/java/cn/iocoder/yudao/module/pms/engineering/service/arrivalacceptance/ArrivalAcceptanceCommandServiceTest.java,CONFLICTING_HUNKS_PENDING,rejected_hunks=1 rc=1,feat(engineering): 实现到货签收后继链
185,935324cf381a7ef61404ad854039ec1142dc86f7,2026-08-30T13:39:30+08:00,codex/f-cut-001-matrices,6bd8115baf7d97ec7b272bdb46ca8ff9a034323f,F-IMP-002,tasks/features/F-IMP-002.md,EXCLUDED_SOURCE_METADATA,regenerated after code replay,feat(engineering): 实现到货签收后继链
186,b7231e73eacd0697b7c597a9ed494a5bbfd407a4,2026-08-30T13:46:27+08:00,codex/f-acc-001-sds,5d1eb2256d05be1f297e5cf25e301cb83f35b94f,F-ACC-002,pms-module-project/src/main/java/cn/iocoder/yudao/module/pms/project/domain/satisfaction/SatisfactionQuestionnaireDefinition.java,APPLIED_ADD_ADD,current-semantic-superset,feat(acceptance): 实现可配置问卷确定性计分
186,b7231e73eacd0697b7c597a9ed494a5bbfd407a4,2026-08-30T13:46:27+08:00,codex/f-acc-001-sds,5d1eb2256d05be1f297e5cf25e301cb83f35b94f,F-ACC-002,pms-module-project/src/main/java/cn/iocoder/yudao/module/pms/project/service/satisfaction/SatisfactionResponseSubmissionService.java,CONFLICTING_HUNKS_PENDING,rejected_hunks=1 rc=1,feat(acceptance): 实现可配置问卷确定性计分
186,b7231e73eacd0697b7c597a9ed494a5bbfd407a4,2026-08-30T13:46:27+08:00,codex/f-acc-001-sds,5d1eb2256d05be1f297e5cf25e301cb83f35b94f,F-ACC-002,pms-module-project/src/test/java/cn/iocoder/yudao/module/pms/project/service/satisfaction/SatisfactionResponseSubmissionServiceTest.java,CONFLICTING_HUNKS_PENDING,rejected_hunks=1 rc=1,feat(acceptance): 实现可配置问卷确定性计分
187,98feb4564a8c6cbdae37c4c340fc92fa6827958b,2026-08-30T13:55:33+08:00,codex/f-acc-001-sds,223db9c1b28fc49bb7c2ebd11c0970a00249b505,F-ACC-002,pms-module-project/src/main/java/cn/iocoder/yudao/module/pms/project/dal/mysql/satisfaction/SatisfactionCollectionTaskMapper.java,CONFLICTING_HUNKS_PENDING,rejected_hunks=1 rc=1,feat(acceptance): 形成满意度判定结果事务
187,98feb4564a8c6cbdae37c4c340fc92fa6827958b,2026-08-30T13:55:33+08:00,codex/f-acc-001-sds,223db9c1b28fc49bb7c2ebd11c0970a00249b505,F-ACC-002,pms-module-project/src/main/java/cn/iocoder/yudao/module/pms/project/dal/mysql/satisfaction/SatisfactionResultFileMapper.java,APPLIED_ADD_ADD,current-semantic-superset,feat(acceptance): 形成满意度判定结果事务
187,98feb4564a8c6cbdae37c4c340fc92fa6827958b,2026-08-30T13:55:33+08:00,codex/f-acc-001-sds,223db9c1b28fc49bb7c2ebd11c0970a00249b505,F-ACC-002,pms-module-project/src/main/java/cn/iocoder/yudao/module/pms/project/service/satisfaction/SatisfactionResultDecisionService.java,CONFLICTING_HUNKS_PENDING,rejected_hunks=0 rc=1,feat(acceptance): 形成满意度判定结果事务
187,98feb4564a8c6cbdae37c4c340fc92fa6827958b,2026-08-30T13:55:33+08:00,codex/f-acc-001-sds,223db9c1b28fc49bb7c2ebd11c0970a00249b505,F-ACC-002,pms-module-project/src/test/java/cn/iocoder/yudao/module/pms/project/service/satisfaction/SatisfactionResultDecisionServiceTest.java,CONFLICTING_HUNKS_PENDING,rejected_hunks=0 rc=1,feat(acceptance): 形成满意度判定结果事务
188,e83cda3ff05dc97bbaa145871adb8148faee5790,2026-08-30T13:58:55+08:00,codex/f-acc-001-sds,cfb97a1bb0a1add55faf672d6ada371a116200fa,F-ACC-002,pms-module-project/src/main/java/cn/iocoder/yudao/module/pms/project/controller/admin/satisfaction/SatisfactionQuestionnairePublicController.java,CONFLICTING_HUNKS_PENDING,rejected_hunks=1 rc=1,feat(acceptance): 接通公开满意度答卷判定
188,e83cda3ff05dc97bbaa145871adb8148faee5790,2026-08-30T13:58:55+08:00,codex/f-acc-001-sds,cfb97a1bb0a1add55faf672d6ada371a116200fa,F-ACC-002,pms-module-project/src/main/java/cn/iocoder/yudao/module/pms/project/controller/admin/satisfaction/vo/SatisfactionPublicResponseSubmitReqVO.java,APPLIED_ADD_ADD,current-semantic-superset,feat(acceptance): 接通公开满意度答卷判定
188,e83cda3ff05dc97bbaa145871adb8148faee5790,2026-08-30T13:58:55+08:00,codex/f-acc-001-sds,cfb97a1bb0a1add55faf672d6ada371a116200fa,F-ACC-002,pms-module-project/src/main/java/cn/iocoder/yudao/module/pms/project/service/satisfaction/SatisfactionPublicSubmissionApplicationService.java,CONFLICTING_HUNKS_PENDING,rejected_hunks=0 rc=1,feat(acceptance): 接通公开满意度答卷判定
188,e83cda3ff05dc97bbaa145871adb8148faee5790,2026-08-30T13:58:55+08:00,codex/f-acc-001-sds,cfb97a1bb0a1add55faf672d6ada371a116200fa,F-ACC-002,pms-module-project/src/main/java/cn/iocoder/yudao/module/pms/project/service/satisfaction/SatisfactionResultDecisionService.java,CONFLICTING_HUNKS_PENDING,rejected_hunks=1 rc=1,feat(acceptance): 接通公开满意度答卷判定
188,e83cda3ff05dc97bbaa145871adb8148faee5790,2026-08-30T13:58:55+08:00,codex/f-acc-001-sds,cfb97a1bb0a1add55faf672d6ada371a116200fa,F-ACC-002,pms-module-project/src/test/java/cn/iocoder/yudao/module/pms/project/service/satisfaction/SatisfactionPublicSubmissionApplicationServiceTest.java,CONFLICTING_HUNKS_PENDING,rejected_hunks=0 rc=1,feat(acceptance): 接通公开满意度答卷判定
189,b4f16bdf9248f71cfe7aea9724376742923b8bea,2026-08-30T14:00:28+08:00,codex/f-cut-001-matrices,cab95171caf9e0e307196fe0a4e5231fa31854cc,UNMAPPED,docs/design/02d-cross-context-contracts.md,EXCLUDED_SOURCE_METADATA,regenerated after code replay,feat(project): 定义内部项目资格锁契约
189,b4f16bdf9248f71cfe7aea9724376742923b8bea,2026-08-30T14:00:28+08:00,codex/f-cut-001-matrices,cab95171caf9e0e307196fe0a4e5231fa31854cc,UNMAPPED,docs/design/05-state-machine.md,EXCLUDED_SOURCE_METADATA,regenerated after code replay,feat(project): 定义内部项目资格锁契约
189,b4f16bdf9248f71cfe7aea9724376742923b8bea,2026-08-30T14:00:28+08:00,codex/f-cut-001-matrices,cab95171caf9e0e307196fe0a4e5231fa31854cc,UNMAPPED,docs/design/09-database-design.md,EXCLUDED_SOURCE_METADATA,regenerated after code replay,feat(project): 定义内部项目资格锁契约
189,b4f16bdf9248f71cfe7aea9724376742923b8bea,2026-08-30T14:00:28+08:00,codex/f-cut-001-matrices,cab95171caf9e0e307196fe0a4e5231fa31854cc,UNMAPPED,docs/design/10-api-design.md,EXCLUDED_SOURCE_METADATA,regenerated after code replay,feat(project): 定义内部项目资格锁契约
189,b4f16bdf9248f71cfe7aea9724376742923b8bea,2026-08-30T14:00:28+08:00,codex/f-cut-001-matrices,cab95171caf9e0e307196fe0a4e5231fa31854cc,F-IMP-002,specs/features/F-IMP-002-rest-api-contract.json,EXCLUDED_SOURCE_METADATA,regenerated after code replay,feat(project): 定义内部项目资格锁契约
189,b4f16bdf9248f71cfe7aea9724376742923b8bea,2026-08-30T14:00:28+08:00,codex/f-cut-001-matrices,cab95171caf9e0e307196fe0a4e5231fa31854cc,F-IMP-002,tasks/features/F-IMP-002.md,EXCLUDED_SOURCE_METADATA,regenerated after code replay,feat(project): 定义内部项目资格锁契约
190,f4aa1ad251abf058449da9ec3ec6e52b10de51ad,2026-08-30T14:17:16+08:00,codex/f-cut-001-matrices,a1ebfbcfdf76105199b8c8d1bb7243624838f9ad,F-IMP-002,tasks/features/F-IMP-002.md,EXCLUDED_SOURCE_METADATA,regenerated after code replay,feat(project): 实现内部项目资格锁
191,4f6d51bd67867c1acd2e4afa9b6bacd6cae33147,2026-08-30T14:18:28+08:00,codex/f-acc-001-sds,06d9e23efdfc5548fb21389739b7012e8c4e4fcf,F-ACC-002,docs/decisions/0041-satisfaction-questionnaire-result-and-deliverable-source.md,EXCLUDED_SOURCE_METADATA,regenerated after code replay,docs(acceptance): 锁定grant上传Response身份
191,4f6d51bd67867c1acd2e4afa9b6bacd6cae33147,2026-08-30T14:18:28+08:00,codex/f-acc-001-sds,06d9e23efdfc5548fb21389739b7012e8c4e4fcf,UNMAPPED,docs/design/10-api-design.md,EXCLUDED_SOURCE_METADATA,regenerated after code replay,docs(acceptance): 锁定grant上传Response身份
191,4f6d51bd67867c1acd2e4afa9b6bacd6cae33147,2026-08-30T14:18:28+08:00,codex/f-acc-001-sds,06d9e23efdfc5548fb21389739b7012e8c4e4fcf,UNMAPPED,docs/design/13-file-design.md,EXCLUDED_SOURCE_METADATA,regenerated after code replay,docs(acceptance): 锁定grant上传Response身份
191,4f6d51bd67867c1acd2e4afa9b6bacd6cae33147,2026-08-30T14:18:28+08:00,codex/f-acc-001-sds,06d9e23efdfc5548fb21389739b7012e8c4e4fcf,UNMAPPED,docs/design/16-exception-and-idempotency.md,EXCLUDED_SOURCE_METADATA,regenerated after code replay,docs(acceptance): 锁定grant上传Response身份
191,4f6d51bd67867c1acd2e4afa9b6bacd6cae33147,2026-08-30T14:18:28+08:00,codex/f-acc-001-sds,06d9e23efdfc5548fb21389739b7012e8c4e4fcf,F-ACC-002,docs/superpowers/plans/2026-08-30-f-acc-002-satisfaction-questionnaire-result-deliverable-sync.md,EXCLUDED_SOURCE_METADATA,regenerated after code replay,docs(acceptance): 锁定grant上传Response身份
191,4f6d51bd67867c1acd2e4afa9b6bacd6cae33147,2026-08-30T14:18:28+08:00,codex/f-acc-001-sds,06d9e23efdfc5548fb21389739b7012e8c4e4fcf,UNMAPPED,scripts/tests/test_facc002_feature_contract.py,CONFLICTING_HUNKS_PENDING,rejected_hunks=1 rc=1,docs(acceptance): 锁定grant上传Response身份
191,4f6d51bd67867c1acd2e4afa9b6bacd6cae33147,2026-08-30T14:18:28+08:00,codex/f-acc-001-sds,06d9e23efdfc5548fb21389739b7012e8c4e4fcf,F-ACC-002,specs/features/F-ACC-002-physical-contract.json,EXCLUDED_SOURCE_METADATA,regenerated after code replay,docs(acceptance): 锁定grant上传Response身份
191,4f6d51bd67867c1acd2e4afa9b6bacd6cae33147,2026-08-30T14:18:28+08:00,codex/f-acc-001-sds,06d9e23efdfc5548fb21389739b7012e8c4e4fcf,F-ACC-002,specs/features/F-ACC-002-satisfaction-questionnaire-result-and-deliverable-sync.md,EXCLUDED_SOURCE_METADATA,regenerated after code replay,docs(acceptance): 锁定grant上传Response身份
191,4f6d51bd67867c1acd2e4afa9b6bacd6cae33147,2026-08-30T14:18:28+08:00,codex/f-acc-001-sds,06d9e23efdfc5548fb21389739b7012e8c4e4fcf,F-ACC-002,tasks/features/F-ACC-002.md,EXCLUDED_SOURCE_METADATA,regenerated after code replay,docs(acceptance): 锁定grant上传Response身份
192,1b2b6a752defe9ebf187521dd417c71e43699c0e,2026-08-30T14:37:26+08:00,codex/f-cut-001-matrices,dd9e4d686d6521df42045188badaf02142d334b3,F-ACC-001,pms-module-engineering/src/main/java/cn/iocoder/yudao/module/pms/engineering/service/arrivalacceptance/ArrivalAcceptanceCommandService.java,APPLIED_NON_CONFLICTING_HUNKS,rejected_hunks=1 rc=1,fix(engineering): 收敛到货签收后继运行边界
192,1b2b6a752defe9ebf187521dd417c71e43699c0e,2026-08-30T14:37:26+08:00,codex/f-cut-001-matrices,dd9e4d686d6521df42045188badaf02142d334b3,F-ACC-001,pms-module-engineering/src/test/java/cn/iocoder/yudao/module/pms/engineering/service/arrivalacceptance/ArrivalAcceptanceCommandServiceTest.java,CONFLICTING_HUNKS_PENDING,rejected_hunks=1 rc=1,fix(engineering): 收敛到货签收后继运行边界
192,1b2b6a752defe9ebf187521dd417c71e43699c0e,2026-08-30T14:37:26+08:00,codex/f-cut-001-matrices,dd9e4d686d6521df42045188badaf02142d334b3,F-ACC-001,pms-module-engineering/src/test/java/cn/iocoder/yudao/module/pms/engineering/service/arrivalacceptance/ArrivalAcceptanceSuccessorMySqlTest.java,CONFLICTING_HUNKS_PENDING,rejected_hunks=0 rc=1,fix(engineering): 收敛到货签收后继运行边界
192,1b2b6a752defe9ebf187521dd417c71e43699c0e,2026-08-30T14:37:26+08:00,codex/f-cut-001-matrices,dd9e4d686d6521df42045188badaf02142d334b3,F-IMP-002,tasks/features/F-IMP-002.md,EXCLUDED_SOURCE_METADATA,regenerated after code replay,fix(engineering): 收敛到货签收后继运行边界
193,98e4ae22a7f2f7dd3056ce674cbadaf6f865eafe,2026-08-30T14:46:08+08:00,codex/f-acc-001-sds,9030f25114b0eace9b762b1bb01971622a1fefeb,UNMAPPED,pms-module-platform/pms-module-platform-api/src/main/java/cn/iocoder/yudao/module/pms/platform/api/file/FileArtifactApi.java,CONFLICTING_HUNKS_PENDING,rejected_hunks=1 rc=1,feat(acceptance): 接通受控问卷文件上传
193,98e4ae22a7f2f7dd3056ce674cbadaf6f865eafe,2026-08-30T14:46:08+08:00,codex/f-acc-001-sds,9030f25114b0eace9b762b1bb01971622a1fefeb,UNMAPPED,pms-module-platform/pms-module-platform-api/src/main/java/cn/iocoder/yudao/module/pms/platform/api/file/FileBusinessObjectPolicyProvider.java,CONFLICTING_HUNKS_PENDING,rejected_hunks=1 rc=1,feat(acceptance): 接通受控问卷文件上传
193,98e4ae22a7f2f7dd3056ce674cbadaf6f865eafe,2026-08-30T14:46:08+08:00,codex/f-acc-001-sds,9030f25114b0eace9b762b1bb01971622a1fefeb,UNMAPPED,pms-module-platform/src/main/java/cn/iocoder/yudao/module/pms/platform/service/file/BusinessGrantFileUploadService.java,CONFLICTING_HUNKS_PENDING,rejected_hunks=0 rc=1,feat(acceptance): 接通受控问卷文件上传
193,98e4ae22a7f2f7dd3056ce674cbadaf6f865eafe,2026-08-30T14:46:08+08:00,codex/f-acc-001-sds,9030f25114b0eace9b762b1bb01971622a1fefeb,UNMAPPED,pms-module-platform/src/main/java/cn/iocoder/yudao/module/pms/platform/service/file/FileArtifactApiImpl.java,CONFLICTING_HUNKS_PENDING,rejected_hunks=1 rc=1,feat(acceptance): 接通受控问卷文件上传
193,98e4ae22a7f2f7dd3056ce674cbadaf6f865eafe,2026-08-30T14:46:08+08:00,codex/f-acc-001-sds,9030f25114b0eace9b762b1bb01971622a1fefeb,UNMAPPED,pms-module-platform/src/main/java/cn/iocoder/yudao/module/pms/platform/service/file/FileBusinessObjectPolicyRegistry.java,APPLIED_NON_CONFLICTING_HUNKS,rejected_hunks=1 rc=1,feat(acceptance): 接通受控问卷文件上传
193,98e4ae22a7f2f7dd3056ce674cbadaf6f865eafe,2026-08-30T14:46:08+08:00,codex/f-acc-001-sds,9030f25114b0eace9b762b1bb01971622a1fefeb,UNMAPPED,pms-module-platform/src/test/java/cn/iocoder/yudao/module/pms/platform/file/BusinessGrantFileUploadServiceTest.java,CONFLICTING_HUNKS_PENDING,rejected_hunks=0 rc=1,feat(acceptance): 接通受控问卷文件上传
193,98e4ae22a7f2f7dd3056ce674cbadaf6f865eafe,2026-08-30T14:46:08+08:00,codex/f-acc-001-sds,9030f25114b0eace9b762b1bb01971622a1fefeb,UNMAPPED,pms-module-platform/src/test/java/cn/iocoder/yudao/module/pms/platform/file/FileArtifactApiImplTest.java,CONFLICTING_HUNKS_PENDING,rejected_hunks=1 rc=1,feat(acceptance): 接通受控问卷文件上传
193,98e4ae22a7f2f7dd3056ce674cbadaf6f865eafe,2026-08-30T14:46:08+08:00,codex/f-acc-001-sds,9030f25114b0eace9b762b1bb01971622a1fefeb,F-ACC-002,pms-module-project/src/main/java/cn/iocoder/yudao/module/pms/project/controller/admin/satisfaction/SatisfactionQuestionnairePublicController.java,CONFLICTING_HUNKS_PENDING,rejected_hunks=1 rc=1,feat(acceptance): 接通受控问卷文件上传
193,98e4ae22a7f2f7dd3056ce674cbadaf6f865eafe,2026-08-30T14:46:08+08:00,codex/f-acc-001-sds,9030f25114b0eace9b762b1bb01971622a1fefeb,F-ACC-002,pms-module-project/src/main/java/cn/iocoder/yudao/module/pms/project/service/satisfaction/SatisfactionResponseFilePolicyProvider.java,CONFLICTING_HUNKS_PENDING,rejected_hunks=0 rc=1,feat(acceptance): 接通受控问卷文件上传
193,98e4ae22a7f2f7dd3056ce674cbadaf6f865eafe,2026-08-30T14:46:08+08:00,codex/f-acc-001-sds,9030f25114b0eace9b762b1bb01971622a1fefeb,F-ACC-002,pms-module-project/src/main/java/cn/iocoder/yudao/module/pms/project/service/satisfaction/SatisfactionResponseSubmissionService.java,CONFLICTING_HUNKS_PENDING,rejected_hunks=1 rc=1,feat(acceptance): 接通受控问卷文件上传
193,98e4ae22a7f2f7dd3056ce674cbadaf6f865eafe,2026-08-30T14:46:08+08:00,codex/f-acc-001-sds,9030f25114b0eace9b762b1bb01971622a1fefeb,F-ACC-002,pms-module-project/src/test/java/cn/iocoder/yudao/module/pms/project/service/satisfaction/SatisfactionPublicSubmissionApplicationServiceTest.java,CONFLICTING_HUNKS_PENDING,rejected_hunks=1 rc=1,feat(acceptance): 接通受控问卷文件上传
193,98e4ae22a7f2f7dd3056ce674cbadaf6f865eafe,2026-08-30T14:46:08+08:00,codex/f-acc-001-sds,9030f25114b0eace9b762b1bb01971622a1fefeb,F-ACC-002,pms-module-project/src/test/java/cn/iocoder/yudao/module/pms/project/service/satisfaction/SatisfactionResponseFilePolicyProviderTest.java,CONFLICTING_HUNKS_PENDING,rejected_hunks=0 rc=1,feat(acceptance): 接通受控问卷文件上传
193,98e4ae22a7f2f7dd3056ce674cbadaf6f865eafe,2026-08-30T14:46:08+08:00,codex/f-acc-001-sds,9030f25114b0eace9b762b1bb01971622a1fefeb,F-ACC-002,pms-module-project/src/test/java/cn/iocoder/yudao/module/pms/project/service/satisfaction/SatisfactionResponseSubmissionServiceTest.java,CONFLICTING_HUNKS_PENDING,rejected_hunks=1 rc=1,feat(acceptance): 接通受控问卷文件上传
193,98e4ae22a7f2f7dd3056ce674cbadaf6f865eafe,2026-08-30T14:46:08+08:00,codex/f-acc-001-sds,9030f25114b0eace9b762b1bb01971622a1fefeb,F-ACC-002,tasks/features/F-ACC-002.md,EXCLUDED_SOURCE_METADATA,regenerated after code replay,feat(acceptance): 接通受控问卷文件上传
194,808151ce4662c85b8ea1c5267bc52b4d4699fd1d,2026-08-30T14:52:51+08:00,codex/f-cut-001-matrices,7c27e901f6c7ab2e552fc4b63e1c66ac8c512be8,F-ACC-001,pms-module-engineering/src/test/java/cn/iocoder/yudao/module/pms/engineering/service/arrivalacceptance/ArrivalAcceptanceCommandServiceTest.java,CONFLICTING_HUNKS_PENDING,rejected_hunks=1 rc=1,fix(engineering): 补全到货命令关联事实
194,808151ce4662c85b8ea1c5267bc52b4d4699fd1d,2026-08-30T14:52:51+08:00,codex/f-cut-001-matrices,7c27e901f6c7ab2e552fc4b63e1c66ac8c512be8,F-IMP-002,tasks/features/F-IMP-002.md,EXCLUDED_SOURCE_METADATA,regenerated after code replay,fix(engineering): 补全到货命令关联事实
195,29963bd50635316ee74584dbf88b10ce6ac85235,2026-08-30T14:56:03+08:00,codex/f-cut-001-matrices,2d388f27084958166f67297d54fb3ebfa8a3e38f,F-IMP-002,tasks/features/F-IMP-002.md,EXCLUDED_SOURCE_METADATA,regenerated after code replay,docs(engineering): 回写到货命令整改通过
196,f10454dcbe0dcb133b109a9d95aa4ac476294c68,2026-08-30T14:57:15+08:00,codex/f-cut-001-matrices,f2b2219951eabf12025f056d5d2445baeeaad6ec,F-IMP-002,tasks/features/F-IMP-002.md,EXCLUDED_SOURCE_METADATA,regenerated after code replay,docs(engineering): 对齐到货签收收口状态
197,57b2dcd223b9cf685e2aff648003b54f03e82de8,2026-08-30T15:01:53+08:00,codex/f-acc-001-sds,0459e933282598cdc5de25a75131499f81d6e041,UNMAPPED,pms-module-platform/src/main/java/cn/iocoder/yudao/module/pms/platform/service/file/BusinessGrantFileUploadService.java,CONFLICTING_HUNKS_PENDING,rejected_hunks=1 rc=1,fix(acceptance): 绑定grant上传重放身份
197,57b2dcd223b9cf685e2aff648003b54f03e82de8,2026-08-30T15:01:53+08:00,codex/f-acc-001-sds,0459e933282598cdc5de25a75131499f81d6e041,UNMAPPED,pms-module-platform/src/test/java/cn/iocoder/yudao/module/pms/platform/file/BusinessGrantFileUploadServiceTest.java,CONFLICTING_HUNKS_PENDING,rejected_hunks=1 rc=1,fix(acceptance): 绑定grant上传重放身份
197,57b2dcd223b9cf685e2aff648003b54f03e82de8,2026-08-30T15:01:53+08:00,codex/f-acc-001-sds,0459e933282598cdc5de25a75131499f81d6e041,F-ACC-002,tasks/features/F-ACC-002.md,EXCLUDED_SOURCE_METADATA,regenerated after code replay,fix(acceptance): 绑定grant上传重放身份
198,c649c4245b3e13de39abdf89899d2a1195483a4d,2026-08-30T15:08:55+08:00,codex/f-cut-001-matrices,76506c7daf481dafe8d065c7e0e368e3412e1f77,F-ACC-001,pms-module-engineering/src/test/java/cn/iocoder/yudao/module/pms/engineering/service/arrivalacceptance/ArrivalAcceptanceApplicationServiceTest.java,CONFLICTING_HUNKS_PENDING,rejected_hunks=1 rc=1,fix(engineering): 收口到货签收应用动作
198,c649c4245b3e13de39abdf89899d2a1195483a4d,2026-08-30T15:08:55+08:00,codex/f-cut-001-matrices,76506c7daf481dafe8d065c7e0e368e3412e1f77,F-IMP-002,tasks/features/F-IMP-002.md,EXCLUDED_SOURCE_METADATA,regenerated after code replay,fix(engineering): 收口到货签收应用动作
199,88d507935eb587d0940474bcbc53ee8f1702ca69,2026-08-30T15:12:21+08:00,codex/f-cut-001-matrices,27640c9b77a63de5915c5944a7d4320c7e415ad5,F-IMP-002,tasks/features/F-IMP-002.md,EXCLUDED_SOURCE_METADATA,regenerated after code replay,docs(engineering): 回写到货签收应用收口通过
200,fb69dbcc07c87324a63ec789df9e2bb977f29204,2026-08-30T15:33:34+08:00,codex/f-cut-001-matrices,64b9b43bf55186e9d8c41df0293480f26b31d5c6,F-ACC-001,pms-module-engineering/src/main/java/cn/iocoder/yudao/module/pms/engineering/controller/admin/arrivalacceptance/ArrivalAcceptanceController.java,CONFLICTING_HUNKS_PENDING,rejected_hunks=0 rc=1,feat(engineering): 实现到货签收REST契约
200,fb69dbcc07c87324a63ec789df9e2bb977f29204,2026-08-30T15:33:34+08:00,codex/f-cut-001-matrices,64b9b43bf55186e9d8c41df0293480f26b31d5c6,F-ACC-001,pms-module-engineering/src/main/java/cn/iocoder/yudao/module/pms/engineering/controller/admin/arrivalacceptance/ArrivalAcceptanceHttpException.java,APPLIED_CODE_CHANGE,clean per-commit delta,feat(engineering): 实现到货签收REST契约
200,fb69dbcc07c87324a63ec789df9e2bb977f29204,2026-08-30T15:33:34+08:00,codex/f-cut-001-matrices,64b9b43bf55186e9d8c41df0293480f26b31d5c6,F-ACC-001,pms-module-engineering/src/test/java/cn/iocoder/yudao/module/pms/engineering/controller/admin/arrivalacceptance/ArrivalAcceptanceControllerContractTest.java,CONFLICTING_HUNKS_PENDING,rejected_hunks=0 rc=1,feat(engineering): 实现到货签收REST契约
200,fb69dbcc07c87324a63ec789df9e2bb977f29204,2026-08-30T15:33:34+08:00,codex/f-cut-001-matrices,64b9b43bf55186e9d8c41df0293480f26b31d5c6,F-IMP-002,specs/features/F-IMP-002-rest-api-contract.json,EXCLUDED_SOURCE_METADATA,regenerated after code replay,feat(engineering): 实现到货签收REST契约
200,fb69dbcc07c87324a63ec789df9e2bb977f29204,2026-08-30T15:33:34+08:00,codex/f-cut-001-matrices,64b9b43bf55186e9d8c41df0293480f26b31d5c6,F-IMP-002,tasks/features/F-IMP-002.md,EXCLUDED_SOURCE_METADATA,regenerated after code replay,feat(engineering): 实现到货签收REST契约
201,0f3769755f59a7a76c0ceec715c67f3af3bf134c,2026-08-30T15:36:18+08:00,codex/f-acc-001-sds,3a3ac38d4aaeda0ed91a47e42054a8783883a15a,F-ACC-002,docs/design/10-api-design.md,EXCLUDED_SOURCE_METADATA,regenerated after code replay,feat(acceptance): 接通满意度结果来源投影
201,0f3769755f59a7a76c0ceec715c67f3af3bf134c,2026-08-30T15:36:18+08:00,codex/f-acc-001-sds,3a3ac38d4aaeda0ed91a47e42054a8783883a15a,F-ACC-002,docs/design/11-event-design.md,EXCLUDED_SOURCE_METADATA,regenerated after code replay,feat(acceptance): 接通满意度结果来源投影
201,0f3769755f59a7a76c0ceec715c67f3af3bf134c,2026-08-30T15:36:18+08:00,codex/f-acc-001-sds,3a3ac38d4aaeda0ed91a47e42054a8783883a15a,F-ACC-002,docs/superpowers/plans/2026-08-30-f-acc-002-satisfaction-questionnaire-result-deliverable-sync.md,EXCLUDED_SOURCE_METADATA,regenerated after code replay,feat(acceptance): 接通满意度结果来源投影
201,0f3769755f59a7a76c0ceec715c67f3af3bf134c,2026-08-30T15:36:18+08:00,codex/f-acc-001-sds,3a3ac38d4aaeda0ed91a47e42054a8783883a15a,F-ACC-002,pms-module-platform/src/main/java/cn/iocoder/yudao/module/pms/platform/service/outbox/PlatformOutboxDeliveryApiImpl.java,CONFLICTING_HUNKS_PENDING,rejected_hunks=1 rc=1,feat(acceptance): 接通满意度结果来源投影
201,0f3769755f59a7a76c0ceec715c67f3af3bf134c,2026-08-30T15:36:18+08:00,codex/f-acc-001-sds,3a3ac38d4aaeda0ed91a47e42054a8783883a15a,F-ACC-002,pms-module-project/pms-module-project-api/src/main/java/cn/iocoder/yudao/module/pms/project/api/workbinding/ProjectWorkBindingFactApi.java,CONFLICTING_HUNKS_PENDING,rejected_hunks=1 rc=1,feat(acceptance): 接通满意度结果来源投影
201,0f3769755f59a7a76c0ceec715c67f3af3bf134c,2026-08-30T15:36:18+08:00,codex/f-acc-001-sds,3a3ac38d4aaeda0ed91a47e42054a8783883a15a,F-ACC-002,pms-module-project/src/main/java/cn/iocoder/yudao/module/pms/project/api/workbinding/ProjectWorkBindingFactApiImpl.java,CONFLICTING_HUNKS_PENDING,rejected_hunks=1 rc=1,feat(acceptance): 接通满意度结果来源投影
201,0f3769755f59a7a76c0ceec715c67f3af3bf134c,2026-08-30T15:36:18+08:00,codex/f-acc-001-sds,3a3ac38d4aaeda0ed91a47e42054a8783883a15a,F-ACC-002,pms-module-project/src/main/java/cn/iocoder/yudao/module/pms/project/service/satisfaction/SatisfactionResultDecisionService.java,CONFLICTING_HUNKS_PENDING,rejected_hunks=1 rc=1,feat(acceptance): 接通满意度结果来源投影
201,0f3769755f59a7a76c0ceec715c67f3af3bf134c,2026-08-30T15:36:18+08:00,codex/f-acc-001-sds,3a3ac38d4aaeda0ed91a47e42054a8783883a15a,F-ACC-002,pms-module-project/src/main/java/cn/iocoder/yudao/module/pms/project/service/satisfaction/SatisfactionResultQuartzRegistrar.java,CONFLICTING_HUNKS_PENDING,rejected_hunks=0 rc=1,feat(acceptance): 接通满意度结果来源投影
201,0f3769755f59a7a76c0ceec715c67f3af3bf134c,2026-08-30T15:36:18+08:00,codex/f-acc-001-sds,3a3ac38d4aaeda0ed91a47e42054a8783883a15a,F-ACC-002,pms-module-project/src/main/java/cn/iocoder/yudao/module/pms/project/service/satisfaction/SatisfactionResultSourceProjectionService.java,CONFLICTING_HUNKS_PENDING,rejected_hunks=0 rc=1,feat(acceptance): 接通满意度结果来源投影
201,0f3769755f59a7a76c0ceec715c67f3af3bf134c,2026-08-30T15:36:18+08:00,codex/f-acc-001-sds,3a3ac38d4aaeda0ed91a47e42054a8783883a15a,F-ACC-002,pms-module-project/src/main/java/cn/iocoder/yudao/module/pms/project/service/satisfaction/event/SatisfactionResultVersionChangedMessage.java,CONFLICTING_HUNKS_PENDING,rejected_hunks=0 rc=1,feat(acceptance): 接通满意度结果来源投影
201,0f3769755f59a7a76c0ceec715c67f3af3bf134c,2026-08-30T15:36:18+08:00,codex/f-acc-001-sds,3a3ac38d4aaeda0ed91a47e42054a8783883a15a,F-ACC-002,pms-module-project/src/test/java/cn/iocoder/yudao/module/pms/project/api/workbinding/ProjectWorkBindingFactApiImplTest.java,CONFLICTING_HUNKS_PENDING,rejected_hunks=1 rc=1,feat(acceptance): 接通满意度结果来源投影
201,0f3769755f59a7a76c0ceec715c67f3af3bf134c,2026-08-30T15:36:18+08:00,codex/f-acc-001-sds,3a3ac38d4aaeda0ed91a47e42054a8783883a15a,F-ACC-002,pms-module-project/src/test/java/cn/iocoder/yudao/module/pms/project/service/satisfaction/SatisfactionResultDecisionServiceTest.java,CONFLICTING_HUNKS_PENDING,rejected_hunks=1 rc=1,feat(acceptance): 接通满意度结果来源投影
201,0f3769755f59a7a76c0ceec715c67f3af3bf134c,2026-08-30T15:36:18+08:00,codex/f-acc-001-sds,3a3ac38d4aaeda0ed91a47e42054a8783883a15a,F-ACC-002,pms-module-project/src/test/java/cn/iocoder/yudao/module/pms/project/service/satisfaction/SatisfactionResultSourceProjectionServiceTest.java,CONFLICTING_HUNKS_PENDING,rejected_hunks=0 rc=1,feat(acceptance): 接通满意度结果来源投影
201,0f3769755f59a7a76c0ceec715c67f3af3bf134c,2026-08-30T15:36:18+08:00,codex/f-acc-001-sds,3a3ac38d4aaeda0ed91a47e42054a8783883a15a,F-ACC-002,specs/features/F-ACC-002-physical-contract.json,EXCLUDED_SOURCE_METADATA,regenerated after code replay,feat(acceptance): 接通满意度结果来源投影
201,0f3769755f59a7a76c0ceec715c67f3af3bf134c,2026-08-30T15:36:18+08:00,codex/f-acc-001-sds,3a3ac38d4aaeda0ed91a47e42054a8783883a15a,F-ACC-002,specs/features/F-ACC-002-satisfaction-questionnaire-result-and-deliverable-sync.md,EXCLUDED_SOURCE_METADATA,regenerated after code replay,feat(acceptance): 接通满意度结果来源投影
201,0f3769755f59a7a76c0ceec715c67f3af3bf134c,2026-08-30T15:36:18+08:00,codex/f-acc-001-sds,3a3ac38d4aaeda0ed91a47e42054a8783883a15a,F-ACC-002,tasks/features/F-ACC-002.md,EXCLUDED_SOURCE_METADATA,regenerated after code replay,feat(acceptance): 接通满意度结果来源投影
202,4a84f6f9e6491c621ff69e0b6b00edba8dfb5eda,2026-08-30T15:46:17+08:00,codex/f-acc-001-sds,f092ff741ff1067ace9961da7d922a55637dd5eb,F-ACC-002,pms-module-project/src/main/java/cn/iocoder/yudao/module/pms/project/dal/mysql/acceptance/AccProjectDeliverableMapper.java,CONFLICTING_HUNKS_PENDING,rejected_hunks=1 rc=1,fix(acceptance): 清理失效满意度来源指针
202,4a84f6f9e6491c621ff69e0b6b00edba8dfb5eda,2026-08-30T15:46:17+08:00,codex/f-acc-001-sds,f092ff741ff1067ace9961da7d922a55637dd5eb,F-ACC-002,pms-module-project/src/test/java/cn/iocoder/yudao/module/pms/project/service/satisfaction/SatisfactionResultSourceProjectionMySqlIntegrationTest.java,APPLIED_ADD_ADD,current-semantic-superset,fix(acceptance): 清理失效满意度来源指针
202,4a84f6f9e6491c621ff69e0b6b00edba8dfb5eda,2026-08-30T15:46:17+08:00,codex/f-acc-001-sds,f092ff741ff1067ace9961da7d922a55637dd5eb,F-ACC-002,tasks/features/F-ACC-002.md,EXCLUDED_SOURCE_METADATA,regenerated after code replay,fix(acceptance): 清理失效满意度来源指针
203,b63b5a0c47818845eefd567c44cd9e1c3077d2db,2026-08-30T15:52:47+08:00,codex/f-cut-001-matrices,c3271d34b57e6c4d2d0bcf02c0fdba0973f326fc,F-ACC-001,pms-module-engineering/src/main/java/cn/iocoder/yudao/module/pms/engineering/controller/admin/arrivalacceptance/ArrivalAcceptanceController.java,CONFLICTING_HUNKS_PENDING,rejected_hunks=1 rc=1,fix(engineering): 收敛到货签收REST边界
203,b63b5a0c47818845eefd567c44cd9e1c3077d2db,2026-08-30T15:52:47+08:00,codex/f-cut-001-matrices,c3271d34b57e6c4d2d0bcf02c0fdba0973f326fc,F-ACC-001,pms-module-engineering/src/main/java/cn/iocoder/yudao/module/pms/engineering/controller/admin/arrivalacceptance/ArrivalAcceptanceHttpException.java,APPLIED_CODE_CHANGE,clean per-commit delta,fix(engineering): 收敛到货签收REST边界
203,b63b5a0c47818845eefd567c44cd9e1c3077d2db,2026-08-30T15:52:47+08:00,codex/f-cut-001-matrices,c3271d34b57e6c4d2d0bcf02c0fdba0973f326fc,F-ACC-001,pms-module-engineering/src/main/java/cn/iocoder/yudao/module/pms/engineering/service/arrivalacceptance/ArrivalAcceptanceApplicationService.java,APPLIED_NON_CONFLICTING_HUNKS,rejected_hunks=1 rc=1,fix(engineering): 收敛到货签收REST边界
203,b63b5a0c47818845eefd567c44cd9e1c3077d2db,2026-08-30T15:52:47+08:00,codex/f-cut-001-matrices,c3271d34b57e6c4d2d0bcf02c0fdba0973f326fc,F-ACC-001,pms-module-engineering/src/main/java/cn/iocoder/yudao/module/pms/engineering/service/arrivalacceptance/ArrivalAcceptanceContractException.java,CONFLICTING_HUNKS_PENDING,rejected_hunks=0 rc=1,fix(engineering): 收敛到货签收REST边界
203,b63b5a0c47818845eefd567c44cd9e1c3077d2db,2026-08-30T15:52:47+08:00,codex/f-cut-001-matrices,c3271d34b57e6c4d2d0bcf02c0fdba0973f326fc,F-ACC-001,pms-module-engineering/src/main/java/cn/iocoder/yudao/module/pms/engineering/service/arrivalacceptance/port/DeviceScopeFactPort.java,CONFLICTING_HUNKS_PENDING,rejected_hunks=1 rc=1,fix(engineering): 收敛到货签收REST边界
203,b63b5a0c47818845eefd567c44cd9e1c3077d2db,2026-08-30T15:52:47+08:00,codex/f-cut-001-matrices,c3271d34b57e6c4d2d0bcf02c0fdba0973f326fc,F-ACC-001,pms-module-engineering/src/test/java/cn/iocoder/yudao/module/pms/engineering/controller/admin/arrivalacceptance/ArrivalAcceptanceControllerContractTest.java,CONFLICTING_HUNKS_PENDING,rejected_hunks=1 rc=1,fix(engineering): 收敛到货签收REST边界
203,b63b5a0c47818845eefd567c44cd9e1c3077d2db,2026-08-30T15:52:47+08:00,codex/f-cut-001-matrices,c3271d34b57e6c4d2d0bcf02c0fdba0973f326fc,F-IMP-002,tasks/features/F-IMP-002.md,EXCLUDED_SOURCE_METADATA,regenerated after code replay,fix(engineering): 收敛到货签收REST边界
204,d71ced4091a1830fb8718db6c4eb1badaff4c203,2026-08-30T16:06:00+08:00,codex/f-cut-001-matrices,4bcca922f16ac05a350c072a7e37773248288c22,F-IMP-002,tasks/features/F-IMP-002.md,EXCLUDED_SOURCE_METADATA,regenerated after code replay,fix(engineering): 修复到货签收守卫分类
205,47d6b7fd641f1eb2567fa053f34a9386ad8a6307,2026-08-30T16:08:11+08:00,codex/f-cut-001-matrices,df06f374531f0fd89530f4dda00e7a82541f987a,F-IMP-002,tasks/features/F-IMP-002.md,EXCLUDED_SOURCE_METADATA,regenerated after code replay,docs(engineering): 回写到货签收REST审查通过
206,6ec1b2459a436f16d9a87bf03358ab98e0af4bfc,2026-08-30T16:12:32+08:00,codex/f-acc-001-sds,e7c78040d2607d4477b1a9e8cc1919f9278b6ef8,F-ACC-002,docs/design/11-event-design.md,EXCLUDED_SOURCE_METADATA,regenerated after code replay,feat(acceptance): 接通满意度待办与归档补偿
206,6ec1b2459a436f16d9a87bf03358ab98e0af4bfc,2026-08-30T16:12:32+08:00,codex/f-acc-001-sds,e7c78040d2607d4477b1a9e8cc1919f9278b6ef8,F-ACC-002,docs/superpowers/plans/2026-08-30-f-acc-002-satisfaction-questionnaire-result-deliverable-sync.md,EXCLUDED_SOURCE_METADATA,regenerated after code replay,feat(acceptance): 接通满意度待办与归档补偿
206,6ec1b2459a436f16d9a87bf03358ab98e0af4bfc,2026-08-30T16:12:32+08:00,codex/f-acc-001-sds,e7c78040d2607d4477b1a9e8cc1919f9278b6ef8,F-ACC-002,pms-module-platform/src/main/java/cn/iocoder/yudao/module/pms/platform/service/outbox/PlatformOutboxDeliveryApiImpl.java,CONFLICTING_HUNKS_PENDING,rejected_hunks=1 rc=1,feat(acceptance): 接通满意度待办与归档补偿
206,6ec1b2459a436f16d9a87bf03358ab98e0af4bfc,2026-08-30T16:12:32+08:00,codex/f-acc-001-sds,e7c78040d2607d4477b1a9e8cc1919f9278b6ef8,F-ACC-002,pms-module-project/src/main/java/cn/iocoder/yudao/module/pms/project/api/satisfaction/SatisfactionTaskInitializationApiImpl.java,CONFLICTING_HUNKS_PENDING,rejected_hunks=1 rc=1,feat(acceptance): 接通满意度待办与归档补偿
206,6ec1b2459a436f16d9a87bf03358ab98e0af4bfc,2026-08-30T16:12:32+08:00,codex/f-acc-001-sds,e7c78040d2607d4477b1a9e8cc1919f9278b6ef8,F-ACC-002,pms-module-project/src/main/java/cn/iocoder/yudao/module/pms/project/dal/mysql/satisfaction/SatisfactionResultMapper.java,CONFLICTING_HUNKS_PENDING,rejected_hunks=1 rc=1,feat(acceptance): 接通满意度待办与归档补偿
206,6ec1b2459a436f16d9a87bf03358ab98e0af4bfc,2026-08-30T16:12:32+08:00,codex/f-acc-001-sds,e7c78040d2607d4477b1a9e8cc1919f9278b6ef8,F-ACC-002,pms-module-project/src/main/java/cn/iocoder/yudao/module/pms/project/service/satisfaction/SatisfactionResponseFilePolicyProvider.java,CONFLICTING_HUNKS_PENDING,rejected_hunks=1 rc=1,feat(acceptance): 接通满意度待办与归档补偿
206,6ec1b2459a436f16d9a87bf03358ab98e0af4bfc,2026-08-30T16:12:32+08:00,codex/f-acc-001-sds,e7c78040d2607d4477b1a9e8cc1919f9278b6ef8,F-ACC-002,pms-module-project/src/main/java/cn/iocoder/yudao/module/pms/project/service/satisfaction/SatisfactionResultDecisionService.java,CONFLICTING_HUNKS_PENDING,rejected_hunks=1 rc=1,feat(acceptance): 接通满意度待办与归档补偿
206,6ec1b2459a436f16d9a87bf03358ab98e0af4bfc,2026-08-30T16:12:32+08:00,codex/f-acc-001-sds,e7c78040d2607d4477b1a9e8cc1919f9278b6ef8,F-ACC-002,pms-module-project/src/main/java/cn/iocoder/yudao/module/pms/project/service/satisfaction/SatisfactionResultFilePolicyProvider.java,CONFLICTING_HUNKS_PENDING,rejected_hunks=1 rc=1,feat(acceptance): 接通满意度待办与归档补偿
206,6ec1b2459a436f16d9a87bf03358ab98e0af4bfc,2026-08-30T16:12:32+08:00,codex/f-acc-001-sds,e7c78040d2607d4477b1a9e8cc1919f9278b6ef8,F-ACC-002,pms-module-project/src/main/resources/mapper/satisfaction/SatisfactionResultMapper.xml,CONFLICTING_HUNKS_PENDING,rejected_hunks=1 rc=1,feat(acceptance): 接通满意度待办与归档补偿
206,6ec1b2459a436f16d9a87bf03358ab98e0af4bfc,2026-08-30T16:12:32+08:00,codex/f-acc-001-sds,e7c78040d2607d4477b1a9e8cc1919f9278b6ef8,F-ACC-002,pms-module-project/src/test/java/cn/iocoder/yudao/module/pms/project/service/satisfaction/SatisfactionResponseFilePolicyProviderTest.java,CONFLICTING_HUNKS_PENDING,rejected_hunks=1 rc=1,feat(acceptance): 接通满意度待办与归档补偿
206,6ec1b2459a436f16d9a87bf03358ab98e0af4bfc,2026-08-30T16:12:32+08:00,codex/f-acc-001-sds,e7c78040d2607d4477b1a9e8cc1919f9278b6ef8,F-ACC-002,specs/features/F-ACC-002-physical-contract.json,EXCLUDED_SOURCE_METADATA,regenerated after code replay,feat(acceptance): 接通满意度待办与归档补偿
206,6ec1b2459a436f16d9a87bf03358ab98e0af4bfc,2026-08-30T16:12:32+08:00,codex/f-acc-001-sds,e7c78040d2607d4477b1a9e8cc1919f9278b6ef8,F-ACC-002,specs/features/F-ACC-002-satisfaction-questionnaire-result-and-deliverable-sync.md,EXCLUDED_SOURCE_METADATA,regenerated after code replay,feat(acceptance): 接通满意度待办与归档补偿
206,6ec1b2459a436f16d9a87bf03358ab98e0af4bfc,2026-08-30T16:12:32+08:00,codex/f-acc-001-sds,e7c78040d2607d4477b1a9e8cc1919f9278b6ef8,F-ACC-002,tasks/features/F-ACC-002.md,EXCLUDED_SOURCE_METADATA,regenerated after code replay,feat(acceptance): 接通满意度待办与归档补偿
207,871cfcbb5e5c532dd2b2ab8741b5c23d5d21445f,2026-08-30T16:14:30+08:00,codex/f-cut-001-matrices,b18d1b21244f8473b47e7e81e8e8c6b54fac2525,F-ACC-001,pms-module-engineering/src/test/java/cn/iocoder/yudao/module/pms/engineering/arrivalacceptance/ArrivalAcceptanceMigrationContractTest.java,CONFLICTING_HUNKS_PENDING,rejected_hunks=1 rc=1,feat(engineering): 初始化到货签收运行资源
207,871cfcbb5e5c532dd2b2ab8741b5c23d5d21445f,2026-08-30T16:14:30+08:00,codex/f-cut-001-matrices,b18d1b21244f8473b47e7e81e8e8c6b54fac2525,F-IMP-002,sql/migrations/V142__fimp002_arrival_acceptance_seed.sql,APPLIED_CODE_CHANGE,clean per-commit delta,feat(engineering): 初始化到货签收运行资源
207,871cfcbb5e5c532dd2b2ab8741b5c23d5d21445f,2026-08-30T16:14:30+08:00,codex/f-cut-001-matrices,b18d1b21244f8473b47e7e81e8e8c6b54fac2525,F-IMP-002,tasks/features/F-IMP-002.md,EXCLUDED_SOURCE_METADATA,regenerated after code replay,feat(engineering): 初始化到货签收运行资源
208,59c34505e7d3d5bfa49d03c165989f521c7d5c6c,2026-08-30T16:30:21+08:00,codex/f-acc-001-sds,bf24819a4c9e8a46a5801a2174a388b711a2f56a,F-ACC-002,docs/design/11-event-design.md,EXCLUDED_SOURCE_METADATA,regenerated after code replay,fix(acceptance): 分离满意度来源附件序号
208,59c34505e7d3d5bfa49d03c165989f521c7d5c6c,2026-08-30T16:30:21+08:00,codex/f-acc-001-sds,bf24819a4c9e8a46a5801a2174a388b711a2f56a,F-ACC-002,tasks/features/F-ACC-002.md,EXCLUDED_SOURCE_METADATA,regenerated after code replay,fix(acceptance): 分离满意度来源附件序号
209,aa96b9393a2a048e258f7c8e81d3d2a366a6c383,2026-08-30T16:32:07+08:00,codex/f-cut-001-matrices,ca048249200f354893f364a1738775ef64a60db4,F-IMP-002,tasks/features/F-IMP-002.md,EXCLUDED_SOURCE_METADATA,regenerated after code replay,docs(engineering): 回写到货签收资源审查通过
210,99a4b412ae259f7b06d5dd1a596b0bab8e38f5a7,2026-08-30T16:41:44+08:00,codex/f-acc-001-sds,083f3dcaa32480c07b12f54bc5bf6415ccafda46,F-ACC-002,tasks/features/F-ACC-002.md,EXCLUDED_SOURCE_METADATA,regenerated after code replay,chore(acceptance): 完成满意度后端任务
211,0ffaebe3d1c32733abe9955f2733b6fe7cd02349,2026-08-30T16:49:46+08:00,codex/f-acc-001-sds,513bd48a13cfa705b88f09ab8b02029dc4c72ba5,F-ACC-002,pms-module-project/src/main/java/cn/iocoder/yudao/module/pms/project/controller/admin/satisfaction/SatisfactionTemplateController.java,CONFLICTING_HUNKS_PENDING,rejected_hunks=0 rc=1,feat(acceptance): 接通满意度模板管理
212,9e42fbc3279d9a292bc4ac36bfeac75cfdd9a899,2026-08-30T16:52:04+08:00,codex/f-cut-001-matrices,2ea4dbbfc8b4160c347c0b2c411611bc76a6fa36,F-IMP-002,tasks/features/F-IMP-002.md,EXCLUDED_SOURCE_METADATA,regenerated after code replay,feat(engineering): 实现到货签收前端工作台
212,9e42fbc3279d9a292bc4ac36bfeac75cfdd9a899,2026-08-30T16:52:04+08:00,codex/f-cut-001-matrices,2ea4dbbfc8b4160c347c0b2c411611bc76a6fa36,F-ACC-001,yudao-ui/yudao-ui-admin-vue3/src/api/pms/engineering/arrival-acceptance/index.ts,CONFLICTING_HUNKS_PENDING,rejected_hunks=0 rc=1,feat(engineering): 实现到货签收前端工作台
212,9e42fbc3279d9a292bc4ac36bfeac75cfdd9a899,2026-08-30T16:52:04+08:00,codex/f-cut-001-matrices,2ea4dbbfc8b4160c347c0b2c411611bc76a6fa36,F-ACC-001,yudao-ui/yudao-ui-admin-vue3/src/views/pms/engineering/arrival-acceptance/arrivalAcceptanceInteraction.spec.ts,CONFLICTING_HUNKS_PENDING,rejected_hunks=0 rc=1,feat(engineering): 实现到货签收前端工作台
212,9e42fbc3279d9a292bc4ac36bfeac75cfdd9a899,2026-08-30T16:52:04+08:00,codex/f-cut-001-matrices,2ea4dbbfc8b4160c347c0b2c411611bc76a6fa36,F-ACC-001,yudao-ui/yudao-ui-admin-vue3/src/views/pms/engineering/arrival-acceptance/arrivalAcceptanceInteraction.ts,CONFLICTING_HUNKS_PENDING,rejected_hunks=0 rc=1,feat(engineering): 实现到货签收前端工作台
212,9e42fbc3279d9a292bc4ac36bfeac75cfdd9a899,2026-08-30T16:52:04+08:00,codex/f-cut-001-matrices,2ea4dbbfc8b4160c347c0b2c411611bc76a6fa36,F-ACC-001,yudao-ui/yudao-ui-admin-vue3/src/views/pms/engineering/arrival-acceptance/components/ArrivalAcceptanceForm.vue,CONFLICTING_HUNKS_PENDING,rejected_hunks=0 rc=1,feat(engineering): 实现到货签收前端工作台
212,9e42fbc3279d9a292bc4ac36bfeac75cfdd9a899,2026-08-30T16:52:04+08:00,codex/f-cut-001-matrices,2ea4dbbfc8b4160c347c0b2c411611bc76a6fa36,F-ACC-001,yudao-ui/yudao-ui-admin-vue3/src/views/pms/engineering/arrival-acceptance/components/ArrivalDifferencePanel.vue,CONFLICTING_HUNKS_PENDING,rejected_hunks=0 rc=1,feat(engineering): 实现到货签收前端工作台
212,9e42fbc3279d9a292bc4ac36bfeac75cfdd9a899,2026-08-30T16:52:04+08:00,codex/f-cut-001-matrices,2ea4dbbfc8b4160c347c0b2c411611bc76a6fa36,F-ACC-001,yudao-ui/yudao-ui-admin-vue3/src/views/pms/engineering/arrival-acceptance/components/ArrivalEvidencePanel.vue,CONFLICTING_HUNKS_PENDING,rejected_hunks=0 rc=1,feat(engineering): 实现到货签收前端工作台
212,9e42fbc3279d9a292bc4ac36bfeac75cfdd9a899,2026-08-30T16:52:04+08:00,codex/f-cut-001-matrices,2ea4dbbfc8b4160c347c0b2c411611bc76a6fa36,F-ACC-001,yudao-ui/yudao-ui-admin-vue3/src/views/pms/engineering/arrival-acceptance/components/ArrivalLineEditor.vue,CONFLICTING_HUNKS_PENDING,rejected_hunks=0 rc=1,feat(engineering): 实现到货签收前端工作台
212,9e42fbc3279d9a292bc4ac36bfeac75cfdd9a899,2026-08-30T16:52:04+08:00,codex/f-cut-001-matrices,2ea4dbbfc8b4160c347c0b2c411611bc76a6fa36,F-ACC-001,yudao-ui/yudao-ui-admin-vue3/src/views/pms/engineering/arrival-acceptance/index.vue,CONFLICTING_HUNKS_PENDING,rejected_hunks=0 rc=1,feat(engineering): 实现到货签收前端工作台
213,e3cc9eed198272c8cc56291d81c73da6ac837835,2026-08-30T16:56:49+08:00,codex/f-acc-001-sds,5fc0bbcd8588703a59f024e4392f814173226c61,F-ACC-002,pms-module-project/src/main/java/cn/iocoder/yudao/module/pms/project/controller/admin/satisfaction/SatisfactionTaskController.java,CONFLICTING_HUNKS_PENDING,rejected_hunks=1 rc=1,feat(acceptance): 接通满意度任务管理
213,e3cc9eed198272c8cc56291d81c73da6ac837835,2026-08-30T16:56:49+08:00,codex/f-acc-001-sds,5fc0bbcd8588703a59f024e4392f814173226c61,F-ACC-002,pms-module-project/src/main/java/cn/iocoder/yudao/module/pms/project/service/satisfaction/SatisfactionTaskManagementService.java,CONFLICTING_HUNKS_PENDING,rejected_hunks=0 rc=1,feat(acceptance): 接通满意度任务管理
214,d00501f486afe5e3b8c73046eda64439ff496449,2026-08-30T17:02:14+08:00,codex/f-acc-001-sds,8578fdb5410428e9f2de3950a54f6464b98a41f6,F-ACC-002,pms-module-project/src/main/java/cn/iocoder/yudao/module/pms/project/controller/admin/satisfaction/SatisfactionResultController.java,CONFLICTING_HUNKS_PENDING,rejected_hunks=0 rc=1,feat(acceptance): 接通满意度结果管理
215,5f4054e56799d3b0009b01e190c5648243e2f68f,2026-08-30T17:09:45+08:00,codex/f-acc-001-sds,994fdc6b936723d9eaa6a7610f8cb9a923199311,F-ACC-002,pms-module-project/src/main/java/cn/iocoder/yudao/module/pms/project/controller/admin/satisfaction/SatisfactionTaskController.java,CONFLICTING_HUNKS_PENDING,rejected_hunks=1 rc=1,feat(acceptance): 接通现场协助答卷
215,5f4054e56799d3b0009b01e190c5648243e2f68f,2026-08-30T17:09:45+08:00,codex/f-acc-001-sds,994fdc6b936723d9eaa6a7610f8cb9a923199311,F-ACC-002,pms-module-project/src/main/java/cn/iocoder/yudao/module/pms/project/service/satisfaction/SatisfactionResponseSubmissionService.java,CONFLICTING_HUNKS_PENDING,rejected_hunks=1 rc=1,feat(acceptance): 接通现场协助答卷
216,c1f7c74aeddbd92d885aaed70bcf1abf0126ae6e,2026-08-30T17:10:51+08:00,codex/f-acc-001-sds,74aa16c78c787a7d3e6af6e545a42692f665cf28,F-ACC-002,tasks/features/F-ACC-002.md,EXCLUDED_SOURCE_METADATA,regenerated after code replay,chore(acceptance): 收口满意度后端任务
217,35c0db90a3ad20cbdd864cd85c03e01f9469abb3,2026-08-30T17:15:45+08:00,codex/f-cut-001-matrices,e4bf1391c5b4f530dae2e0296957bdce6fad2225,F-IMP-002,tasks/features/F-IMP-002.md,EXCLUDED_SOURCE_METADATA,regenerated after code replay,fix(engineering): 收敛到货签收前端契约
217,35c0db90a3ad20cbdd864cd85c03e01f9469abb3,2026-08-30T17:15:45+08:00,codex/f-cut-001-matrices,e4bf1391c5b4f530dae2e0296957bdce6fad2225,F-ACC-001,yudao-ui/yudao-ui-admin-vue3/src/views/pms/engineering/arrival-acceptance/arrivalAcceptanceInteraction.spec.ts,CONFLICTING_HUNKS_PENDING,rejected_hunks=1 rc=1,fix(engineering): 收敛到货签收前端契约
217,35c0db90a3ad20cbdd864cd85c03e01f9469abb3,2026-08-30T17:15:45+08:00,codex/f-cut-001-matrices,e4bf1391c5b4f530dae2e0296957bdce6fad2225,F-ACC-001,yudao-ui/yudao-ui-admin-vue3/src/views/pms/engineering/arrival-acceptance/arrivalAcceptanceInteraction.ts,APPLIED_NON_CONFLICTING_HUNKS,rejected_hunks=1 rc=1,fix(engineering): 收敛到货签收前端契约
217,35c0db90a3ad20cbdd864cd85c03e01f9469abb3,2026-08-30T17:15:45+08:00,codex/f-cut-001-matrices,e4bf1391c5b4f530dae2e0296957bdce6fad2225,F-ACC-001,yudao-ui/yudao-ui-admin-vue3/src/views/pms/engineering/arrival-acceptance/index.vue,CONFLICTING_HUNKS_PENDING,rejected_hunks=1 rc=1,fix(engineering): 收敛到货签收前端契约
218,99bc69ff4c0af15a2fc20178fc3eab6432417339,2026-08-30T17:22:09+08:00,codex/f-cut-001-matrices,610ebecd6283e0acd16df295514f9e21315946d4,F-IMP-002,tasks/features/F-IMP-002.md,EXCLUDED_SOURCE_METADATA,regenerated after code replay,fix(engineering): 统一到货签收写前刷新屏障
218,99bc69ff4c0af15a2fc20178fc3eab6432417339,2026-08-30T17:22:09+08:00,codex/f-cut-001-matrices,610ebecd6283e0acd16df295514f9e21315946d4,F-ACC-001,yudao-ui/yudao-ui-admin-vue3/src/views/pms/engineering/arrival-acceptance/arrivalAcceptanceInteraction.spec.ts,CONFLICTING_HUNKS_PENDING,rejected_hunks=1 rc=1,fix(engineering): 统一到货签收写前刷新屏障
218,99bc69ff4c0af15a2fc20178fc3eab6432417339,2026-08-30T17:22:09+08:00,codex/f-cut-001-matrices,610ebecd6283e0acd16df295514f9e21315946d4,F-ACC-001,yudao-ui/yudao-ui-admin-vue3/src/views/pms/engineering/arrival-acceptance/arrivalAcceptanceInteraction.ts,APPLIED_NON_CONFLICTING_HUNKS,rejected_hunks=0 rc=0,fix(engineering): 统一到货签收写前刷新屏障
218,99bc69ff4c0af15a2fc20178fc3eab6432417339,2026-08-30T17:22:09+08:00,codex/f-cut-001-matrices,610ebecd6283e0acd16df295514f9e21315946d4,F-ACC-001,yudao-ui/yudao-ui-admin-vue3/src/views/pms/engineering/arrival-acceptance/index.vue,CONFLICTING_HUNKS_PENDING,rejected_hunks=1 rc=1,fix(engineering): 统一到货签收写前刷新屏障
219,062d1e846cbdfe0d9588dbb7235e358861a4aeef,2026-08-30T17:26:25+08:00,codex/f-cut-001-matrices,6a9356d2dddbfef5c91984ca723a96dd85db8ee8,F-IMP-002,tasks/features/F-IMP-002.md,EXCLUDED_SOURCE_METADATA,regenerated after code replay,fix(engineering): 保留到货签收成功刷新闭包
219,062d1e846cbdfe0d9588dbb7235e358861a4aeef,2026-08-30T17:26:25+08:00,codex/f-cut-001-matrices,6a9356d2dddbfef5c91984ca723a96dd85db8ee8,F-ACC-001,yudao-ui/yudao-ui-admin-vue3/src/views/pms/engineering/arrival-acceptance/arrivalAcceptanceInteraction.ts,APPLIED_NON_CONFLICTING_HUNKS,rejected_hunks=0 rc=0,fix(engineering): 保留到货签收成功刷新闭包
220,0b832c37d0bf152af72e5a5012e46d39c97a2f4f,2026-08-30T17:27:10+08:00,codex/f-acc-001-sds,4ba2e7f43a2baf4d446c85f18d3177f25f95282a,F-ACC-002,yudao-ui/yudao-ui-admin-vue3/src/api/pms/project/satisfaction/index.ts,CONFLICTING_HUNKS_PENDING,rejected_hunks=0 rc=1,feat(acceptance): 接通满意度前端闭环
220,0b832c37d0bf152af72e5a5012e46d39c97a2f4f,2026-08-30T17:27:10+08:00,codex/f-acc-001-sds,4ba2e7f43a2baf4d446c85f18d3177f25f95282a,F-ACC-002,yudao-ui/yudao-ui-admin-vue3/src/views/pms/project/satisfaction/TaskPanel.vue,CONFLICTING_HUNKS_PENDING,rejected_hunks=0 rc=1,feat(acceptance): 接通满意度前端闭环
221,df96cfcfa3fb75309edeb3288c759df2493f050f,2026-08-30T17:28:13+08:00,codex/f-cut-001-matrices,76531ae42516b7a03f63ecbb295beba06820becd,F-IMP-002,tasks/features/F-IMP-002.md,EXCLUDED_SOURCE_METADATA,regenerated after code replay,docs(engineering): 回写到货签收前端审查通过
222,085015c1710d1f8b0d326e63994b18ff265e765f,2026-08-30T17:52:04+08:00,codex/f-cut-001-matrices,486592e46bd4c615b123125e9d1c2bf387e6c757,F-ACC-001,pms-module-engineering/src/main/resources/mapper/arrivalacceptance/DeliveryEvidenceMapper.xml,APPLIED_CODE_CHANGE,clean per-commit delta,fix(engineering): 修复到货回执绑定并补全回归
222,085015c1710d1f8b0d326e63994b18ff265e765f,2026-08-30T17:52:04+08:00,codex/f-cut-001-matrices,486592e46bd4c615b123125e9d1c2bf387e6c757,F-IMP-002,tasks/features/F-IMP-002.md,EXCLUDED_SOURCE_METADATA,regenerated after code replay,fix(engineering): 修复到货回执绑定并补全回归
223,8b1ffe49f7813e91c3ab879c3c6ca9e805dd65a6,2026-08-30T17:58:11+08:00,codex/f-cut-001-matrices,e32fc2f0954e24b34f968d8eb4f25e2e06e7791a,F-IMP-002,tasks/features/F-IMP-002.md,EXCLUDED_SOURCE_METADATA,regenerated after code replay,docs(engineering): 回写到货签收数据库审查通过
224,9edd1a41d1e55bcbb99807d2e21f976c9d2ff9d2,2026-08-30T18:13:23+08:00,codex/f-cut-001-matrices,9e7496f80a6c54e7e2be70e5c9dc7a3ac6448c2b,UNMAPPED,docs/design/02d-cross-context-contracts.md,EXCLUDED_SOURCE_METADATA,regenerated after code replay,feat(asset): 冻结设备范围事实公共契约
224,9edd1a41d1e55bcbb99807d2e21f976c9d2ff9d2,2026-08-30T18:13:23+08:00,codex/f-cut-001-matrices,9e7496f80a6c54e7e2be70e5c9dc7a3ac6448c2b,UNMAPPED,docs/design/10-api-design.md,EXCLUDED_SOURCE_METADATA,regenerated after code replay,feat(asset): 冻结设备范围事实公共契约
224,9edd1a41d1e55bcbb99807d2e21f976c9d2ff9d2,2026-08-30T18:13:23+08:00,codex/f-cut-001-matrices,9e7496f80a6c54e7e2be70e5c9dc7a3ac6448c2b,F-AST-001,pms-module-asset/pms-module-asset-api/src/main/java/cn/iocoder/yudao/module/pms/asset/api/device/dto/DeviceScopeInvalidItem.java,CONFLICTING_HUNKS_PENDING,rejected_hunks=0 rc=1,feat(asset): 冻结设备范围事实公共契约
224,9edd1a41d1e55bcbb99807d2e21f976c9d2ff9d2,2026-08-30T18:13:23+08:00,codex/f-cut-001-matrices,9e7496f80a6c54e7e2be70e5c9dc7a3ac6448c2b,F-AST-001,pms-module-asset/pms-module-asset-api/src/main/java/cn/iocoder/yudao/module/pms/asset/api/device/dto/DeviceScopeResolutionResult.java,CONFLICTING_HUNKS_PENDING,rejected_hunks=0 rc=1,feat(asset): 冻结设备范围事实公共契约
224,9edd1a41d1e55bcbb99807d2e21f976c9d2ff9d2,2026-08-30T18:13:23+08:00,codex/f-cut-001-matrices,9e7496f80a6c54e7e2be70e5c9dc7a3ac6448c2b,F-AST-001,pms-module-asset/pms-module-asset-api/src/main/java/cn/iocoder/yudao/module/pms/asset/api/device/dto/DeviceScopeRevalidationQuery.java,CONFLICTING_HUNKS_PENDING,rejected_hunks=0 rc=1,feat(asset): 冻结设备范围事实公共契约
224,9edd1a41d1e55bcbb99807d2e21f976c9d2ff9d2,2026-08-30T18:13:23+08:00,codex/f-cut-001-matrices,9e7496f80a6c54e7e2be70e5c9dc7a3ac6448c2b,F-AST-001,pms-module-asset/pms-module-asset-api/src/main/java/cn/iocoder/yudao/module/pms/asset/api/device/dto/DeviceScopeRevalidationResult.java,CONFLICTING_HUNKS_PENDING,rejected_hunks=0 rc=1,feat(asset): 冻结设备范围事实公共契约
224,9edd1a41d1e55bcbb99807d2e21f976c9d2ff9d2,2026-08-30T18:13:23+08:00,codex/f-cut-001-matrices,9e7496f80a6c54e7e2be70e5c9dc7a3ac6448c2b,F-AST-001,pms-module-asset/src/test/java/cn/iocoder/yudao/module/pms/asset/api/device/DeviceScopeFactApiContractTest.java,CONFLICTING_HUNKS_PENDING,rejected_hunks=0 rc=1,feat(asset): 冻结设备范围事实公共契约
224,9edd1a41d1e55bcbb99807d2e21f976c9d2ff9d2,2026-08-30T18:13:23+08:00,codex/f-cut-001-matrices,9e7496f80a6c54e7e2be70e5c9dc7a3ac6448c2b,F-IMP-001,specs/features/F-IMP-001-ast-device-scope-support-audit.md,EXCLUDED_SOURCE_METADATA,regenerated after code replay,feat(asset): 冻结设备范围事实公共契约
224,9edd1a41d1e55bcbb99807d2e21f976c9d2ff9d2,2026-08-30T18:13:23+08:00,codex/f-cut-001-matrices,9e7496f80a6c54e7e2be70e5c9dc7a3ac6448c2b,F-IMP-001,specs/features/F-IMP-001-device-scope-fact-contract.json,EXCLUDED_SOURCE_METADATA,regenerated after code replay,feat(asset): 冻结设备范围事实公共契约
224,9edd1a41d1e55bcbb99807d2e21f976c9d2ff9d2,2026-08-30T18:13:23+08:00,codex/f-cut-001-matrices,9e7496f80a6c54e7e2be70e5c9dc7a3ac6448c2b,F-IMP-001,tasks/features/F-IMP-001.md,EXCLUDED_SOURCE_METADATA,regenerated after code replay,feat(asset): 冻结设备范围事实公共契约
224,9edd1a41d1e55bcbb99807d2e21f976c9d2ff9d2,2026-08-30T18:13:23+08:00,codex/f-cut-001-matrices,9e7496f80a6c54e7e2be70e5c9dc7a3ac6448c2b,F-IMP-002,tasks/features/F-IMP-002.md,EXCLUDED_SOURCE_METADATA,regenerated after code replay,feat(asset): 冻结设备范围事实公共契约
225,c5f7ecdab176e9fe23e5868407207c39ca0f34c3,2026-08-30T18:21:37+08:00,codex/f-cut-001-matrices,2f14e0ca7ea98fc6ae8736178653e1fea8e92d3c,UNMAPPED,docs/design/02d-cross-context-contracts.md,EXCLUDED_SOURCE_METADATA,regenerated after code replay,fix(asset): 纠正设备范围契约错误归因
225,c5f7ecdab176e9fe23e5868407207c39ca0f34c3,2026-08-30T18:21:37+08:00,codex/f-cut-001-matrices,2f14e0ca7ea98fc6ae8736178653e1fea8e92d3c,UNMAPPED,docs/design/10-api-design.md,EXCLUDED_SOURCE_METADATA,regenerated after code replay,fix(asset): 纠正设备范围契约错误归因
226,bf73823e5f85dcd700fdb0fe244179da5ce454b2,2026-08-30T18:24:18+08:00,codex/f-cut-001-matrices,526a4e58727da656a451ab875cb0925e5cd6bd61,F-IMP-001,tasks/features/F-IMP-001.md,EXCLUDED_SOURCE_METADATA,regenerated after code replay,docs(engineering): 回写设备范围公共契约审查通过
226,bf73823e5f85dcd700fdb0fe244179da5ce454b2,2026-08-30T18:24:18+08:00,codex/f-cut-001-matrices,526a4e58727da656a451ab875cb0925e5cd6bd61,F-IMP-002,tasks/features/F-IMP-002.md,EXCLUDED_SOURCE_METADATA,regenerated after code replay,docs(engineering): 回写设备范围公共契约审查通过
227,4e558659d52457d8cd617e26a4daec655b76dabf,2026-08-30T18:36:31+08:00,codex/f-cut-001-matrices,07e7ad2d0e867c4c8139bc8455877f72c03d34a0,F-AST-001,pms-module-asset/src/main/java/cn/iocoder/yudao/module/pms/asset/api/device/DeviceScopeFactApiImpl.java,CONFLICTING_HUNKS_PENDING,rejected_hunks=0 rc=1,feat(asset): 实现设备范围事实Provider
227,4e558659d52457d8cd617e26a4daec655b76dabf,2026-08-30T18:36:31+08:00,codex/f-cut-001-matrices,07e7ad2d0e867c4c8139bc8455877f72c03d34a0,F-AST-001,pms-module-asset/src/test/java/cn/iocoder/yudao/module/pms/asset/api/device/DeviceScopeFactApiImplTest.java,CONFLICTING_HUNKS_PENDING,rejected_hunks=0 rc=1,feat(asset): 实现设备范围事实Provider
227,4e558659d52457d8cd617e26a4daec655b76dabf,2026-08-30T18:36:31+08:00,codex/f-cut-001-matrices,07e7ad2d0e867c4c8139bc8455877f72c03d34a0,F-AST-001,pms-module-asset/src/test/java/cn/iocoder/yudao/module/pms/asset/api/device/DeviceScopeFactApiMySqlTest.java,CONFLICTING_HUNKS_PENDING,rejected_hunks=0 rc=1,feat(asset): 实现设备范围事实Provider
227,4e558659d52457d8cd617e26a4daec655b76dabf,2026-08-30T18:36:31+08:00,codex/f-cut-001-matrices,07e7ad2d0e867c4c8139bc8455877f72c03d34a0,F-IMP-001,tasks/features/F-IMP-001.md,EXCLUDED_SOURCE_METADATA,regenerated after code replay,feat(asset): 实现设备范围事实Provider
227,4e558659d52457d8cd617e26a4daec655b76dabf,2026-08-30T18:36:31+08:00,codex/f-cut-001-matrices,07e7ad2d0e867c4c8139bc8455877f72c03d34a0,F-IMP-002,tasks/features/F-IMP-002.md,EXCLUDED_SOURCE_METADATA,regenerated after code replay,feat(asset): 实现设备范围事实Provider
228,69d3740025420682a5b19a06138632b3ea86a48e,2026-08-30T18:47:04+08:00,codex/f-cut-001-matrices,6046d41b710d4ca376754578e86cfb4d6ec76902,F-IMP-001,tasks/features/F-IMP-001.md,EXCLUDED_SOURCE_METADATA,regenerated after code replay,fix(asset): 收敛设备范围事务失败边界
228,69d3740025420682a5b19a06138632b3ea86a48e,2026-08-30T18:47:04+08:00,codex/f-cut-001-matrices,6046d41b710d4ca376754578e86cfb4d6ec76902,F-IMP-002,tasks/features/F-IMP-002.md,EXCLUDED_SOURCE_METADATA,regenerated after code replay,fix(asset): 收敛设备范围事务失败边界
229,b2763c0d55ccb3c62d359ff4002edc3b8c03ca60,2026-08-30T18:49:24+08:00,codex/f-cut-001-matrices,5de07e5a7b1f1da0444bb4bc4ec26894cd15a434,F-IMP-001,tasks/features/F-IMP-001.md,EXCLUDED_SOURCE_METADATA,regenerated after code replay,docs(engineering): 回写设备范围Provider审查通过
229,b2763c0d55ccb3c62d359ff4002edc3b8c03ca60,2026-08-30T18:49:24+08:00,codex/f-cut-001-matrices,5de07e5a7b1f1da0444bb4bc4ec26894cd15a434,F-IMP-002,tasks/features/F-IMP-002.md,EXCLUDED_SOURCE_METADATA,regenerated after code replay,docs(engineering): 回写设备范围Provider审查通过
230,36f44719fae6e287d39853ef337a1a74dcc86579,2026-08-30T18:54:24+08:00,codex/f-cut-001-matrices,5e2def3f8a4e697926a7d72f8a0db45380bd936a,UNMAPPED,docs/design/10-api-design.md,EXCLUDED_SOURCE_METADATA,regenerated after code replay,docs(engineering): 锁定设备范围消费错误映射候选
230,36f44719fae6e287d39853ef337a1a74dcc86579,2026-08-30T18:54:24+08:00,codex/f-cut-001-matrices,5e2def3f8a4e697926a7d72f8a0db45380bd936a,F-IMP-002,specs/features/F-IMP-002-arrival-acceptance.md,EXCLUDED_SOURCE_METADATA,regenerated after code replay,docs(engineering): 锁定设备范围消费错误映射候选
230,36f44719fae6e287d39853ef337a1a74dcc86579,2026-08-30T18:54:24+08:00,codex/f-cut-001-matrices,5e2def3f8a4e697926a7d72f8a0db45380bd936a,F-IMP-002,specs/features/F-IMP-002-rest-api-contract.json,EXCLUDED_SOURCE_METADATA,regenerated after code replay,docs(engineering): 锁定设备范围消费错误映射候选
230,36f44719fae6e287d39853ef337a1a74dcc86579,2026-08-30T18:54:24+08:00,codex/f-cut-001-matrices,5e2def3f8a4e697926a7d72f8a0db45380bd936a,F-IMP-001,tasks/features/F-IMP-001.md,EXCLUDED_SOURCE_METADATA,regenerated after code replay,docs(engineering): 锁定设备范围消费错误映射候选
230,36f44719fae6e287d39853ef337a1a74dcc86579,2026-08-30T18:54:24+08:00,codex/f-cut-001-matrices,5e2def3f8a4e697926a7d72f8a0db45380bd936a,F-IMP-002,tasks/features/F-IMP-002.md,EXCLUDED_SOURCE_METADATA,regenerated after code replay,docs(engineering): 锁定设备范围消费错误映射候选
231,b04decabf9c17950466846bd88ad9ce93160e355,2026-08-30T18:57:54+08:00,codex/f-cut-001-matrices,ea934ce46b3a8ef19a94f153c54078e854973219,UNMAPPED,docs/design/10-api-design.md,EXCLUDED_SOURCE_METADATA,regenerated after code replay,docs(engineering): 回写设备范围消费映射审查通过
231,b04decabf9c17950466846bd88ad9ce93160e355,2026-08-30T18:57:54+08:00,codex/f-cut-001-matrices,ea934ce46b3a8ef19a94f153c54078e854973219,F-IMP-002,specs/features/F-IMP-002-rest-api-contract.json,EXCLUDED_SOURCE_METADATA,regenerated after code replay,docs(engineering): 回写设备范围消费映射审查通过
231,b04decabf9c17950466846bd88ad9ce93160e355,2026-08-30T18:57:54+08:00,codex/f-cut-001-matrices,ea934ce46b3a8ef19a94f153c54078e854973219,F-IMP-001,tasks/features/F-IMP-001.md,EXCLUDED_SOURCE_METADATA,regenerated after code replay,docs(engineering): 回写设备范围消费映射审查通过
231,b04decabf9c17950466846bd88ad9ce93160e355,2026-08-30T18:57:54+08:00,codex/f-cut-001-matrices,ea934ce46b3a8ef19a94f153c54078e854973219,F-IMP-002,tasks/features/F-IMP-002.md,EXCLUDED_SOURCE_METADATA,regenerated after code replay,docs(engineering): 回写设备范围消费映射审查通过
232,b20e817af3d92dc0ead823e46e7b820eab94493a,2026-08-30T19:07:40+08:00,codex/f-cut-001-matrices,be1d909313dee080b5322c8e727025211f19360c,UNMAPPED,docs/design/10-api-design.md,EXCLUDED_SOURCE_METADATA,regenerated after code replay,docs(engineering): 锁定无SN设备事实适用边界候选
232,b20e817af3d92dc0ead823e46e7b820eab94493a,2026-08-30T19:07:40+08:00,codex/f-cut-001-matrices,be1d909313dee080b5322c8e727025211f19360c,F-IMP-002,specs/features/F-IMP-002-rest-api-contract.json,EXCLUDED_SOURCE_METADATA,regenerated after code replay,docs(engineering): 锁定无SN设备事实适用边界候选
232,b20e817af3d92dc0ead823e46e7b820eab94493a,2026-08-30T19:07:40+08:00,codex/f-cut-001-matrices,be1d909313dee080b5322c8e727025211f19360c,F-IMP-001,tasks/features/F-IMP-001.md,EXCLUDED_SOURCE_METADATA,regenerated after code replay,docs(engineering): 锁定无SN设备事实适用边界候选
232,b20e817af3d92dc0ead823e46e7b820eab94493a,2026-08-30T19:07:40+08:00,codex/f-cut-001-matrices,be1d909313dee080b5322c8e727025211f19360c,F-IMP-002,tasks/features/F-IMP-002.md,EXCLUDED_SOURCE_METADATA,regenerated after code replay,docs(engineering): 锁定无SN设备事实适用边界候选
233,ab7fcb2644f074e295931d48964a336c83eda07c,2026-08-30T19:11:42+08:00,codex/f-cut-001-matrices,a3f84cdc66368ab9ebfa5788d72f2d21610a7435,F-IMP-001,tasks/features/F-IMP-001.md,EXCLUDED_SOURCE_METADATA,regenerated after code replay,docs(engineering): 回写无SN设备事实边界审查通过
233,ab7fcb2644f074e295931d48964a336c83eda07c,2026-08-30T19:11:42+08:00,codex/f-cut-001-matrices,a3f84cdc66368ab9ebfa5788d72f2d21610a7435,F-IMP-002,tasks/features/F-IMP-002.md,EXCLUDED_SOURCE_METADATA,regenerated after code replay,docs(engineering): 回写无SN设备事实边界审查通过
234,6793c1d96efc3e421085ecb539f307ca88b8d1e3,2026-08-30T19:20:29+08:00,codex/f-cut-001-matrices,4f65034bf3273e68c10f55e6b1208be780f7ae4a,F-ACC-001,pms-module-engineering/src/main/java/cn/iocoder/yudao/module/pms/engineering/service/arrivalacceptance/ArrivalAcceptanceCommandService.java,CONFLICTING_HUNKS_PENDING,rejected_hunks=1 rc=1,feat(engineering): 接通设备范围事实消费适配
234,6793c1d96efc3e421085ecb539f307ca88b8d1e3,2026-08-30T19:20:29+08:00,codex/f-cut-001-matrices,4f65034bf3273e68c10f55e6b1208be780f7ae4a,F-IMP-002,pms-module-engineering/src/test/java/cn/iocoder/yudao/module/pms/engineering/api/arrival/ArrivalAcceptanceFactApiImplTest.java,APPLIED_NON_CONFLICTING_HUNKS,rejected_hunks=1 rc=1,feat(engineering): 接通设备范围事实消费适配
234,6793c1d96efc3e421085ecb539f307ca88b8d1e3,2026-08-30T19:20:29+08:00,codex/f-cut-001-matrices,4f65034bf3273e68c10f55e6b1208be780f7ae4a,F-ACC-001,pms-module-engineering/src/test/java/cn/iocoder/yudao/module/pms/engineering/service/arrivalacceptance/ArrivalAcceptanceApplicationServiceTest.java,APPLIED_NON_CONFLICTING_HUNKS,rejected_hunks=1 rc=1,feat(engineering): 接通设备范围事实消费适配
234,6793c1d96efc3e421085ecb539f307ca88b8d1e3,2026-08-30T19:20:29+08:00,codex/f-cut-001-matrices,4f65034bf3273e68c10f55e6b1208be780f7ae4a,F-ACC-001,pms-module-engineering/src/test/java/cn/iocoder/yudao/module/pms/engineering/service/arrivalacceptance/ArrivalAcceptanceCommandServiceTest.java,CONFLICTING_HUNKS_PENDING,rejected_hunks=1 rc=1,feat(engineering): 接通设备范围事实消费适配
234,6793c1d96efc3e421085ecb539f307ca88b8d1e3,2026-08-30T19:20:29+08:00,codex/f-cut-001-matrices,4f65034bf3273e68c10f55e6b1208be780f7ae4a,F-IMP-001,tasks/features/F-IMP-001.md,EXCLUDED_SOURCE_METADATA,regenerated after code replay,feat(engineering): 接通设备范围事实消费适配
234,6793c1d96efc3e421085ecb539f307ca88b8d1e3,2026-08-30T19:20:29+08:00,codex/f-cut-001-matrices,4f65034bf3273e68c10f55e6b1208be780f7ae4a,F-IMP-002,tasks/features/F-IMP-002.md,EXCLUDED_SOURCE_METADATA,regenerated after code replay,feat(engineering): 接通设备范围事实消费适配
235,9a4763e85d10d820f957eeec90a71be3d4914fae,2026-08-30T19:32:01+08:00,codex/f-cut-001-matrices,fd1967ce99d11eb9e2b47e8438abb5d3acfc7a1c,F-IMP-002,pms-module-engineering/src/test/java/cn/iocoder/yudao/module/pms/engineering/api/arrival/ArrivalAcceptanceFactApiImplTest.java,APPLIED_NON_CONFLICTING_HUNKS,rejected_hunks=0 rc=0,fix(engineering): 收敛设备范围身份与锁定语义
235,9a4763e85d10d820f957eeec90a71be3d4914fae,2026-08-30T19:32:01+08:00,codex/f-cut-001-matrices,fd1967ce99d11eb9e2b47e8438abb5d3acfc7a1c,F-IMP-001,tasks/features/F-IMP-001.md,EXCLUDED_SOURCE_METADATA,regenerated after code replay,fix(engineering): 收敛设备范围身份与锁定语义
235,9a4763e85d10d820f957eeec90a71be3d4914fae,2026-08-30T19:32:01+08:00,codex/f-cut-001-matrices,fd1967ce99d11eb9e2b47e8438abb5d3acfc7a1c,F-IMP-002,tasks/features/F-IMP-002.md,EXCLUDED_SOURCE_METADATA,regenerated after code replay,fix(engineering): 收敛设备范围身份与锁定语义
236,7fa32fc50ba4886a55379185682f357e01fc4e03,2026-08-30T19:37:52+08:00,codex/f-cut-001-matrices,1c7d29e678527ace800f00497dd6e846fb67ccdb,F-IMP-002,pms-module-engineering/src/test/java/cn/iocoder/yudao/module/pms/engineering/api/arrival/ArrivalAcceptanceFactApiImplTest.java,APPLIED_NON_CONFLICTING_HUNKS,rejected_hunks=0 rc=0,test(engineering): 补充设备范围事实规范化回归
237,eda54bd0c911641c0d977288ee63b3a1df81e69d,2026-08-30T19:39:58+08:00,codex/f-cut-001-matrices,29a5e30d392c4362984e9313d178ee03eb685616,F-IMP-001,tasks/features/F-IMP-001.md,EXCLUDED_SOURCE_METADATA,regenerated after code replay,docs(engineering): 回写设备范围消费Gate通过
237,eda54bd0c911641c0d977288ee63b3a1df81e69d,2026-08-30T19:39:58+08:00,codex/f-cut-001-matrices,29a5e30d392c4362984e9313d178ee03eb685616,F-IMP-002,tasks/features/F-IMP-002.md,EXCLUDED_SOURCE_METADATA,regenerated after code replay,docs(engineering): 回写设备范围消费Gate通过
238,c21745a9b28b35883b5453b0e3da0ed13292997c,2026-08-30T19:48:11+08:00,codex/f-cut-001-matrices,9d8b6baec1e22a8ab9bcf1ec55e107fbb0dc85bf,F-COM-001,docs/traceability/requirement-matrix.md,EXCLUDED_SOURCE_METADATA,regenerated after code replay,docs(commerce): 建立COM-01 Feature Ready候选
238,c21745a9b28b35883b5453b0e3da0ed13292997c,2026-08-30T19:48:11+08:00,codex/f-cut-001-matrices,9d8b6baec1e22a8ab9bcf1ec55e107fbb0dc85bf,F-COM-001,docs/traceability/requirement-version-coverage.json,EXCLUDED_SOURCE_METADATA,regenerated after code replay,docs(commerce): 建立COM-01 Feature Ready候选
238,c21745a9b28b35883b5453b0e3da0ed13292997c,2026-08-30T19:48:11+08:00,codex/f-cut-001-matrices,9d8b6baec1e22a8ab9bcf1ec55e107fbb0dc85bf,F-COM-001,specs/features/F-COM-001-contract-order-and-delivery-scope.md,EXCLUDED_SOURCE_METADATA,regenerated after code replay,docs(commerce): 建立COM-01 Feature Ready候选
238,c21745a9b28b35883b5453b0e3da0ed13292997c,2026-08-30T19:48:11+08:00,codex/f-cut-001-matrices,9d8b6baec1e22a8ab9bcf1ec55e107fbb0dc85bf,F-COM-001,specs/features/F-COM-001-legacy-reuse-audit.md,EXCLUDED_SOURCE_METADATA,regenerated after code replay,docs(commerce): 建立COM-01 Feature Ready候选
238,c21745a9b28b35883b5453b0e3da0ed13292997c,2026-08-30T19:48:11+08:00,codex/f-cut-001-matrices,9d8b6baec1e22a8ab9bcf1ec55e107fbb0dc85bf,F-COM-001,specs/features/F-COM-001-physical-contract.json,EXCLUDED_SOURCE_METADATA,regenerated after code replay,docs(commerce): 建立COM-01 Feature Ready候选
238,c21745a9b28b35883b5453b0e3da0ed13292997c,2026-08-30T19:48:11+08:00,codex/f-cut-001-matrices,9d8b6baec1e22a8ab9bcf1ec55e107fbb0dc85bf,F-COM-001,specs/features/README.md,EXCLUDED_SOURCE_METADATA,regenerated after code replay,docs(commerce): 建立COM-01 Feature Ready候选
238,c21745a9b28b35883b5453b0e3da0ed13292997c,2026-08-30T19:48:11+08:00,codex/f-cut-001-matrices,9d8b6baec1e22a8ab9bcf1ec55e107fbb0dc85bf,F-COM-001,tasks/features/F-COM-001.md,EXCLUDED_SOURCE_METADATA,regenerated after code replay,docs(commerce): 建立COM-01 Feature Ready候选
239,ed96361def62cb85ee8631f2346e6b751ebcf17b,2026-08-30T20:02:59+08:00,codex/f-cut-001-matrices,18b53465cf6d7475a216c5456f9fbcc3474b50e8,F-COM-001,docs/design/02d-cross-context-contracts.md,EXCLUDED_SOURCE_METADATA,regenerated after code replay,docs(commerce): 收敛COM-01 Feature Ready契约
239,ed96361def62cb85ee8631f2346e6b751ebcf17b,2026-08-30T20:02:59+08:00,codex/f-cut-001-matrices,18b53465cf6d7475a216c5456f9fbcc3474b50e8,F-COM-001,docs/design/07-authorization-design.md,EXCLUDED_SOURCE_METADATA,regenerated after code replay,docs(commerce): 收敛COM-01 Feature Ready契约
239,ed96361def62cb85ee8631f2346e6b751ebcf17b,2026-08-30T20:02:59+08:00,codex/f-cut-001-matrices,18b53465cf6d7475a216c5456f9fbcc3474b50e8,F-COM-001,docs/design/09-database-design.md,EXCLUDED_SOURCE_METADATA,regenerated after code replay,docs(commerce): 收敛COM-01 Feature Ready契约
239,ed96361def62cb85ee8631f2346e6b751ebcf17b,2026-08-30T20:02:59+08:00,codex/f-cut-001-matrices,18b53465cf6d7475a216c5456f9fbcc3474b50e8,F-COM-001,docs/design/10-api-design.md,EXCLUDED_SOURCE_METADATA,regenerated after code replay,docs(commerce): 收敛COM-01 Feature Ready契约
239,ed96361def62cb85ee8631f2346e6b751ebcf17b,2026-08-30T20:02:59+08:00,codex/f-cut-001-matrices,18b53465cf6d7475a216c5456f9fbcc3474b50e8,F-COM-001,docs/design/12-integration-design.md,EXCLUDED_SOURCE_METADATA,regenerated after code replay,docs(commerce): 收敛COM-01 Feature Ready契约
239,ed96361def62cb85ee8631f2346e6b751ebcf17b,2026-08-30T20:02:59+08:00,codex/f-cut-001-matrices,18b53465cf6d7475a216c5456f9fbcc3474b50e8,F-COM-001,specs/features/F-COM-001-contract-order-and-delivery-scope.md,EXCLUDED_SOURCE_METADATA,regenerated after code replay,docs(commerce): 收敛COM-01 Feature Ready契约
239,ed96361def62cb85ee8631f2346e6b751ebcf17b,2026-08-30T20:02:59+08:00,codex/f-cut-001-matrices,18b53465cf6d7475a216c5456f9fbcc3474b50e8,F-COM-001,specs/features/F-COM-001-legacy-reuse-audit.md,EXCLUDED_SOURCE_METADATA,regenerated after code replay,docs(commerce): 收敛COM-01 Feature Ready契约
239,ed96361def62cb85ee8631f2346e6b751ebcf17b,2026-08-30T20:02:59+08:00,codex/f-cut-001-matrices,18b53465cf6d7475a216c5456f9fbcc3474b50e8,F-COM-001,specs/features/F-COM-001-physical-contract.json,EXCLUDED_SOURCE_METADATA,regenerated after code replay,docs(commerce): 收敛COM-01 Feature Ready契约
239,ed96361def62cb85ee8631f2346e6b751ebcf17b,2026-08-30T20:02:59+08:00,codex/f-cut-001-matrices,18b53465cf6d7475a216c5456f9fbcc3474b50e8,F-COM-001,tasks/features/F-COM-001.md,EXCLUDED_SOURCE_METADATA,regenerated after code replay,docs(commerce): 收敛COM-01 Feature Ready契约
240,862b47ec30adcdb8d846d5f9f15cc54e092b2a0a,2026-08-30T20:11:25+08:00,codex/f-cut-001-matrices,40d2b53d6ad96680d93d20a00a18084aadd27be1,F-COM-001,docs/design/09-database-design.md,EXCLUDED_SOURCE_METADATA,regenerated after code replay,docs(commerce): 修正ERP版本与V70迁移契约
240,862b47ec30adcdb8d846d5f9f15cc54e092b2a0a,2026-08-30T20:11:25+08:00,codex/f-cut-001-matrices,40d2b53d6ad96680d93d20a00a18084aadd27be1,F-COM-001,docs/design/12-integration-design.md,EXCLUDED_SOURCE_METADATA,regenerated after code replay,docs(commerce): 修正ERP版本与V70迁移契约
240,862b47ec30adcdb8d846d5f9f15cc54e092b2a0a,2026-08-30T20:11:25+08:00,codex/f-cut-001-matrices,40d2b53d6ad96680d93d20a00a18084aadd27be1,F-COM-001,specs/features/F-COM-001-contract-order-and-delivery-scope.md,EXCLUDED_SOURCE_METADATA,regenerated after code replay,docs(commerce): 修正ERP版本与V70迁移契约
240,862b47ec30adcdb8d846d5f9f15cc54e092b2a0a,2026-08-30T20:11:25+08:00,codex/f-cut-001-matrices,40d2b53d6ad96680d93d20a00a18084aadd27be1,F-COM-001,specs/features/F-COM-001-legacy-reuse-audit.md,EXCLUDED_SOURCE_METADATA,regenerated after code replay,docs(commerce): 修正ERP版本与V70迁移契约
240,862b47ec30adcdb8d846d5f9f15cc54e092b2a0a,2026-08-30T20:11:25+08:00,codex/f-cut-001-matrices,40d2b53d6ad96680d93d20a00a18084aadd27be1,F-COM-001,specs/features/F-COM-001-physical-contract.json,EXCLUDED_SOURCE_METADATA,regenerated after code replay,docs(commerce): 修正ERP版本与V70迁移契约
240,862b47ec30adcdb8d846d5f9f15cc54e092b2a0a,2026-08-30T20:11:25+08:00,codex/f-cut-001-matrices,40d2b53d6ad96680d93d20a00a18084aadd27be1,F-COM-001,tasks/features/F-COM-001.md,EXCLUDED_SOURCE_METADATA,regenerated after code replay,docs(commerce): 修正ERP版本与V70迁移契约
241,2fed46d4510aa6aa48abd0c777a8a621856e9d82,2026-08-30T20:14:40+08:00,codex/f-cut-001-matrices,0fa3fb11c97e030c8ee7adca9afc73fa753818d3,F-COM-001,specs/features/F-COM-001-physical-contract.json,EXCLUDED_SOURCE_METADATA,regenerated after code replay,docs(commerce): 修正来源对象重放判定
241,2fed46d4510aa6aa48abd0c777a8a621856e9d82,2026-08-30T20:14:40+08:00,codex/f-cut-001-matrices,0fa3fb11c97e030c8ee7adca9afc73fa753818d3,F-COM-001,tasks/features/F-COM-001.md,EXCLUDED_SOURCE_METADATA,regenerated after code replay,docs(commerce): 修正来源对象重放判定
242,8ca365605fd57ff4f8c0a5cc8bb6ef9ed164acd2,2026-08-30T20:18:23+08:00,codex/f-cut-001-matrices,e179ec87b6792bd64f39a27a5f9a2b8409d6a04a,F-COM-001,specs/features/F-COM-001-contract-order-and-delivery-scope.md,EXCLUDED_SOURCE_METADATA,regenerated after code replay,docs(commerce): 回写COM-01 Feature Ready通过
242,8ca365605fd57ff4f8c0a5cc8bb6ef9ed164acd2,2026-08-30T20:18:23+08:00,codex/f-cut-001-matrices,e179ec87b6792bd64f39a27a5f9a2b8409d6a04a,F-COM-001,specs/features/F-COM-001-physical-contract.json,EXCLUDED_SOURCE_METADATA,regenerated after code replay,docs(commerce): 回写COM-01 Feature Ready通过
242,8ca365605fd57ff4f8c0a5cc8bb6ef9ed164acd2,2026-08-30T20:18:23+08:00,codex/f-cut-001-matrices,e179ec87b6792bd64f39a27a5f9a2b8409d6a04a,F-COM-001,specs/features/README.md,EXCLUDED_SOURCE_METADATA,regenerated after code replay,docs(commerce): 回写COM-01 Feature Ready通过
242,8ca365605fd57ff4f8c0a5cc8bb6ef9ed164acd2,2026-08-30T20:18:23+08:00,codex/f-cut-001-matrices,e179ec87b6792bd64f39a27a5f9a2b8409d6a04a,F-COM-001,tasks/features/F-COM-001.md,EXCLUDED_SOURCE_METADATA,regenerated after code replay,docs(commerce): 回写COM-01 Feature Ready通过
243,a0cf6d0658f03eb4ee0bdcbddaab8cf00bd8d3d7,2026-08-30T20:23:25+08:00,codex/f-cut-001-matrices,19a193d6d358867643c0a598ba387b7ced00a09d,F-COM-001,docs/superpowers/plans/2026-08-30-f-com-001-contract-order-delivery-scope.md,EXCLUDED_SOURCE_METADATA,regenerated after code replay,docs(commerce): 建立COM-01 Technical Plan候选
243,a0cf6d0658f03eb4ee0bdcbddaab8cf00bd8d3d7,2026-08-30T20:23:25+08:00,codex/f-cut-001-matrices,19a193d6d358867643c0a598ba387b7ced00a09d,F-COM-001,specs/features/F-COM-001-contract-order-and-delivery-scope.md,EXCLUDED_SOURCE_METADATA,regenerated after code replay,docs(commerce): 建立COM-01 Technical Plan候选
243,a0cf6d0658f03eb4ee0bdcbddaab8cf00bd8d3d7,2026-08-30T20:23:25+08:00,codex/f-cut-001-matrices,19a193d6d358867643c0a598ba387b7ced00a09d,F-COM-001,tasks/features/F-COM-001.md,EXCLUDED_SOURCE_METADATA,regenerated after code replay,docs(commerce): 建立COM-01 Technical Plan候选
244,4e86e5cff1a74663a8448b2dc1e6d386563297b7,2026-08-30T20:30:26+08:00,codex/f-cut-001-matrices,bcbcda66301bab8f34c3d4c2e028b6ca36cab5d5,F-COM-001,docs/superpowers/plans/2026-08-30-f-com-001-contract-order-delivery-scope.md,EXCLUDED_SOURCE_METADATA,regenerated after code replay,docs(commerce): 修正COM-01 Technical Plan边界
244,4e86e5cff1a74663a8448b2dc1e6d386563297b7,2026-08-30T20:30:26+08:00,codex/f-cut-001-matrices,bcbcda66301bab8f34c3d4c2e028b6ca36cab5d5,F-COM-001,tasks/features/F-COM-001.md,EXCLUDED_SOURCE_METADATA,regenerated after code replay,docs(commerce): 修正COM-01 Technical Plan边界
245,6921a0dd1a8febf512e21b66d4cfe2e8e52a76fa,2026-08-30T20:35:00+08:00,codex/f-cut-001-matrices,61279049fb245b5cd6ef800231ca403083f8bb19,F-COM-001,docs/superpowers/plans/2026-08-30-f-com-001-contract-order-delivery-scope.md,EXCLUDED_SOURCE_METADATA,regenerated after code replay,docs(commerce): 收敛迁移批次两阶段生命周期
245,6921a0dd1a8febf512e21b66d4cfe2e8e52a76fa,2026-08-30T20:35:00+08:00,codex/f-cut-001-matrices,61279049fb245b5cd6ef800231ca403083f8bb19,F-COM-001,tasks/features/F-COM-001.md,EXCLUDED_SOURCE_METADATA,regenerated after code replay,docs(commerce): 收敛迁移批次两阶段生命周期
246,8f5ec1c104a18910f231d51d50b7bd526cf6c70b,2026-08-30T20:37:24+08:00,codex/f-cut-001-matrices,e6d5e3d0786575100aa20129ca6813801e904eae,F-COM-001,tasks/features/F-COM-001.md,EXCLUDED_SOURCE_METADATA,regenerated after code replay,docs(commerce): 补齐迁移问题关闭路径
247,f309c9f332d874d0b46a7f6fbc3c7220c488c25a,2026-08-30T20:39:23+08:00,codex/f-cut-001-matrices,4ef3515c4315ec63d24af7ebd2964a28257b521a,F-COM-001,specs/features/F-COM-001-contract-order-and-delivery-scope.md,EXCLUDED_SOURCE_METADATA,regenerated after code replay,docs(commerce): 回写COM-01 Technical Plan通过
247,f309c9f332d874d0b46a7f6fbc3c7220c488c25a,2026-08-30T20:39:23+08:00,codex/f-cut-001-matrices,4ef3515c4315ec63d24af7ebd2964a28257b521a,F-COM-001,tasks/features/F-COM-001.md,EXCLUDED_SOURCE_METADATA,regenerated after code replay,docs(commerce): 回写COM-01 Technical Plan通过
248,5abbc82ba866c4f3dafc3d5b186c0afdce1e9d0d,2026-08-30T20:48:19+08:00,codex/f-cut-001-matrices,419b6cb12f1f7803ab079824d66891aa212bc514,F-COM-001,docs/traceability/requirement-matrix.md,EXCLUDED_SOURCE_METADATA,regenerated after code replay,feat(commerce): 建立COM公开事实合同
248,5abbc82ba866c4f3dafc3d5b186c0afdce1e9d0d,2026-08-30T20:48:19+08:00,codex/f-cut-001-matrices,419b6cb12f1f7803ab079824d66891aa212bc514,F-COM-001,docs/traceability/requirement-version-coverage.json,EXCLUDED_SOURCE_METADATA,regenerated after code replay,feat(commerce): 建立COM公开事实合同
248,5abbc82ba866c4f3dafc3d5b186c0afdce1e9d0d,2026-08-30T20:48:19+08:00,codex/f-cut-001-matrices,419b6cb12f1f7803ab079824d66891aa212bc514,F-COM-001,pms-module-commerce/pms-module-commerce-api/src/main/java/cn/iocoder/yudao/module/pms/commerce/api/authority/dto/CommerceAuthorityBatchCommand.java,CONFLICTING_HUNKS_PENDING,rejected_hunks=0 rc=1,feat(commerce): 建立COM公开事实合同
248,5abbc82ba866c4f3dafc3d5b186c0afdce1e9d0d,2026-08-30T20:48:19+08:00,codex/f-cut-001-matrices,419b6cb12f1f7803ab079824d66891aa212bc514,F-COM-001,pms-module-commerce/pms-module-commerce-api/src/main/java/cn/iocoder/yudao/module/pms/commerce/api/authority/dto/CommerceContractFact.java,CONFLICTING_HUNKS_PENDING,rejected_hunks=0 rc=1,feat(commerce): 建立COM公开事实合同
248,5abbc82ba866c4f3dafc3d5b186c0afdce1e9d0d,2026-08-30T20:48:19+08:00,codex/f-cut-001-matrices,419b6cb12f1f7803ab079824d66891aa212bc514,F-COM-001,pms-module-commerce/pms-module-commerce-api/src/main/java/cn/iocoder/yudao/module/pms/commerce/api/authority/dto/CommerceOrderLineFact.java,CONFLICTING_HUNKS_PENDING,rejected_hunks=0 rc=1,feat(commerce): 建立COM公开事实合同
248,5abbc82ba866c4f3dafc3d5b186c0afdce1e9d0d,2026-08-30T20:48:19+08:00,codex/f-cut-001-matrices,419b6cb12f1f7803ab079824d66891aa212bc514,F-COM-001,pms-module-commerce/pms-module-commerce-api/src/main/java/cn/iocoder/yudao/module/pms/commerce/api/authority/dto/CommerceSalesOrderFact.java,CONFLICTING_HUNKS_PENDING,rejected_hunks=0 rc=1,feat(commerce): 建立COM公开事实合同
248,5abbc82ba866c4f3dafc3d5b186c0afdce1e9d0d,2026-08-30T20:48:19+08:00,codex/f-cut-001-matrices,419b6cb12f1f7803ab079824d66891aa212bc514,F-COM-001,pms-module-commerce/src/test/java/cn/iocoder/yudao/module/pms/commerce/api/CommercePublicContractTest.java,CONFLICTING_HUNKS_PENDING,rejected_hunks=0 rc=1,feat(commerce): 建立COM公开事实合同
248,5abbc82ba866c4f3dafc3d5b186c0afdce1e9d0d,2026-08-30T20:48:19+08:00,codex/f-cut-001-matrices,419b6cb12f1f7803ab079824d66891aa212bc514,F-COM-001,specs/features/README.md,EXCLUDED_SOURCE_METADATA,regenerated after code replay,feat(commerce): 建立COM公开事实合同
248,5abbc82ba866c4f3dafc3d5b186c0afdce1e9d0d,2026-08-30T20:48:19+08:00,codex/f-cut-001-matrices,419b6cb12f1f7803ab079824d66891aa212bc514,F-COM-001,tasks/features/F-COM-001.md,EXCLUDED_SOURCE_METADATA,regenerated after code replay,feat(commerce): 建立COM公开事实合同
249,550e3fefb8212fa8dc7a8b06a53e0daf94a175d7,2026-08-30T20:52:29+08:00,codex/f-cut-001-matrices,0e2c79e8493303b965f31ea090f2682c832f9a3e,F-COM-001,tasks/features/F-COM-001.md,EXCLUDED_SOURCE_METADATA,regenerated after code replay,docs(commerce): 回写COM公开合同Gate通过
250,ae1968c63af614700bd586915e37c74ef1b0152b,2026-08-30T21:04:42+08:00,codex/f-cut-001-matrices,2a3416352c65c60ae846ffa9b2d947c8f82c4a19,F-COM-001,pms-module-commerce/src/main/java/cn/iocoder/yudao/module/pms/commerce/dal/dataobject/authority/AuthorityCandidateDO.java,CONFLICTING_HUNKS_PENDING,rejected_hunks=0 rc=1,feat(commerce): 建立COM十表物理模型
250,ae1968c63af614700bd586915e37c74ef1b0152b,2026-08-30T21:04:42+08:00,codex/f-cut-001-matrices,2a3416352c65c60ae846ffa9b2d947c8f82c4a19,F-COM-001,pms-module-commerce/src/main/java/cn/iocoder/yudao/module/pms/commerce/dal/dataobject/authority/ContractDO.java,APPLIED_CODE_CHANGE,clean per-commit delta,feat(commerce): 建立COM十表物理模型
250,ae1968c63af614700bd586915e37c74ef1b0152b,2026-08-30T21:04:42+08:00,codex/f-cut-001-matrices,2a3416352c65c60ae846ffa9b2d947c8f82c4a19,F-COM-001,pms-module-commerce/src/main/java/cn/iocoder/yudao/module/pms/commerce/dal/dataobject/authority/SalesOrderContractRelationDO.java,CONFLICTING_HUNKS_PENDING,rejected_hunks=0 rc=1,feat(commerce): 建立COM十表物理模型
250,ae1968c63af614700bd586915e37c74ef1b0152b,2026-08-30T21:04:42+08:00,codex/f-cut-001-matrices,2a3416352c65c60ae846ffa9b2d947c8f82c4a19,F-COM-001,pms-module-commerce/src/main/java/cn/iocoder/yudao/module/pms/commerce/dal/dataobject/authority/SalesOrderDO.java,APPLIED_CODE_CHANGE,clean per-commit delta,feat(commerce): 建立COM十表物理模型
250,ae1968c63af614700bd586915e37c74ef1b0152b,2026-08-30T21:04:42+08:00,codex/f-cut-001-matrices,2a3416352c65c60ae846ffa9b2d947c8f82c4a19,F-COM-001,pms-module-commerce/src/main/java/cn/iocoder/yudao/module/pms/commerce/dal/dataobject/scope/DeliveryScopeDetailDO.java,APPLIED_CODE_CHANGE,clean per-commit delta,feat(commerce): 建立COM十表物理模型
250,ae1968c63af614700bd586915e37c74ef1b0152b,2026-08-30T21:04:42+08:00,codex/f-cut-001-matrices,2a3416352c65c60ae846ffa9b2d947c8f82c4a19,F-COM-001,pms-module-commerce/src/main/java/cn/iocoder/yudao/module/pms/commerce/dal/dataobject/scope/OrderLineDO.java,APPLIED_CODE_CHANGE,clean per-commit delta,feat(commerce): 建立COM十表物理模型
250,ae1968c63af614700bd586915e37c74ef1b0152b,2026-08-30T21:04:42+08:00,codex/f-cut-001-matrices,2a3416352c65c60ae846ffa9b2d947c8f82c4a19,F-COM-001,pms-module-commerce/src/main/java/cn/iocoder/yudao/module/pms/commerce/dal/dataobject/scope/ProjectContractRelationDO.java,APPLIED_CODE_CHANGE,clean per-commit delta,feat(commerce): 建立COM十表物理模型
250,ae1968c63af614700bd586915e37c74ef1b0152b,2026-08-30T21:04:42+08:00,codex/f-cut-001-matrices,2a3416352c65c60ae846ffa9b2d947c8f82c4a19,F-COM-001,pms-module-commerce/src/test/java/cn/iocoder/yudao/module/pms/commerce/FCom001MigrationContractTest.java,APPLIED_CODE_CHANGE,clean per-commit delta,feat(commerce): 建立COM十表物理模型
250,ae1968c63af614700bd586915e37c74ef1b0152b,2026-08-30T21:04:42+08:00,codex/f-cut-001-matrices,2a3416352c65c60ae846ffa9b2d947c8f82c4a19,F-COM-001,pms-module-commerce/src/test/java/cn/iocoder/yudao/module/pms/commerce/FCom001MigrationMySqlTest.java,APPLIED_CODE_CHANGE,clean per-commit delta,feat(commerce): 建立COM十表物理模型
250,ae1968c63af614700bd586915e37c74ef1b0152b,2026-08-30T21:04:42+08:00,codex/f-cut-001-matrices,2a3416352c65c60ae846ffa9b2d947c8f82c4a19,F-COM-001,sql/migrations/V143__fcom001_contract_order_scope_schema.sql,APPLIED_CODE_CHANGE,clean per-commit delta,feat(commerce): 建立COM十表物理模型
250,ae1968c63af614700bd586915e37c74ef1b0152b,2026-08-30T21:04:42+08:00,codex/f-cut-001-matrices,2a3416352c65c60ae846ffa9b2d947c8f82c4a19,F-COM-001,tasks/features/F-COM-001.md,EXCLUDED_SOURCE_METADATA,regenerated after code replay,feat(commerce): 建立COM十表物理模型
251,4996c75465fd57599054a305e62cddea8fb75102,2026-08-30T21:12:55+08:00,codex/f-cut-001-matrices,ab6c11b5cf38d6c5a8592ac97a3fe6868f5368ab,F-COM-001,pms-module-commerce/src/test/java/cn/iocoder/yudao/module/pms/commerce/FCom001MigrationContractTest.java,APPLIED_CODE_CHANGE,clean per-commit delta,fix(commerce): 收敛COM来源版本与迁移预检
251,4996c75465fd57599054a305e62cddea8fb75102,2026-08-30T21:12:55+08:00,codex/f-cut-001-matrices,ab6c11b5cf38d6c5a8592ac97a3fe6868f5368ab,F-COM-001,pms-module-commerce/src/test/java/cn/iocoder/yudao/module/pms/commerce/FCom001MigrationMySqlTest.java,APPLIED_CODE_CHANGE,clean per-commit delta,fix(commerce): 收敛COM来源版本与迁移预检
251,4996c75465fd57599054a305e62cddea8fb75102,2026-08-30T21:12:55+08:00,codex/f-cut-001-matrices,ab6c11b5cf38d6c5a8592ac97a3fe6868f5368ab,F-COM-001,specs/features/F-COM-001-physical-contract.json,EXCLUDED_SOURCE_METADATA,regenerated after code replay,fix(commerce): 收敛COM来源版本与迁移预检
251,4996c75465fd57599054a305e62cddea8fb75102,2026-08-30T21:12:55+08:00,codex/f-cut-001-matrices,ab6c11b5cf38d6c5a8592ac97a3fe6868f5368ab,F-COM-001,sql/migrations/V143__fcom001_contract_order_scope_schema.sql,APPLIED_CODE_CHANGE,clean per-commit delta,fix(commerce): 收敛COM来源版本与迁移预检
251,4996c75465fd57599054a305e62cddea8fb75102,2026-08-30T21:12:55+08:00,codex/f-cut-001-matrices,ab6c11b5cf38d6c5a8592ac97a3fe6868f5368ab,F-COM-001,tasks/features/F-COM-001.md,EXCLUDED_SOURCE_METADATA,regenerated after code replay,fix(commerce): 收敛COM来源版本与迁移预检
252,b711389db0e16ccbf73d7e76747e5f88b5653c00,2026-08-30T21:16:03+08:00,codex/f-cut-001-matrices,b3a4542929ad16d2b0fcadd23f819abf5a695a06,F-COM-001,tasks/features/F-COM-001.md,EXCLUDED_SOURCE_METADATA,regenerated after code replay,docs(commerce): 回写COM十表Schema Gate通过
253,2141204dc257aa67a24a4fe57e7139bdd906c135,2026-08-30T21:31:54+08:00,codex/f-cut-001-matrices,972afffb465f44f4a4410a422e85c8675c6141fa,UNMAPPED,docs/design/02d-cross-context-contracts.md,EXCLUDED_SOURCE_METADATA,regenerated after code replay,feat(platform): 建立迁移证据公共合同
253,2141204dc257aa67a24a4fe57e7139bdd906c135,2026-08-30T21:31:54+08:00,codex/f-cut-001-matrices,972afffb465f44f4a4410a422e85c8675c6141fa,UNMAPPED,docs/design/10-api-design.md,EXCLUDED_SOURCE_METADATA,regenerated after code replay,feat(platform): 建立迁移证据公共合同
253,2141204dc257aa67a24a4fe57e7139bdd906c135,2026-08-30T21:31:54+08:00,codex/f-cut-001-matrices,972afffb465f44f4a4410a422e85c8675c6141fa,UNMAPPED,docs/traceability/requirement-matrix.md,EXCLUDED_SOURCE_METADATA,regenerated after code replay,feat(platform): 建立迁移证据公共合同
253,2141204dc257aa67a24a4fe57e7139bdd906c135,2026-08-30T21:31:54+08:00,codex/f-cut-001-matrices,972afffb465f44f4a4410a422e85c8675c6141fa,UNMAPPED,pms-module-platform/pms-module-platform-api/src/main/java/cn/iocoder/yudao/module/pms/platform/api/migration/PlatformMigrationEvidenceException.java,APPLIED_ADD_ADD,current-semantic-superset,feat(platform): 建立迁移证据公共合同
253,2141204dc257aa67a24a4fe57e7139bdd906c135,2026-08-30T21:31:54+08:00,codex/f-cut-001-matrices,972afffb465f44f4a4410a422e85c8675c6141fa,UNMAPPED,pms-module-platform/pms-module-platform-api/src/main/java/cn/iocoder/yudao/module/pms/platform/api/migration/dto/MarkStagedReadyCommand.java,CONFLICTING_HUNKS_PENDING,rejected_hunks=0 rc=1,feat(platform): 建立迁移证据公共合同
253,2141204dc257aa67a24a4fe57e7139bdd906c135,2026-08-30T21:31:54+08:00,codex/f-cut-001-matrices,972afffb465f44f4a4410a422e85c8675c6141fa,UNMAPPED,pms-module-platform/pms-module-platform-api/src/main/java/cn/iocoder/yudao/module/pms/platform/api/migration/dto/MigrationBatchFact.java,CONFLICTING_HUNKS_PENDING,rejected_hunks=0 rc=1,feat(platform): 建立迁移证据公共合同
253,2141204dc257aa67a24a4fe57e7139bdd906c135,2026-08-30T21:31:54+08:00,codex/f-cut-001-matrices,972afffb465f44f4a4410a422e85c8675c6141fa,UNMAPPED,pms-module-platform/src/test/java/cn/iocoder/yudao/module/pms/platform/api/migration/PlatformMigrationEvidenceContractTest.java,APPLIED_ADD_ADD,current-semantic-superset,feat(platform): 建立迁移证据公共合同
253,2141204dc257aa67a24a4fe57e7139bdd906c135,2026-08-30T21:31:54+08:00,codex/f-cut-001-matrices,972afffb465f44f4a4410a422e85c8675c6141fa,UNMAPPED,scripts/generate_requirement_traceability.py,CONFLICTING_HUNKS_PENDING,rejected_hunks=1 rc=1,feat(platform): 建立迁移证据公共合同
253,2141204dc257aa67a24a4fe57e7139bdd906c135,2026-08-30T21:31:54+08:00,codex/f-cut-001-matrices,972afffb465f44f4a4410a422e85c8675c6141fa,F-COM-001,specs/features/F-COM-001-migration-evidence-api-contract.json,EXCLUDED_SOURCE_METADATA,regenerated after code replay,feat(platform): 建立迁移证据公共合同
253,2141204dc257aa67a24a4fe57e7139bdd906c135,2026-08-30T21:31:54+08:00,codex/f-cut-001-matrices,972afffb465f44f4a4410a422e85c8675c6141fa,F-COM-001,specs/features/F-COM-001-physical-contract.json,EXCLUDED_SOURCE_METADATA,regenerated after code replay,feat(platform): 建立迁移证据公共合同
253,2141204dc257aa67a24a4fe57e7139bdd906c135,2026-08-30T21:31:54+08:00,codex/f-cut-001-matrices,972afffb465f44f4a4410a422e85c8675c6141fa,F-COM-001,tasks/features/F-COM-001.md,EXCLUDED_SOURCE_METADATA,regenerated after code replay,feat(platform): 建立迁移证据公共合同
254,bf85007f2ec90105acf3c3ffa4a2353dd233a5f8,2026-08-30T21:41:38+08:00,codex/f-cut-001-matrices,43cbdd5d8201fd4d5da272474cc9dc2a8aec299d,UNMAPPED,docs/design/02d-cross-context-contracts.md,EXCLUDED_SOURCE_METADATA,regenerated after code replay,fix(platform): 收敛迁移证据合同阻断
254,bf85007f2ec90105acf3c3ffa4a2353dd233a5f8,2026-08-30T21:41:38+08:00,codex/f-cut-001-matrices,43cbdd5d8201fd4d5da272474cc9dc2a8aec299d,UNMAPPED,docs/design/10-api-design.md,EXCLUDED_SOURCE_METADATA,regenerated after code replay,fix(platform): 收敛迁移证据合同阻断
254,bf85007f2ec90105acf3c3ffa4a2353dd233a5f8,2026-08-30T21:41:38+08:00,codex/f-cut-001-matrices,43cbdd5d8201fd4d5da272474cc9dc2a8aec299d,UNMAPPED,pms-module-platform/pms-module-platform-api/src/main/java/cn/iocoder/yudao/module/pms/platform/api/migration/dto/MarkStagedReadyCommand.java,CONFLICTING_HUNKS_PENDING,rejected_hunks=1 rc=1,fix(platform): 收敛迁移证据合同阻断
254,bf85007f2ec90105acf3c3ffa4a2353dd233a5f8,2026-08-30T21:41:38+08:00,codex/f-cut-001-matrices,43cbdd5d8201fd4d5da272474cc9dc2a8aec299d,UNMAPPED,pms-module-platform/src/test/java/cn/iocoder/yudao/module/pms/platform/api/migration/PlatformMigrationEvidenceContractTest.java,CONFLICTING_HUNKS_PENDING,rejected_hunks=1 rc=1,fix(platform): 收敛迁移证据合同阻断
254,bf85007f2ec90105acf3c3ffa4a2353dd233a5f8,2026-08-30T21:41:38+08:00,codex/f-cut-001-matrices,43cbdd5d8201fd4d5da272474cc9dc2a8aec299d,F-COM-001,specs/features/F-COM-001-migration-evidence-api-contract.json,EXCLUDED_SOURCE_METADATA,regenerated after code replay,fix(platform): 收敛迁移证据合同阻断
254,bf85007f2ec90105acf3c3ffa4a2353dd233a5f8,2026-08-30T21:41:38+08:00,codex/f-cut-001-matrices,43cbdd5d8201fd4d5da272474cc9dc2a8aec299d,F-COM-001,specs/features/F-COM-001-physical-contract.json,EXCLUDED_SOURCE_METADATA,regenerated after code replay,fix(platform): 收敛迁移证据合同阻断
254,bf85007f2ec90105acf3c3ffa4a2353dd233a5f8,2026-08-30T21:41:38+08:00,codex/f-cut-001-matrices,43cbdd5d8201fd4d5da272474cc9dc2a8aec299d,F-COM-001,tasks/features/F-COM-001.md,EXCLUDED_SOURCE_METADATA,regenerated after code replay,fix(platform): 收敛迁移证据合同阻断
255,df27632e73b560e90847e86a1a37a6ad7b5d929e,2026-08-30T21:44:58+08:00,codex/f-cut-001-matrices,9ddc7fa5b41a8085ea23b5959a5449ddbb11ed6c,F-COM-001,tasks/features/F-COM-001.md,EXCLUDED_SOURCE_METADATA,regenerated after code replay,fix(platform): 关闭迁移暂存空值边界
256,3c9b2a5a5a23ed4f5a0722a83be86dfb622ee957,2026-08-30T21:46:56+08:00,codex/f-cut-001-matrices,609d950209bbec1899252f47efef8fb79d3fa5d2,F-COM-001,specs/features/F-COM-001-migration-evidence-api-contract.json,EXCLUDED_SOURCE_METADATA,regenerated after code replay,docs(platform): 回写迁移证据合同Gate通过
256,3c9b2a5a5a23ed4f5a0722a83be86dfb622ee957,2026-08-30T21:46:56+08:00,codex/f-cut-001-matrices,609d950209bbec1899252f47efef8fb79d3fa5d2,F-COM-001,tasks/features/F-COM-001.md,EXCLUDED_SOURCE_METADATA,regenerated after code replay,docs(platform): 回写迁移证据合同Gate通过
257,58aedbb24134c43e0c0188097bc5a8c7e6f45644,2026-08-30T21:50:39+08:00,codex/f-cut-001-matrices,171958ec2d4ca4988c693fb936c27f7560d1bcec,UNMAPPED,pms-module-platform/src/test/java/cn/iocoder/yudao/module/pms/platform/migration/PlatformMigrationEvidenceMigrationContractTest.java,CONFLICTING_HUNKS_PENDING,rejected_hunks=0 rc=1,feat(platform): 建立迁移证据四表Schema
257,58aedbb24134c43e0c0188097bc5a8c7e6f45644,2026-08-30T21:50:39+08:00,codex/f-cut-001-matrices,171958ec2d4ca4988c693fb936c27f7560d1bcec,F-COM-001,specs/features/F-COM-001-physical-contract.json,EXCLUDED_SOURCE_METADATA,regenerated after code replay,feat(platform): 建立迁移证据四表Schema
257,58aedbb24134c43e0c0188097bc5a8c7e6f45644,2026-08-30T21:50:39+08:00,codex/f-cut-001-matrices,171958ec2d4ca4988c693fb936c27f7560d1bcec,UNMAPPED,sql/migrations/V144__platform_migration_evidence.sql,APPLIED_CODE_CHANGE,clean per-commit delta,feat(platform): 建立迁移证据四表Schema
257,58aedbb24134c43e0c0188097bc5a8c7e6f45644,2026-08-30T21:50:39+08:00,codex/f-cut-001-matrices,171958ec2d4ca4988c693fb936c27f7560d1bcec,F-COM-001,tasks/features/F-COM-001.md,EXCLUDED_SOURCE_METADATA,regenerated after code replay,feat(platform): 建立迁移证据四表Schema
258,8b41a096abb292a37d762c195b67685c4aab1902,2026-08-30T22:14:19+08:00,codex/f-cut-001-matrices,5d76a5ea12cbe84e3eab4d051b37387ca33a4bca,F-COM-001,tasks/features/F-COM-001.md,EXCLUDED_SOURCE_METADATA,regenerated after code replay,feat(platform): 实现迁移证据事务Provider
259,e507eae0aa2e4cdc3478849134c3b8a005914b46,2026-08-30T22:20:20+08:00,codex/f-cut-001-matrices,f9e9b412b229b6febf2fb58c826c134a012c58ac,F-COM-001,tasks/features/F-COM-001.md,EXCLUDED_SOURCE_METADATA,regenerated after code replay,docs(platform): 回写迁移证据Provider Gate通过
260,dd0a26eed23af025ef705d989d6f28d96cbd6ba4,2026-08-30T22:29:53+08:00,codex/f-cut-001-matrices,2ed20b5698c96b574a7daa1fc7ca56e93569300c,F-COM-001,docs/design/02d-cross-context-contracts.md,EXCLUDED_SOURCE_METADATA,regenerated after code replay,fix(commerce): 收敛订单合同关系来源身份
260,dd0a26eed23af025ef705d989d6f28d96cbd6ba4,2026-08-30T22:29:53+08:00,codex/f-cut-001-matrices,2ed20b5698c96b574a7daa1fc7ca56e93569300c,F-COM-001,docs/design/09-database-design.md,EXCLUDED_SOURCE_METADATA,regenerated after code replay,fix(commerce): 收敛订单合同关系来源身份
260,dd0a26eed23af025ef705d989d6f28d96cbd6ba4,2026-08-30T22:29:53+08:00,codex/f-cut-001-matrices,2ed20b5698c96b574a7daa1fc7ca56e93569300c,F-COM-001,docs/design/10-api-design.md,EXCLUDED_SOURCE_METADATA,regenerated after code replay,fix(commerce): 收敛订单合同关系来源身份
260,dd0a26eed23af025ef705d989d6f28d96cbd6ba4,2026-08-30T22:29:53+08:00,codex/f-cut-001-matrices,2ed20b5698c96b574a7daa1fc7ca56e93569300c,F-COM-001,pms-module-commerce/src/test/java/cn/iocoder/yudao/module/pms/commerce/FCom001RelationIdentityMigrationContractTest.java,APPLIED_CODE_CHANGE,clean per-commit delta,fix(commerce): 收敛订单合同关系来源身份
260,dd0a26eed23af025ef705d989d6f28d96cbd6ba4,2026-08-30T22:29:53+08:00,codex/f-cut-001-matrices,2ed20b5698c96b574a7daa1fc7ca56e93569300c,F-COM-001,pms-module-commerce/src/test/java/cn/iocoder/yudao/module/pms/commerce/api/CommercePublicContractTest.java,APPLIED_CODE_CHANGE,clean per-commit delta,fix(commerce): 收敛订单合同关系来源身份
260,dd0a26eed23af025ef705d989d6f28d96cbd6ba4,2026-08-30T22:29:53+08:00,codex/f-cut-001-matrices,2ed20b5698c96b574a7daa1fc7ca56e93569300c,F-COM-001,specs/features/F-COM-001-contract-order-and-delivery-scope.md,EXCLUDED_SOURCE_METADATA,regenerated after code replay,fix(commerce): 收敛订单合同关系来源身份
260,dd0a26eed23af025ef705d989d6f28d96cbd6ba4,2026-08-30T22:29:53+08:00,codex/f-cut-001-matrices,2ed20b5698c96b574a7daa1fc7ca56e93569300c,F-COM-001,specs/features/F-COM-001-physical-contract.json,EXCLUDED_SOURCE_METADATA,regenerated after code replay,fix(commerce): 收敛订单合同关系来源身份
260,dd0a26eed23af025ef705d989d6f28d96cbd6ba4,2026-08-30T22:29:53+08:00,codex/f-cut-001-matrices,2ed20b5698c96b574a7daa1fc7ca56e93569300c,F-COM-001,sql/migrations/V145__fcom001_order_contract_relation_source_identity.sql,APPLIED_CODE_CHANGE,clean per-commit delta,fix(commerce): 收敛订单合同关系来源身份
260,dd0a26eed23af025ef705d989d6f28d96cbd6ba4,2026-08-30T22:29:53+08:00,codex/f-cut-001-matrices,2ed20b5698c96b574a7daa1fc7ca56e93569300c,F-COM-001,tasks/features/F-COM-001.md,EXCLUDED_SOURCE_METADATA,regenerated after code replay,fix(commerce): 收敛订单合同关系来源身份
261,2991ae058cb4c1bdb10223620d80aa7923048c58,2026-08-30T22:32:17+08:00,codex/f-cut-001-matrices,a005033d853e402829ff9c2efa3b79608d0718f9,F-COM-001,tasks/features/F-COM-001.md,EXCLUDED_SOURCE_METADATA,regenerated after code replay,docs(commerce): 回写关系来源身份Gate通过
262,d8a275619ab20b2fa49e39f4bbb24be4ddc57a82,2026-08-30T22:59:49+08:00,codex/f-cut-001-matrices,7b097d730c8660499de444b796f66ace401e4158,F-COM-001,pms-module-commerce/pom.xml,APPLIED_NON_CONFLICTING_HUNKS,rejected_hunks=1 rc=1,feat(commerce): 实现ERP权威批次接收
262,d8a275619ab20b2fa49e39f4bbb24be4ddc57a82,2026-08-30T22:59:49+08:00,codex/f-cut-001-matrices,7b097d730c8660499de444b796f66ace401e4158,F-COM-001,pms-module-commerce/src/main/java/cn/iocoder/yudao/module/pms/commerce/dal/mysql/authority/ContractAuthorityMapper.java,CONFLICTING_HUNKS_PENDING,rejected_hunks=0 rc=1,feat(commerce): 实现ERP权威批次接收
262,d8a275619ab20b2fa49e39f4bbb24be4ddc57a82,2026-08-30T22:59:49+08:00,codex/f-cut-001-matrices,7b097d730c8660499de444b796f66ace401e4158,F-COM-001,pms-module-commerce/src/main/java/cn/iocoder/yudao/module/pms/commerce/dal/mysql/authority/OrderLineAuthorityMapper.java,CONFLICTING_HUNKS_PENDING,rejected_hunks=0 rc=1,feat(commerce): 实现ERP权威批次接收
262,d8a275619ab20b2fa49e39f4bbb24be4ddc57a82,2026-08-30T22:59:49+08:00,codex/f-cut-001-matrices,7b097d730c8660499de444b796f66ace401e4158,F-COM-001,pms-module-commerce/src/main/java/cn/iocoder/yudao/module/pms/commerce/dal/mysql/authority/SalesOrderAuthorityMapper.java,CONFLICTING_HUNKS_PENDING,rejected_hunks=0 rc=1,feat(commerce): 实现ERP权威批次接收
262,d8a275619ab20b2fa49e39f4bbb24be4ddc57a82,2026-08-30T22:59:49+08:00,codex/f-cut-001-matrices,7b097d730c8660499de444b796f66ace401e4158,F-COM-001,pms-module-commerce/src/main/java/cn/iocoder/yudao/module/pms/commerce/dal/mysql/authority/query/ContractAuthorityUpdate.java,CONFLICTING_HUNKS_PENDING,rejected_hunks=0 rc=1,feat(commerce): 实现ERP权威批次接收
262,d8a275619ab20b2fa49e39f4bbb24be4ddc57a82,2026-08-30T22:59:49+08:00,codex/f-cut-001-matrices,7b097d730c8660499de444b796f66ace401e4158,F-COM-001,pms-module-commerce/src/main/java/cn/iocoder/yudao/module/pms/commerce/dal/mysql/authority/query/OrderLineAuthorityUpdate.java,CONFLICTING_HUNKS_PENDING,rejected_hunks=0 rc=1,feat(commerce): 实现ERP权威批次接收
262,d8a275619ab20b2fa49e39f4bbb24be4ddc57a82,2026-08-30T22:59:49+08:00,codex/f-cut-001-matrices,7b097d730c8660499de444b796f66ace401e4158,F-COM-001,pms-module-commerce/src/main/java/cn/iocoder/yudao/module/pms/commerce/dal/mysql/authority/query/SalesOrderAuthorityUpdate.java,CONFLICTING_HUNKS_PENDING,rejected_hunks=0 rc=1,feat(commerce): 实现ERP权威批次接收
262,d8a275619ab20b2fa49e39f4bbb24be4ddc57a82,2026-08-30T22:59:49+08:00,codex/f-cut-001-matrices,7b097d730c8660499de444b796f66ace401e4158,F-COM-001,pms-module-commerce/src/main/java/cn/iocoder/yudao/module/pms/commerce/service/authority/AuthorityPayloadCanonicalizer.java,CONFLICTING_HUNKS_PENDING,rejected_hunks=0 rc=1,feat(commerce): 实现ERP权威批次接收
262,d8a275619ab20b2fa49e39f4bbb24be4ddc57a82,2026-08-30T22:59:49+08:00,codex/f-cut-001-matrices,7b097d730c8660499de444b796f66ace401e4158,F-COM-001,pms-module-commerce/src/main/java/cn/iocoder/yudao/module/pms/commerce/service/authority/CommerceAuthorityIngestService.java,CONFLICTING_HUNKS_PENDING,rejected_hunks=0 rc=1,feat(commerce): 实现ERP权威批次接收
262,d8a275619ab20b2fa49e39f4bbb24be4ddc57a82,2026-08-30T22:59:49+08:00,codex/f-cut-001-matrices,7b097d730c8660499de444b796f66ace401e4158,F-COM-001,pms-module-commerce/src/main/resources/mapper/authority/AuthorityScopeImpactMapper.xml,CONFLICTING_HUNKS_PENDING,rejected_hunks=0 rc=1,feat(commerce): 实现ERP权威批次接收
262,d8a275619ab20b2fa49e39f4bbb24be4ddc57a82,2026-08-30T22:59:49+08:00,codex/f-cut-001-matrices,7b097d730c8660499de444b796f66ace401e4158,F-COM-001,pms-module-commerce/src/main/resources/mapper/authority/ContractAuthorityMapper.xml,CONFLICTING_HUNKS_PENDING,rejected_hunks=0 rc=1,feat(commerce): 实现ERP权威批次接收
262,d8a275619ab20b2fa49e39f4bbb24be4ddc57a82,2026-08-30T22:59:49+08:00,codex/f-cut-001-matrices,7b097d730c8660499de444b796f66ace401e4158,F-COM-001,pms-module-commerce/src/main/resources/mapper/authority/OrderContractRelationAuthorityMapper.xml,CONFLICTING_HUNKS_PENDING,rejected_hunks=0 rc=1,feat(commerce): 实现ERP权威批次接收
262,d8a275619ab20b2fa49e39f4bbb24be4ddc57a82,2026-08-30T22:59:49+08:00,codex/f-cut-001-matrices,7b097d730c8660499de444b796f66ace401e4158,F-COM-001,pms-module-commerce/src/main/resources/mapper/authority/OrderLineAuthorityMapper.xml,CONFLICTING_HUNKS_PENDING,rejected_hunks=0 rc=1,feat(commerce): 实现ERP权威批次接收
262,d8a275619ab20b2fa49e39f4bbb24be4ddc57a82,2026-08-30T22:59:49+08:00,codex/f-cut-001-matrices,7b097d730c8660499de444b796f66ace401e4158,F-COM-001,pms-module-commerce/src/main/resources/mapper/authority/SalesOrderAuthorityMapper.xml,CONFLICTING_HUNKS_PENDING,rejected_hunks=0 rc=1,feat(commerce): 实现ERP权威批次接收
262,d8a275619ab20b2fa49e39f4bbb24be4ddc57a82,2026-08-30T22:59:49+08:00,codex/f-cut-001-matrices,7b097d730c8660499de444b796f66ace401e4158,F-COM-001,pms-module-commerce/src/test/java/cn/iocoder/yudao/module/pms/commerce/service/authority/CommerceAuthorityIngestMySqlTest.java,CONFLICTING_HUNKS_PENDING,rejected_hunks=0 rc=1,feat(commerce): 实现ERP权威批次接收
262,d8a275619ab20b2fa49e39f4bbb24be4ddc57a82,2026-08-30T22:59:49+08:00,codex/f-cut-001-matrices,7b097d730c8660499de444b796f66ace401e4158,F-COM-001,pms-module-commerce/src/test/java/cn/iocoder/yudao/module/pms/commerce/service/authority/CommerceAuthorityIngestServiceTest.java,CONFLICTING_HUNKS_PENDING,rejected_hunks=0 rc=1,feat(commerce): 实现ERP权威批次接收
262,d8a275619ab20b2fa49e39f4bbb24be4ddc57a82,2026-08-30T22:59:49+08:00,codex/f-cut-001-matrices,7b097d730c8660499de444b796f66ace401e4158,F-COM-001,tasks/features/F-COM-001.md,EXCLUDED_SOURCE_METADATA,regenerated after code replay,feat(commerce): 实现ERP权威批次接收
263,bf98b97a48bfa4937fd7c1c290c4652173b1e509,2026-08-30T23:06:41+08:00,codex/f-cut-001-matrices,66ec4e31f52c32182373e1094274e72d23addf89,F-COM-001,tasks/features/F-COM-001.md,EXCLUDED_SOURCE_METADATA,regenerated after code replay,docs(commerce): 回写ERP批次接收Gate通过
264,7c8b11fec472fd430d5a465af551f5431655fa8e,2026-08-30T23:23:20+08:00,codex/f-cut-001-matrices,3e01f76c4202bf5fc3bde9cb6f912046d03a3718,F-COM-001,pms-module-commerce/pom.xml,CONFLICTING_HUNKS_PENDING,rejected_hunks=1 rc=1,feat(commerce): 实现人工权威候选核对
264,7c8b11fec472fd430d5a465af551f5431655fa8e,2026-08-30T23:23:20+08:00,codex/f-cut-001-matrices,3e01f76c4202bf5fc3bde9cb6f912046d03a3718,F-COM-001,pms-module-commerce/src/main/java/cn/iocoder/yudao/module/pms/commerce/dal/mysql/authority/AuthorityCandidateOwnerFact.java,CONFLICTING_HUNKS_PENDING,rejected_hunks=0 rc=1,feat(commerce): 实现人工权威候选核对
264,7c8b11fec472fd430d5a465af551f5431655fa8e,2026-08-30T23:23:20+08:00,codex/f-cut-001-matrices,3e01f76c4202bf5fc3bde9cb6f912046d03a3718,F-COM-001,pms-module-commerce/src/main/java/cn/iocoder/yudao/module/pms/commerce/dal/mysql/authority/query/AuthorityCandidateDecisionUpdate.java,CONFLICTING_HUNKS_PENDING,rejected_hunks=0 rc=1,feat(commerce): 实现人工权威候选核对
264,7c8b11fec472fd430d5a465af551f5431655fa8e,2026-08-30T23:23:20+08:00,codex/f-cut-001-matrices,3e01f76c4202bf5fc3bde9cb6f912046d03a3718,F-COM-001,pms-module-commerce/src/main/java/cn/iocoder/yudao/module/pms/commerce/service/authority/CommerceAuthorityCandidateService.java,CONFLICTING_HUNKS_PENDING,rejected_hunks=0 rc=1,feat(commerce): 实现人工权威候选核对
264,7c8b11fec472fd430d5a465af551f5431655fa8e,2026-08-30T23:23:20+08:00,codex/f-cut-001-matrices,3e01f76c4202bf5fc3bde9cb6f912046d03a3718,F-COM-001,pms-module-commerce/src/main/resources/mapper/authority/AuthorityCandidateMapper.xml,CONFLICTING_HUNKS_PENDING,rejected_hunks=0 rc=1,feat(commerce): 实现人工权威候选核对
264,7c8b11fec472fd430d5a465af551f5431655fa8e,2026-08-30T23:23:20+08:00,codex/f-cut-001-matrices,3e01f76c4202bf5fc3bde9cb6f912046d03a3718,F-COM-001,pms-module-commerce/src/test/java/cn/iocoder/yudao/module/pms/commerce/service/authority/CommerceAuthorityCandidateMySqlTest.java,CONFLICTING_HUNKS_PENDING,rejected_hunks=0 rc=1,feat(commerce): 实现人工权威候选核对
264,7c8b11fec472fd430d5a465af551f5431655fa8e,2026-08-30T23:23:20+08:00,codex/f-cut-001-matrices,3e01f76c4202bf5fc3bde9cb6f912046d03a3718,F-COM-001,pms-module-commerce/src/test/java/cn/iocoder/yudao/module/pms/commerce/service/authority/CommerceAuthorityCandidateServiceTest.java,CONFLICTING_HUNKS_PENDING,rejected_hunks=0 rc=1,feat(commerce): 实现人工权威候选核对
264,7c8b11fec472fd430d5a465af551f5431655fa8e,2026-08-30T23:23:20+08:00,codex/f-cut-001-matrices,3e01f76c4202bf5fc3bde9cb6f912046d03a3718,F-COM-001,tasks/features/F-COM-001.md,EXCLUDED_SOURCE_METADATA,regenerated after code replay,feat(commerce): 实现人工权威候选核对
265,f76525efcb720df2c7de12a17c0741e6d73d98c7,2026-08-30T23:33:12+08:00,codex/f-cut-001-matrices,c751758ee43a33db0220194f78aea8bbb50aac66,F-COM-001,pms-module-commerce/src/test/java/cn/iocoder/yudao/module/pms/commerce/service/authority/CommerceAuthorityCandidateMySqlTest.java,APPLIED_NON_CONFLICTING_HUNKS,rejected_hunks=1 rc=1,fix(commerce): 收敛候选载荷幂等边界
265,f76525efcb720df2c7de12a17c0741e6d73d98c7,2026-08-30T23:33:12+08:00,codex/f-cut-001-matrices,c751758ee43a33db0220194f78aea8bbb50aac66,F-COM-001,tasks/features/F-COM-001.md,EXCLUDED_SOURCE_METADATA,regenerated after code replay,fix(commerce): 收敛候选载荷幂等边界
266,3e26a5375de05612eeafcb86f4f1fff4f9801c09,2026-08-30T23:35:38+08:00,codex/f-cut-001-matrices,f2909546c527ba40258918cbcfb51579dc2e9b12,F-COM-001,tasks/features/F-COM-001.md,EXCLUDED_SOURCE_METADATA,regenerated after code replay,docs(commerce): 回写人工候选核对Gate通过
267,18237796431cbf779e6aabcef5563024cdd700fa,2026-08-31T00:04:37+08:00,codex/f-cut-001-matrices,69959fac7d876d5e6c85beac872e8b15fa478339,F-COM-001,pms-module-commerce/src/main/java/cn/iocoder/yudao/module/pms/commerce/dal/mysql/scope/CommerceDeliveryScopeCommandMapper.java,APPLIED_CODE_CHANGE,clean per-commit delta,feat(commerce): 实现项目交付范围命令
267,18237796431cbf779e6aabcef5563024cdd700fa,2026-08-31T00:04:37+08:00,codex/f-cut-001-matrices,69959fac7d876d5e6c85beac872e8b15fa478339,F-COM-001,pms-module-commerce/src/main/java/cn/iocoder/yudao/module/pms/commerce/dal/mysql/scope/query/CommerceDeliveryScopeCommandQuery.java,APPLIED_CODE_CHANGE,clean per-commit delta,feat(commerce): 实现项目交付范围命令
267,18237796431cbf779e6aabcef5563024cdd700fa,2026-08-31T00:04:37+08:00,codex/f-cut-001-matrices,69959fac7d876d5e6c85beac872e8b15fa478339,F-COM-001,pms-module-commerce/src/main/java/cn/iocoder/yudao/module/pms/commerce/domain/scope/DeliveryScopeStateMachine.java,APPLIED_CODE_CHANGE,clean per-commit delta,feat(commerce): 实现项目交付范围命令
267,18237796431cbf779e6aabcef5563024cdd700fa,2026-08-31T00:04:37+08:00,codex/f-cut-001-matrices,69959fac7d876d5e6c85beac872e8b15fa478339,F-COM-001,pms-module-commerce/src/main/java/cn/iocoder/yudao/module/pms/commerce/domain/scope/DeliveryScopeValidationRules.java,APPLIED_CODE_CHANGE,clean per-commit delta,feat(commerce): 实现项目交付范围命令
267,18237796431cbf779e6aabcef5563024cdd700fa,2026-08-31T00:04:37+08:00,codex/f-cut-001-matrices,69959fac7d876d5e6c85beac872e8b15fa478339,F-COM-001,pms-module-commerce/src/main/java/cn/iocoder/yudao/module/pms/commerce/service/scope/CommerceDeliveryScopeCommandException.java,APPLIED_CODE_CHANGE,clean per-commit delta,feat(commerce): 实现项目交付范围命令
267,18237796431cbf779e6aabcef5563024cdd700fa,2026-08-31T00:04:37+08:00,codex/f-cut-001-matrices,69959fac7d876d5e6c85beac872e8b15fa478339,F-COM-001,pms-module-commerce/src/main/java/cn/iocoder/yudao/module/pms/commerce/service/scope/CommerceDeliveryScopeCommandService.java,CONFLICTING_HUNKS_PENDING,rejected_hunks=0 rc=1,feat(commerce): 实现项目交付范围命令
267,18237796431cbf779e6aabcef5563024cdd700fa,2026-08-31T00:04:37+08:00,codex/f-cut-001-matrices,69959fac7d876d5e6c85beac872e8b15fa478339,F-COM-001,pms-module-commerce/src/main/java/cn/iocoder/yudao/module/pms/commerce/service/scope/CommerceDeliveryScopeCommands.java,APPLIED_CODE_CHANGE,clean per-commit delta,feat(commerce): 实现项目交付范围命令
267,18237796431cbf779e6aabcef5563024cdd700fa,2026-08-31T00:04:37+08:00,codex/f-cut-001-matrices,69959fac7d876d5e6c85beac872e8b15fa478339,F-COM-001,pms-module-commerce/src/main/java/cn/iocoder/yudao/module/pms/commerce/service/scope/DeviceAndLocationFactAdapter.java,APPLIED_CODE_CHANGE,clean per-commit delta,feat(commerce): 实现项目交付范围命令
267,18237796431cbf779e6aabcef5563024cdd700fa,2026-08-31T00:04:37+08:00,codex/f-cut-001-matrices,69959fac7d876d5e6c85beac872e8b15fa478339,F-COM-001,pms-module-commerce/src/main/java/cn/iocoder/yudao/module/pms/commerce/service/scope/ProjectScopeQualificationAdapter.java,APPLIED_CODE_CHANGE,clean per-commit delta,feat(commerce): 实现项目交付范围命令
267,18237796431cbf779e6aabcef5563024cdd700fa,2026-08-31T00:04:37+08:00,codex/f-cut-001-matrices,69959fac7d876d5e6c85beac872e8b15fa478339,F-COM-001,pms-module-commerce/src/main/resources/mapper/scope/CommerceDeliveryScopeCommandMapper.xml,APPLIED_CODE_CHANGE,clean per-commit delta,feat(commerce): 实现项目交付范围命令
267,18237796431cbf779e6aabcef5563024cdd700fa,2026-08-31T00:04:37+08:00,codex/f-cut-001-matrices,69959fac7d876d5e6c85beac872e8b15fa478339,F-COM-001,pms-module-commerce/src/test/java/cn/iocoder/yudao/module/pms/commerce/dal/mysql/scope/CommerceDeliveryScopeCommandMapperContractTest.java,APPLIED_CODE_CHANGE,clean per-commit delta,feat(commerce): 实现项目交付范围命令
267,18237796431cbf779e6aabcef5563024cdd700fa,2026-08-31T00:04:37+08:00,codex/f-cut-001-matrices,69959fac7d876d5e6c85beac872e8b15fa478339,F-COM-001,pms-module-commerce/src/test/java/cn/iocoder/yudao/module/pms/commerce/service/scope/CommerceDeliveryScopeCommandMySqlTest.java,APPLIED_CODE_CHANGE,clean per-commit delta,feat(commerce): 实现项目交付范围命令
267,18237796431cbf779e6aabcef5563024cdd700fa,2026-08-31T00:04:37+08:00,codex/f-cut-001-matrices,69959fac7d876d5e6c85beac872e8b15fa478339,F-COM-001,pms-module-commerce/src/test/java/cn/iocoder/yudao/module/pms/commerce/service/scope/CommerceDeliveryScopeCommandServiceTest.java,CONFLICTING_HUNKS_PENDING,rejected_hunks=0 rc=1,feat(commerce): 实现项目交付范围命令
267,18237796431cbf779e6aabcef5563024cdd700fa,2026-08-31T00:04:37+08:00,codex/f-cut-001-matrices,69959fac7d876d5e6c85beac872e8b15fa478339,F-COM-001,pms-module-commerce/src/test/java/cn/iocoder/yudao/module/pms/commerce/service/scope/DeviceAndLocationFactAdapterTest.java,APPLIED_CODE_CHANGE,clean per-commit delta,feat(commerce): 实现项目交付范围命令
267,18237796431cbf779e6aabcef5563024cdd700fa,2026-08-31T00:04:37+08:00,codex/f-cut-001-matrices,69959fac7d876d5e6c85beac872e8b15fa478339,F-COM-001,tasks/features/F-COM-001.md,EXCLUDED_SOURCE_METADATA,regenerated after code replay,feat(commerce): 实现项目交付范围命令
268,9d029976fdeeeafc3a1e882ab47d883081da93e3,2026-08-31T00:24:25+08:00,codex/f-cut-001-matrices,d819f0a1848330fbb934d4d5f0dc4233deb5e126,UNMAPPED,docs/design/02d-cross-context-contracts.md,EXCLUDED_SOURCE_METADATA,regenerated after code replay,feat(project): 新增交付范围资格公共契约
268,9d029976fdeeeafc3a1e882ab47d883081da93e3,2026-08-31T00:24:25+08:00,codex/f-cut-001-matrices,d819f0a1848330fbb934d4d5f0dc4233deb5e126,UNMAPPED,docs/design/07-authorization-design.md,EXCLUDED_SOURCE_METADATA,regenerated after code replay,feat(project): 新增交付范围资格公共契约
268,9d029976fdeeeafc3a1e882ab47d883081da93e3,2026-08-31T00:24:25+08:00,codex/f-cut-001-matrices,d819f0a1848330fbb934d4d5f0dc4233deb5e126,UNMAPPED,docs/design/10-api-design.md,EXCLUDED_SOURCE_METADATA,regenerated after code replay,feat(project): 新增交付范围资格公共契约
268,9d029976fdeeeafc3a1e882ab47d883081da93e3,2026-08-31T00:24:25+08:00,codex/f-cut-001-matrices,d819f0a1848330fbb934d4d5f0dc4233deb5e126,F-COM-001,docs/superpowers/plans/2026-08-30-f-com-001-contract-order-delivery-scope.md,EXCLUDED_SOURCE_METADATA,regenerated after code replay,feat(project): 新增交付范围资格公共契约
268,9d029976fdeeeafc3a1e882ab47d883081da93e3,2026-08-31T00:24:25+08:00,codex/f-cut-001-matrices,d819f0a1848330fbb934d4d5f0dc4233deb5e126,UNMAPPED,pms-module-project/pms-module-project-api/src/main/java/cn/iocoder/yudao/module/pms/project/api/deliveryscope/dto/ProjectDeliveryScopeQualificationFact.java,CONFLICTING_HUNKS_PENDING,rejected_hunks=0 rc=1,feat(project): 新增交付范围资格公共契约
268,9d029976fdeeeafc3a1e882ab47d883081da93e3,2026-08-31T00:24:25+08:00,codex/f-cut-001-matrices,d819f0a1848330fbb934d4d5f0dc4233deb5e126,UNMAPPED,pms-module-project/pms-module-project-api/src/main/java/cn/iocoder/yudao/module/pms/project/api/deliveryscope/dto/ProjectDeliveryScopeQualificationRevalidationQuery.java,CONFLICTING_HUNKS_PENDING,rejected_hunks=0 rc=1,feat(project): 新增交付范围资格公共契约
268,9d029976fdeeeafc3a1e882ab47d883081da93e3,2026-08-31T00:24:25+08:00,codex/f-cut-001-matrices,d819f0a1848330fbb934d4d5f0dc4233deb5e126,UNMAPPED,pms-module-project/src/test/java/cn/iocoder/yudao/module/pms/project/api/deliveryscope/ProjectDeliveryScopeQualificationFactApiContractTest.java,CONFLICTING_HUNKS_PENDING,rejected_hunks=0 rc=1,feat(project): 新增交付范围资格公共契约
268,9d029976fdeeeafc3a1e882ab47d883081da93e3,2026-08-31T00:24:25+08:00,codex/f-cut-001-matrices,d819f0a1848330fbb934d4d5f0dc4233deb5e126,F-COM-001,specs/features/F-COM-001-contract-order-and-delivery-scope.md,EXCLUDED_SOURCE_METADATA,regenerated after code replay,feat(project): 新增交付范围资格公共契约
268,9d029976fdeeeafc3a1e882ab47d883081da93e3,2026-08-31T00:24:25+08:00,codex/f-cut-001-matrices,d819f0a1848330fbb934d4d5f0dc4233deb5e126,F-COM-001,specs/features/F-COM-001-physical-contract.json,EXCLUDED_SOURCE_METADATA,regenerated after code replay,feat(project): 新增交付范围资格公共契约
268,9d029976fdeeeafc3a1e882ab47d883081da93e3,2026-08-31T00:24:25+08:00,codex/f-cut-001-matrices,d819f0a1848330fbb934d4d5f0dc4233deb5e126,F-COM-001,specs/features/F-COM-001-project-qualification-contract.json,EXCLUDED_SOURCE_METADATA,regenerated after code replay,feat(project): 新增交付范围资格公共契约
268,9d029976fdeeeafc3a1e882ab47d883081da93e3,2026-08-31T00:24:25+08:00,codex/f-cut-001-matrices,d819f0a1848330fbb934d4d5f0dc4233deb5e126,F-COM-001,tasks/features/F-COM-001.md,EXCLUDED_SOURCE_METADATA,regenerated after code replay,feat(project): 新增交付范围资格公共契约
269,486727a3a856fe5de19683f3e7eef1d38b88f6a0,2026-08-31T00:34:58+08:00,codex/f-acc-001-sds,750154b9e3f1407232da94c4fb5adc23c6676940,F-ACC-002,docs/design/10-api-design.md,EXCLUDED_SOURCE_METADATA,regenerated after code replay,feat(acceptance): 完成满意度纵向闭环
269,486727a3a856fe5de19683f3e7eef1d38b88f6a0,2026-08-31T00:34:58+08:00,codex/f-acc-001-sds,750154b9e3f1407232da94c4fb5adc23c6676940,F-ACC-002,docs/engineering/evidence/f-acc-002-browser-evidence.json,EXCLUDED_SOURCE_METADATA,regenerated after code replay,feat(acceptance): 完成满意度纵向闭环
269,486727a3a856fe5de19683f3e7eef1d38b88f6a0,2026-08-31T00:34:58+08:00,codex/f-acc-001-sds,750154b9e3f1407232da94c4fb5adc23c6676940,F-ACC-002,docs/engineering/evidence/f-acc-002-browser/01-satisfaction-workbench.png,EXCLUDED_SOURCE_METADATA,regenerated after code replay,feat(acceptance): 完成满意度纵向闭环
269,486727a3a856fe5de19683f3e7eef1d38b88f6a0,2026-08-31T00:34:58+08:00,codex/f-acc-001-sds,750154b9e3f1407232da94c4fb5adc23c6676940,F-ACC-002,docs/engineering/evidence/f-acc-002-browser/02-controlled-link-qr.png,EXCLUDED_SOURCE_METADATA,regenerated after code replay,feat(acceptance): 完成满意度纵向闭环
269,486727a3a856fe5de19683f3e7eef1d38b88f6a0,2026-08-31T00:34:58+08:00,codex/f-acc-001-sds,750154b9e3f1407232da94c4fb5adc23c6676940,F-ACC-002,docs/engineering/evidence/f-acc-002-browser/03-public-questionnaire.png,EXCLUDED_SOURCE_METADATA,regenerated after code replay,feat(acceptance): 完成满意度纵向闭环
269,486727a3a856fe5de19683f3e7eef1d38b88f6a0,2026-08-31T00:34:58+08:00,codex/f-acc-001-sds,750154b9e3f1407232da94c4fb5adc23c6676940,F-ACC-002,docs/engineering/evidence/f-acc-002-browser/04-results-and-export.png,EXCLUDED_SOURCE_METADATA,regenerated after code replay,feat(acceptance): 完成满意度纵向闭环
269,486727a3a856fe5de19683f3e7eef1d38b88f6a0,2026-08-31T00:34:58+08:00,codex/f-acc-001-sds,750154b9e3f1407232da94c4fb5adc23c6676940,F-ACC-002,docs/superpowers/plans/2026-08-30-f-acc-002-satisfaction-questionnaire-result-deliverable-sync.md,EXCLUDED_SOURCE_METADATA,regenerated after code replay,feat(acceptance): 完成满意度纵向闭环
269,486727a3a856fe5de19683f3e7eef1d38b88f6a0,2026-08-31T00:34:58+08:00,codex/f-acc-001-sds,750154b9e3f1407232da94c4fb5adc23c6676940,F-ACC-002,pms-module-engineering/src/test/java/cn/iocoder/yudao/module/pms/engineering/preparation/PreparationMySqlIntegrationTest.java,APPLIED_CODE_CHANGE,clean per-commit delta,feat(acceptance): 完成满意度纵向闭环
269,486727a3a856fe5de19683f3e7eef1d38b88f6a0,2026-08-31T00:34:58+08:00,codex/f-acc-001-sds,750154b9e3f1407232da94c4fb5adc23c6676940,F-ACC-002,pms-module-platform/src/main/java/cn/iocoder/yudao/module/pms/platform/service/file/FileBusinessObjectPolicyRegistry.java,APPLIED_NON_CONFLICTING_HUNKS,rejected_hunks=1 rc=1,feat(acceptance): 完成满意度纵向闭环
269,486727a3a856fe5de19683f3e7eef1d38b88f6a0,2026-08-31T00:34:58+08:00,codex/f-acc-001-sds,750154b9e3f1407232da94c4fb5adc23c6676940,F-ACC-002,scripts/tests/run_facc002_browser_acceptance.cjs,CONFLICTING_HUNKS_PENDING,rejected_hunks=0 rc=1,feat(acceptance): 完成满意度纵向闭环
269,486727a3a856fe5de19683f3e7eef1d38b88f6a0,2026-08-31T00:34:58+08:00,codex/f-acc-001-sds,750154b9e3f1407232da94c4fb5adc23c6676940,F-ACC-002,specs/features/F-ACC-002-satisfaction-questionnaire-result-and-deliverable-sync.md,EXCLUDED_SOURCE_METADATA,regenerated after code replay,feat(acceptance): 完成满意度纵向闭环
269,486727a3a856fe5de19683f3e7eef1d38b88f6a0,2026-08-31T00:34:58+08:00,codex/f-acc-001-sds,750154b9e3f1407232da94c4fb5adc23c6676940,F-ACC-002,sql/migrations/V134__restore_project_task_assign_permission.sql,APPLIED_CODE_CHANGE,clean per-commit delta,feat(acceptance): 完成满意度纵向闭环
269,486727a3a856fe5de19683f3e7eef1d38b88f6a0,2026-08-31T00:34:58+08:00,codex/f-acc-001-sds,750154b9e3f1407232da94c4fb5adc23c6676940,F-ACC-002,tasks/features/F-ACC-002.md,EXCLUDED_SOURCE_METADATA,regenerated after code replay,feat(acceptance): 完成满意度纵向闭环
270,319a616e0a135aadab8dcf675e5a81ffabe1c333,2026-08-31T00:41:40+08:00,codex/f-cut-001-matrices,f943c9d76b99b8c9bc8cda784b94e126237ffc9d,UNMAPPED,docs/design/02d-cross-context-contracts.md,EXCLUDED_SOURCE_METADATA,regenerated after code replay,fix(project): 收敛交付范围资格机器契约
270,319a616e0a135aadab8dcf675e5a81ffabe1c333,2026-08-31T00:41:40+08:00,codex/f-cut-001-matrices,f943c9d76b99b8c9bc8cda784b94e126237ffc9d,UNMAPPED,docs/design/10-api-design.md,EXCLUDED_SOURCE_METADATA,regenerated after code replay,fix(project): 收敛交付范围资格机器契约
270,319a616e0a135aadab8dcf675e5a81ffabe1c333,2026-08-31T00:41:40+08:00,codex/f-cut-001-matrices,f943c9d76b99b8c9bc8cda784b94e126237ffc9d,F-COM-001,docs/superpowers/plans/2026-08-30-f-com-001-contract-order-delivery-scope.md,EXCLUDED_SOURCE_METADATA,regenerated after code replay,fix(project): 收敛交付范围资格机器契约
270,319a616e0a135aadab8dcf675e5a81ffabe1c333,2026-08-31T00:41:40+08:00,codex/f-cut-001-matrices,f943c9d76b99b8c9bc8cda784b94e126237ffc9d,F-COM-001,pms-module-commerce/src/test/java/cn/iocoder/yudao/module/pms/commerce/service/scope/CommerceDeliveryScopeAuditContractTest.java,APPLIED_CODE_CHANGE,clean per-commit delta,fix(project): 收敛交付范围资格机器契约
270,319a616e0a135aadab8dcf675e5a81ffabe1c333,2026-08-31T00:41:40+08:00,codex/f-cut-001-matrices,f943c9d76b99b8c9bc8cda784b94e126237ffc9d,UNMAPPED,pms-module-project/src/test/java/cn/iocoder/yudao/module/pms/project/api/deliveryscope/ProjectDeliveryScopeQualificationFactApiContractTest.java,CONFLICTING_HUNKS_PENDING,rejected_hunks=1 rc=1,fix(project): 收敛交付范围资格机器契约
270,319a616e0a135aadab8dcf675e5a81ffabe1c333,2026-08-31T00:41:40+08:00,codex/f-cut-001-matrices,f943c9d76b99b8c9bc8cda784b94e126237ffc9d,F-COM-001,specs/features/F-COM-001-contract-order-and-delivery-scope.md,EXCLUDED_SOURCE_METADATA,regenerated after code replay,fix(project): 收敛交付范围资格机器契约
270,319a616e0a135aadab8dcf675e5a81ffabe1c333,2026-08-31T00:41:40+08:00,codex/f-cut-001-matrices,f943c9d76b99b8c9bc8cda784b94e126237ffc9d,F-COM-001,specs/features/F-COM-001-delivery-scope-audit-contract.json,EXCLUDED_SOURCE_METADATA,regenerated after code replay,fix(project): 收敛交付范围资格机器契约
270,319a616e0a135aadab8dcf675e5a81ffabe1c333,2026-08-31T00:41:40+08:00,codex/f-cut-001-matrices,f943c9d76b99b8c9bc8cda784b94e126237ffc9d,F-COM-001,specs/features/F-COM-001-physical-contract.json,EXCLUDED_SOURCE_METADATA,regenerated after code replay,fix(project): 收敛交付范围资格机器契约
270,319a616e0a135aadab8dcf675e5a81ffabe1c333,2026-08-31T00:41:40+08:00,codex/f-cut-001-matrices,f943c9d76b99b8c9bc8cda784b94e126237ffc9d,F-COM-001,specs/features/F-COM-001-project-qualification-contract.json,EXCLUDED_SOURCE_METADATA,regenerated after code replay,fix(project): 收敛交付范围资格机器契约
270,319a616e0a135aadab8dcf675e5a81ffabe1c333,2026-08-31T00:41:40+08:00,codex/f-cut-001-matrices,f943c9d76b99b8c9bc8cda784b94e126237ffc9d,F-COM-001,tasks/features/F-COM-001.md,EXCLUDED_SOURCE_METADATA,regenerated after code replay,fix(project): 收敛交付范围资格机器契约
271,86ea27de4cf58d2b984c6c77cb7bab59c6729fd6,2026-08-31T00:49:17+08:00,codex/f-cut-001-matrices,69d3d00b96d9ac322f408c231253a29ba229e7d3,F-COM-001,docs/design/10-api-design.md,EXCLUDED_SOURCE_METADATA,regenerated after code replay,fix(commerce): 消除交付范围合同判定冲突
271,86ea27de4cf58d2b984c6c77cb7bab59c6729fd6,2026-08-31T00:49:17+08:00,codex/f-cut-001-matrices,69d3d00b96d9ac322f408c231253a29ba229e7d3,F-COM-001,docs/superpowers/plans/2026-08-30-f-com-001-contract-order-delivery-scope.md,EXCLUDED_SOURCE_METADATA,regenerated after code replay,fix(commerce): 消除交付范围合同判定冲突
271,86ea27de4cf58d2b984c6c77cb7bab59c6729fd6,2026-08-31T00:49:17+08:00,codex/f-cut-001-matrices,69d3d00b96d9ac322f408c231253a29ba229e7d3,F-COM-001,pms-module-commerce/src/test/java/cn/iocoder/yudao/module/pms/commerce/service/scope/CommerceDeliveryScopeAuditContractTest.java,APPLIED_CODE_CHANGE,clean per-commit delta,fix(commerce): 消除交付范围合同判定冲突
271,86ea27de4cf58d2b984c6c77cb7bab59c6729fd6,2026-08-31T00:49:17+08:00,codex/f-cut-001-matrices,69d3d00b96d9ac322f408c231253a29ba229e7d3,F-COM-001,specs/features/F-COM-001-contract-order-and-delivery-scope.md,EXCLUDED_SOURCE_METADATA,regenerated after code replay,fix(commerce): 消除交付范围合同判定冲突
271,86ea27de4cf58d2b984c6c77cb7bab59c6729fd6,2026-08-31T00:49:17+08:00,codex/f-cut-001-matrices,69d3d00b96d9ac322f408c231253a29ba229e7d3,F-COM-001,specs/features/F-COM-001-delivery-scope-audit-contract.json,EXCLUDED_SOURCE_METADATA,regenerated after code replay,fix(commerce): 消除交付范围合同判定冲突
271,86ea27de4cf58d2b984c6c77cb7bab59c6729fd6,2026-08-31T00:49:17+08:00,codex/f-cut-001-matrices,69d3d00b96d9ac322f408c231253a29ba229e7d3,F-COM-001,specs/features/F-COM-001-physical-contract.json,EXCLUDED_SOURCE_METADATA,regenerated after code replay,fix(commerce): 消除交付范围合同判定冲突
271,86ea27de4cf58d2b984c6c77cb7bab59c6729fd6,2026-08-31T00:49:17+08:00,codex/f-cut-001-matrices,69d3d00b96d9ac322f408c231253a29ba229e7d3,F-COM-001,tasks/features/F-COM-001.md,EXCLUDED_SOURCE_METADATA,regenerated after code replay,fix(commerce): 消除交付范围合同判定冲突
272,705f8b7ab5929c445fb9d43ef28420d9bd4d3c26,2026-08-31T00:51:36+08:00,codex/f-cut-001-matrices,da1d82dfa921452dc8633a9267aa0dd7d19027a4,F-COM-001,specs/features/F-COM-001-delivery-scope-audit-contract.json,EXCLUDED_SOURCE_METADATA,regenerated after code replay,docs(commerce): 回写交付范围机器合同Gate通过
272,705f8b7ab5929c445fb9d43ef28420d9bd4d3c26,2026-08-31T00:51:36+08:00,codex/f-cut-001-matrices,da1d82dfa921452dc8633a9267aa0dd7d19027a4,F-COM-001,tasks/features/F-COM-001.md,EXCLUDED_SOURCE_METADATA,regenerated after code replay,docs(commerce): 回写交付范围机器合同Gate通过
273,e1c45b02038598b5e19709909728828dbc421596,2026-08-31T01:12:15+08:00,codex/f-cut-001-matrices,4dbba670ad0c0e163d957f4fdcfa5cb4ac5f1c85,F-CUT-001,docs/design/08a-domain-entity-migration-alignment.md,EXCLUDED_SOURCE_METADATA,regenerated after code replay,fix(cutover): 收敛旧割接任务迁移合同
273,e1c45b02038598b5e19709909728828dbc421596,2026-08-31T01:12:15+08:00,codex/f-cut-001-matrices,4dbba670ad0c0e163d957f4fdcfa5cb4ac5f1c85,F-CUT-001,docs/design/09-database-design.md,EXCLUDED_SOURCE_METADATA,regenerated after code replay,fix(cutover): 收敛旧割接任务迁移合同
273,e1c45b02038598b5e19709909728828dbc421596,2026-08-31T01:12:15+08:00,codex/f-cut-001-matrices,4dbba670ad0c0e163d957f4fdcfa5cb4ac5f1c85,F-CUT-001,docs/traceability/domain-entity-migration-contract.json,EXCLUDED_SOURCE_METADATA,regenerated after code replay,fix(cutover): 收敛旧割接任务迁移合同
273,e1c45b02038598b5e19709909728828dbc421596,2026-08-31T01:12:15+08:00,codex/f-cut-001-matrices,4dbba670ad0c0e163d957f4fdcfa5cb4ac5f1c85,F-CUT-001,docs/traceability/domain-entity-migration-contract.md,EXCLUDED_SOURCE_METADATA,regenerated after code replay,fix(cutover): 收敛旧割接任务迁移合同
273,e1c45b02038598b5e19709909728828dbc421596,2026-08-31T01:12:15+08:00,codex/f-cut-001-matrices,4dbba670ad0c0e163d957f4fdcfa5cb4ac5f1c85,F-CUT-001,scripts/generate_domain_entity_migration_contract.py,CONFLICTING_HUNKS_PENDING,rejected_hunks=1 rc=1,fix(cutover): 收敛旧割接任务迁移合同
273,e1c45b02038598b5e19709909728828dbc421596,2026-08-31T01:12:15+08:00,codex/f-cut-001-matrices,4dbba670ad0c0e163d957f4fdcfa5cb4ac5f1c85,F-CUT-001,scripts/tests/test_fcut002_migration_contract.py,APPLIED_CODE_CHANGE,clean per-commit delta,fix(cutover): 收敛旧割接任务迁移合同
273,e1c45b02038598b5e19709909728828dbc421596,2026-08-31T01:12:15+08:00,codex/f-cut-001-matrices,4dbba670ad0c0e163d957f4fdcfa5cb4ac5f1c85,F-CUT-002,specs/features/F-CUT-002-cutover-intake-and-manual-assessment.md,EXCLUDED_SOURCE_METADATA,regenerated after code replay,fix(cutover): 收敛旧割接任务迁移合同
273,e1c45b02038598b5e19709909728828dbc421596,2026-08-31T01:12:15+08:00,codex/f-cut-001-matrices,4dbba670ad0c0e163d957f4fdcfa5cb4ac5f1c85,F-CUT-002,specs/features/F-CUT-002-legacy-reuse-audit.md,EXCLUDED_SOURCE_METADATA,regenerated after code replay,fix(cutover): 收敛旧割接任务迁移合同
273,e1c45b02038598b5e19709909728828dbc421596,2026-08-31T01:12:15+08:00,codex/f-cut-001-matrices,4dbba670ad0c0e163d957f4fdcfa5cb4ac5f1c85,F-CUT-002,specs/features/F-CUT-002-physical-contract.json,EXCLUDED_SOURCE_METADATA,regenerated after code replay,fix(cutover): 收敛旧割接任务迁移合同
273,e1c45b02038598b5e19709909728828dbc421596,2026-08-31T01:12:15+08:00,codex/f-cut-001-matrices,4dbba670ad0c0e163d957f4fdcfa5cb4ac5f1c85,F-CUT-002,tasks/features/F-CUT-002.md,EXCLUDED_SOURCE_METADATA,regenerated after code replay,fix(cutover): 收敛旧割接任务迁移合同
274,338dcc978825436ac538d0e8c43282094d13d310,2026-08-31T01:15:41+08:00,codex/f-acc-001-sds,f6b697f7e0c5812ec0634ccf0af4b9598f95112a,F-ACC-002,docs/engineering/evidence/f-acc-002-browser-evidence.json,EXCLUDED_SOURCE_METADATA,regenerated after code replay,fix(acceptance): 接通现场协助工作台闭环
274,338dcc978825436ac538d0e8c43282094d13d310,2026-08-31T01:15:41+08:00,codex/f-acc-001-sds,f6b697f7e0c5812ec0634ccf0af4b9598f95112a,F-ACC-002,docs/engineering/evidence/f-acc-002-browser/01-assisted-response-dialog.png,EXCLUDED_SOURCE_METADATA,regenerated after code replay,fix(acceptance): 接通现场协助工作台闭环
274,338dcc978825436ac538d0e8c43282094d13d310,2026-08-31T01:15:41+08:00,codex/f-acc-001-sds,f6b697f7e0c5812ec0634ccf0af4b9598f95112a,F-ACC-002,docs/engineering/evidence/f-acc-002-browser/01-satisfaction-workbench.png,EXCLUDED_SOURCE_METADATA,regenerated after code replay,fix(acceptance): 接通现场协助工作台闭环
274,338dcc978825436ac538d0e8c43282094d13d310,2026-08-31T01:15:41+08:00,codex/f-acc-001-sds,f6b697f7e0c5812ec0634ccf0af4b9598f95112a,F-ACC-002,docs/engineering/evidence/f-acc-002-browser/02-controlled-link-qr.png,EXCLUDED_SOURCE_METADATA,regenerated after code replay,fix(acceptance): 接通现场协助工作台闭环
274,338dcc978825436ac538d0e8c43282094d13d310,2026-08-31T01:15:41+08:00,codex/f-acc-001-sds,f6b697f7e0c5812ec0634ccf0af4b9598f95112a,F-ACC-002,docs/engineering/evidence/f-acc-002-browser/03-public-questionnaire.png,EXCLUDED_SOURCE_METADATA,regenerated after code replay,fix(acceptance): 接通现场协助工作台闭环
274,338dcc978825436ac538d0e8c43282094d13d310,2026-08-31T01:15:41+08:00,codex/f-acc-001-sds,f6b697f7e0c5812ec0634ccf0af4b9598f95112a,F-ACC-002,docs/engineering/evidence/f-acc-002-browser/04-results-and-export.png,EXCLUDED_SOURCE_METADATA,regenerated after code replay,fix(acceptance): 接通现场协助工作台闭环
274,338dcc978825436ac538d0e8c43282094d13d310,2026-08-31T01:15:41+08:00,codex/f-acc-001-sds,f6b697f7e0c5812ec0634ccf0af4b9598f95112a,F-ACC-002,specs/features/F-ACC-002-satisfaction-questionnaire-result-and-deliverable-sync.md,EXCLUDED_SOURCE_METADATA,regenerated after code replay,fix(acceptance): 接通现场协助工作台闭环
274,338dcc978825436ac538d0e8c43282094d13d310,2026-08-31T01:15:41+08:00,codex/f-acc-001-sds,f6b697f7e0c5812ec0634ccf0af4b9598f95112a,F-ACC-002,tasks/features/F-ACC-002.md,EXCLUDED_SOURCE_METADATA,regenerated after code replay,fix(acceptance): 接通现场协助工作台闭环
275,36d1b37ff73898907626fd61e78c8f62f605084b,2026-08-31T01:20:21+08:00,codex/f-cut-001-matrices,57442f62c544be1004fc7213366d1605d2eb6edd,F-CUT-001,docs/design/08a-domain-entity-migration-alignment.md,EXCLUDED_SOURCE_METADATA,regenerated after code replay,fix(cutover): 收紧旧任务迁移来源联合
275,36d1b37ff73898907626fd61e78c8f62f605084b,2026-08-31T01:20:21+08:00,codex/f-cut-001-matrices,57442f62c544be1004fc7213366d1605d2eb6edd,F-CUT-001,docs/design/09-database-design.md,EXCLUDED_SOURCE_METADATA,regenerated after code replay,fix(cutover): 收紧旧任务迁移来源联合
275,36d1b37ff73898907626fd61e78c8f62f605084b,2026-08-31T01:20:21+08:00,codex/f-cut-001-matrices,57442f62c544be1004fc7213366d1605d2eb6edd,F-CUT-001,docs/traceability/domain-entity-migration-contract.json,EXCLUDED_SOURCE_METADATA,regenerated after code replay,fix(cutover): 收紧旧任务迁移来源联合
275,36d1b37ff73898907626fd61e78c8f62f605084b,2026-08-31T01:20:21+08:00,codex/f-cut-001-matrices,57442f62c544be1004fc7213366d1605d2eb6edd,F-CUT-001,docs/traceability/domain-entity-migration-contract.md,EXCLUDED_SOURCE_METADATA,regenerated after code replay,fix(cutover): 收紧旧任务迁移来源联合
275,36d1b37ff73898907626fd61e78c8f62f605084b,2026-08-31T01:20:21+08:00,codex/f-cut-001-matrices,57442f62c544be1004fc7213366d1605d2eb6edd,F-CUT-001,scripts/generate_domain_entity_migration_contract.py,CONFLICTING_HUNKS_PENDING,rejected_hunks=1 rc=1,fix(cutover): 收紧旧任务迁移来源联合
275,36d1b37ff73898907626fd61e78c8f62f605084b,2026-08-31T01:20:21+08:00,codex/f-cut-001-matrices,57442f62c544be1004fc7213366d1605d2eb6edd,F-CUT-001,scripts/tests/test_fcut002_migration_contract.py,APPLIED_CODE_CHANGE,clean per-commit delta,fix(cutover): 收紧旧任务迁移来源联合
275,36d1b37ff73898907626fd61e78c8f62f605084b,2026-08-31T01:20:21+08:00,codex/f-cut-001-matrices,57442f62c544be1004fc7213366d1605d2eb6edd,F-CUT-002,specs/features/F-CUT-002-cutover-intake-and-manual-assessment.md,EXCLUDED_SOURCE_METADATA,regenerated after code replay,fix(cutover): 收紧旧任务迁移来源联合
275,36d1b37ff73898907626fd61e78c8f62f605084b,2026-08-31T01:20:21+08:00,codex/f-cut-001-matrices,57442f62c544be1004fc7213366d1605d2eb6edd,F-CUT-002,specs/features/F-CUT-002-physical-contract.json,EXCLUDED_SOURCE_METADATA,regenerated after code replay,fix(cutover): 收紧旧任务迁移来源联合
275,36d1b37ff73898907626fd61e78c8f62f605084b,2026-08-31T01:20:21+08:00,codex/f-cut-001-matrices,57442f62c544be1004fc7213366d1605d2eb6edd,F-CUT-002,tasks/features/F-CUT-002.md,EXCLUDED_SOURCE_METADATA,regenerated after code replay,fix(cutover): 收紧旧任务迁移来源联合
276,afe840732d3dfb552057b0cbd474db513eb2d959,2026-08-31T01:25:39+08:00,codex/f-cut-001-matrices,3b2cb59d9a18f78155d7556fe4294b20ecfcedea,F-CUT-001,docs/traceability/domain-entity-migration-contract.json,EXCLUDED_SOURCE_METADATA,regenerated after code replay,docs(cutover): 回写旧任务迁移合同Gate通过
276,afe840732d3dfb552057b0cbd474db513eb2d959,2026-08-31T01:25:39+08:00,codex/f-cut-001-matrices,3b2cb59d9a18f78155d7556fe4294b20ecfcedea,F-CUT-001,docs/traceability/domain-entity-migration-contract.md,EXCLUDED_SOURCE_METADATA,regenerated after code replay,docs(cutover): 回写旧任务迁移合同Gate通过
276,afe840732d3dfb552057b0cbd474db513eb2d959,2026-08-31T01:25:39+08:00,codex/f-cut-001-matrices,3b2cb59d9a18f78155d7556fe4294b20ecfcedea,F-CUT-001,scripts/generate_domain_entity_migration_contract.py,CONFLICTING_HUNKS_PENDING,rejected_hunks=1 rc=1,docs(cutover): 回写旧任务迁移合同Gate通过
276,afe840732d3dfb552057b0cbd474db513eb2d959,2026-08-31T01:25:39+08:00,codex/f-cut-001-matrices,3b2cb59d9a18f78155d7556fe4294b20ecfcedea,F-CUT-001,scripts/tests/test_fcut002_migration_contract.py,APPLIED_CODE_CHANGE,clean per-commit delta,docs(cutover): 回写旧任务迁移合同Gate通过
276,afe840732d3dfb552057b0cbd474db513eb2d959,2026-08-31T01:25:39+08:00,codex/f-cut-001-matrices,3b2cb59d9a18f78155d7556fe4294b20ecfcedea,F-CUT-002,specs/features/F-CUT-002-cutover-intake-and-manual-assessment.md,EXCLUDED_SOURCE_METADATA,regenerated after code replay,docs(cutover): 回写旧任务迁移合同Gate通过
276,afe840732d3dfb552057b0cbd474db513eb2d959,2026-08-31T01:25:39+08:00,codex/f-cut-001-matrices,3b2cb59d9a18f78155d7556fe4294b20ecfcedea,F-CUT-002,specs/features/F-CUT-002-physical-contract.json,EXCLUDED_SOURCE_METADATA,regenerated after code replay,docs(cutover): 回写旧任务迁移合同Gate通过
276,afe840732d3dfb552057b0cbd474db513eb2d959,2026-08-31T01:25:39+08:00,codex/f-cut-001-matrices,3b2cb59d9a18f78155d7556fe4294b20ecfcedea,F-CUT-002,tasks/features/F-CUT-002.md,EXCLUDED_SOURCE_METADATA,regenerated after code replay,docs(cutover): 回写旧任务迁移合同Gate通过
277,4f3d972dd3f789a6a9400211f86c3a12b1fbb405,2026-08-31T01:27:01+08:00,codex/f-cut-001-matrices,250bd5a657530ed5df6cb6991ed55078c1bca0ef,UNMAPPED,docs/engineering/independent-adjudicator-role-and-review-rules.md,EXCLUDED_SOURCE_METADATA,regenerated after code replay,docs: 固化裁决正向收益优先规则
278,1a0ceb98e804831ab847a9eedb7de23eb4e391e4,2026-08-31T01:47:23+08:00,codex/f-cut-001-matrices,419d1954631ccd07e8f95f579a21646492a3f91a,F-CUT-001,docs/design/09-database-design.md,EXCLUDED_SOURCE_METADATA,regenerated after code replay,docs(cutover): 收敛任务接入机器合同
278,1a0ceb98e804831ab847a9eedb7de23eb4e391e4,2026-08-31T01:47:23+08:00,codex/f-cut-001-matrices,419d1954631ccd07e8f95f579a21646492a3f91a,F-CUT-001,docs/design/10-api-design.md,EXCLUDED_SOURCE_METADATA,regenerated after code replay,docs(cutover): 收敛任务接入机器合同
278,1a0ceb98e804831ab847a9eedb7de23eb4e391e4,2026-08-31T01:47:23+08:00,codex/f-cut-001-matrices,419d1954631ccd07e8f95f579a21646492a3f91a,F-CUT-002,specs/features/F-CUT-002-cutover-intake-and-manual-assessment.md,EXCLUDED_SOURCE_METADATA,regenerated after code replay,docs(cutover): 收敛任务接入机器合同
278,1a0ceb98e804831ab847a9eedb7de23eb4e391e4,2026-08-31T01:47:23+08:00,codex/f-cut-001-matrices,419d1954631ccd07e8f95f579a21646492a3f91a,F-CUT-002,specs/features/F-CUT-002-physical-contract.json,EXCLUDED_SOURCE_METADATA,regenerated after code replay,docs(cutover): 收敛任务接入机器合同
278,1a0ceb98e804831ab847a9eedb7de23eb4e391e4,2026-08-31T01:47:23+08:00,codex/f-cut-001-matrices,419d1954631ccd07e8f95f579a21646492a3f91a,F-CUT-002,specs/features/F-CUT-002-rest-api-contract.json,EXCLUDED_SOURCE_METADATA,regenerated after code replay,docs(cutover): 收敛任务接入机器合同
278,1a0ceb98e804831ab847a9eedb7de23eb4e391e4,2026-08-31T01:47:23+08:00,codex/f-cut-001-matrices,419d1954631ccd07e8f95f579a21646492a3f91a,F-CUT-002,tasks/features/F-CUT-002.md,EXCLUDED_SOURCE_METADATA,regenerated after code replay,docs(cutover): 收敛任务接入机器合同
279,02198211b900785f746522c7de05f777dbf1c164,2026-08-31T02:08:22+08:00,codex/f-cut-001-matrices,f5cf8ed410adfb20dd9266f30c06627b71e92b4e,F-CUT-001,docs/design/09-database-design.md,EXCLUDED_SOURCE_METADATA,regenerated after code replay,docs(cutover): 修正任务机器合同可达性
279,02198211b900785f746522c7de05f777dbf1c164,2026-08-31T02:08:22+08:00,codex/f-cut-001-matrices,f5cf8ed410adfb20dd9266f30c06627b71e92b4e,F-CUT-001,docs/design/10-api-design.md,EXCLUDED_SOURCE_METADATA,regenerated after code replay,docs(cutover): 修正任务机器合同可达性
279,02198211b900785f746522c7de05f777dbf1c164,2026-08-31T02:08:22+08:00,codex/f-cut-001-matrices,f5cf8ed410adfb20dd9266f30c06627b71e92b4e,F-CUT-002,specs/features/F-CUT-002-cutover-intake-and-manual-assessment.md,EXCLUDED_SOURCE_METADATA,regenerated after code replay,docs(cutover): 修正任务机器合同可达性
279,02198211b900785f746522c7de05f777dbf1c164,2026-08-31T02:08:22+08:00,codex/f-cut-001-matrices,f5cf8ed410adfb20dd9266f30c06627b71e92b4e,F-CUT-002,specs/features/F-CUT-002-physical-contract.json,EXCLUDED_SOURCE_METADATA,regenerated after code replay,docs(cutover): 修正任务机器合同可达性
279,02198211b900785f746522c7de05f777dbf1c164,2026-08-31T02:08:22+08:00,codex/f-cut-001-matrices,f5cf8ed410adfb20dd9266f30c06627b71e92b4e,F-CUT-002,specs/features/F-CUT-002-rest-api-contract.json,EXCLUDED_SOURCE_METADATA,regenerated after code replay,docs(cutover): 修正任务机器合同可达性
279,02198211b900785f746522c7de05f777dbf1c164,2026-08-31T02:08:22+08:00,codex/f-cut-001-matrices,f5cf8ed410adfb20dd9266f30c06627b71e92b4e,F-CUT-002,tasks/features/F-CUT-002.md,EXCLUDED_SOURCE_METADATA,regenerated after code replay,docs(cutover): 修正任务机器合同可达性
280,b7f49166fc8887092c8928c00685f7d99680ca24,2026-08-31T02:20:56+08:00,codex/f-cut-001-matrices,21d54a33bd81cac3926d420333c6c305f0688ee4,F-CUT-002,tasks/features/F-CUT-002.md,EXCLUDED_SOURCE_METADATA,regenerated after code replay,docs(cutover): 统一草稿就绪上下文语义
281,4cd088cf846c6b0b28fab564c2113d5b40f77177,2026-08-31T02:22:46+08:00,codex/f-cut-001-matrices,b2ba49d67aa90616eeed7aea6f6ca426e8a6d06c,F-CUT-002,specs/features/F-CUT-002-cutover-intake-and-manual-assessment.md,EXCLUDED_SOURCE_METADATA,regenerated after code replay,docs(cutover): 回写任务机器合同Gate通过
281,4cd088cf846c6b0b28fab564c2113d5b40f77177,2026-08-31T02:22:46+08:00,codex/f-cut-001-matrices,b2ba49d67aa90616eeed7aea6f6ca426e8a6d06c,F-CUT-002,specs/features/F-CUT-002-physical-contract.json,EXCLUDED_SOURCE_METADATA,regenerated after code replay,docs(cutover): 回写任务机器合同Gate通过
281,4cd088cf846c6b0b28fab564c2113d5b40f77177,2026-08-31T02:22:46+08:00,codex/f-cut-001-matrices,b2ba49d67aa90616eeed7aea6f6ca426e8a6d06c,F-CUT-002,tasks/features/F-CUT-002.md,EXCLUDED_SOURCE_METADATA,regenerated after code replay,docs(cutover): 回写任务机器合同Gate通过
282,891c6fa4feb595eecfd2752d807f1c11db07805b,2026-08-31T02:34:15+08:00,codex/f-cut-001-matrices,c050528638fc2e8307f535e014dcb2fd5dd7cfbd,F-IMP-001,docs/design/02d-cross-context-contracts.md,EXCLUDED_SOURCE_METADATA,regenerated after code replay,feat(engineering): 冻结实施就绪公开事实合同
282,891c6fa4feb595eecfd2752d807f1c11db07805b,2026-08-31T02:34:15+08:00,codex/f-cut-001-matrices,c050528638fc2e8307f535e014dcb2fd5dd7cfbd,F-IMP-001,docs/design/10-api-design.md,EXCLUDED_SOURCE_METADATA,regenerated after code replay,feat(engineering): 冻结实施就绪公开事实合同
282,891c6fa4feb595eecfd2752d807f1c11db07805b,2026-08-31T02:34:15+08:00,codex/f-cut-001-matrices,c050528638fc2e8307f535e014dcb2fd5dd7cfbd,F-IMP-001,pms-module-engineering-api/src/main/java/cn/iocoder/yudao/module/pms/engineering/api/implementationreadiness/ImplementationReadinessApi.java,APPLIED_CODE_CHANGE,clean per-commit delta,feat(engineering): 冻结实施就绪公开事实合同
282,891c6fa4feb595eecfd2752d807f1c11db07805b,2026-08-31T02:34:15+08:00,codex/f-cut-001-matrices,c050528638fc2e8307f535e014dcb2fd5dd7cfbd,F-IMP-001,pms-module-engineering-api/src/main/java/cn/iocoder/yudao/module/pms/engineering/api/implementationreadiness/ImplementationReadinessException.java,APPLIED_CODE_CHANGE,clean per-commit delta,feat(engineering): 冻结实施就绪公开事实合同
282,891c6fa4feb595eecfd2752d807f1c11db07805b,2026-08-31T02:34:15+08:00,codex/f-cut-001-matrices,c050528638fc2e8307f535e014dcb2fd5dd7cfbd,F-IMP-001,pms-module-engineering-api/src/main/java/cn/iocoder/yudao/module/pms/engineering/api/implementationreadiness/dto/ImplementationReadinessContextFact.java,APPLIED_CODE_CHANGE,clean per-commit delta,feat(engineering): 冻结实施就绪公开事实合同
282,891c6fa4feb595eecfd2752d807f1c11db07805b,2026-08-31T02:34:15+08:00,codex/f-cut-001-matrices,c050528638fc2e8307f535e014dcb2fd5dd7cfbd,F-IMP-001,pms-module-engineering-api/src/main/java/cn/iocoder/yudao/module/pms/engineering/api/implementationreadiness/dto/ImplementationReadinessQuery.java,APPLIED_CODE_CHANGE,clean per-commit delta,feat(engineering): 冻结实施就绪公开事实合同
282,891c6fa4feb595eecfd2752d807f1c11db07805b,2026-08-31T02:34:15+08:00,codex/f-cut-001-matrices,c050528638fc2e8307f535e014dcb2fd5dd7cfbd,F-IMP-001,pms-module-engineering-api/src/main/java/cn/iocoder/yudao/module/pms/engineering/api/implementationreadiness/dto/ImplementationReadinessResult.java,APPLIED_CODE_CHANGE,clean per-commit delta,feat(engineering): 冻结实施就绪公开事实合同
282,891c6fa4feb595eecfd2752d807f1c11db07805b,2026-08-31T02:34:15+08:00,codex/f-cut-001-matrices,c050528638fc2e8307f535e014dcb2fd5dd7cfbd,F-IMP-001,pms-module-engineering-api/src/main/java/cn/iocoder/yudao/module/pms/engineering/api/implementationreadiness/dto/ImplementationReadinessRevalidationQuery.java,APPLIED_CODE_CHANGE,clean per-commit delta,feat(engineering): 冻结实施就绪公开事实合同
282,891c6fa4feb595eecfd2752d807f1c11db07805b,2026-08-31T02:34:15+08:00,codex/f-cut-001-matrices,c050528638fc2e8307f535e014dcb2fd5dd7cfbd,F-IMP-001,pms-module-engineering-api/src/main/java/cn/iocoder/yudao/module/pms/engineering/api/implementationreadiness/dto/ImplementationReadinessSnapshotFact.java,APPLIED_CODE_CHANGE,clean per-commit delta,feat(engineering): 冻结实施就绪公开事实合同
282,891c6fa4feb595eecfd2752d807f1c11db07805b,2026-08-31T02:34:15+08:00,codex/f-cut-001-matrices,c050528638fc2e8307f535e014dcb2fd5dd7cfbd,F-IMP-001,pms-module-engineering/src/test/java/cn/iocoder/yudao/module/pms/engineering/api/implementationreadiness/ImplementationReadinessApiContractTest.java,APPLIED_CODE_CHANGE,clean per-commit delta,feat(engineering): 冻结实施就绪公开事实合同
282,891c6fa4feb595eecfd2752d807f1c11db07805b,2026-08-31T02:34:15+08:00,codex/f-cut-001-matrices,c050528638fc2e8307f535e014dcb2fd5dd7cfbd,F-IMP-001,specs/features/F-IMP-001-implementation-readiness-snapshot.md,EXCLUDED_SOURCE_METADATA,regenerated after code replay,feat(engineering): 冻结实施就绪公开事实合同
282,891c6fa4feb595eecfd2752d807f1c11db07805b,2026-08-31T02:34:15+08:00,codex/f-cut-001-matrices,c050528638fc2e8307f535e014dcb2fd5dd7cfbd,F-IMP-001,specs/features/F-IMP-001-physical-contract.json,EXCLUDED_SOURCE_METADATA,regenerated after code replay,feat(engineering): 冻结实施就绪公开事实合同
282,891c6fa4feb595eecfd2752d807f1c11db07805b,2026-08-31T02:34:15+08:00,codex/f-cut-001-matrices,c050528638fc2e8307f535e014dcb2fd5dd7cfbd,F-IMP-001,specs/features/F-IMP-001-readiness-api-contract.json,EXCLUDED_SOURCE_METADATA,regenerated after code replay,feat(engineering): 冻结实施就绪公开事实合同
282,891c6fa4feb595eecfd2752d807f1c11db07805b,2026-08-31T02:34:15+08:00,codex/f-cut-001-matrices,c050528638fc2e8307f535e014dcb2fd5dd7cfbd,F-CUT-002,tasks/features/F-CUT-002.md,EXCLUDED_SOURCE_METADATA,regenerated after code replay,feat(engineering): 冻结实施就绪公开事实合同
282,891c6fa4feb595eecfd2752d807f1c11db07805b,2026-08-31T02:34:15+08:00,codex/f-cut-001-matrices,c050528638fc2e8307f535e014dcb2fd5dd7cfbd,F-IMP-001,tasks/features/F-IMP-001.md,EXCLUDED_SOURCE_METADATA,regenerated after code replay,feat(engineering): 冻结实施就绪公开事实合同
283,0c92f3fc1c8b50fa9b26c85bae8faa8f70bc9c92,2026-08-31T02:39:28+08:00,codex/f-cut-001-matrices,3cba1b890781ab7ac48900b209f615dbf83488eb,F-IMP-001,pms-module-engineering-api/src/main/java/cn/iocoder/yudao/module/pms/engineering/api/implementationreadiness/dto/ImplementationReadinessContextFact.java,APPLIED_CODE_CHANGE,clean per-commit delta,fix(engineering): 收紧实施就绪判定联合
283,0c92f3fc1c8b50fa9b26c85bae8faa8f70bc9c92,2026-08-31T02:39:28+08:00,codex/f-cut-001-matrices,3cba1b890781ab7ac48900b209f615dbf83488eb,F-IMP-001,pms-module-engineering-api/src/main/java/cn/iocoder/yudao/module/pms/engineering/api/implementationreadiness/dto/ImplementationReadinessSnapshotFact.java,APPLIED_CODE_CHANGE,clean per-commit delta,fix(engineering): 收紧实施就绪判定联合
283,0c92f3fc1c8b50fa9b26c85bae8faa8f70bc9c92,2026-08-31T02:39:28+08:00,codex/f-cut-001-matrices,3cba1b890781ab7ac48900b209f615dbf83488eb,F-IMP-001,pms-module-engineering/src/test/java/cn/iocoder/yudao/module/pms/engineering/api/implementationreadiness/ImplementationReadinessApiContractTest.java,APPLIED_CODE_CHANGE,clean per-commit delta,fix(engineering): 收紧实施就绪判定联合
283,0c92f3fc1c8b50fa9b26c85bae8faa8f70bc9c92,2026-08-31T02:39:28+08:00,codex/f-cut-001-matrices,3cba1b890781ab7ac48900b209f615dbf83488eb,F-IMP-001,specs/features/F-IMP-001-implementation-readiness-snapshot.md,EXCLUDED_SOURCE_METADATA,regenerated after code replay,fix(engineering): 收紧实施就绪判定联合
283,0c92f3fc1c8b50fa9b26c85bae8faa8f70bc9c92,2026-08-31T02:39:28+08:00,codex/f-cut-001-matrices,3cba1b890781ab7ac48900b209f615dbf83488eb,F-IMP-001,specs/features/F-IMP-001-readiness-api-contract.json,EXCLUDED_SOURCE_METADATA,regenerated after code replay,fix(engineering): 收紧实施就绪判定联合
284,38fc0d9d6189f3860ce951174e04f3f3cdc4f162,2026-08-31T02:41:43+08:00,codex/f-cut-001-matrices,55b8eb3b08eded501f4e4b52ab78bcb0eec04bc1,F-IMP-001,pms-module-engineering/src/test/java/cn/iocoder/yudao/module/pms/engineering/api/implementationreadiness/ImplementationReadinessApiContractTest.java,APPLIED_CODE_CHANGE,clean per-commit delta,test(engineering): 正向验证重开就绪事实
285,d13c522a1f9bbac0407dcc5d075337f63e69565f,2026-08-31T02:43:48+08:00,codex/f-cut-001-matrices,7a2aa96bf5b5ae19f6d919d8591205632ede1064,F-IMP-001,specs/features/F-IMP-001-implementation-readiness-snapshot.md,EXCLUDED_SOURCE_METADATA,regenerated after code replay,docs(engineering): 回写实施就绪合同Gate通过
285,d13c522a1f9bbac0407dcc5d075337f63e69565f,2026-08-31T02:43:48+08:00,codex/f-cut-001-matrices,7a2aa96bf5b5ae19f6d919d8591205632ede1064,F-IMP-001,specs/features/F-IMP-001-physical-contract.json,EXCLUDED_SOURCE_METADATA,regenerated after code replay,docs(engineering): 回写实施就绪合同Gate通过
285,d13c522a1f9bbac0407dcc5d075337f63e69565f,2026-08-31T02:43:48+08:00,codex/f-cut-001-matrices,7a2aa96bf5b5ae19f6d919d8591205632ede1064,F-IMP-001,specs/features/F-IMP-001-readiness-api-contract.json,EXCLUDED_SOURCE_METADATA,regenerated after code replay,docs(engineering): 回写实施就绪合同Gate通过
285,d13c522a1f9bbac0407dcc5d075337f63e69565f,2026-08-31T02:43:48+08:00,codex/f-cut-001-matrices,7a2aa96bf5b5ae19f6d919d8591205632ede1064,F-CUT-002,tasks/features/F-CUT-002.md,EXCLUDED_SOURCE_METADATA,regenerated after code replay,docs(engineering): 回写实施就绪合同Gate通过
285,d13c522a1f9bbac0407dcc5d075337f63e69565f,2026-08-31T02:43:48+08:00,codex/f-cut-001-matrices,7a2aa96bf5b5ae19f6d919d8591205632ede1064,F-IMP-001,tasks/features/F-IMP-001.md,EXCLUDED_SOURCE_METADATA,regenerated after code replay,docs(engineering): 回写实施就绪合同Gate通过
286,8771b141fee5cbde8dfa997fe8d23b40a43bf23d,2026-08-31T02:51:38+08:00,codex/f-cut-001-matrices,57009b9ee17c1e880a329a897b0c86e8a6251296,UNMAPPED,docs/design/02d-cross-context-contracts.md,EXCLUDED_SOURCE_METADATA,regenerated after code replay,feat(customer): 冻结客户服务等级事实合同
286,8771b141fee5cbde8dfa997fe8d23b40a43bf23d,2026-08-31T02:51:38+08:00,codex/f-cut-001-matrices,57009b9ee17c1e880a329a897b0c86e8a6251296,UNMAPPED,docs/design/04-module-design.md,EXCLUDED_SOURCE_METADATA,regenerated after code replay,feat(customer): 冻结客户服务等级事实合同
286,8771b141fee5cbde8dfa997fe8d23b40a43bf23d,2026-08-31T02:51:38+08:00,codex/f-cut-001-matrices,57009b9ee17c1e880a329a897b0c86e8a6251296,UNMAPPED,docs/design/10-api-design.md,EXCLUDED_SOURCE_METADATA,regenerated after code replay,feat(customer): 冻结客户服务等级事实合同
286,8771b141fee5cbde8dfa997fe8d23b40a43bf23d,2026-08-31T02:51:38+08:00,codex/f-cut-001-matrices,57009b9ee17c1e880a329a897b0c86e8a6251296,UNMAPPED,pms-module-customer/pms-module-customer-api/src/main/java/cn/iocoder/yudao/module/pms/customer/api/servicelevel/CustomerServiceLevelFactApi.java,APPLIED_CODE_CHANGE,clean per-commit delta,feat(customer): 冻结客户服务等级事实合同
286,8771b141fee5cbde8dfa997fe8d23b40a43bf23d,2026-08-31T02:51:38+08:00,codex/f-cut-001-matrices,57009b9ee17c1e880a329a897b0c86e8a6251296,UNMAPPED,pms-module-customer/pms-module-customer-api/src/main/java/cn/iocoder/yudao/module/pms/customer/api/servicelevel/CustomerServiceLevelFactException.java,APPLIED_CODE_CHANGE,clean per-commit delta,feat(customer): 冻结客户服务等级事实合同
286,8771b141fee5cbde8dfa997fe8d23b40a43bf23d,2026-08-31T02:51:38+08:00,codex/f-cut-001-matrices,57009b9ee17c1e880a329a897b0c86e8a6251296,UNMAPPED,pms-module-customer/pms-module-customer-api/src/main/java/cn/iocoder/yudao/module/pms/customer/api/servicelevel/dto/CustomerServiceLevelFact.java,APPLIED_CODE_CHANGE,clean per-commit delta,feat(customer): 冻结客户服务等级事实合同
286,8771b141fee5cbde8dfa997fe8d23b40a43bf23d,2026-08-31T02:51:38+08:00,codex/f-cut-001-matrices,57009b9ee17c1e880a329a897b0c86e8a6251296,UNMAPPED,pms-module-customer/pms-module-customer-api/src/main/java/cn/iocoder/yudao/module/pms/customer/api/servicelevel/dto/CustomerServiceLevelFactQuery.java,APPLIED_CODE_CHANGE,clean per-commit delta,feat(customer): 冻结客户服务等级事实合同
286,8771b141fee5cbde8dfa997fe8d23b40a43bf23d,2026-08-31T02:51:38+08:00,codex/f-cut-001-matrices,57009b9ee17c1e880a329a897b0c86e8a6251296,UNMAPPED,pms-module-customer/pms-module-customer-api/src/main/java/cn/iocoder/yudao/module/pms/customer/api/servicelevel/dto/CustomerServiceLevelFactResult.java,APPLIED_CODE_CHANGE,clean per-commit delta,feat(customer): 冻结客户服务等级事实合同
286,8771b141fee5cbde8dfa997fe8d23b40a43bf23d,2026-08-31T02:51:38+08:00,codex/f-cut-001-matrices,57009b9ee17c1e880a329a897b0c86e8a6251296,UNMAPPED,pms-module-customer/pms-module-customer-api/src/main/java/cn/iocoder/yudao/module/pms/customer/api/servicelevel/dto/CustomerServiceLevelFactRevalidationQuery.java,APPLIED_CODE_CHANGE,clean per-commit delta,feat(customer): 冻结客户服务等级事实合同
286,8771b141fee5cbde8dfa997fe8d23b40a43bf23d,2026-08-31T02:51:38+08:00,codex/f-cut-001-matrices,57009b9ee17c1e880a329a897b0c86e8a6251296,UNMAPPED,pms-module-customer/pms-module-customer-api/src/main/java/cn/iocoder/yudao/module/pms/customer/api/servicelevel/dto/ExpectedCustomerServiceLevelFact.java,APPLIED_CODE_CHANGE,clean per-commit delta,feat(customer): 冻结客户服务等级事实合同
286,8771b141fee5cbde8dfa997fe8d23b40a43bf23d,2026-08-31T02:51:38+08:00,codex/f-cut-001-matrices,57009b9ee17c1e880a329a897b0c86e8a6251296,UNMAPPED,pms-module-customer/src/test/java/cn/iocoder/yudao/module/pms/customer/api/servicelevel/CustomerServiceLevelFactApiContractTest.java,APPLIED_CODE_CHANGE,clean per-commit delta,feat(customer): 冻结客户服务等级事实合同
286,8771b141fee5cbde8dfa997fe8d23b40a43bf23d,2026-08-31T02:51:38+08:00,codex/f-cut-001-matrices,57009b9ee17c1e880a329a897b0c86e8a6251296,F-CUT-002,specs/features/F-CUT-002-customer-service-level-fact-contract.json,EXCLUDED_SOURCE_METADATA,regenerated after code replay,feat(customer): 冻结客户服务等级事实合同
286,8771b141fee5cbde8dfa997fe8d23b40a43bf23d,2026-08-31T02:51:38+08:00,codex/f-cut-001-matrices,57009b9ee17c1e880a329a897b0c86e8a6251296,F-CUT-002,specs/features/F-CUT-002-cutover-intake-and-manual-assessment.md,EXCLUDED_SOURCE_METADATA,regenerated after code replay,feat(customer): 冻结客户服务等级事实合同
286,8771b141fee5cbde8dfa997fe8d23b40a43bf23d,2026-08-31T02:51:38+08:00,codex/f-cut-001-matrices,57009b9ee17c1e880a329a897b0c86e8a6251296,F-CUT-002,specs/features/F-CUT-002-physical-contract.json,EXCLUDED_SOURCE_METADATA,regenerated after code replay,feat(customer): 冻结客户服务等级事实合同
286,8771b141fee5cbde8dfa997fe8d23b40a43bf23d,2026-08-31T02:51:38+08:00,codex/f-cut-001-matrices,57009b9ee17c1e880a329a897b0c86e8a6251296,F-CUT-002,tasks/features/F-CUT-002.md,EXCLUDED_SOURCE_METADATA,regenerated after code replay,feat(customer): 冻结客户服务等级事实合同
287,64e3dbbd169088956bf8d103f7adbfd634b0dcf4,2026-08-31T02:55:53+08:00,codex/f-cut-001-matrices,25f54c07d52668e95d80930cae5cadf68d9de941,UNMAPPED,pms-module-customer/pms-module-customer-api/src/main/java/cn/iocoder/yudao/module/pms/customer/api/servicelevel/CustomerServiceLevelFactException.java,APPLIED_CODE_CHANGE,clean per-commit delta,fix(customer): 收紧客户等级重验合同
287,64e3dbbd169088956bf8d103f7adbfd634b0dcf4,2026-08-31T02:55:53+08:00,codex/f-cut-001-matrices,25f54c07d52668e95d80930cae5cadf68d9de941,UNMAPPED,pms-module-customer/src/test/java/cn/iocoder/yudao/module/pms/customer/api/servicelevel/CustomerServiceLevelFactApiContractTest.java,APPLIED_CODE_CHANGE,clean per-commit delta,fix(customer): 收紧客户等级重验合同
287,64e3dbbd169088956bf8d103f7adbfd634b0dcf4,2026-08-31T02:55:53+08:00,codex/f-cut-001-matrices,25f54c07d52668e95d80930cae5cadf68d9de941,F-CUT-002,specs/features/F-CUT-002-rest-api-contract.json,EXCLUDED_SOURCE_METADATA,regenerated after code replay,fix(customer): 收紧客户等级重验合同
288,cad8088ac96a3c5c1ece669a4c08681e7bf819e9,2026-08-31T02:59:02+08:00,codex/f-cut-001-matrices,52ea0bfa3726f7dbbe763e48e1060ae3e7e770b8,F-CUT-002,specs/features/F-CUT-002-cutover-intake-and-manual-assessment.md,EXCLUDED_SOURCE_METADATA,regenerated after code replay,docs(cutover): 回写客户等级合同Gate通过
288,cad8088ac96a3c5c1ece669a4c08681e7bf819e9,2026-08-31T02:59:02+08:00,codex/f-cut-001-matrices,52ea0bfa3726f7dbbe763e48e1060ae3e7e770b8,F-CUT-002,tasks/features/F-CUT-002.md,EXCLUDED_SOURCE_METADATA,regenerated after code replay,docs(cutover): 回写客户等级合同Gate通过
289,8ed75093f6ca63292388075e070fd1c7eb9babf7,2026-08-31T03:01:09+08:00,codex/f-acc-001-sds,0acdd98cb14a0eb970195ead086c5876f8377c0c,F-ACC-002,docs/engineering/evidence/f-acc-002-browser-evidence.json,EXCLUDED_SOURCE_METADATA,regenerated after code replay,fix(acceptance): 闭合满意度历史下载
289,8ed75093f6ca63292388075e070fd1c7eb9babf7,2026-08-31T03:01:09+08:00,codex/f-acc-001-sds,0acdd98cb14a0eb970195ead086c5876f8377c0c,F-ACC-002,docs/engineering/evidence/f-acc-002-browser/01-assisted-response-dialog.png,EXCLUDED_SOURCE_METADATA,regenerated after code replay,fix(acceptance): 闭合满意度历史下载
289,8ed75093f6ca63292388075e070fd1c7eb9babf7,2026-08-31T03:01:09+08:00,codex/f-acc-001-sds,0acdd98cb14a0eb970195ead086c5876f8377c0c,F-ACC-002,docs/engineering/evidence/f-acc-002-browser/01-satisfaction-workbench.png,EXCLUDED_SOURCE_METADATA,regenerated after code replay,fix(acceptance): 闭合满意度历史下载
289,8ed75093f6ca63292388075e070fd1c7eb9babf7,2026-08-31T03:01:09+08:00,codex/f-acc-001-sds,0acdd98cb14a0eb970195ead086c5876f8377c0c,F-ACC-002,docs/engineering/evidence/f-acc-002-browser/02-controlled-link-qr.png,EXCLUDED_SOURCE_METADATA,regenerated after code replay,fix(acceptance): 闭合满意度历史下载
289,8ed75093f6ca63292388075e070fd1c7eb9babf7,2026-08-31T03:01:09+08:00,codex/f-acc-001-sds,0acdd98cb14a0eb970195ead086c5876f8377c0c,F-ACC-002,docs/engineering/evidence/f-acc-002-browser/03-public-questionnaire.png,EXCLUDED_SOURCE_METADATA,regenerated after code replay,fix(acceptance): 闭合满意度历史下载
289,8ed75093f6ca63292388075e070fd1c7eb9babf7,2026-08-31T03:01:09+08:00,codex/f-acc-001-sds,0acdd98cb14a0eb970195ead086c5876f8377c0c,F-ACC-002,docs/engineering/evidence/f-acc-002-browser/04-results-and-export.png,EXCLUDED_SOURCE_METADATA,regenerated after code replay,fix(acceptance): 闭合满意度历史下载
289,8ed75093f6ca63292388075e070fd1c7eb9babf7,2026-08-31T03:01:09+08:00,codex/f-acc-001-sds,0acdd98cb14a0eb970195ead086c5876f8377c0c,F-ACC-002,specs/features/F-ACC-002-satisfaction-questionnaire-result-and-deliverable-sync.md,EXCLUDED_SOURCE_METADATA,regenerated after code replay,fix(acceptance): 闭合满意度历史下载
289,8ed75093f6ca63292388075e070fd1c7eb9babf7,2026-08-31T03:01:09+08:00,codex/f-acc-001-sds,0acdd98cb14a0eb970195ead086c5876f8377c0c,F-ACC-002,tasks/features/F-ACC-002.md,EXCLUDED_SOURCE_METADATA,regenerated after code replay,fix(acceptance): 闭合满意度历史下载
290,00af744c0eec2503fa4d0f715276beff89caa1a5,2026-08-31T03:04:05+08:00,codex/f-cut-001-matrices,ff08bdd0ffea29c85a7dec547e794c1707847285,F-CUT-002,specs/features/F-CUT-002-cutover-intake-and-manual-assessment.md,EXCLUDED_SOURCE_METADATA,regenerated after code replay,docs(cutover): 回写任务接入Feature Ready
290,00af744c0eec2503fa4d0f715276beff89caa1a5,2026-08-31T03:04:05+08:00,codex/f-cut-001-matrices,ff08bdd0ffea29c85a7dec547e794c1707847285,F-CUT-001,specs/features/README.md,EXCLUDED_SOURCE_METADATA,regenerated after code replay,docs(cutover): 回写任务接入Feature Ready
290,00af744c0eec2503fa4d0f715276beff89caa1a5,2026-08-31T03:04:05+08:00,codex/f-cut-001-matrices,ff08bdd0ffea29c85a7dec547e794c1707847285,F-CUT-002,tasks/features/F-CUT-002.md,EXCLUDED_SOURCE_METADATA,regenerated after code replay,docs(cutover): 回写任务接入Feature Ready
291,58576666af682bed1a5ea8e40043ff77dde4b2c7,2026-08-31T03:04:19+08:00,codex/f-acc-001-sds,6cc5f6a4b4c82546e40eb5a2e57703ce73b3f939,F-ACC-002,docs/traceability/requirement-matrix.md,EXCLUDED_SOURCE_METADATA,regenerated after code replay,chore(acceptance): 回写满意度实施完成状态
291,58576666af682bed1a5ea8e40043ff77dde4b2c7,2026-08-31T03:04:19+08:00,codex/f-acc-001-sds,6cc5f6a4b4c82546e40eb5a2e57703ce73b3f939,F-ACC-002,docs/traceability/requirement-version-coverage.json,EXCLUDED_SOURCE_METADATA,regenerated after code replay,chore(acceptance): 回写满意度实施完成状态
291,58576666af682bed1a5ea8e40043ff77dde4b2c7,2026-08-31T03:04:19+08:00,codex/f-acc-001-sds,6cc5f6a4b4c82546e40eb5a2e57703ce73b3f939,F-ACC-002,tasks/features/F-ACC-002.md,EXCLUDED_SOURCE_METADATA,regenerated after code replay,chore(acceptance): 回写满意度实施完成状态
292,2958e36646311dd506c655bd609859cef552af1f,2026-08-31T03:11:02+08:00,codex/f-cut-001-matrices,f2e9e9b411981722290cddb1e68e0cfecca1e1b3,F-CUT-002,docs/superpowers/plans/2026-08-31-f-cut-002-cutover-intake-and-manual-assessment.md,EXCLUDED_SOURCE_METADATA,regenerated after code replay,docs(cutover): 编制任务接入实施计划
292,2958e36646311dd506c655bd609859cef552af1f,2026-08-31T03:11:02+08:00,codex/f-cut-001-matrices,f2e9e9b411981722290cddb1e68e0cfecca1e1b3,F-CUT-002,specs/features/F-CUT-002-cutover-intake-and-manual-assessment.md,EXCLUDED_SOURCE_METADATA,regenerated after code replay,docs(cutover): 编制任务接入实施计划
292,2958e36646311dd506c655bd609859cef552af1f,2026-08-31T03:11:02+08:00,codex/f-cut-001-matrices,f2e9e9b411981722290cddb1e68e0cfecca1e1b3,F-CUT-002,specs/features/F-CUT-002-physical-contract.json,EXCLUDED_SOURCE_METADATA,regenerated after code replay,docs(cutover): 编制任务接入实施计划
292,2958e36646311dd506c655bd609859cef552af1f,2026-08-31T03:11:02+08:00,codex/f-cut-001-matrices,f2e9e9b411981722290cddb1e68e0cfecca1e1b3,F-CUT-002,tasks/features/F-CUT-002.md,EXCLUDED_SOURCE_METADATA,regenerated after code replay,docs(cutover): 编制任务接入实施计划
293,9cef17e4548b06a2507d0479c319b6073433847c,2026-08-31T03:14:16+08:00,codex/f-cut-001-matrices,f07722c7274f56f46aaf56e0f14094d0e6336ceb,F-CUT-002,docs/superpowers/plans/2026-08-31-f-cut-002-cutover-intake-and-manual-assessment.md,EXCLUDED_SOURCE_METADATA,regenerated after code replay,docs(cutover): 收敛任务接入实施计划
293,9cef17e4548b06a2507d0479c319b6073433847c,2026-08-31T03:14:16+08:00,codex/f-cut-001-matrices,f07722c7274f56f46aaf56e0f14094d0e6336ceb,F-CUT-002,tasks/features/F-CUT-002.md,EXCLUDED_SOURCE_METADATA,regenerated after code replay,docs(cutover): 收敛任务接入实施计划
294,14440e458e42211196620c120d6385b20b1849b9,2026-08-31T03:18:27+08:00,codex/f-cut-001-matrices,00637ff49565d3f0a9222b701c8194caed8440e5,F-CUT-002,docs/superpowers/plans/2026-08-31-f-cut-002-cutover-intake-and-manual-assessment.md,EXCLUDED_SOURCE_METADATA,regenerated after code replay,docs(cutover): 修正任务接入计划执行边界
294,14440e458e42211196620c120d6385b20b1849b9,2026-08-31T03:18:27+08:00,codex/f-cut-001-matrices,00637ff49565d3f0a9222b701c8194caed8440e5,F-CUT-002,tasks/features/F-CUT-002.md,EXCLUDED_SOURCE_METADATA,regenerated after code replay,docs(cutover): 修正任务接入计划执行边界
295,1875bb89c427e1d22e91be8f23440f45882cb8c8,2026-08-31T03:21:11+08:00,codex/f-cut-001-matrices,553d0b08dcc6462ae3f188378dfa148a73a3751f,F-CUT-002,docs/superpowers/plans/2026-08-31-f-cut-002-cutover-intake-and-manual-assessment.md,EXCLUDED_SOURCE_METADATA,regenerated after code replay,docs(cutover): 回写任务接入实施计划通过
295,1875bb89c427e1d22e91be8f23440f45882cb8c8,2026-08-31T03:21:11+08:00,codex/f-cut-001-matrices,553d0b08dcc6462ae3f188378dfa148a73a3751f,F-CUT-002,specs/features/F-CUT-002-cutover-intake-and-manual-assessment.md,EXCLUDED_SOURCE_METADATA,regenerated after code replay,docs(cutover): 回写任务接入实施计划通过
295,1875bb89c427e1d22e91be8f23440f45882cb8c8,2026-08-31T03:21:11+08:00,codex/f-cut-001-matrices,553d0b08dcc6462ae3f188378dfa148a73a3751f,F-CUT-002,specs/features/F-CUT-002-physical-contract.json,EXCLUDED_SOURCE_METADATA,regenerated after code replay,docs(cutover): 回写任务接入实施计划通过
295,1875bb89c427e1d22e91be8f23440f45882cb8c8,2026-08-31T03:21:11+08:00,codex/f-cut-001-matrices,553d0b08dcc6462ae3f188378dfa148a73a3751f,F-CUT-002,tasks/features/F-CUT-002.md,EXCLUDED_SOURCE_METADATA,regenerated after code replay,docs(cutover): 回写任务接入实施计划通过
296,e68ad4e02234f718f3dc38feca9ec90d11b6a143,2026-08-31T03:33:42+08:00,codex/f-cut-001-matrices,9bed8535312aec164eb22bbf5211000fc8227387,F-CUT-001,docs/decisions/0036-project-cutover-context-fact.md,EXCLUDED_SOURCE_METADATA,regenerated after code replay,docs(cutover): 冻结项目割接上下文合同
296,e68ad4e02234f718f3dc38feca9ec90d11b6a143,2026-08-31T03:33:42+08:00,codex/f-cut-001-matrices,9bed8535312aec164eb22bbf5211000fc8227387,F-CUT-001,docs/design/02d-cross-context-contracts.md,EXCLUDED_SOURCE_METADATA,regenerated after code replay,docs(cutover): 冻结项目割接上下文合同
296,e68ad4e02234f718f3dc38feca9ec90d11b6a143,2026-08-31T03:33:42+08:00,codex/f-cut-001-matrices,9bed8535312aec164eb22bbf5211000fc8227387,F-CUT-001,docs/design/10-api-design.md,EXCLUDED_SOURCE_METADATA,regenerated after code replay,docs(cutover): 冻结项目割接上下文合同
296,e68ad4e02234f718f3dc38feca9ec90d11b6a143,2026-08-31T03:33:42+08:00,codex/f-cut-001-matrices,9bed8535312aec164eb22bbf5211000fc8227387,F-CUT-002,docs/superpowers/plans/2026-08-31-f-cut-002-cutover-intake-and-manual-assessment.md,EXCLUDED_SOURCE_METADATA,regenerated after code replay,docs(cutover): 冻结项目割接上下文合同
296,e68ad4e02234f718f3dc38feca9ec90d11b6a143,2026-08-31T03:33:42+08:00,codex/f-cut-001-matrices,9bed8535312aec164eb22bbf5211000fc8227387,F-CUT-002,specs/features/F-CUT-002-cutover-intake-and-manual-assessment.md,EXCLUDED_SOURCE_METADATA,regenerated after code replay,docs(cutover): 冻结项目割接上下文合同
296,e68ad4e02234f718f3dc38feca9ec90d11b6a143,2026-08-31T03:33:42+08:00,codex/f-cut-001-matrices,9bed8535312aec164eb22bbf5211000fc8227387,F-CUT-002,specs/features/F-CUT-002-physical-contract.json,EXCLUDED_SOURCE_METADATA,regenerated after code replay,docs(cutover): 冻结项目割接上下文合同
296,e68ad4e02234f718f3dc38feca9ec90d11b6a143,2026-08-31T03:33:42+08:00,codex/f-cut-001-matrices,9bed8535312aec164eb22bbf5211000fc8227387,F-CUT-002,specs/features/F-CUT-002-project-context-fact-contract.json,EXCLUDED_SOURCE_METADATA,regenerated after code replay,docs(cutover): 冻结项目割接上下文合同
296,e68ad4e02234f718f3dc38feca9ec90d11b6a143,2026-08-31T03:33:42+08:00,codex/f-cut-001-matrices,9bed8535312aec164eb22bbf5211000fc8227387,F-CUT-002,specs/features/F-CUT-002-rest-api-contract.json,EXCLUDED_SOURCE_METADATA,regenerated after code replay,docs(cutover): 冻结项目割接上下文合同
296,e68ad4e02234f718f3dc38feca9ec90d11b6a143,2026-08-31T03:33:42+08:00,codex/f-cut-001-matrices,9bed8535312aec164eb22bbf5211000fc8227387,F-CUT-002,tasks/features/F-CUT-002.md,EXCLUDED_SOURCE_METADATA,regenerated after code replay,docs(cutover): 冻结项目割接上下文合同
297,f04650b61114ba65edb6c4215a5a643a551a61ec,2026-08-31T03:38:48+08:00,codex/f-cut-001-matrices,f1bdb236b011fb45ebe553070998258d472d792d,F-CUT-002,docs/superpowers/plans/2026-08-31-f-cut-002-cutover-intake-and-manual-assessment.md,EXCLUDED_SOURCE_METADATA,regenerated after code replay,docs(cutover): 回写项目上下文合同通过
297,f04650b61114ba65edb6c4215a5a643a551a61ec,2026-08-31T03:38:48+08:00,codex/f-cut-001-matrices,f1bdb236b011fb45ebe553070998258d472d792d,F-CUT-002,specs/features/F-CUT-002-cutover-intake-and-manual-assessment.md,EXCLUDED_SOURCE_METADATA,regenerated after code replay,docs(cutover): 回写项目上下文合同通过
297,f04650b61114ba65edb6c4215a5a643a551a61ec,2026-08-31T03:38:48+08:00,codex/f-cut-001-matrices,f1bdb236b011fb45ebe553070998258d472d792d,F-CUT-002,specs/features/F-CUT-002-physical-contract.json,EXCLUDED_SOURCE_METADATA,regenerated after code replay,docs(cutover): 回写项目上下文合同通过
297,f04650b61114ba65edb6c4215a5a643a551a61ec,2026-08-31T03:38:48+08:00,codex/f-cut-001-matrices,f1bdb236b011fb45ebe553070998258d472d792d,F-CUT-002,specs/features/F-CUT-002-project-context-fact-contract.json,EXCLUDED_SOURCE_METADATA,regenerated after code replay,docs(cutover): 回写项目上下文合同通过
297,f04650b61114ba65edb6c4215a5a643a551a61ec,2026-08-31T03:38:48+08:00,codex/f-cut-001-matrices,f1bdb236b011fb45ebe553070998258d472d792d,F-CUT-002,specs/features/F-CUT-002-rest-api-contract.json,EXCLUDED_SOURCE_METADATA,regenerated after code replay,docs(cutover): 回写项目上下文合同通过
297,f04650b61114ba65edb6c4215a5a643a551a61ec,2026-08-31T03:38:48+08:00,codex/f-cut-001-matrices,f1bdb236b011fb45ebe553070998258d472d792d,F-CUT-002,tasks/features/F-CUT-002.md,EXCLUDED_SOURCE_METADATA,regenerated after code replay,docs(cutover): 回写项目上下文合同通过
298,17c826e1f992e0cfafea3288d65422c21322c6fa,2026-08-31T03:43:19+08:00,codex/f-cut-001-matrices,69cf69353bf7448e81796d2a83e7aa4e066ec47e,F-CUT-002,docs/superpowers/plans/2026-08-31-f-cut-002-cutover-intake-and-manual-assessment.md,EXCLUDED_SOURCE_METADATA,regenerated after code replay,docs(cutover): 明确项目上下文Provider归属
298,17c826e1f992e0cfafea3288d65422c21322c6fa,2026-08-31T03:43:19+08:00,codex/f-cut-001-matrices,69cf69353bf7448e81796d2a83e7aa4e066ec47e,F-CUT-002,tasks/features/F-CUT-002.md,EXCLUDED_SOURCE_METADATA,regenerated after code replay,docs(cutover): 明确项目上下文Provider归属
299,5d33405086a1e21feff0a2dba15e954f05087141,2026-08-31T03:44:03+08:00,codex/f-cut-001-matrices,a64478473ff2a1b1f0dabd93abf514dad60aadfc,F-CUT-001,docs/design/02d-cross-context-contracts.md,EXCLUDED_SOURCE_METADATA,regenerated after code replay,docs(cutover): 修正项目上下文重验合同
299,5d33405086a1e21feff0a2dba15e954f05087141,2026-08-31T03:44:03+08:00,codex/f-cut-001-matrices,a64478473ff2a1b1f0dabd93abf514dad60aadfc,F-CUT-001,docs/design/10-api-design.md,EXCLUDED_SOURCE_METADATA,regenerated after code replay,docs(cutover): 修正项目上下文重验合同
299,5d33405086a1e21feff0a2dba15e954f05087141,2026-08-31T03:44:03+08:00,codex/f-cut-001-matrices,a64478473ff2a1b1f0dabd93abf514dad60aadfc,F-CUT-002,specs/features/F-CUT-002-cutover-intake-and-manual-assessment.md,EXCLUDED_SOURCE_METADATA,regenerated after code replay,docs(cutover): 修正项目上下文重验合同
299,5d33405086a1e21feff0a2dba15e954f05087141,2026-08-31T03:44:03+08:00,codex/f-cut-001-matrices,a64478473ff2a1b1f0dabd93abf514dad60aadfc,F-CUT-002,specs/features/F-CUT-002-project-context-fact-contract.json,EXCLUDED_SOURCE_METADATA,regenerated after code replay,docs(cutover): 修正项目上下文重验合同
299,5d33405086a1e21feff0a2dba15e954f05087141,2026-08-31T03:44:03+08:00,codex/f-cut-001-matrices,a64478473ff2a1b1f0dabd93abf514dad60aadfc,F-CUT-002,specs/features/F-CUT-002-rest-api-contract.json,EXCLUDED_SOURCE_METADATA,regenerated after code replay,docs(cutover): 修正项目上下文重验合同
300,15c25e8928c2e050e0724dff32e90caa54466f11,2026-08-31T03:51:35+08:00,codex/f-cut-001-matrices,45b713ea430745a5562292b126ed6d0812965d03,F-CUT-002,docs/superpowers/plans/2026-08-31-f-cut-002-cutover-intake-and-manual-assessment.md,EXCLUDED_SOURCE_METADATA,regenerated after code replay,docs(cutover): 对齐项目上下文完整重验
301,8eb362225654b27ec1cdfb170e453286c827c34b,2026-08-31T03:53:04+08:00,codex/f-cut-001-matrices,0e0d4b530f3e0a8dbf09913a5b7ea60b30c5251b,F-CUT-001,docs/decisions/0036-project-cutover-context-fact.md,EXCLUDED_SOURCE_METADATA,regenerated after code replay,docs(cutover): 收敛跨模块模拟实施边界
301,8eb362225654b27ec1cdfb170e453286c827c34b,2026-08-31T03:53:04+08:00,codex/f-cut-001-matrices,0e0d4b530f3e0a8dbf09913a5b7ea60b30c5251b,F-CUT-002,docs/superpowers/plans/2026-08-31-f-cut-002-cutover-intake-and-manual-assessment.md,EXCLUDED_SOURCE_METADATA,regenerated after code replay,docs(cutover): 收敛跨模块模拟实施边界
301,8eb362225654b27ec1cdfb170e453286c827c34b,2026-08-31T03:53:04+08:00,codex/f-cut-001-matrices,0e0d4b530f3e0a8dbf09913a5b7ea60b30c5251b,F-CUT-002,specs/features/F-CUT-002-cutover-intake-and-manual-assessment.md,EXCLUDED_SOURCE_METADATA,regenerated after code replay,docs(cutover): 收敛跨模块模拟实施边界
301,8eb362225654b27ec1cdfb170e453286c827c34b,2026-08-31T03:53:04+08:00,codex/f-cut-001-matrices,0e0d4b530f3e0a8dbf09913a5b7ea60b30c5251b,F-CUT-002,specs/features/F-CUT-002-physical-contract.json,EXCLUDED_SOURCE_METADATA,regenerated after code replay,docs(cutover): 收敛跨模块模拟实施边界
301,8eb362225654b27ec1cdfb170e453286c827c34b,2026-08-31T03:53:04+08:00,codex/f-cut-001-matrices,0e0d4b530f3e0a8dbf09913a5b7ea60b30c5251b,F-CUT-002,specs/features/F-CUT-002-project-context-fact-contract.json,EXCLUDED_SOURCE_METADATA,regenerated after code replay,docs(cutover): 收敛跨模块模拟实施边界
301,8eb362225654b27ec1cdfb170e453286c827c34b,2026-08-31T03:53:04+08:00,codex/f-cut-001-matrices,0e0d4b530f3e0a8dbf09913a5b7ea60b30c5251b,F-CUT-002,specs/features/F-CUT-002-rest-api-contract.json,EXCLUDED_SOURCE_METADATA,regenerated after code replay,docs(cutover): 收敛跨模块模拟实施边界
301,8eb362225654b27ec1cdfb170e453286c827c34b,2026-08-31T03:53:04+08:00,codex/f-cut-001-matrices,0e0d4b530f3e0a8dbf09913a5b7ea60b30c5251b,F-CUT-002,tasks/features/F-CUT-002.md,EXCLUDED_SOURCE_METADATA,regenerated after code replay,docs(cutover): 收敛跨模块模拟实施边界
302,efcddc33ad85cac25c52f127c12073fd19b87259,2026-08-31T03:57:12+08:00,codex/f-cut-001-matrices,73bf699e71b63ce5e62119b0b0538a35f684708b,F-CUT-001,docs/traceability/requirement-matrix.md,EXCLUDED_SOURCE_METADATA,regenerated after code replay,docs(cutover): 回写模拟闭环计划通过
302,efcddc33ad85cac25c52f127c12073fd19b87259,2026-08-31T03:57:12+08:00,codex/f-cut-001-matrices,73bf699e71b63ce5e62119b0b0538a35f684708b,F-CUT-001,docs/traceability/requirement-version-coverage.json,EXCLUDED_SOURCE_METADATA,regenerated after code replay,docs(cutover): 回写模拟闭环计划通过
302,efcddc33ad85cac25c52f127c12073fd19b87259,2026-08-31T03:57:12+08:00,codex/f-cut-001-matrices,73bf699e71b63ce5e62119b0b0538a35f684708b,F-CUT-002,tasks/features/F-CUT-002.md,EXCLUDED_SOURCE_METADATA,regenerated after code replay,docs(cutover): 回写模拟闭环计划通过
303,93accdd2cda6ba10c0e5c3f8dffb8e412a3065dc,2026-08-31T04:06:13+08:00,codex/f-cut-001-matrices,3f6b93b7456f9f7694060d9b15ba5db88ebd4419,F-CUT-001,pms-module-cutover-api/pom.xml,APPLIED_ADD_ADD,current-semantic-superset,feat(cutover): 建立任务接入与人工分级内核
303,93accdd2cda6ba10c0e5c3f8dffb8e412a3065dc,2026-08-31T04:06:13+08:00,codex/f-cut-001-matrices,3f6b93b7456f9f7694060d9b15ba5db88ebd4419,F-CUT-002,pms-module-cutover-api/src/main/java/cn/iocoder/yudao/module/pms/cutover/api/task/CutoverTaskIntakeException.java,APPLIED_ADD_ADD,current-semantic-superset,feat(cutover): 建立任务接入与人工分级内核
303,93accdd2cda6ba10c0e5c3f8dffb8e412a3065dc,2026-08-31T04:06:13+08:00,codex/f-cut-001-matrices,3f6b93b7456f9f7694060d9b15ba5db88ebd4419,F-CUT-002,pms-module-cutover-api/src/main/java/cn/iocoder/yudao/module/pms/cutover/api/task/dto/CutoverTaskIntakeCommand.java,APPLIED_ADD_ADD,current-semantic-superset,feat(cutover): 建立任务接入与人工分级内核
303,93accdd2cda6ba10c0e5c3f8dffb8e412a3065dc,2026-08-31T04:06:13+08:00,codex/f-cut-001-matrices,3f6b93b7456f9f7694060d9b15ba5db88ebd4419,F-CUT-002,pms-module-cutover/src/main/java/cn/iocoder/yudao/module/pms/cutover/api/task/CutoverTaskIntakeApiImpl.java,CONFLICTING_HUNKS_PENDING,rejected_hunks=0 rc=1,feat(cutover): 建立任务接入与人工分级内核
303,93accdd2cda6ba10c0e5c3f8dffb8e412a3065dc,2026-08-31T04:06:13+08:00,codex/f-cut-001-matrices,3f6b93b7456f9f7694060d9b15ba5db88ebd4419,F-CUT-002,pms-module-cutover/src/main/java/cn/iocoder/yudao/module/pms/cutover/dal/dataobject/taskv2/CutoverTaskDO.java,APPLIED_ADD_ADD,current-semantic-superset,feat(cutover): 建立任务接入与人工分级内核
303,93accdd2cda6ba10c0e5c3f8dffb8e412a3065dc,2026-08-31T04:06:13+08:00,codex/f-cut-001-matrices,3f6b93b7456f9f7694060d9b15ba5db88ebd4419,F-CUT-002,pms-module-cutover/src/main/java/cn/iocoder/yudao/module/pms/cutover/dal/dataobject/taskv2/CutoverTaskDeviceScopeDO.java,APPLIED_ADD_ADD,current-semantic-superset,feat(cutover): 建立任务接入与人工分级内核
303,93accdd2cda6ba10c0e5c3f8dffb8e412a3065dc,2026-08-31T04:06:13+08:00,codex/f-cut-001-matrices,3f6b93b7456f9f7694060d9b15ba5db88ebd4419,F-CUT-002,pms-module-cutover/src/main/java/cn/iocoder/yudao/module/pms/cutover/dal/mysql/taskv2/CutoverTaskDeviceScopeMapper.java,APPLIED_ADD_ADD,current-semantic-superset,feat(cutover): 建立任务接入与人工分级内核
303,93accdd2cda6ba10c0e5c3f8dffb8e412a3065dc,2026-08-31T04:06:13+08:00,codex/f-cut-001-matrices,3f6b93b7456f9f7694060d9b15ba5db88ebd4419,F-CUT-002,pms-module-cutover/src/main/java/cn/iocoder/yudao/module/pms/cutover/dal/mysql/taskv2/CutoverTaskMapper.java,APPLIED_ADD_ADD,current-semantic-superset,feat(cutover): 建立任务接入与人工分级内核
303,93accdd2cda6ba10c0e5c3f8dffb8e412a3065dc,2026-08-31T04:06:13+08:00,codex/f-cut-001-matrices,3f6b93b7456f9f7694060d9b15ba5db88ebd4419,F-CUT-002,pms-module-cutover/src/main/java/cn/iocoder/yudao/module/pms/cutover/service/taskv2/CutoverTaskApplicationException.java,CONFLICTING_HUNKS_PENDING,rejected_hunks=0 rc=1,feat(cutover): 建立任务接入与人工分级内核
303,93accdd2cda6ba10c0e5c3f8dffb8e412a3065dc,2026-08-31T04:06:13+08:00,codex/f-cut-001-matrices,3f6b93b7456f9f7694060d9b15ba5db88ebd4419,F-CUT-002,pms-module-cutover/src/main/java/cn/iocoder/yudao/module/pms/cutover/service/taskv2/CutoverTaskApplicationService.java,CONFLICTING_HUNKS_PENDING,rejected_hunks=0 rc=1,feat(cutover): 建立任务接入与人工分级内核
303,93accdd2cda6ba10c0e5c3f8dffb8e412a3065dc,2026-08-31T04:06:13+08:00,codex/f-cut-001-matrices,3f6b93b7456f9f7694060d9b15ba5db88ebd4419,F-CUT-002,pms-module-cutover/src/main/java/cn/iocoder/yudao/module/pms/cutover/service/taskv2/command/CreateCutoverTaskCommand.java,CONFLICTING_HUNKS_PENDING,rejected_hunks=0 rc=1,feat(cutover): 建立任务接入与人工分级内核
303,93accdd2cda6ba10c0e5c3f8dffb8e412a3065dc,2026-08-31T04:06:13+08:00,codex/f-cut-001-matrices,3f6b93b7456f9f7694060d9b15ba5db88ebd4419,F-CUT-002,pms-module-cutover/src/main/resources/mapper/taskv2/CutoverTaskDeviceScopeMapper.xml,APPLIED_ADD_ADD,current-semantic-superset,feat(cutover): 建立任务接入与人工分级内核
303,93accdd2cda6ba10c0e5c3f8dffb8e412a3065dc,2026-08-31T04:06:13+08:00,codex/f-cut-001-matrices,3f6b93b7456f9f7694060d9b15ba5db88ebd4419,F-CUT-002,pms-module-cutover/src/main/resources/mapper/taskv2/CutoverTaskMapper.xml,APPLIED_ADD_ADD,current-semantic-superset,feat(cutover): 建立任务接入与人工分级内核
303,93accdd2cda6ba10c0e5c3f8dffb8e412a3065dc,2026-08-31T04:06:13+08:00,codex/f-cut-001-matrices,3f6b93b7456f9f7694060d9b15ba5db88ebd4419,F-CUT-002,pms-module-cutover/src/test/java/cn/iocoder/yudao/module/pms/cutover/service/taskv2/CutoverTaskApplicationServiceTest.java,CONFLICTING_HUNKS_PENDING,rejected_hunks=0 rc=1,feat(cutover): 建立任务接入与人工分级内核
303,93accdd2cda6ba10c0e5c3f8dffb8e412a3065dc,2026-08-31T04:06:13+08:00,codex/f-cut-001-matrices,3f6b93b7456f9f7694060d9b15ba5db88ebd4419,F-CUT-001,pom.xml,CONFLICTING_HUNKS_PENDING,rejected_hunks=1 rc=1,feat(cutover): 建立任务接入与人工分级内核
303,93accdd2cda6ba10c0e5c3f8dffb8e412a3065dc,2026-08-31T04:06:13+08:00,codex/f-cut-001-matrices,3f6b93b7456f9f7694060d9b15ba5db88ebd4419,F-CUT-002,sql/migrations/V146__fcut002_cutover_task_intake.sql,APPLIED_CODE_CHANGE,clean per-commit delta,feat(cutover): 建立任务接入与人工分级内核
303,93accdd2cda6ba10c0e5c3f8dffb8e412a3065dc,2026-08-31T04:06:13+08:00,codex/f-cut-001-matrices,3f6b93b7456f9f7694060d9b15ba5db88ebd4419,F-CUT-002,tasks/features/F-CUT-002.md,EXCLUDED_SOURCE_METADATA,regenerated after code replay,feat(cutover): 建立任务接入与人工分级内核
304,9b3644d9e8eed22c93f5488fc9261a9d22ca7e1b,2026-08-31T04:19:47+08:00,codex/f-cut-001-matrices,680239345b3af09a983c99a4d883afde1cbb01c4,F-CUT-002,tasks/features/F-CUT-002.md,EXCLUDED_SOURCE_METADATA,regenerated after code replay,feat(cutover): 新增割接任务工作台页面
304,9b3644d9e8eed22c93f5488fc9261a9d22ca7e1b,2026-08-31T04:19:47+08:00,codex/f-cut-001-matrices,680239345b3af09a983c99a4d883afde1cbb01c4,F-CUT-001,yudao-ui/yudao-ui-admin-vue3/src/api/pms/cutover/cutover-task/index.ts,CONFLICTING_HUNKS_PENDING,rejected_hunks=0 rc=1,feat(cutover): 新增割接任务工作台页面
304,9b3644d9e8eed22c93f5488fc9261a9d22ca7e1b,2026-08-31T04:19:47+08:00,codex/f-cut-001-matrices,680239345b3af09a983c99a4d883afde1cbb01c4,F-CUT-001,yudao-ui/yudao-ui-admin-vue3/src/views/pms/cutover/cutover-task/components/CutoverCreateWizard.vue,CONFLICTING_HUNKS_PENDING,rejected_hunks=0 rc=1,feat(cutover): 新增割接任务工作台页面
304,9b3644d9e8eed22c93f5488fc9261a9d22ca7e1b,2026-08-31T04:19:47+08:00,codex/f-cut-001-matrices,680239345b3af09a983c99a4d883afde1cbb01c4,F-CUT-001,yudao-ui/yudao-ui-admin-vue3/src/views/pms/cutover/cutover-task/components/CutoverWorkbenchSteps.vue,CONFLICTING_HUNKS_PENDING,rejected_hunks=0 rc=1,feat(cutover): 新增割接任务工作台页面
304,9b3644d9e8eed22c93f5488fc9261a9d22ca7e1b,2026-08-31T04:19:47+08:00,codex/f-cut-001-matrices,680239345b3af09a983c99a4d883afde1cbb01c4,F-CUT-001,yudao-ui/yudao-ui-admin-vue3/src/views/pms/cutover/cutover-task/cutoverTaskInteraction.spec.ts,CONFLICTING_HUNKS_PENDING,rejected_hunks=0 rc=1,feat(cutover): 新增割接任务工作台页面
304,9b3644d9e8eed22c93f5488fc9261a9d22ca7e1b,2026-08-31T04:19:47+08:00,codex/f-cut-001-matrices,680239345b3af09a983c99a4d883afde1cbb01c4,F-CUT-001,yudao-ui/yudao-ui-admin-vue3/src/views/pms/cutover/cutover-task/cutoverTaskInteraction.ts,CONFLICTING_HUNKS_PENDING,rejected_hunks=0 rc=1,feat(cutover): 新增割接任务工作台页面
304,9b3644d9e8eed22c93f5488fc9261a9d22ca7e1b,2026-08-31T04:19:47+08:00,codex/f-cut-001-matrices,680239345b3af09a983c99a4d883afde1cbb01c4,F-CUT-001,yudao-ui/yudao-ui-admin-vue3/src/views/pms/cutover/cutover-task/index.vue,CONFLICTING_HUNKS_PENDING,rejected_hunks=0 rc=1,feat(cutover): 新增割接任务工作台页面
305,f7d2a39414a387d7dc95cea97726ab83932ac2dc,2026-08-31T04:27:50+08:00,codex/f-cut-001-matrices,839ef27cccc094533ea0f5b4bfe90036e678cde5,F-CUT-002,pms-module-cutover/src/main/java/cn/iocoder/yudao/module/pms/cutover/service/taskv2/CutoverTaskQueryService.java,CONFLICTING_HUNKS_PENDING,rejected_hunks=0 rc=1,feat(cutover): 补全任务查询与创建上下文
305,f7d2a39414a387d7dc95cea97726ab83932ac2dc,2026-08-31T04:27:50+08:00,codex/f-cut-001-matrices,839ef27cccc094533ea0f5b4bfe90036e678cde5,F-CUT-002,pms-module-cutover/src/main/java/cn/iocoder/yudao/module/pms/cutover/service/taskv2/view/CutoverTaskViews.java,CONFLICTING_HUNKS_PENDING,rejected_hunks=0 rc=1,feat(cutover): 补全任务查询与创建上下文
305,f7d2a39414a387d7dc95cea97726ab83932ac2dc,2026-08-31T04:27:50+08:00,codex/f-cut-001-matrices,839ef27cccc094533ea0f5b4bfe90036e678cde5,F-CUT-002,pms-module-cutover/src/test/java/cn/iocoder/yudao/module/pms/cutover/service/taskv2/CutoverTaskQueryServiceTest.java,CONFLICTING_HUNKS_PENDING,rejected_hunks=0 rc=1,feat(cutover): 补全任务查询与创建上下文
305,f7d2a39414a387d7dc95cea97726ab83932ac2dc,2026-08-31T04:27:50+08:00,codex/f-cut-001-matrices,839ef27cccc094533ea0f5b4bfe90036e678cde5,F-CUT-002,tasks/features/F-CUT-002.md,EXCLUDED_SOURCE_METADATA,regenerated after code replay,feat(cutover): 补全任务查询与创建上下文
306,c477f5e672db64198e1338b59eb17553ec84fcf4,2026-08-31T04:30:01+08:00,codex/f-cut-001-matrices,74901053e88be53d935fa75658bc1640611d91e8,F-CUT-001,scripts/tests/test_fcut003_feature_contract.py,APPLIED_CODE_CHANGE,clean per-commit delta,docs(cutover): 形成动态采集清单Feature候选
306,c477f5e672db64198e1338b59eb17553ec84fcf4,2026-08-31T04:30:01+08:00,codex/f-cut-001-matrices,74901053e88be53d935fa75658bc1640611d91e8,F-CUT-003,specs/features/F-CUT-003-p3-dynamic-checklist-and-manual-fallback.md,EXCLUDED_SOURCE_METADATA,regenerated after code replay,docs(cutover): 形成动态采集清单Feature候选
306,c477f5e672db64198e1338b59eb17553ec84fcf4,2026-08-31T04:30:01+08:00,codex/f-cut-001-matrices,74901053e88be53d935fa75658bc1640611d91e8,F-CUT-003,specs/features/F-CUT-003-physical-contract.json,EXCLUDED_SOURCE_METADATA,regenerated after code replay,docs(cutover): 形成动态采集清单Feature候选
306,c477f5e672db64198e1338b59eb17553ec84fcf4,2026-08-31T04:30:01+08:00,codex/f-cut-001-matrices,74901053e88be53d935fa75658bc1640611d91e8,F-CUT-001,specs/features/README.md,EXCLUDED_SOURCE_METADATA,regenerated after code replay,docs(cutover): 形成动态采集清单Feature候选
307,ea986d615ad497d0939dd3d551a000d0beaf15f7,2026-08-31T04:32:51+08:00,codex/f-cut-001-matrices,3e718946190db2cec49de8a024fa5b984616a78b,F-CUT-001,scripts/tests/test_fcut003_feature_contract.py,APPLIED_CODE_CHANGE,clean per-commit delta,docs(cutover): 统一清单命令共享锁序
308,96f9805baba58e515cc25f89de973074514695b7,2026-08-31T04:34:04+08:00,codex/f-cut-001-matrices,8b0aaca741bb4603bd100b3284194e69f33b9779,F-CUT-001,scripts/tests/test_fcut003_feature_contract.py,APPLIED_CODE_CHANGE,clean per-commit delta,docs(cutover): 回写动态清单Feature通过
308,96f9805baba58e515cc25f89de973074514695b7,2026-08-31T04:34:04+08:00,codex/f-cut-001-matrices,8b0aaca741bb4603bd100b3284194e69f33b9779,F-CUT-003,specs/features/F-CUT-003-p3-dynamic-checklist-and-manual-fallback.md,EXCLUDED_SOURCE_METADATA,regenerated after code replay,docs(cutover): 回写动态清单Feature通过
308,96f9805baba58e515cc25f89de973074514695b7,2026-08-31T04:34:04+08:00,codex/f-cut-001-matrices,8b0aaca741bb4603bd100b3284194e69f33b9779,F-CUT-001,specs/features/README.md,EXCLUDED_SOURCE_METADATA,regenerated after code replay,docs(cutover): 回写动态清单Feature通过
309,a243345bacc9e7fc23585cfcb220160db1ff0c6a,2026-08-31T04:35:59+08:00,codex/f-cut-001-matrices,5b13feb15cf23a441ca301a92d84e780f8249924,F-CUT-002,tasks/features/F-CUT-002.md,EXCLUDED_SOURCE_METADATA,regenerated after code replay,feat(cutover): 建立旧任务只读投影转换
310,4d65d7369599125b286d085faa080fb521c46999,2026-08-31T04:39:17+08:00,codex/f-cut-001-matrices,d3ad4ef634b52364092157d0963293b252c1d67c,F-CUT-003,docs/superpowers/plans/2026-08-31-f-cut-003-p3-dynamic-checklist.md,EXCLUDED_SOURCE_METADATA,regenerated after code replay,docs(cutover): 形成P3动态清单实施计划
310,4d65d7369599125b286d085faa080fb521c46999,2026-08-31T04:39:17+08:00,codex/f-cut-001-matrices,d3ad4ef634b52364092157d0963293b252c1d67c,F-CUT-003,specs/features/F-CUT-003-p3-dynamic-checklist-and-manual-fallback.md,EXCLUDED_SOURCE_METADATA,regenerated after code replay,docs(cutover): 形成P3动态清单实施计划
311,93b2ff0422fb7b143d5c66990df4db296c2e281d,2026-08-31T04:40:28+08:00,codex/f-cut-001-matrices,508e13fda334e6183e9bd7e06f805750f27a8104,F-CUT-002,tasks/features/F-CUT-002.md,EXCLUDED_SOURCE_METADATA,regenerated after code replay,test(cutover): 验证P2人工分级正向交互
311,93b2ff0422fb7b143d5c66990df4db296c2e281d,2026-08-31T04:40:28+08:00,codex/f-cut-001-matrices,508e13fda334e6183e9bd7e06f805750f27a8104,F-CUT-002,yudao-ui/yudao-ui-admin-vue3/src/views/pms/cutover/cutover-task/cutoverTaskInteraction.spec.ts,CONFLICTING_HUNKS_PENDING,rejected_hunks=1 rc=1,test(cutover): 验证P2人工分级正向交互
312,9655336151af662c11e637e6d33fc8b4df62915d,2026-08-31T04:47:12+08:00,codex/f-cut-001-matrices,f793e2125d9bf65a66b726a2acc925877542e6f6,F-CUT-001,pms-module-cutover/src/main/java/cn/iocoder/yudao/module/pms/cutover/dal/mysql/task/CutTaskMapper.java,APPLIED_CODE_CHANGE,clean per-commit delta,feat(cutover): 打通旧任务迁移正向批次
312,9655336151af662c11e637e6d33fc8b4df62915d,2026-08-31T04:47:12+08:00,codex/f-cut-001-matrices,f793e2125d9bf65a66b726a2acc925877542e6f6,F-CUT-001,pms-module-cutover/src/main/java/cn/iocoder/yudao/module/pms/cutover/dal/mysql/task/query/LegacyCutoverSourceRowQuery.java,APPLIED_CODE_CHANGE,clean per-commit delta,feat(cutover): 打通旧任务迁移正向批次
312,9655336151af662c11e637e6d33fc8b4df62915d,2026-08-31T04:47:12+08:00,codex/f-cut-001-matrices,f793e2125d9bf65a66b726a2acc925877542e6f6,F-CUT-002,pms-module-cutover/src/main/java/cn/iocoder/yudao/module/pms/cutover/dal/mysql/taskv2/CutoverTaskMapper.java,CONFLICTING_HUNKS_PENDING,rejected_hunks=1 rc=1,feat(cutover): 打通旧任务迁移正向批次
312,9655336151af662c11e637e6d33fc8b4df62915d,2026-08-31T04:47:12+08:00,codex/f-cut-001-matrices,f793e2125d9bf65a66b726a2acc925877542e6f6,F-CUT-002,pms-module-cutover/src/main/java/cn/iocoder/yudao/module/pms/cutover/dal/mysql/taskv2/query/LegacyCutoverTargetIdentityQuery.java,APPLIED_CODE_CHANGE,clean per-commit delta,feat(cutover): 打通旧任务迁移正向批次
312,9655336151af662c11e637e6d33fc8b4df62915d,2026-08-31T04:47:12+08:00,codex/f-cut-001-matrices,f793e2125d9bf65a66b726a2acc925877542e6f6,F-CUT-002,pms-module-cutover/src/main/java/cn/iocoder/yudao/module/pms/cutover/service/taskv2/migration/LegacyCutoverReconciliationResult.java,CONFLICTING_HUNKS_PENDING,rejected_hunks=0 rc=1,feat(cutover): 打通旧任务迁移正向批次
312,9655336151af662c11e637e6d33fc8b4df62915d,2026-08-31T04:47:12+08:00,codex/f-cut-001-matrices,f793e2125d9bf65a66b726a2acc925877542e6f6,F-CUT-002,pms-module-cutover/src/main/java/cn/iocoder/yudao/module/pms/cutover/service/taskv2/migration/LegacyCutoverReconciliationService.java,CONFLICTING_HUNKS_PENDING,rejected_hunks=0 rc=1,feat(cutover): 打通旧任务迁移正向批次
312,9655336151af662c11e637e6d33fc8b4df62915d,2026-08-31T04:47:12+08:00,codex/f-cut-001-matrices,f793e2125d9bf65a66b726a2acc925877542e6f6,F-CUT-001,pms-module-cutover/src/main/resources/mapper/task/CutTaskMapper.xml,APPLIED_CODE_CHANGE,clean per-commit delta,feat(cutover): 打通旧任务迁移正向批次
312,9655336151af662c11e637e6d33fc8b4df62915d,2026-08-31T04:47:12+08:00,codex/f-cut-001-matrices,f793e2125d9bf65a66b726a2acc925877542e6f6,F-CUT-002,pms-module-cutover/src/main/resources/mapper/taskv2/CutoverTaskMapper.xml,CONFLICTING_HUNKS_PENDING,rejected_hunks=1 rc=1,feat(cutover): 打通旧任务迁移正向批次
312,9655336151af662c11e637e6d33fc8b4df62915d,2026-08-31T04:47:12+08:00,codex/f-cut-001-matrices,f793e2125d9bf65a66b726a2acc925877542e6f6,F-CUT-002,pms-module-cutover/src/test/java/cn/iocoder/yudao/module/pms/cutover/dal/mysql/taskv2/LegacyCutoverMapperContractTest.java,CONFLICTING_HUNKS_PENDING,rejected_hunks=0 rc=1,feat(cutover): 打通旧任务迁移正向批次
312,9655336151af662c11e637e6d33fc8b4df62915d,2026-08-31T04:47:12+08:00,codex/f-cut-001-matrices,f793e2125d9bf65a66b726a2acc925877542e6f6,F-CUT-002,pms-module-cutover/src/test/java/cn/iocoder/yudao/module/pms/cutover/service/taskv2/migration/LegacyCutoverReconciliationServiceTest.java,CONFLICTING_HUNKS_PENDING,rejected_hunks=0 rc=1,feat(cutover): 打通旧任务迁移正向批次
312,9655336151af662c11e637e6d33fc8b4df62915d,2026-08-31T04:47:12+08:00,codex/f-cut-001-matrices,f793e2125d9bf65a66b726a2acc925877542e6f6,F-CUT-002,tasks/features/F-CUT-002.md,EXCLUDED_SOURCE_METADATA,regenerated after code replay,feat(cutover): 打通旧任务迁移正向批次
313,4cf2d011970d033b0950b91923c28ad79092dcac,2026-08-31T04:51:31+08:00,codex/f-cut-001-matrices,ea677f51de55bef6bd5fa9c7559a093231a2fc14,F-CUT-001,docs/design/09-database-design.md,EXCLUDED_SOURCE_METADATA,regenerated after code replay,docs(cutover): 冻结任务创建配置身份
313,4cf2d011970d033b0950b91923c28ad79092dcac,2026-08-31T04:51:31+08:00,codex/f-cut-001-matrices,ea677f51de55bef6bd5fa9c7559a093231a2fc14,F-CUT-001,docs/design/10-api-design.md,EXCLUDED_SOURCE_METADATA,regenerated after code replay,docs(cutover): 冻结任务创建配置身份
313,4cf2d011970d033b0950b91923c28ad79092dcac,2026-08-31T04:51:31+08:00,codex/f-cut-001-matrices,ea677f51de55bef6bd5fa9c7559a093231a2fc14,F-CUT-001,docs/design/16-exception-and-idempotency.md,EXCLUDED_SOURCE_METADATA,regenerated after code replay,docs(cutover): 冻结任务创建配置身份
313,4cf2d011970d033b0950b91923c28ad79092dcac,2026-08-31T04:51:31+08:00,codex/f-cut-001-matrices,ea677f51de55bef6bd5fa9c7559a093231a2fc14,F-CUT-002,specs/features/F-CUT-002-cutover-intake-and-manual-assessment.md,EXCLUDED_SOURCE_METADATA,regenerated after code replay,docs(cutover): 冻结任务创建配置身份
313,4cf2d011970d033b0950b91923c28ad79092dcac,2026-08-31T04:51:31+08:00,codex/f-cut-001-matrices,ea677f51de55bef6bd5fa9c7559a093231a2fc14,F-CUT-002,specs/features/F-CUT-002-physical-contract.json,EXCLUDED_SOURCE_METADATA,regenerated after code replay,docs(cutover): 冻结任务创建配置身份
313,4cf2d011970d033b0950b91923c28ad79092dcac,2026-08-31T04:51:31+08:00,codex/f-cut-001-matrices,ea677f51de55bef6bd5fa9c7559a093231a2fc14,F-CUT-003,specs/features/F-CUT-003-p3-dynamic-checklist-and-manual-fallback.md,EXCLUDED_SOURCE_METADATA,regenerated after code replay,docs(cutover): 冻结任务创建配置身份
313,4cf2d011970d033b0950b91923c28ad79092dcac,2026-08-31T04:51:31+08:00,codex/f-cut-001-matrices,ea677f51de55bef6bd5fa9c7559a093231a2fc14,F-CUT-003,specs/features/F-CUT-003-physical-contract.json,EXCLUDED_SOURCE_METADATA,regenerated after code replay,docs(cutover): 冻结任务创建配置身份
314,3daef0f5a6561e9bf9a9cb4453b447881c9e17c5,2026-08-31T04:53:15+08:00,codex/f-cut-001-matrices,03528cb04327bf391f1de8f271fe6cf02523dec3,F-CUT-001,pms-module-cutover/src/main/java/cn/iocoder/yudao/module/pms/cutover/dal/mysql/task/CutTaskMapper.java,APPLIED_CODE_CHANGE,clean per-commit delta,feat(cutover): 补齐旧任务确定性迁移分类
314,3daef0f5a6561e9bf9a9cb4453b447881c9e17c5,2026-08-31T04:53:15+08:00,codex/f-cut-001-matrices,03528cb04327bf391f1de8f271fe6cf02523dec3,F-CUT-001,pms-module-cutover/src/main/java/cn/iocoder/yudao/module/pms/cutover/dal/mysql/task/query/LegacyCutoverSourceRowQuery.java,APPLIED_CODE_CHANGE,clean per-commit delta,feat(cutover): 补齐旧任务确定性迁移分类
314,3daef0f5a6561e9bf9a9cb4453b447881c9e17c5,2026-08-31T04:53:15+08:00,codex/f-cut-001-matrices,03528cb04327bf391f1de8f271fe6cf02523dec3,F-CUT-002,pms-module-cutover/src/main/java/cn/iocoder/yudao/module/pms/cutover/dal/mysql/taskv2/CutoverTaskMapper.java,CONFLICTING_HUNKS_PENDING,rejected_hunks=1 rc=1,feat(cutover): 补齐旧任务确定性迁移分类
314,3daef0f5a6561e9bf9a9cb4453b447881c9e17c5,2026-08-31T04:53:15+08:00,codex/f-cut-001-matrices,03528cb04327bf391f1de8f271fe6cf02523dec3,F-CUT-002,pms-module-cutover/src/main/java/cn/iocoder/yudao/module/pms/cutover/dal/mysql/taskv2/query/LegacyCutoverTargetIdentityQuery.java,APPLIED_CODE_CHANGE,clean per-commit delta,feat(cutover): 补齐旧任务确定性迁移分类
314,3daef0f5a6561e9bf9a9cb4453b447881c9e17c5,2026-08-31T04:53:15+08:00,codex/f-cut-001-matrices,03528cb04327bf391f1de8f271fe6cf02523dec3,F-CUT-002,pms-module-cutover/src/main/java/cn/iocoder/yudao/module/pms/cutover/service/taskv2/migration/LegacyCutoverReconciliationService.java,APPLIED_THREE_WAY,clean-three-way,feat(cutover): 补齐旧任务确定性迁移分类
314,3daef0f5a6561e9bf9a9cb4453b447881c9e17c5,2026-08-31T04:53:15+08:00,codex/f-cut-001-matrices,03528cb04327bf391f1de8f271fe6cf02523dec3,F-CUT-001,pms-module-cutover/src/main/resources/mapper/task/CutTaskMapper.xml,APPLIED_CODE_CHANGE,clean per-commit delta,feat(cutover): 补齐旧任务确定性迁移分类
314,3daef0f5a6561e9bf9a9cb4453b447881c9e17c5,2026-08-31T04:53:15+08:00,codex/f-cut-001-matrices,03528cb04327bf391f1de8f271fe6cf02523dec3,F-CUT-002,pms-module-cutover/src/main/resources/mapper/taskv2/CutoverTaskMapper.xml,CONFLICTING_HUNKS_PENDING,rejected_hunks=1 rc=1,feat(cutover): 补齐旧任务确定性迁移分类
314,3daef0f5a6561e9bf9a9cb4453b447881c9e17c5,2026-08-31T04:53:15+08:00,codex/f-cut-001-matrices,03528cb04327bf391f1de8f271fe6cf02523dec3,F-CUT-002,tasks/features/F-CUT-002.md,EXCLUDED_SOURCE_METADATA,regenerated after code replay,feat(cutover): 补齐旧任务确定性迁移分类
315,b06061eb43b748f03ef7bef5e561be6085dad14d,2026-08-31T04:55:08+08:00,codex/f-cut-001-matrices,78e4695ac14864bf1057b590da2f133ebdef63aa,F-CUT-001,docs/design/09-database-design.md,EXCLUDED_SOURCE_METADATA,regenerated after code replay,docs(cutover): 明确历史配置修订补齐范围
315,b06061eb43b748f03ef7bef5e561be6085dad14d,2026-08-31T04:55:08+08:00,codex/f-cut-001-matrices,78e4695ac14864bf1057b590da2f133ebdef63aa,F-CUT-001,scripts/tests/test_fcut002_migration_contract.py,APPLIED_CODE_CHANGE,clean per-commit delta,docs(cutover): 明确历史配置修订补齐范围
315,b06061eb43b748f03ef7bef5e561be6085dad14d,2026-08-31T04:55:08+08:00,codex/f-cut-001-matrices,78e4695ac14864bf1057b590da2f133ebdef63aa,F-CUT-002,specs/features/F-CUT-002-cutover-intake-and-manual-assessment.md,EXCLUDED_SOURCE_METADATA,regenerated after code replay,docs(cutover): 明确历史配置修订补齐范围
316,ac740458f3523d41f840b792e2407c2f88db39f0,2026-08-31T04:58:07+08:00,codex/f-cut-001-matrices,5d3c81085304b41691d203f21fbc9283d0201719,F-CUT-003,specs/features/F-CUT-003-p3-dynamic-checklist-and-manual-fallback.md,EXCLUDED_SOURCE_METADATA,regenerated after code replay,docs(cutover): 按冻结配置整改P3实施计划
317,28e6db2cfee200b5c5617ec5cf94c2e5ffb02a71,2026-08-31T05:00:39+08:00,codex/f-cut-001-matrices,c981a4c474ab9da5ebe94ef9684b9371d5f34cbd,F-CUT-003,tasks/features/F-CUT-003.md,EXCLUDED_SOURCE_METADATA,regenerated after code replay,docs(cutover): 启动P3动态清单实施任务
318,146254d8420199851de4145e77b51f0055ca9cad,2026-08-31T05:08:03+08:00,codex/f-cut-001-matrices,3953cb4222942660fe83d0338f9e3ae0b057571a,F-CUT-001,pms-module-cutover/src/main/java/cn/iocoder/yudao/module/pms/cutover/dal/mysql/configuration/CutoverConfigurationRevisionMapper.java,CONFLICTING_HUNKS_PENDING,rejected_hunks=1 rc=1,feat(cutover): 建立冻结配置匹配内核
318,146254d8420199851de4145e77b51f0055ca9cad,2026-08-31T05:08:03+08:00,codex/f-cut-001-matrices,3953cb4222942660fe83d0338f9e3ae0b057571a,F-CUT-003,pms-module-cutover/src/main/java/cn/iocoder/yudao/module/pms/cutover/service/checklist/CutoverChecklistConfigurationQueryService.java,CONFLICTING_HUNKS_PENDING,rejected_hunks=0 rc=1,feat(cutover): 建立冻结配置匹配内核
318,146254d8420199851de4145e77b51f0055ca9cad,2026-08-31T05:08:03+08:00,codex/f-cut-001-matrices,3953cb4222942660fe83d0338f9e3ae0b057571a,F-CUT-003,pms-module-cutover/src/main/java/cn/iocoder/yudao/module/pms/cutover/service/checklist/CutoverChecklistException.java,CONFLICTING_HUNKS_PENDING,rejected_hunks=0 rc=1,feat(cutover): 建立冻结配置匹配内核
318,146254d8420199851de4145e77b51f0055ca9cad,2026-08-31T05:08:03+08:00,codex/f-cut-001-matrices,3953cb4222942660fe83d0338f9e3ae0b057571a,F-CUT-003,pms-module-cutover/src/main/java/cn/iocoder/yudao/module/pms/cutover/service/checklist/CutoverFrozenConfiguration.java,CONFLICTING_HUNKS_PENDING,rejected_hunks=0 rc=1,feat(cutover): 建立冻结配置匹配内核
318,146254d8420199851de4145e77b51f0055ca9cad,2026-08-31T05:08:03+08:00,codex/f-cut-001-matrices,3953cb4222942660fe83d0338f9e3ae0b057571a,F-CUT-001,pms-module-cutover/src/main/resources/mapper/configuration/CutoverConfigurationRevisionMapper.xml,CONFLICTING_HUNKS_PENDING,rejected_hunks=1 rc=1,feat(cutover): 建立冻结配置匹配内核
318,146254d8420199851de4145e77b51f0055ca9cad,2026-08-31T05:08:03+08:00,codex/f-cut-001-matrices,3953cb4222942660fe83d0338f9e3ae0b057571a,F-CUT-003,tasks/features/F-CUT-003.md,EXCLUDED_SOURCE_METADATA,regenerated after code replay,feat(cutover): 建立冻结配置匹配内核
319,799b01873210e04e1e3462a00b37dbf617030b66,2026-08-31T05:09:57+08:00,codex/f-cut-001-matrices,d7a41cb74dae4442a9090817840b9311afabeb46,F-CUT-003,pms-module-cutover/src/main/java/cn/iocoder/yudao/module/pms/cutover/dal/mysql/checklist/CutoverChecklistItemMapper.java,APPLIED_ADD_ADD,current-semantic-superset,feat(cutover): 建立P3动态清单物理基础
319,799b01873210e04e1e3462a00b37dbf617030b66,2026-08-31T05:09:57+08:00,codex/f-cut-001-matrices,d7a41cb74dae4442a9090817840b9311afabeb46,F-CUT-003,pms-module-cutover/src/main/java/cn/iocoder/yudao/module/pms/cutover/dal/mysql/checklist/CutoverChecklistItemResultMapper.java,APPLIED_ADD_ADD,current-semantic-superset,feat(cutover): 建立P3动态清单物理基础
319,799b01873210e04e1e3462a00b37dbf617030b66,2026-08-31T05:09:57+08:00,codex/f-cut-001-matrices,d7a41cb74dae4442a9090817840b9311afabeb46,F-CUT-003,pms-module-cutover/src/main/java/cn/iocoder/yudao/module/pms/cutover/dal/mysql/checklist/CutoverChecklistMapper.java,APPLIED_ADD_ADD,current-semantic-superset,feat(cutover): 建立P3动态清单物理基础
319,799b01873210e04e1e3462a00b37dbf617030b66,2026-08-31T05:09:57+08:00,codex/f-cut-001-matrices,d7a41cb74dae4442a9090817840b9311afabeb46,F-CUT-003,pms-module-cutover/src/main/resources/mapper/checklist/CutoverChecklistItemMapper.xml,APPLIED_ADD_ADD,current-semantic-superset,feat(cutover): 建立P3动态清单物理基础
319,799b01873210e04e1e3462a00b37dbf617030b66,2026-08-31T05:09:57+08:00,codex/f-cut-001-matrices,d7a41cb74dae4442a9090817840b9311afabeb46,F-CUT-003,pms-module-cutover/src/main/resources/mapper/checklist/CutoverChecklistItemResultMapper.xml,APPLIED_ADD_ADD,current-semantic-superset,feat(cutover): 建立P3动态清单物理基础
319,799b01873210e04e1e3462a00b37dbf617030b66,2026-08-31T05:09:57+08:00,codex/f-cut-001-matrices,d7a41cb74dae4442a9090817840b9311afabeb46,F-CUT-003,pms-module-cutover/src/main/resources/mapper/checklist/CutoverChecklistMapper.xml,APPLIED_ADD_ADD,current-semantic-superset,feat(cutover): 建立P3动态清单物理基础
319,799b01873210e04e1e3462a00b37dbf617030b66,2026-08-31T05:09:57+08:00,codex/f-cut-001-matrices,d7a41cb74dae4442a9090817840b9311afabeb46,F-CUT-003,sql/migrations/V147__fcut003_p3_dynamic_checklist.sql,APPLIED_CODE_CHANGE,clean per-commit delta,feat(cutover): 建立P3动态清单物理基础
319,799b01873210e04e1e3462a00b37dbf617030b66,2026-08-31T05:09:57+08:00,codex/f-cut-001-matrices,d7a41cb74dae4442a9090817840b9311afabeb46,F-CUT-003,tasks/features/F-CUT-003.md,EXCLUDED_SOURCE_METADATA,regenerated after code replay,feat(cutover): 建立P3动态清单物理基础
320,7e47096840751a63966481fae55a74f3c0dab3d4,2026-08-31T05:11:35+08:00,codex/f-cut-001-matrices,82e5a62583144dd6186a3820a64b87f5654db817,F-CUT-003,pms-module-cutover/src/test/java/cn/iocoder/yudao/module/pms/cutover/dal/mysql/checklist/CutoverChecklistMapperContractTest.java,APPLIED_ADD_ADD,current-semantic-superset,test(cutover): 固定P3清单物理合同
320,7e47096840751a63966481fae55a74f3c0dab3d4,2026-08-31T05:11:35+08:00,codex/f-cut-001-matrices,82e5a62583144dd6186a3820a64b87f5654db817,F-CUT-003,pms-module-cutover/src/test/java/cn/iocoder/yudao/module/pms/cutover/migration/FCut003MigrationContractTest.java,CONFLICTING_HUNKS_PENDING,rejected_hunks=0 rc=1,test(cutover): 固定P3清单物理合同
321,76928bf8593cdbe9354a90686c2a292482f28364,2026-08-31T05:23:59+08:00,codex/f-cut-001-matrices,9b81034805220474867fcabf569a2918d7f32fc8,F-CUT-003,pms-module-cutover/src/main/java/cn/iocoder/yudao/module/pms/cutover/dal/mysql/checklist/CutoverChecklistItemResultMapper.java,CONFLICTING_HUNKS_PENDING,rejected_hunks=1 rc=1,feat(cutover): 打通P3动态清单命令闭环
321,76928bf8593cdbe9354a90686c2a292482f28364,2026-08-31T05:23:59+08:00,codex/f-cut-001-matrices,9b81034805220474867fcabf569a2918d7f32fc8,F-CUT-003,pms-module-cutover/src/main/java/cn/iocoder/yudao/module/pms/cutover/dal/mysql/checklist/CutoverChecklistMapper.java,CONFLICTING_HUNKS_PENDING,rejected_hunks=1 rc=1,feat(cutover): 打通P3动态清单命令闭环
321,76928bf8593cdbe9354a90686c2a292482f28364,2026-08-31T05:23:59+08:00,codex/f-cut-001-matrices,9b81034805220474867fcabf569a2918d7f32fc8,F-CUT-003,pms-module-cutover/src/main/java/cn/iocoder/yudao/module/pms/cutover/dal/mysql/configuration/CutoverConfigurationRevisionMapper.java,CONFLICTING_HUNKS_PENDING,rejected_hunks=1 rc=1,feat(cutover): 打通P3动态清单命令闭环
321,76928bf8593cdbe9354a90686c2a292482f28364,2026-08-31T05:23:59+08:00,codex/f-cut-001-matrices,9b81034805220474867fcabf569a2918d7f32fc8,F-CUT-003,pms-module-cutover/src/main/java/cn/iocoder/yudao/module/pms/cutover/dal/mysql/taskv2/CutoverTaskMapper.java,CONFLICTING_HUNKS_PENDING,rejected_hunks=1 rc=1,feat(cutover): 打通P3动态清单命令闭环
321,76928bf8593cdbe9354a90686c2a292482f28364,2026-08-31T05:23:59+08:00,codex/f-cut-001-matrices,9b81034805220474867fcabf569a2918d7f32fc8,F-CUT-003,pms-module-cutover/src/main/java/cn/iocoder/yudao/module/pms/cutover/service/checklist/CutoverChecklistApplicationService.java,CONFLICTING_HUNKS_PENDING,rejected_hunks=0 rc=1,feat(cutover): 打通P3动态清单命令闭环
321,76928bf8593cdbe9354a90686c2a292482f28364,2026-08-31T05:23:59+08:00,codex/f-cut-001-matrices,9b81034805220474867fcabf569a2918d7f32fc8,F-CUT-003,pms-module-cutover/src/main/java/cn/iocoder/yudao/module/pms/cutover/service/checklist/CutoverChecklistException.java,CONFLICTING_HUNKS_PENDING,rejected_hunks=1 rc=1,feat(cutover): 打通P3动态清单命令闭环
321,76928bf8593cdbe9354a90686c2a292482f28364,2026-08-31T05:23:59+08:00,codex/f-cut-001-matrices,9b81034805220474867fcabf569a2918d7f32fc8,F-CUT-003,pms-module-cutover/src/main/java/cn/iocoder/yudao/module/pms/cutover/service/checklist/port/CutoverCollectionPort.java,APPLIED_ADD_ADD,current-semantic-superset,feat(cutover): 打通P3动态清单命令闭环
321,76928bf8593cdbe9354a90686c2a292482f28364,2026-08-31T05:23:59+08:00,codex/f-cut-001-matrices,9b81034805220474867fcabf569a2918d7f32fc8,F-CUT-003,pms-module-cutover/src/main/java/cn/iocoder/yudao/module/pms/cutover/service/checklist/result/ChecklistCommandResult.java,CONFLICTING_HUNKS_PENDING,rejected_hunks=0 rc=1,feat(cutover): 打通P3动态清单命令闭环
321,76928bf8593cdbe9354a90686c2a292482f28364,2026-08-31T05:23:59+08:00,codex/f-cut-001-matrices,9b81034805220474867fcabf569a2918d7f32fc8,F-CUT-003,pms-module-cutover/src/main/java/cn/iocoder/yudao/module/pms/cutover/service/taskv2/CutoverTaskApplicationService.java,CONFLICTING_HUNKS_PENDING,rejected_hunks=1 rc=1,feat(cutover): 打通P3动态清单命令闭环
321,76928bf8593cdbe9354a90686c2a292482f28364,2026-08-31T05:23:59+08:00,codex/f-cut-001-matrices,9b81034805220474867fcabf569a2918d7f32fc8,F-CUT-003,pms-module-cutover/src/main/resources/mapper/checklist/CutoverChecklistItemResultMapper.xml,CONFLICTING_HUNKS_PENDING,rejected_hunks=1 rc=1,feat(cutover): 打通P3动态清单命令闭环
321,76928bf8593cdbe9354a90686c2a292482f28364,2026-08-31T05:23:59+08:00,codex/f-cut-001-matrices,9b81034805220474867fcabf569a2918d7f32fc8,F-CUT-003,pms-module-cutover/src/main/resources/mapper/checklist/CutoverChecklistMapper.xml,CONFLICTING_HUNKS_PENDING,rejected_hunks=1 rc=1,feat(cutover): 打通P3动态清单命令闭环
321,76928bf8593cdbe9354a90686c2a292482f28364,2026-08-31T05:23:59+08:00,codex/f-cut-001-matrices,9b81034805220474867fcabf569a2918d7f32fc8,F-CUT-003,pms-module-cutover/src/main/resources/mapper/configuration/CutoverConfigurationRevisionMapper.xml,CONFLICTING_HUNKS_PENDING,rejected_hunks=1 rc=1,feat(cutover): 打通P3动态清单命令闭环
321,76928bf8593cdbe9354a90686c2a292482f28364,2026-08-31T05:23:59+08:00,codex/f-cut-001-matrices,9b81034805220474867fcabf569a2918d7f32fc8,F-CUT-003,pms-module-cutover/src/main/resources/mapper/taskv2/CutoverTaskMapper.xml,CONFLICTING_HUNKS_PENDING,rejected_hunks=1 rc=1,feat(cutover): 打通P3动态清单命令闭环
321,76928bf8593cdbe9354a90686c2a292482f28364,2026-08-31T05:23:59+08:00,codex/f-cut-001-matrices,9b81034805220474867fcabf569a2918d7f32fc8,F-CUT-003,pms-module-cutover/src/test/java/cn/iocoder/yudao/module/pms/cutover/service/checklist/CutoverChecklistApplicationServiceTest.java,CONFLICTING_HUNKS_PENDING,rejected_hunks=0 rc=1,feat(cutover): 打通P3动态清单命令闭环
321,76928bf8593cdbe9354a90686c2a292482f28364,2026-08-31T05:23:59+08:00,codex/f-cut-001-matrices,9b81034805220474867fcabf569a2918d7f32fc8,F-CUT-003,pms-module-cutover/src/test/java/cn/iocoder/yudao/module/pms/cutover/service/taskv2/CutoverTaskApplicationServiceTest.java,CONFLICTING_HUNKS_PENDING,rejected_hunks=1 rc=1,feat(cutover): 打通P3动态清单命令闭环
321,76928bf8593cdbe9354a90686c2a292482f28364,2026-08-31T05:23:59+08:00,codex/f-cut-001-matrices,9b81034805220474867fcabf569a2918d7f32fc8,F-CUT-003,sql/migrations/V147__fcut003_p3_dynamic_checklist.sql,APPLIED_CODE_CHANGE,clean per-commit delta,feat(cutover): 打通P3动态清单命令闭环
321,76928bf8593cdbe9354a90686c2a292482f28364,2026-08-31T05:23:59+08:00,codex/f-cut-001-matrices,9b81034805220474867fcabf569a2918d7f32fc8,F-CUT-003,tasks/features/F-CUT-003.md,EXCLUDED_SOURCE_METADATA,regenerated after code replay,feat(cutover): 打通P3动态清单命令闭环
322,d9869165732f7c2371a48de926eac8b45c30cedf,2026-08-31T05:24:16+08:00,codex/f-cut-001-matrices,48259bb0d4969ec1814aef59282255ae9a940df7,F-CUT-003,tasks/features/F-CUT-003.md,EXCLUDED_SOURCE_METADATA,regenerated after code replay,docs(cutover): 更新P3正向链检查点
323,aa29efcb1df31081949a1846ef9a965f16951e64,2026-08-31T05:35:24+08:00,codex/f-cut-001-matrices,a196b47f59773048e9af7239e257b610468b0469,F-CUT-003,pms-module-cutover/src/main/java/cn/iocoder/yudao/module/pms/cutover/dal/mysql/checklist/CutoverChecklistItemMapper.java,CONFLICTING_HUNKS_PENDING,rejected_hunks=1 rc=1,feat(cutover): 完成P3清单重匹配与查询
323,aa29efcb1df31081949a1846ef9a965f16951e64,2026-08-31T05:35:24+08:00,codex/f-cut-001-matrices,a196b47f59773048e9af7239e257b610468b0469,F-CUT-003,pms-module-cutover/src/main/java/cn/iocoder/yudao/module/pms/cutover/service/checklist/CutoverChecklistApplicationService.java,CONFLICTING_HUNKS_PENDING,rejected_hunks=1 rc=1,feat(cutover): 完成P3清单重匹配与查询
323,aa29efcb1df31081949a1846ef9a965f16951e64,2026-08-31T05:35:24+08:00,codex/f-cut-001-matrices,a196b47f59773048e9af7239e257b610468b0469,F-CUT-003,pms-module-cutover/src/main/java/cn/iocoder/yudao/module/pms/cutover/service/checklist/result/CutoverChecklistView.java,CONFLICTING_HUNKS_PENDING,rejected_hunks=0 rc=1,feat(cutover): 完成P3清单重匹配与查询
323,aa29efcb1df31081949a1846ef9a965f16951e64,2026-08-31T05:35:24+08:00,codex/f-cut-001-matrices,a196b47f59773048e9af7239e257b610468b0469,F-CUT-003,pms-module-cutover/src/main/resources/mapper/checklist/CutoverChecklistItemMapper.xml,CONFLICTING_HUNKS_PENDING,rejected_hunks=1 rc=1,feat(cutover): 完成P3清单重匹配与查询
323,aa29efcb1df31081949a1846ef9a965f16951e64,2026-08-31T05:35:24+08:00,codex/f-cut-001-matrices,a196b47f59773048e9af7239e257b610468b0469,F-CUT-003,pms-module-cutover/src/test/java/cn/iocoder/yudao/module/pms/cutover/service/checklist/CutoverChecklistApplicationServiceTest.java,APPLIED_NON_CONFLICTING_HUNKS,rejected_hunks=1 rc=1,feat(cutover): 完成P3清单重匹配与查询
323,aa29efcb1df31081949a1846ef9a965f16951e64,2026-08-31T05:35:24+08:00,codex/f-cut-001-matrices,a196b47f59773048e9af7239e257b610468b0469,F-CUT-003,tasks/features/F-CUT-003.md,EXCLUDED_SOURCE_METADATA,regenerated after code replay,feat(cutover): 完成P3清单重匹配与查询
324,9156a1d86cbbe9ecf2671556c31c9c387468c678,2026-08-31T05:40:34+08:00,codex/f-cut-001-matrices,5b9dc97238589180491681a816706c8e04fa9d1b,F-CUT-001,docs/decisions/open-questions.md,EXCLUDED_SOURCE_METADATA,regenerated after code replay,docs(cutover): 登记设备类型Owner阻断
324,9156a1d86cbbe9ecf2671556c31c9c387468c678,2026-08-31T05:40:34+08:00,codex/f-cut-001-matrices,5b9dc97238589180491681a816706c8e04fa9d1b,F-CUT-003,tasks/features/F-CUT-003.md,EXCLUDED_SOURCE_METADATA,regenerated after code replay,docs(cutover): 登记设备类型Owner阻断
325,cc33c6ba172ce14b111c7b3787c12ca20133f2ed,2026-08-31T13:44:55+08:00,codex/f-cut-001-matrices,f353397a4887ff5e0b824ac836bb1ea413b646b5,F-CUT-001,docs/decisions/0037-product-master-device-type-assignment.md,EXCLUDED_SOURCE_METADATA,regenerated after code replay,docs(cutover): 锁定设备类型预留接口边界
325,cc33c6ba172ce14b111c7b3787c12ca20133f2ed,2026-08-31T13:44:55+08:00,codex/f-cut-001-matrices,f353397a4887ff5e0b824ac836bb1ea413b646b5,F-CUT-001,docs/decisions/open-questions.md,EXCLUDED_SOURCE_METADATA,regenerated after code replay,docs(cutover): 锁定设备类型预留接口边界
325,cc33c6ba172ce14b111c7b3787c12ca20133f2ed,2026-08-31T13:44:55+08:00,codex/f-cut-001-matrices,f353397a4887ff5e0b824ac836bb1ea413b646b5,F-CUT-001,docs/design/02d-cross-context-contracts.md,EXCLUDED_SOURCE_METADATA,regenerated after code replay,docs(cutover): 锁定设备类型预留接口边界
325,cc33c6ba172ce14b111c7b3787c12ca20133f2ed,2026-08-31T13:44:55+08:00,codex/f-cut-001-matrices,f353397a4887ff5e0b824ac836bb1ea413b646b5,F-CUT-001,docs/design/08-data-model.md,EXCLUDED_SOURCE_METADATA,regenerated after code replay,docs(cutover): 锁定设备类型预留接口边界
325,cc33c6ba172ce14b111c7b3787c12ca20133f2ed,2026-08-31T13:44:55+08:00,codex/f-cut-001-matrices,f353397a4887ff5e0b824ac836bb1ea413b646b5,F-CUT-001,docs/design/09-database-design.md,EXCLUDED_SOURCE_METADATA,regenerated after code replay,docs(cutover): 锁定设备类型预留接口边界
325,cc33c6ba172ce14b111c7b3787c12ca20133f2ed,2026-08-31T13:44:55+08:00,codex/f-cut-001-matrices,f353397a4887ff5e0b824ac836bb1ea413b646b5,F-CUT-001,docs/design/10-api-design.md,EXCLUDED_SOURCE_METADATA,regenerated after code replay,docs(cutover): 锁定设备类型预留接口边界
325,cc33c6ba172ce14b111c7b3787c12ca20133f2ed,2026-08-31T13:44:55+08:00,codex/f-cut-001-matrices,f353397a4887ff5e0b824ac836bb1ea413b646b5,F-CUT-003,docs/superpowers/plans/2026-08-31-f-cut-003-p3-dynamic-checklist.md,EXCLUDED_SOURCE_METADATA,regenerated after code replay,docs(cutover): 锁定设备类型预留接口边界
325,cc33c6ba172ce14b111c7b3787c12ca20133f2ed,2026-08-31T13:44:55+08:00,codex/f-cut-001-matrices,f353397a4887ff5e0b824ac836bb1ea413b646b5,F-CUT-001,docs/traceability/requirement-matrix.md,EXCLUDED_SOURCE_METADATA,regenerated after code replay,docs(cutover): 锁定设备类型预留接口边界
325,cc33c6ba172ce14b111c7b3787c12ca20133f2ed,2026-08-31T13:44:55+08:00,codex/f-cut-001-matrices,f353397a4887ff5e0b824ac836bb1ea413b646b5,F-CUT-001,docs/traceability/requirement-version-coverage.json,EXCLUDED_SOURCE_METADATA,regenerated after code replay,docs(cutover): 锁定设备类型预留接口边界
325,cc33c6ba172ce14b111c7b3787c12ca20133f2ed,2026-08-31T13:44:55+08:00,codex/f-cut-001-matrices,f353397a4887ff5e0b824ac836bb1ea413b646b5,F-CUT-002,specs/features/F-CUT-002-cutover-intake-and-manual-assessment.md,EXCLUDED_SOURCE_METADATA,regenerated after code replay,docs(cutover): 锁定设备类型预留接口边界
325,cc33c6ba172ce14b111c7b3787c12ca20133f2ed,2026-08-31T13:44:55+08:00,codex/f-cut-001-matrices,f353397a4887ff5e0b824ac836bb1ea413b646b5,F-CUT-002,specs/features/F-CUT-002-physical-contract.json,EXCLUDED_SOURCE_METADATA,regenerated after code replay,docs(cutover): 锁定设备类型预留接口边界
325,cc33c6ba172ce14b111c7b3787c12ca20133f2ed,2026-08-31T13:44:55+08:00,codex/f-cut-001-matrices,f353397a4887ff5e0b824ac836bb1ea413b646b5,F-CUT-003,specs/features/F-CUT-003-p3-dynamic-checklist-and-manual-fallback.md,EXCLUDED_SOURCE_METADATA,regenerated after code replay,docs(cutover): 锁定设备类型预留接口边界
325,cc33c6ba172ce14b111c7b3787c12ca20133f2ed,2026-08-31T13:44:55+08:00,codex/f-cut-001-matrices,f353397a4887ff5e0b824ac836bb1ea413b646b5,F-CUT-003,specs/features/F-CUT-003-physical-contract.json,EXCLUDED_SOURCE_METADATA,regenerated after code replay,docs(cutover): 锁定设备类型预留接口边界
325,cc33c6ba172ce14b111c7b3787c12ca20133f2ed,2026-08-31T13:44:55+08:00,codex/f-cut-001-matrices,f353397a4887ff5e0b824ac836bb1ea413b646b5,F-IMP-001,specs/features/F-IMP-001-device-scope-fact-contract.json,EXCLUDED_SOURCE_METADATA,regenerated after code replay,docs(cutover): 锁定设备类型预留接口边界
325,cc33c6ba172ce14b111c7b3787c12ca20133f2ed,2026-08-31T13:44:55+08:00,codex/f-cut-001-matrices,f353397a4887ff5e0b824ac836bb1ea413b646b5,F-CUT-003,tasks/features/F-CUT-003.md,EXCLUDED_SOURCE_METADATA,regenerated after code replay,docs(cutover): 锁定设备类型预留接口边界
326,f767ffa8f1c6a010d67e13fa38f9e04ddf0a4036,2026-08-31T13:57:42+08:00,codex/f-cut-001-matrices,195a0113cb5d5b08fd5b377efcec953fc34eedb9,F-CUT-001,docs/decisions/0037-product-master-device-type-assignment.md,EXCLUDED_SOURCE_METADATA,regenerated after code replay,docs(cutover): 对齐既有产品类型公开契约
326,f767ffa8f1c6a010d67e13fa38f9e04ddf0a4036,2026-08-31T13:57:42+08:00,codex/f-cut-001-matrices,195a0113cb5d5b08fd5b377efcec953fc34eedb9,F-CUT-001,docs/decisions/open-questions.md,EXCLUDED_SOURCE_METADATA,regenerated after code replay,docs(cutover): 对齐既有产品类型公开契约
326,f767ffa8f1c6a010d67e13fa38f9e04ddf0a4036,2026-08-31T13:57:42+08:00,codex/f-cut-001-matrices,195a0113cb5d5b08fd5b377efcec953fc34eedb9,F-CUT-001,docs/design/02d-cross-context-contracts.md,EXCLUDED_SOURCE_METADATA,regenerated after code replay,docs(cutover): 对齐既有产品类型公开契约
326,f767ffa8f1c6a010d67e13fa38f9e04ddf0a4036,2026-08-31T13:57:42+08:00,codex/f-cut-001-matrices,195a0113cb5d5b08fd5b377efcec953fc34eedb9,F-CUT-001,docs/design/08-data-model.md,EXCLUDED_SOURCE_METADATA,regenerated after code replay,docs(cutover): 对齐既有产品类型公开契约
326,f767ffa8f1c6a010d67e13fa38f9e04ddf0a4036,2026-08-31T13:57:42+08:00,codex/f-cut-001-matrices,195a0113cb5d5b08fd5b377efcec953fc34eedb9,F-CUT-001,docs/design/09-database-design.md,EXCLUDED_SOURCE_METADATA,regenerated after code replay,docs(cutover): 对齐既有产品类型公开契约
326,f767ffa8f1c6a010d67e13fa38f9e04ddf0a4036,2026-08-31T13:57:42+08:00,codex/f-cut-001-matrices,195a0113cb5d5b08fd5b377efcec953fc34eedb9,F-CUT-001,docs/design/10-api-design.md,EXCLUDED_SOURCE_METADATA,regenerated after code replay,docs(cutover): 对齐既有产品类型公开契约
326,f767ffa8f1c6a010d67e13fa38f9e04ddf0a4036,2026-08-31T13:57:42+08:00,codex/f-cut-001-matrices,195a0113cb5d5b08fd5b377efcec953fc34eedb9,F-CUT-003,tasks/features/F-CUT-003.md,EXCLUDED_SOURCE_METADATA,regenerated after code replay,docs(cutover): 对齐既有产品类型公开契约
327,37723669b6dd457b1e779ba0cc505a7e21ca20ad,2026-08-31T14:04:50+08:00,codex/f-cut-001-matrices,38ebd7ad675f8401e98e4af99ca1a40eea3deb0d,F-CUT-003,pms-module-cutover/src/main/java/cn/iocoder/yudao/module/pms/cutover/service/taskv2/CutoverTaskApplicationService.java,CONFLICTING_HUNKS_PENDING,rejected_hunks=1 rc=1,feat(cutover): 冻结设备类型并驱动P3匹配
327,37723669b6dd457b1e779ba0cc505a7e21ca20ad,2026-08-31T14:04:50+08:00,codex/f-cut-001-matrices,38ebd7ad675f8401e98e4af99ca1a40eea3deb0d,F-CUT-003,pms-module-cutover/src/test/java/cn/iocoder/yudao/module/pms/cutover/migration/FCutDeviceTypeSnapshotMigrationContractTest.java,CONFLICTING_HUNKS_PENDING,rejected_hunks=0 rc=1,feat(cutover): 冻结设备类型并驱动P3匹配
327,37723669b6dd457b1e779ba0cc505a7e21ca20ad,2026-08-31T14:04:50+08:00,codex/f-cut-001-matrices,38ebd7ad675f8401e98e4af99ca1a40eea3deb0d,F-CUT-003,pms-module-cutover/src/test/java/cn/iocoder/yudao/module/pms/cutover/service/checklist/CutoverChecklistApplicationServiceTest.java,CONFLICTING_HUNKS_PENDING,rejected_hunks=1 rc=1,feat(cutover): 冻结设备类型并驱动P3匹配
327,37723669b6dd457b1e779ba0cc505a7e21ca20ad,2026-08-31T14:04:50+08:00,codex/f-cut-001-matrices,38ebd7ad675f8401e98e4af99ca1a40eea3deb0d,F-CUT-003,pms-module-cutover/src/test/java/cn/iocoder/yudao/module/pms/cutover/service/taskv2/CutoverTaskApplicationServiceTest.java,CONFLICTING_HUNKS_PENDING,rejected_hunks=1 rc=1,feat(cutover): 冻结设备类型并驱动P3匹配
327,37723669b6dd457b1e779ba0cc505a7e21ca20ad,2026-08-31T14:04:50+08:00,codex/f-cut-001-matrices,38ebd7ad675f8401e98e4af99ca1a40eea3deb0d,F-CUT-003,sql/migrations/V148__fcut_device_product_type_snapshot.sql,APPLIED_CODE_CHANGE,clean per-commit delta,feat(cutover): 冻结设备类型并驱动P3匹配
327,37723669b6dd457b1e779ba0cc505a7e21ca20ad,2026-08-31T14:04:50+08:00,codex/f-cut-001-matrices,38ebd7ad675f8401e98e4af99ca1a40eea3deb0d,F-CUT-003,tasks/features/F-CUT-003.md,EXCLUDED_SOURCE_METADATA,regenerated after code replay,feat(cutover): 冻结设备类型并驱动P3匹配
328,372f6895f614c15e592c71b235e0011cf617149a,2026-08-31T14:09:56+08:00,codex/f-cut-001-matrices,9c6975ba0c5cd72dd4e354a6934e3b05d211b028,F-CUT-002,pms-module-cutover/src/main/java/cn/iocoder/yudao/module/pms/cutover/service/taskv2/CutoverTaskApplicationService.java,CONFLICTING_HUNKS_PENDING,rejected_hunks=1 rc=1,fix(cutover): 固定评估产品类型历史投影
328,372f6895f614c15e592c71b235e0011cf617149a,2026-08-31T14:09:56+08:00,codex/f-cut-001-matrices,9c6975ba0c5cd72dd4e354a6934e3b05d211b028,F-CUT-002,pms-module-cutover/src/test/java/cn/iocoder/yudao/module/pms/cutover/service/taskv2/CutoverTaskApplicationServiceTest.java,CONFLICTING_HUNKS_PENDING,rejected_hunks=1 rc=1,fix(cutover): 固定评估产品类型历史投影
329,810e1b7dfdc155d28993e508bbb6af2986b6b012,2026-08-31T14:10:59+08:00,codex/f-cut-001-matrices,1c85960049a2d7c35609d20201da9ff45a8daec3,F-CUT-003,tasks/features/F-CUT-003.md,EXCLUDED_SOURCE_METADATA,regenerated after code replay,docs(cutover): 回写P3清单Task 1评审结果
330,abc5b534edd6df8aba933f5f399a4c26aba8cddd,2026-08-31T14:21:41+08:00,codex/f-cut-001-matrices,c3eef16edcdf69adb48a2f88426de4bdc2a76ea4,F-CUT-003,pms-module-cutover/src/main/java/cn/iocoder/yudao/module/pms/cutover/controller/admin/taskv2/CutoverChecklistController.java,CONFLICTING_HUNKS_PENDING,rejected_hunks=0 rc=1,feat(cutover): 接入P3清单正向工作台候选
330,abc5b534edd6df8aba933f5f399a4c26aba8cddd,2026-08-31T14:21:41+08:00,codex/f-cut-001-matrices,c3eef16edcdf69adb48a2f88426de4bdc2a76ea4,F-CUT-003,pms-module-cutover/src/main/java/cn/iocoder/yudao/module/pms/cutover/controller/admin/taskv2/vo/checklist/CutoverChecklistReqVO.java,APPLIED_ADD_ADD,current-semantic-superset,feat(cutover): 接入P3清单正向工作台候选
330,abc5b534edd6df8aba933f5f399a4c26aba8cddd,2026-08-31T14:21:41+08:00,codex/f-cut-001-matrices,c3eef16edcdf69adb48a2f88426de4bdc2a76ea4,F-CUT-003,pms-module-cutover/src/test/java/cn/iocoder/yudao/module/pms/cutover/controller/admin/taskv2/CutoverChecklistControllerContractTest.java,CONFLICTING_HUNKS_PENDING,rejected_hunks=0 rc=1,feat(cutover): 接入P3清单正向工作台候选
330,abc5b534edd6df8aba933f5f399a4c26aba8cddd,2026-08-31T14:21:41+08:00,codex/f-cut-001-matrices,c3eef16edcdf69adb48a2f88426de4bdc2a76ea4,F-CUT-003,pms-module-cutover/src/test/java/cn/iocoder/yudao/module/pms/cutover/service/checklist/CutoverChecklistApplicationServiceTest.java,CONFLICTING_HUNKS_PENDING,rejected_hunks=1 rc=1,feat(cutover): 接入P3清单正向工作台候选
330,abc5b534edd6df8aba933f5f399a4c26aba8cddd,2026-08-31T14:21:41+08:00,codex/f-cut-001-matrices,c3eef16edcdf69adb48a2f88426de4bdc2a76ea4,F-CUT-003,tasks/features/F-CUT-003.md,EXCLUDED_SOURCE_METADATA,regenerated after code replay,feat(cutover): 接入P3清单正向工作台候选
330,abc5b534edd6df8aba933f5f399a4c26aba8cddd,2026-08-31T14:21:41+08:00,codex/f-cut-001-matrices,c3eef16edcdf69adb48a2f88426de4bdc2a76ea4,F-CUT-003,yudao-ui/yudao-ui-admin-vue3/src/api/pms/cutover/cutover-task/index.ts,CONFLICTING_HUNKS_PENDING,rejected_hunks=1 rc=1,feat(cutover): 接入P3清单正向工作台候选
330,abc5b534edd6df8aba933f5f399a4c26aba8cddd,2026-08-31T14:21:41+08:00,codex/f-cut-001-matrices,c3eef16edcdf69adb48a2f88426de4bdc2a76ea4,F-CUT-003,yudao-ui/yudao-ui-admin-vue3/src/views/pms/cutover/cutover-task/components/CutoverChecklistField.vue,CONFLICTING_HUNKS_PENDING,rejected_hunks=0 rc=1,feat(cutover): 接入P3清单正向工作台候选
330,abc5b534edd6df8aba933f5f399a4c26aba8cddd,2026-08-31T14:21:41+08:00,codex/f-cut-001-matrices,c3eef16edcdf69adb48a2f88426de4bdc2a76ea4,F-CUT-003,yudao-ui/yudao-ui-admin-vue3/src/views/pms/cutover/cutover-task/components/CutoverChecklistPanel.vue,CONFLICTING_HUNKS_PENDING,rejected_hunks=0 rc=1,feat(cutover): 接入P3清单正向工作台候选
330,abc5b534edd6df8aba933f5f399a4c26aba8cddd,2026-08-31T14:21:41+08:00,codex/f-cut-001-matrices,c3eef16edcdf69adb48a2f88426de4bdc2a76ea4,F-CUT-003,yudao-ui/yudao-ui-admin-vue3/src/views/pms/cutover/cutover-task/cutoverChecklistComponents.spec.ts,CONFLICTING_HUNKS_PENDING,rejected_hunks=0 rc=1,feat(cutover): 接入P3清单正向工作台候选
330,abc5b534edd6df8aba933f5f399a4c26aba8cddd,2026-08-31T14:21:41+08:00,codex/f-cut-001-matrices,c3eef16edcdf69adb48a2f88426de4bdc2a76ea4,F-CUT-003,yudao-ui/yudao-ui-admin-vue3/src/views/pms/cutover/cutover-task/index.vue,CONFLICTING_HUNKS_PENDING,rejected_hunks=1 rc=1,feat(cutover): 接入P3清单正向工作台候选
331,c8c75ce5f99219147799ded08af8ce11110cef09,2026-08-31T14:28:27+08:00,codex/f-cut-001-matrices,f58f24ce9acbca1822f1a3d2c3a1004fc9c27361,F-CUT-003,yudao-ui/yudao-ui-admin-vue3/src/views/pms/cutover/cutover-task/components/CutoverChecklistPanel.vue,CONFLICTING_HUNKS_PENDING,rejected_hunks=1 rc=1,fix(cutover): 修复P3清单面板与答案往返
331,c8c75ce5f99219147799ded08af8ce11110cef09,2026-08-31T14:28:27+08:00,codex/f-cut-001-matrices,f58f24ce9acbca1822f1a3d2c3a1004fc9c27361,F-CUT-003,yudao-ui/yudao-ui-admin-vue3/src/views/pms/cutover/cutover-task/cutoverChecklistComponents.spec.ts,CONFLICTING_HUNKS_PENDING,rejected_hunks=1 rc=1,fix(cutover): 修复P3清单面板与答案往返
331,c8c75ce5f99219147799ded08af8ce11110cef09,2026-08-31T14:28:27+08:00,codex/f-cut-001-matrices,f58f24ce9acbca1822f1a3d2c3a1004fc9c27361,F-CUT-003,yudao-ui/yudao-ui-admin-vue3/src/views/pms/cutover/cutover-task/cutoverTaskInteraction.spec.ts,CONFLICTING_HUNKS_PENDING,rejected_hunks=1 rc=1,fix(cutover): 修复P3清单面板与答案往返
331,c8c75ce5f99219147799ded08af8ce11110cef09,2026-08-31T14:28:27+08:00,codex/f-cut-001-matrices,f58f24ce9acbca1822f1a3d2c3a1004fc9c27361,F-CUT-003,yudao-ui/yudao-ui-admin-vue3/src/views/pms/cutover/cutover-task/cutoverTaskInteraction.ts,CONFLICTING_HUNKS_PENDING,rejected_hunks=1 rc=1,fix(cutover): 修复P3清单面板与答案往返
331,c8c75ce5f99219147799ded08af8ce11110cef09,2026-08-31T14:28:27+08:00,codex/f-cut-001-matrices,f58f24ce9acbca1822f1a3d2c3a1004fc9c27361,F-CUT-003,yudao-ui/yudao-ui-admin-vue3/src/views/pms/cutover/cutover-task/index.vue,CONFLICTING_HUNKS_PENDING,rejected_hunks=1 rc=1,fix(cutover): 修复P3清单面板与答案往返
332,587db48d18f5b5d075be1006d3edf748ddc8794c,2026-08-31T14:30:19+08:00,codex/f-cut-001-matrices,e8df2c0401d14b7ad3a0bf8a5a11a6d64964ff0f,F-CUT-003,specs/features/README.md,EXCLUDED_SOURCE_METADATA,regenerated after code replay,docs(cutover): 回写P3工作台候选评审状态
332,587db48d18f5b5d075be1006d3edf748ddc8794c,2026-08-31T14:30:19+08:00,codex/f-cut-001-matrices,e8df2c0401d14b7ad3a0bf8a5a11a6d64964ff0f,F-CUT-003,tasks/features/F-CUT-003.md,EXCLUDED_SOURCE_METADATA,regenerated after code replay,docs(cutover): 回写P3工作台候选评审状态
334,148af0e859d4fc4086052516e7a07527f26c6397,2026-08-31T14:44:52+08:00,codex/f-cut-001-matrices,e87e98b191d37acf5db1f9adb2af0683132dbba3,F-CUT-003,pms-module-cutover/src/main/java/cn/iocoder/yudao/module/pms/cutover/service/checklist/CutoverChecklistApplicationService.java,CONFLICTING_HUNKS_PENDING,rejected_hunks=1 rc=1,feat(cutover): 补齐P3自定义项与采集闭环
334,148af0e859d4fc4086052516e7a07527f26c6397,2026-08-31T14:44:52+08:00,codex/f-cut-001-matrices,e87e98b191d37acf5db1f9adb2af0683132dbba3,F-CUT-003,pms-module-cutover/src/main/java/cn/iocoder/yudao/module/pms/cutover/service/checklist/result/CollectionRequestCommandResult.java,CONFLICTING_HUNKS_PENDING,rejected_hunks=0 rc=1,feat(cutover): 补齐P3自定义项与采集闭环
334,148af0e859d4fc4086052516e7a07527f26c6397,2026-08-31T14:44:52+08:00,codex/f-cut-001-matrices,e87e98b191d37acf5db1f9adb2af0683132dbba3,F-CUT-003,pms-module-cutover/src/test/java/cn/iocoder/yudao/module/pms/cutover/controller/admin/taskv2/CutoverChecklistControllerContractTest.java,CONFLICTING_HUNKS_PENDING,rejected_hunks=1 rc=1,feat(cutover): 补齐P3自定义项与采集闭环
334,148af0e859d4fc4086052516e7a07527f26c6397,2026-08-31T14:44:52+08:00,codex/f-cut-001-matrices,e87e98b191d37acf5db1f9adb2af0683132dbba3,F-CUT-003,pms-module-cutover/src/test/java/cn/iocoder/yudao/module/pms/cutover/service/checklist/CutoverChecklistApplicationServiceTest.java,CONFLICTING_HUNKS_PENDING,rejected_hunks=1 rc=1,feat(cutover): 补齐P3自定义项与采集闭环
334,148af0e859d4fc4086052516e7a07527f26c6397,2026-08-31T14:44:52+08:00,codex/f-cut-001-matrices,e87e98b191d37acf5db1f9adb2af0683132dbba3,F-CUT-003,yudao-ui/yudao-ui-admin-vue3/src/api/pms/cutover/cutover-task/index.ts,CONFLICTING_HUNKS_PENDING,rejected_hunks=1 rc=1,feat(cutover): 补齐P3自定义项与采集闭环
334,148af0e859d4fc4086052516e7a07527f26c6397,2026-08-31T14:44:52+08:00,codex/f-cut-001-matrices,e87e98b191d37acf5db1f9adb2af0683132dbba3,F-CUT-003,yudao-ui/yudao-ui-admin-vue3/src/views/pms/cutover/cutover-task/components/CutoverChecklistField.vue,CONFLICTING_HUNKS_PENDING,rejected_hunks=1 rc=1,feat(cutover): 补齐P3自定义项与采集闭环
334,148af0e859d4fc4086052516e7a07527f26c6397,2026-08-31T14:44:52+08:00,codex/f-cut-001-matrices,e87e98b191d37acf5db1f9adb2af0683132dbba3,F-CUT-003,yudao-ui/yudao-ui-admin-vue3/src/views/pms/cutover/cutover-task/components/CutoverChecklistPanel.vue,CONFLICTING_HUNKS_PENDING,rejected_hunks=1 rc=1,feat(cutover): 补齐P3自定义项与采集闭环
334,148af0e859d4fc4086052516e7a07527f26c6397,2026-08-31T14:44:52+08:00,codex/f-cut-001-matrices,e87e98b191d37acf5db1f9adb2af0683132dbba3,F-CUT-003,yudao-ui/yudao-ui-admin-vue3/src/views/pms/cutover/cutover-task/cutoverChecklistComponents.spec.ts,APPLIED_NON_CONFLICTING_HUNKS,rejected_hunks=1 rc=1,feat(cutover): 补齐P3自定义项与采集闭环
335,23dff6cdcd3c0d287bd0a26c03447522e5de257c,2026-08-31T14:56:02+08:00,codex/f-cut-001-matrices,c8c77311c1032a7718408a770b404235ff37f5f2,F-CUT-003,pms-module-cutover/src/main/java/cn/iocoder/yudao/module/pms/cutover/service/taskv2/CutoverTaskQueryService.java,CONFLICTING_HUNKS_PENDING,rejected_hunks=1 rc=1,fix(cutover): 收口P3采集异步结果链
335,23dff6cdcd3c0d287bd0a26c03447522e5de257c,2026-08-31T14:56:02+08:00,codex/f-cut-001-matrices,c8c77311c1032a7718408a770b404235ff37f5f2,F-CUT-003,pms-module-cutover/src/test/java/cn/iocoder/yudao/module/pms/cutover/service/checklist/CutoverChecklistApplicationServiceTest.java,CONFLICTING_HUNKS_PENDING,rejected_hunks=1 rc=1,fix(cutover): 收口P3采集异步结果链
335,23dff6cdcd3c0d287bd0a26c03447522e5de257c,2026-08-31T14:56:02+08:00,codex/f-cut-001-matrices,c8c77311c1032a7718408a770b404235ff37f5f2,F-CUT-003,pms-module-cutover/src/test/java/cn/iocoder/yudao/module/pms/cutover/service/taskv2/CutoverTaskQueryServiceTest.java,CONFLICTING_HUNKS_PENDING,rejected_hunks=1 rc=1,fix(cutover): 收口P3采集异步结果链
335,23dff6cdcd3c0d287bd0a26c03447522e5de257c,2026-08-31T14:56:02+08:00,codex/f-cut-001-matrices,c8c77311c1032a7718408a770b404235ff37f5f2,F-CUT-003,yudao-ui/yudao-ui-admin-vue3/src/views/pms/cutover/cutover-task/components/CutoverChecklistPanel.vue,CONFLICTING_HUNKS_PENDING,rejected_hunks=1 rc=1,fix(cutover): 收口P3采集异步结果链
335,23dff6cdcd3c0d287bd0a26c03447522e5de257c,2026-08-31T14:56:02+08:00,codex/f-cut-001-matrices,c8c77311c1032a7718408a770b404235ff37f5f2,F-CUT-003,yudao-ui/yudao-ui-admin-vue3/src/views/pms/cutover/cutover-task/cutoverChecklistComponents.spec.ts,APPLIED_NON_CONFLICTING_HUNKS,rejected_hunks=1 rc=1,fix(cutover): 收口P3采集异步结果链
336,ad2c854ce0ecab562fe06cd7f16e28c161713496,2026-08-31T14:59:20+08:00,codex/f-cut-001-matrices,5c11a1d7ed2a16208db6dc38e8ea671a42d32b85,F-CUT-003,tasks/features/F-CUT-003.md,EXCLUDED_SOURCE_METADATA,regenerated after code replay,docs(cutover): 回写P3采集整改评审结果
337,2c898d661abd405bb02249b3409e11ea017d813b,2026-08-31T15:11:28+08:00,codex/f-cut-001-matrices,c5d93437cb2380506e43ce217b709b6c4d128efb,F-CUT-002,pms-module-cutover/src/main/java/cn/iocoder/yudao/module/pms/cutover/controller/admin/taskv2/CutoverTaskController.java,CONFLICTING_HUNKS_PENDING,rejected_hunks=0 rc=1,feat(cutover): 接通任务创建六路由候选
337,2c898d661abd405bb02249b3409e11ea017d813b,2026-08-31T15:11:28+08:00,codex/f-cut-001-matrices,c5d93437cb2380506e43ce217b709b6c4d128efb,F-CUT-002,pms-module-cutover/src/main/java/cn/iocoder/yudao/module/pms/cutover/service/taskv2/CutoverTaskApplicationService.java,CONFLICTING_HUNKS_PENDING,rejected_hunks=1 rc=1,feat(cutover): 接通任务创建六路由候选
337,2c898d661abd405bb02249b3409e11ea017d813b,2026-08-31T15:11:28+08:00,codex/f-cut-001-matrices,c5d93437cb2380506e43ce217b709b6c4d128efb,F-CUT-002,pms-module-cutover/src/main/java/cn/iocoder/yudao/module/pms/cutover/service/taskv2/CutoverTaskQueryService.java,CONFLICTING_HUNKS_PENDING,rejected_hunks=1 rc=1,feat(cutover): 接通任务创建六路由候选
337,2c898d661abd405bb02249b3409e11ea017d813b,2026-08-31T15:11:28+08:00,codex/f-cut-001-matrices,c5d93437cb2380506e43ce217b709b6c4d128efb,F-CUT-002,pms-module-cutover/src/test/java/cn/iocoder/yudao/module/pms/cutover/controller/admin/taskv2/CutoverTaskControllerContractTest.java,CONFLICTING_HUNKS_PENDING,rejected_hunks=0 rc=1,feat(cutover): 接通任务创建六路由候选
337,2c898d661abd405bb02249b3409e11ea017d813b,2026-08-31T15:11:28+08:00,codex/f-cut-001-matrices,c5d93437cb2380506e43ce217b709b6c4d128efb,F-CUT-001,yudao-ui/yudao-ui-admin-vue3/src/views/pms/cutover/cutover-task/components/CutoverCreateWizard.vue,CONFLICTING_HUNKS_PENDING,rejected_hunks=1 rc=1,feat(cutover): 接通任务创建六路由候选
337,2c898d661abd405bb02249b3409e11ea017d813b,2026-08-31T15:11:28+08:00,codex/f-cut-001-matrices,c5d93437cb2380506e43ce217b709b6c4d128efb,F-CUT-001,yudao-ui/yudao-ui-admin-vue3/src/views/pms/cutover/cutover-task/cutoverTaskInteraction.spec.ts,CONFLICTING_HUNKS_PENDING,rejected_hunks=1 rc=1,feat(cutover): 接通任务创建六路由候选
337,2c898d661abd405bb02249b3409e11ea017d813b,2026-08-31T15:11:28+08:00,codex/f-cut-001-matrices,c5d93437cb2380506e43ce217b709b6c4d128efb,F-CUT-001,yudao-ui/yudao-ui-admin-vue3/src/views/pms/cutover/cutover-task/cutoverTaskInteraction.ts,CONFLICTING_HUNKS_PENDING,rejected_hunks=1 rc=1,feat(cutover): 接通任务创建六路由候选
338,97ac132d20a6c42c9a1dbf888142a80a1ec0210e,2026-08-31T15:24:35+08:00,codex/f-cut-001-matrices,1c4a8438418a331a163c71823621d0baa656427d,F-CUT-002,pms-module-cutover/src/main/java/cn/iocoder/yudao/module/pms/cutover/api/task/CutoverTaskIntakeApiImpl.java,CONFLICTING_HUNKS_PENDING,rejected_hunks=1 rc=1,fix(cutover): 收口任务创建候选门禁
338,97ac132d20a6c42c9a1dbf888142a80a1ec0210e,2026-08-31T15:24:35+08:00,codex/f-cut-001-matrices,1c4a8438418a331a163c71823621d0baa656427d,F-CUT-002,pms-module-cutover/src/main/java/cn/iocoder/yudao/module/pms/cutover/controller/admin/taskv2/CutoverTaskController.java,CONFLICTING_HUNKS_PENDING,rejected_hunks=1 rc=1,fix(cutover): 收口任务创建候选门禁
338,97ac132d20a6c42c9a1dbf888142a80a1ec0210e,2026-08-31T15:24:35+08:00,codex/f-cut-001-matrices,1c4a8438418a331a163c71823621d0baa656427d,F-CUT-002,pms-module-cutover/src/main/java/cn/iocoder/yudao/module/pms/cutover/controller/admin/taskv2/CutoverTaskErrorData.java,CONFLICTING_HUNKS_PENDING,rejected_hunks=0 rc=1,fix(cutover): 收口任务创建候选门禁
338,97ac132d20a6c42c9a1dbf888142a80a1ec0210e,2026-08-31T15:24:35+08:00,codex/f-cut-001-matrices,1c4a8438418a331a163c71823621d0baa656427d,F-CUT-002,pms-module-cutover/src/main/java/cn/iocoder/yudao/module/pms/cutover/controller/admin/taskv2/CutoverTaskRequestCodec.java,APPLIED_ADD_ADD,current-semantic-superset,fix(cutover): 收口任务创建候选门禁
338,97ac132d20a6c42c9a1dbf888142a80a1ec0210e,2026-08-31T15:24:35+08:00,codex/f-cut-001-matrices,1c4a8438418a331a163c71823621d0baa656427d,F-CUT-002,pms-module-cutover/src/main/java/cn/iocoder/yudao/module/pms/cutover/service/taskv2/CutoverTaskApplicationException.java,CONFLICTING_HUNKS_PENDING,rejected_hunks=1 rc=1,fix(cutover): 收口任务创建候选门禁
338,97ac132d20a6c42c9a1dbf888142a80a1ec0210e,2026-08-31T15:24:35+08:00,codex/f-cut-001-matrices,1c4a8438418a331a163c71823621d0baa656427d,F-CUT-002,pms-module-cutover/src/test/java/cn/iocoder/yudao/module/pms/cutover/controller/admin/taskv2/CutoverTaskRequestCodecTest.java,CONFLICTING_HUNKS_PENDING,rejected_hunks=0 rc=1,fix(cutover): 收口任务创建候选门禁
338,97ac132d20a6c42c9a1dbf888142a80a1ec0210e,2026-08-31T15:24:35+08:00,codex/f-cut-001-matrices,1c4a8438418a331a163c71823621d0baa656427d,F-CUT-001,yudao-ui/yudao-ui-admin-vue3/src/views/pms/cutover/cutover-task/cutoverTaskInteraction.spec.ts,APPLIED_CODE_CHANGE,clean per-commit delta,fix(cutover): 收口任务创建候选门禁
340,99dc9c66ba66490111b165176dba2ff38fb48e19,2026-08-31T15:32:11+08:00,codex/f-cut-001-matrices,792b93115fab40ec83294db59abe055042aabb9c,F-CUT-002,tasks/features/F-CUT-002.md,EXCLUDED_SOURCE_METADATA,regenerated after code replay,docs(cutover): 回写六路由候选评审结果
341,a5734d00e8578a6b74f9b711f1ffea112f1ef72a,2026-08-31T15:52:30+08:00,codex/f-cut-001-matrices,236e79afd530270c4092e739d63bba3230c73f8c,F-CUT-002,pms-module-cutover/src/main/java/cn/iocoder/yudao/module/pms/cutover/service/taskv2/CutoverTaskQueryService.java,CONFLICTING_HUNKS_PENDING,rejected_hunks=1 rc=1,fix(cutover): 收口任务动作与迁移归类
341,a5734d00e8578a6b74f9b711f1ffea112f1ef72a,2026-08-31T15:52:30+08:00,codex/f-cut-001-matrices,236e79afd530270c4092e739d63bba3230c73f8c,F-CUT-002,pms-module-cutover/src/main/java/cn/iocoder/yudao/module/pms/cutover/service/taskv2/migration/LegacyCutoverReconciliationService.java,CONFLICTING_HUNKS_PENDING,rejected_hunks=1 rc=1,fix(cutover): 收口任务动作与迁移归类
343,15ba476c4e74944d654e4c054c4029d4bf77d391,2026-08-31T15:56:25+08:00,codex/f-cut-001-matrices,aefe63d7a6925f23d258b8574bc4ec233057b5f2,F-CUT-002,tasks/features/F-CUT-002.md,EXCLUDED_SOURCE_METADATA,regenerated after code replay,docs(cutover): 回写任务一整改状态
344,9b1a613ed54d2bfa58c332238bc11188ca90792f,2026-09-01T09:20:28+08:00,codex/f-cut-001-matrices,e9993056ce482a3114216b2720d34cd3568e4c34,F-CUT-001,pms-module-cutover/src/test/java/cn/iocoder/yudao/module/pms/cutover/migration/FCut002PhysicalConstraintMigrationContractTest.java,CONFLICTING_HUNKS_PENDING,rejected_hunks=0 rc=1,fix(cutover): 补齐任务来源与评估约束
344,9b1a613ed54d2bfa58c332238bc11188ca90792f,2026-09-01T09:20:28+08:00,codex/f-cut-001-matrices,e9993056ce482a3114216b2720d34cd3568e4c34,F-CUT-002,sql/migrations/V149__fcut002_task_origin_assessment_checks.sql,APPLIED_CODE_CHANGE,clean per-commit delta,fix(cutover): 补齐任务来源与评估约束
345,f397f4bc9c9511d7f5ef17924c1e460e305d41ef,2026-09-01T09:25:02+08:00,codex/f-cut-001-matrices,74b3b6a36c3546195d5efcc3e2b87ff622f44d57,F-CUT-002,tasks/features/F-CUT-002.md,EXCLUDED_SOURCE_METADATA,regenerated after code replay,docs(cutover): 关闭任务一实施状态
346,9f791d64aa1e2350e7e7ef704c4270d8e4514a02,2026-09-01T09:32:00+08:00,codex/f-cut-001-matrices,47efa1bf3c72862b7b70aa56bd65734f90cfb891,F-CUT-002,tasks/features/F-CUT-002.md,EXCLUDED_SOURCE_METADATA,regenerated after code replay,feat(cutover): 收口任务工作台正向交互
346,9f791d64aa1e2350e7e7ef704c4270d8e4514a02,2026-09-01T09:32:00+08:00,codex/f-cut-001-matrices,47efa1bf3c72862b7b70aa56bd65734f90cfb891,F-CUT-001,yudao-ui/yudao-ui-admin-vue3/src/views/pms/cutover/cutover-task/cutoverTaskInteraction.spec.ts,CONFLICTING_HUNKS_PENDING,rejected_hunks=1 rc=1,feat(cutover): 收口任务工作台正向交互
346,9f791d64aa1e2350e7e7ef704c4270d8e4514a02,2026-09-01T09:32:00+08:00,codex/f-cut-001-matrices,47efa1bf3c72862b7b70aa56bd65734f90cfb891,F-CUT-001,yudao-ui/yudao-ui-admin-vue3/src/views/pms/cutover/cutover-task/cutoverTaskInteraction.ts,CONFLICTING_HUNKS_PENDING,rejected_hunks=1 rc=1,feat(cutover): 收口任务工作台正向交互
346,9f791d64aa1e2350e7e7ef704c4270d8e4514a02,2026-09-01T09:32:00+08:00,codex/f-cut-001-matrices,47efa1bf3c72862b7b70aa56bd65734f90cfb891,F-CUT-001,yudao-ui/yudao-ui-admin-vue3/src/views/pms/cutover/cutover-task/index.vue,CONFLICTING_HUNKS_PENDING,rejected_hunks=1 rc=1,feat(cutover): 收口任务工作台正向交互
348,83cc20d73dcf5f21ad49d2bec63cb200cc5fae82,2026-09-01T09:35:43+08:00,codex/f-cut-001-matrices,6f841c2b48cb3711795462aaebbade3527068d4c,F-CUT-002,tasks/features/F-CUT-002.md,EXCLUDED_SOURCE_METADATA,regenerated after code replay,docs(cutover): 回写任务二页面复审状态
349,04b650dfdabe364d6428c5ed7e249062f439d0e2,2026-09-01T09:48:08+08:00,codex/f-cut-001-matrices,72a009f20686ef36dfbfed61d62cc4b453992b30,F-CUT-004,docs/design/05-state-machine.md,EXCLUDED_SOURCE_METADATA,regenerated after code replay,docs(cutover): 建立P4方案Feature候选
349,04b650dfdabe364d6428c5ed7e249062f439d0e2,2026-09-01T09:48:08+08:00,codex/f-cut-001-matrices,72a009f20686ef36dfbfed61d62cc4b453992b30,F-CUT-004,docs/design/06-workflow-design.md,EXCLUDED_SOURCE_METADATA,regenerated after code replay,docs(cutover): 建立P4方案Feature候选
349,04b650dfdabe364d6428c5ed7e249062f439d0e2,2026-09-01T09:48:08+08:00,codex/f-cut-001-matrices,72a009f20686ef36dfbfed61d62cc4b453992b30,F-CUT-004,docs/design/08a-domain-entity-migration-alignment.md,EXCLUDED_SOURCE_METADATA,regenerated after code replay,docs(cutover): 建立P4方案Feature候选
349,04b650dfdabe364d6428c5ed7e249062f439d0e2,2026-09-01T09:48:08+08:00,codex/f-cut-001-matrices,72a009f20686ef36dfbfed61d62cc4b453992b30,F-CUT-004,docs/design/10-api-design.md,EXCLUDED_SOURCE_METADATA,regenerated after code replay,docs(cutover): 建立P4方案Feature候选
349,04b650dfdabe364d6428c5ed7e249062f439d0e2,2026-09-01T09:48:08+08:00,codex/f-cut-001-matrices,72a009f20686ef36dfbfed61d62cc4b453992b30,F-CUT-004,docs/design/11-event-design.md,EXCLUDED_SOURCE_METADATA,regenerated after code replay,docs(cutover): 建立P4方案Feature候选
349,04b650dfdabe364d6428c5ed7e249062f439d0e2,2026-09-01T09:48:08+08:00,codex/f-cut-001-matrices,72a009f20686ef36dfbfed61d62cc4b453992b30,F-CUT-004,docs/design/16-exception-and-idempotency.md,EXCLUDED_SOURCE_METADATA,regenerated after code replay,docs(cutover): 建立P4方案Feature候选
349,04b650dfdabe364d6428c5ed7e249062f439d0e2,2026-09-01T09:48:08+08:00,codex/f-cut-001-matrices,72a009f20686ef36dfbfed61d62cc4b453992b30,F-CUT-004,docs/traceability/domain-entity-migration-contract.json,EXCLUDED_SOURCE_METADATA,regenerated after code replay,docs(cutover): 建立P4方案Feature候选
349,04b650dfdabe364d6428c5ed7e249062f439d0e2,2026-09-01T09:48:08+08:00,codex/f-cut-001-matrices,72a009f20686ef36dfbfed61d62cc4b453992b30,F-CUT-004,docs/traceability/domain-entity-migration-contract.md,EXCLUDED_SOURCE_METADATA,regenerated after code replay,docs(cutover): 建立P4方案Feature候选
349,04b650dfdabe364d6428c5ed7e249062f439d0e2,2026-09-01T09:48:08+08:00,codex/f-cut-001-matrices,72a009f20686ef36dfbfed61d62cc4b453992b30,F-CUT-004,docs/traceability/phase2-contract-map.md,EXCLUDED_SOURCE_METADATA,regenerated after code replay,docs(cutover): 建立P4方案Feature候选
349,04b650dfdabe364d6428c5ed7e249062f439d0e2,2026-09-01T09:48:08+08:00,codex/f-cut-001-matrices,72a009f20686ef36dfbfed61d62cc4b453992b30,F-CUT-004,docs/traceability/requirement-matrix.md,EXCLUDED_SOURCE_METADATA,regenerated after code replay,docs(cutover): 建立P4方案Feature候选
349,04b650dfdabe364d6428c5ed7e249062f439d0e2,2026-09-01T09:48:08+08:00,codex/f-cut-001-matrices,72a009f20686ef36dfbfed61d62cc4b453992b30,F-CUT-004,docs/traceability/requirement-version-coverage.json,EXCLUDED_SOURCE_METADATA,regenerated after code replay,docs(cutover): 建立P4方案Feature候选
349,04b650dfdabe364d6428c5ed7e249062f439d0e2,2026-09-01T09:48:08+08:00,codex/f-cut-001-matrices,72a009f20686ef36dfbfed61d62cc4b453992b30,F-CUT-004,scripts/generate_domain_entity_migration_contract.py,APPLIED_CODE_CHANGE,clean per-commit delta,docs(cutover): 建立P4方案Feature候选
349,04b650dfdabe364d6428c5ed7e249062f439d0e2,2026-09-01T09:48:08+08:00,codex/f-cut-001-matrices,72a009f20686ef36dfbfed61d62cc4b453992b30,F-CUT-004,scripts/generate_phase2_contract_map.py,APPLIED_CODE_CHANGE,clean per-commit delta,docs(cutover): 建立P4方案Feature候选
349,04b650dfdabe364d6428c5ed7e249062f439d0e2,2026-09-01T09:48:08+08:00,codex/f-cut-001-matrices,72a009f20686ef36dfbfed61d62cc4b453992b30,F-CUT-004,scripts/tests/test_fcut004_feature_contract.py,APPLIED_CODE_CHANGE,clean per-commit delta,docs(cutover): 建立P4方案Feature候选
349,04b650dfdabe364d6428c5ed7e249062f439d0e2,2026-09-01T09:48:08+08:00,codex/f-cut-001-matrices,72a009f20686ef36dfbfed61d62cc4b453992b30,F-CUT-004,specs/features/F-CUT-004-api-contract.json,EXCLUDED_SOURCE_METADATA,regenerated after code replay,docs(cutover): 建立P4方案Feature候选
349,04b650dfdabe364d6428c5ed7e249062f439d0e2,2026-09-01T09:48:08+08:00,codex/f-cut-001-matrices,72a009f20686ef36dfbfed61d62cc4b453992b30,F-CUT-004,specs/features/F-CUT-004-legacy-reuse-audit.md,EXCLUDED_SOURCE_METADATA,regenerated after code replay,docs(cutover): 建立P4方案Feature候选
349,04b650dfdabe364d6428c5ed7e249062f439d0e2,2026-09-01T09:48:08+08:00,codex/f-cut-001-matrices,72a009f20686ef36dfbfed61d62cc4b453992b30,F-CUT-004,specs/features/F-CUT-004-p4-cutover-plan-authoring.md,EXCLUDED_SOURCE_METADATA,regenerated after code replay,docs(cutover): 建立P4方案Feature候选
349,04b650dfdabe364d6428c5ed7e249062f439d0e2,2026-09-01T09:48:08+08:00,codex/f-cut-001-matrices,72a009f20686ef36dfbfed61d62cc4b453992b30,F-CUT-004,specs/features/F-CUT-004-physical-contract.json,EXCLUDED_SOURCE_METADATA,regenerated after code replay,docs(cutover): 建立P4方案Feature候选
349,04b650dfdabe364d6428c5ed7e249062f439d0e2,2026-09-01T09:48:08+08:00,codex/f-cut-001-matrices,72a009f20686ef36dfbfed61d62cc4b453992b30,F-CUT-004,specs/features/README.md,EXCLUDED_SOURCE_METADATA,regenerated after code replay,docs(cutover): 建立P4方案Feature候选
349,04b650dfdabe364d6428c5ed7e249062f439d0e2,2026-09-01T09:48:08+08:00,codex/f-cut-001-matrices,72a009f20686ef36dfbfed61d62cc4b453992b30,F-CUT-004,tasks/features/F-CUT-004.md,EXCLUDED_SOURCE_METADATA,regenerated after code replay,docs(cutover): 建立P4方案Feature候选
350,a5334616852cad576297977846c9d579cbd3dd26,2026-09-01T10:07:52+08:00,codex/f-cut-001-matrices,3193789c6c6e110f39b52402179e42754c5de660,F-CUT-004,docs/design/05-state-machine.md,EXCLUDED_SOURCE_METADATA,regenerated after code replay,docs(cutover): 收敛P4方案机器合同
350,a5334616852cad576297977846c9d579cbd3dd26,2026-09-01T10:07:52+08:00,codex/f-cut-001-matrices,3193789c6c6e110f39b52402179e42754c5de660,F-CUT-004,docs/design/06-workflow-design.md,EXCLUDED_SOURCE_METADATA,regenerated after code replay,docs(cutover): 收敛P4方案机器合同
350,a5334616852cad576297977846c9d579cbd3dd26,2026-09-01T10:07:52+08:00,codex/f-cut-001-matrices,3193789c6c6e110f39b52402179e42754c5de660,F-CUT-004,docs/design/08a-domain-entity-migration-alignment.md,EXCLUDED_SOURCE_METADATA,regenerated after code replay,docs(cutover): 收敛P4方案机器合同
350,a5334616852cad576297977846c9d579cbd3dd26,2026-09-01T10:07:52+08:00,codex/f-cut-001-matrices,3193789c6c6e110f39b52402179e42754c5de660,F-CUT-004,docs/design/09-database-design.md,EXCLUDED_SOURCE_METADATA,regenerated after code replay,docs(cutover): 收敛P4方案机器合同
350,a5334616852cad576297977846c9d579cbd3dd26,2026-09-01T10:07:52+08:00,codex/f-cut-001-matrices,3193789c6c6e110f39b52402179e42754c5de660,F-CUT-004,docs/design/10-api-design.md,EXCLUDED_SOURCE_METADATA,regenerated after code replay,docs(cutover): 收敛P4方案机器合同
350,a5334616852cad576297977846c9d579cbd3dd26,2026-09-01T10:07:52+08:00,codex/f-cut-001-matrices,3193789c6c6e110f39b52402179e42754c5de660,F-CUT-004,docs/design/11-event-design.md,EXCLUDED_SOURCE_METADATA,regenerated after code replay,docs(cutover): 收敛P4方案机器合同
350,a5334616852cad576297977846c9d579cbd3dd26,2026-09-01T10:07:52+08:00,codex/f-cut-001-matrices,3193789c6c6e110f39b52402179e42754c5de660,F-CUT-004,docs/design/16-exception-and-idempotency.md,EXCLUDED_SOURCE_METADATA,regenerated after code replay,docs(cutover): 收敛P4方案机器合同
350,a5334616852cad576297977846c9d579cbd3dd26,2026-09-01T10:07:52+08:00,codex/f-cut-001-matrices,3193789c6c6e110f39b52402179e42754c5de660,F-CUT-004,docs/traceability/domain-entity-migration-contract.json,EXCLUDED_SOURCE_METADATA,regenerated after code replay,docs(cutover): 收敛P4方案机器合同
350,a5334616852cad576297977846c9d579cbd3dd26,2026-09-01T10:07:52+08:00,codex/f-cut-001-matrices,3193789c6c6e110f39b52402179e42754c5de660,F-CUT-004,docs/traceability/domain-entity-migration-contract.md,EXCLUDED_SOURCE_METADATA,regenerated after code replay,docs(cutover): 收敛P4方案机器合同
350,a5334616852cad576297977846c9d579cbd3dd26,2026-09-01T10:07:52+08:00,codex/f-cut-001-matrices,3193789c6c6e110f39b52402179e42754c5de660,F-CUT-004,docs/traceability/phase2-contract-map.md,EXCLUDED_SOURCE_METADATA,regenerated after code replay,docs(cutover): 收敛P4方案机器合同
350,a5334616852cad576297977846c9d579cbd3dd26,2026-09-01T10:07:52+08:00,codex/f-cut-001-matrices,3193789c6c6e110f39b52402179e42754c5de660,F-CUT-004,scripts/generate_domain_entity_migration_contract.py,APPLIED_CODE_CHANGE,clean per-commit delta,docs(cutover): 收敛P4方案机器合同
350,a5334616852cad576297977846c9d579cbd3dd26,2026-09-01T10:07:52+08:00,codex/f-cut-001-matrices,3193789c6c6e110f39b52402179e42754c5de660,F-CUT-004,scripts/generate_phase2_contract_map.py,APPLIED_CODE_CHANGE,clean per-commit delta,docs(cutover): 收敛P4方案机器合同
350,a5334616852cad576297977846c9d579cbd3dd26,2026-09-01T10:07:52+08:00,codex/f-cut-001-matrices,3193789c6c6e110f39b52402179e42754c5de660,F-CUT-004,scripts/tests/test_fcut004_feature_contract.py,APPLIED_CODE_CHANGE,clean per-commit delta,docs(cutover): 收敛P4方案机器合同
350,a5334616852cad576297977846c9d579cbd3dd26,2026-09-01T10:07:52+08:00,codex/f-cut-001-matrices,3193789c6c6e110f39b52402179e42754c5de660,F-CUT-004,specs/features/F-CUT-004-api-contract.json,EXCLUDED_SOURCE_METADATA,regenerated after code replay,docs(cutover): 收敛P4方案机器合同
350,a5334616852cad576297977846c9d579cbd3dd26,2026-09-01T10:07:52+08:00,codex/f-cut-001-matrices,3193789c6c6e110f39b52402179e42754c5de660,F-CUT-004,specs/features/F-CUT-004-legacy-reuse-audit.md,EXCLUDED_SOURCE_METADATA,regenerated after code replay,docs(cutover): 收敛P4方案机器合同
350,a5334616852cad576297977846c9d579cbd3dd26,2026-09-01T10:07:52+08:00,codex/f-cut-001-matrices,3193789c6c6e110f39b52402179e42754c5de660,F-CUT-004,specs/features/F-CUT-004-p4-cutover-plan-authoring.md,EXCLUDED_SOURCE_METADATA,regenerated after code replay,docs(cutover): 收敛P4方案机器合同
350,a5334616852cad576297977846c9d579cbd3dd26,2026-09-01T10:07:52+08:00,codex/f-cut-001-matrices,3193789c6c6e110f39b52402179e42754c5de660,F-CUT-004,specs/features/F-CUT-004-physical-contract.json,EXCLUDED_SOURCE_METADATA,regenerated after code replay,docs(cutover): 收敛P4方案机器合同
350,a5334616852cad576297977846c9d579cbd3dd26,2026-09-01T10:07:52+08:00,codex/f-cut-001-matrices,3193789c6c6e110f39b52402179e42754c5de660,F-CUT-005,specs/features/F-CUT-005-approval-owner-contract.json,EXCLUDED_SOURCE_METADATA,regenerated after code replay,docs(cutover): 收敛P4方案机器合同
350,a5334616852cad576297977846c9d579cbd3dd26,2026-09-01T10:07:52+08:00,codex/f-cut-001-matrices,3193789c6c6e110f39b52402179e42754c5de660,F-CUT-004,tasks/features/F-CUT-004.md,EXCLUDED_SOURCE_METADATA,regenerated after code replay,docs(cutover): 收敛P4方案机器合同
351,9c13fcf3ae552247f5a17b322fdb33bfd61c9e74,2026-09-01T10:14:04+08:00,codex/f-cut-001-matrices,d16072c6d3f9263bf53d9c20e11c531ee905fb64,F-CUT-004,docs/design/09-database-design.md,EXCLUDED_SOURCE_METADATA,regenerated after code replay,docs(cutover): 修正P4方案事实边界
351,9c13fcf3ae552247f5a17b322fdb33bfd61c9e74,2026-09-01T10:14:04+08:00,codex/f-cut-001-matrices,d16072c6d3f9263bf53d9c20e11c531ee905fb64,F-CUT-004,scripts/tests/test_fcut004_feature_contract.py,APPLIED_CODE_CHANGE,clean per-commit delta,docs(cutover): 修正P4方案事实边界
351,9c13fcf3ae552247f5a17b322fdb33bfd61c9e74,2026-09-01T10:14:04+08:00,codex/f-cut-001-matrices,d16072c6d3f9263bf53d9c20e11c531ee905fb64,F-CUT-004,specs/features/F-CUT-004-api-contract.json,EXCLUDED_SOURCE_METADATA,regenerated after code replay,docs(cutover): 修正P4方案事实边界
351,9c13fcf3ae552247f5a17b322fdb33bfd61c9e74,2026-09-01T10:14:04+08:00,codex/f-cut-001-matrices,d16072c6d3f9263bf53d9c20e11c531ee905fb64,F-CUT-004,specs/features/F-CUT-004-p4-cutover-plan-authoring.md,EXCLUDED_SOURCE_METADATA,regenerated after code replay,docs(cutover): 修正P4方案事实边界
351,9c13fcf3ae552247f5a17b322fdb33bfd61c9e74,2026-09-01T10:14:04+08:00,codex/f-cut-001-matrices,d16072c6d3f9263bf53d9c20e11c531ee905fb64,F-CUT-004,specs/features/F-CUT-004-physical-contract.json,EXCLUDED_SOURCE_METADATA,regenerated after code replay,docs(cutover): 修正P4方案事实边界
351,9c13fcf3ae552247f5a17b322fdb33bfd61c9e74,2026-09-01T10:14:04+08:00,codex/f-cut-001-matrices,d16072c6d3f9263bf53d9c20e11c531ee905fb64,F-CUT-004,tasks/features/F-CUT-004.md,EXCLUDED_SOURCE_METADATA,regenerated after code replay,docs(cutover): 修正P4方案事实边界
352,87b0b066da68840bd7ae172cf41d94cdbb44dee9,2026-09-01T10:16:22+08:00,codex/f-cut-001-matrices,a2550776522be9b294983a869c1c0bc15770071a,F-CUT-001,docs/design/09-database-design.md,EXCLUDED_SOURCE_METADATA,regenerated after code replay,docs(cutover): 统一联系人变更版本
352,87b0b066da68840bd7ae172cf41d94cdbb44dee9,2026-09-01T10:16:22+08:00,codex/f-cut-001-matrices,a2550776522be9b294983a869c1c0bc15770071a,F-CUT-001,scripts/tests/test_fcut004_feature_contract.py,APPLIED_CODE_CHANGE,clean per-commit delta,docs(cutover): 统一联系人变更版本
352,87b0b066da68840bd7ae172cf41d94cdbb44dee9,2026-09-01T10:16:22+08:00,codex/f-cut-001-matrices,a2550776522be9b294983a869c1c0bc15770071a,F-CUT-004,specs/features/F-CUT-004-api-contract.json,EXCLUDED_SOURCE_METADATA,regenerated after code replay,docs(cutover): 统一联系人变更版本
352,87b0b066da68840bd7ae172cf41d94cdbb44dee9,2026-09-01T10:16:22+08:00,codex/f-cut-001-matrices,a2550776522be9b294983a869c1c0bc15770071a,F-CUT-004,specs/features/F-CUT-004-p4-cutover-plan-authoring.md,EXCLUDED_SOURCE_METADATA,regenerated after code replay,docs(cutover): 统一联系人变更版本
352,87b0b066da68840bd7ae172cf41d94cdbb44dee9,2026-09-01T10:16:22+08:00,codex/f-cut-001-matrices,a2550776522be9b294983a869c1c0bc15770071a,F-CUT-004,tasks/features/F-CUT-004.md,EXCLUDED_SOURCE_METADATA,regenerated after code replay,docs(cutover): 统一联系人变更版本
353,644816f244483e24b72f03d8bf7d242f64a5d8ca,2026-09-01T10:17:26+08:00,codex/f-cut-001-matrices,9778824e531f7045025c3f856e7bfa2ed0eb5b19,F-CUT-004,specs/features/F-CUT-004-api-contract.json,EXCLUDED_SOURCE_METADATA,regenerated after code replay,docs(cutover): 回写P4机器合同通过
353,644816f244483e24b72f03d8bf7d242f64a5d8ca,2026-09-01T10:17:26+08:00,codex/f-cut-001-matrices,9778824e531f7045025c3f856e7bfa2ed0eb5b19,F-CUT-004,specs/features/F-CUT-004-p4-cutover-plan-authoring.md,EXCLUDED_SOURCE_METADATA,regenerated after code replay,docs(cutover): 回写P4机器合同通过
353,644816f244483e24b72f03d8bf7d242f64a5d8ca,2026-09-01T10:17:26+08:00,codex/f-cut-001-matrices,9778824e531f7045025c3f856e7bfa2ed0eb5b19,F-CUT-004,specs/features/F-CUT-004-physical-contract.json,EXCLUDED_SOURCE_METADATA,regenerated after code replay,docs(cutover): 回写P4机器合同通过
353,644816f244483e24b72f03d8bf7d242f64a5d8ca,2026-09-01T10:17:26+08:00,codex/f-cut-001-matrices,9778824e531f7045025c3f856e7bfa2ed0eb5b19,F-CUT-005,specs/features/F-CUT-005-approval-owner-contract.json,EXCLUDED_SOURCE_METADATA,regenerated after code replay,docs(cutover): 回写P4机器合同通过
353,644816f244483e24b72f03d8bf7d242f64a5d8ca,2026-09-01T10:17:26+08:00,codex/f-cut-001-matrices,9778824e531f7045025c3f856e7bfa2ed0eb5b19,F-CUT-004,tasks/features/F-CUT-004.md,EXCLUDED_SOURCE_METADATA,regenerated after code replay,docs(cutover): 回写P4机器合同通过
354,55087b962165a6a0379641c452987ed05b73da6b,2026-09-01T10:19:06+08:00,codex/f-cut-001-matrices,fad04131193e49feb8d518814a3ecadb6ed30a90,F-CUT-004,specs/features/F-CUT-004-p4-cutover-plan-authoring.md,EXCLUDED_SOURCE_METADATA,regenerated after code replay,docs(cutover): 基线化P4方案Feature
354,55087b962165a6a0379641c452987ed05b73da6b,2026-09-01T10:19:06+08:00,codex/f-cut-001-matrices,fad04131193e49feb8d518814a3ecadb6ed30a90,F-CUT-004,specs/features/README.md,EXCLUDED_SOURCE_METADATA,regenerated after code replay,docs(cutover): 基线化P4方案Feature
354,55087b962165a6a0379641c452987ed05b73da6b,2026-09-01T10:19:06+08:00,codex/f-cut-001-matrices,fad04131193e49feb8d518814a3ecadb6ed30a90,F-CUT-004,tasks/features/F-CUT-004.md,EXCLUDED_SOURCE_METADATA,regenerated after code replay,docs(cutover): 基线化P4方案Feature
355,90e181bb0258082d07609baeffc3988cda9537d2,2026-09-01T10:24:36+08:00,codex/f-cut-001-matrices,88d15c11b019f64159369a33d76acf8ea6f108d3,F-CUT-004,docs/superpowers/plans/2026-09-01-f-cut-004-p4-cutover-plan-authoring.md,EXCLUDED_SOURCE_METADATA,regenerated after code replay,docs(cutover): 制定P4方案实施计划
355,90e181bb0258082d07609baeffc3988cda9537d2,2026-09-01T10:24:36+08:00,codex/f-cut-001-matrices,88d15c11b019f64159369a33d76acf8ea6f108d3,F-CUT-004,specs/features/F-CUT-004-p4-cutover-plan-authoring.md,EXCLUDED_SOURCE_METADATA,regenerated after code replay,docs(cutover): 制定P4方案实施计划
355,90e181bb0258082d07609baeffc3988cda9537d2,2026-09-01T10:24:36+08:00,codex/f-cut-001-matrices,88d15c11b019f64159369a33d76acf8ea6f108d3,F-CUT-004,tasks/features/F-CUT-004.md,EXCLUDED_SOURCE_METADATA,regenerated after code replay,docs(cutover): 制定P4方案实施计划
356,9ef7545d9fabe7ff3f839988295c95c9fef4744d,2026-09-01T10:27:20+08:00,codex/f-cut-001-matrices,42d6f00495b0fc51b3ac1ed16e044af1849f1954,F-CUT-004,docs/superpowers/plans/2026-09-01-f-cut-004-p4-cutover-plan-authoring.md,EXCLUDED_SOURCE_METADATA,regenerated after code replay,docs(cutover): 改为P4正向闭环实施顺序
357,7b92358b380350051a3797d73b5f044275500b5a,2026-09-01T10:28:59+08:00,codex/f-cut-001-matrices,1d22e75e8a848d9b630270a03bf8bf9e8038daba,F-CUT-004,docs/traceability/requirement-matrix.md,EXCLUDED_SOURCE_METADATA,regenerated after code replay,docs(cutover): 回写P4方案计划通过
357,7b92358b380350051a3797d73b5f044275500b5a,2026-09-01T10:28:59+08:00,codex/f-cut-001-matrices,1d22e75e8a848d9b630270a03bf8bf9e8038daba,F-CUT-004,docs/traceability/requirement-version-coverage.json,EXCLUDED_SOURCE_METADATA,regenerated after code replay,docs(cutover): 回写P4方案计划通过
357,7b92358b380350051a3797d73b5f044275500b5a,2026-09-01T10:28:59+08:00,codex/f-cut-001-matrices,1d22e75e8a848d9b630270a03bf8bf9e8038daba,F-CUT-004,specs/features/README.md,EXCLUDED_SOURCE_METADATA,regenerated after code replay,docs(cutover): 回写P4方案计划通过
357,7b92358b380350051a3797d73b5f044275500b5a,2026-09-01T10:28:59+08:00,codex/f-cut-001-matrices,1d22e75e8a848d9b630270a03bf8bf9e8038daba,F-CUT-004,tasks/features/F-CUT-004.md,EXCLUDED_SOURCE_METADATA,regenerated after code replay,docs(cutover): 回写P4方案计划通过
358,38fd6cfd2c9e7e23fb132562ea293da68c3e96f8,2026-09-01T10:35:34+08:00,codex/f-cut-001-matrices,85c418c7b245a5057d74389679eadf18ec6f32e4,F-CUT-005,pms-module-cutover-api/src/main/java/cn/iocoder/yudao/module/pms/cutover/api/approval/dto/CutoverApprovalStartCommand.java,APPLIED_ADD_ADD,current-semantic-superset,feat(cutover): 预留割接审批事实合同
358,38fd6cfd2c9e7e23fb132562ea293da68c3e96f8,2026-09-01T10:35:34+08:00,codex/f-cut-001-matrices,85c418c7b245a5057d74389679eadf18ec6f32e4,F-CUT-005,pms-module-cutover/src/test/java/cn/iocoder/yudao/module/pms/cutover/api/approval/ControlledCutoverApprovalFactApi.java,CONFLICTING_HUNKS_PENDING,rejected_hunks=0 rc=1,feat(cutover): 预留割接审批事实合同
358,38fd6cfd2c9e7e23fb132562ea293da68c3e96f8,2026-09-01T10:35:34+08:00,codex/f-cut-001-matrices,85c418c7b245a5057d74389679eadf18ec6f32e4,F-CUT-005,pms-module-cutover/src/test/java/cn/iocoder/yudao/module/pms/cutover/api/approval/CutoverApprovalFactApiContractTest.java,CONFLICTING_HUNKS_PENDING,rejected_hunks=0 rc=1,feat(cutover): 预留割接审批事实合同
358,38fd6cfd2c9e7e23fb132562ea293da68c3e96f8,2026-09-01T10:35:34+08:00,codex/f-cut-001-matrices,85c418c7b245a5057d74389679eadf18ec6f32e4,F-CUT-004,tasks/features/F-CUT-004.md,EXCLUDED_SOURCE_METADATA,regenerated after code replay,feat(cutover): 预留割接审批事实合同
359,82164e22f01f631019175d10804855eb254ace84,2026-09-01T10:37:38+08:00,codex/f-cut-001-matrices,b10921d1b754315e69f50341bc70d106a12a415b,F-CUT-004,tasks/features/F-CUT-004.md,EXCLUDED_SOURCE_METADATA,regenerated after code replay,docs(cutover): 回写审批合同任务通过
360,e2fa3cdd8440fed5e762e0e557771661eca4b510,2026-09-01T10:45:31+08:00,codex/f-cut-001-matrices,9ebe22407416b386a7f3a1cbf27d5dcb8619c074,F-CUT-004,pms-module-cutover/src/main/java/cn/iocoder/yudao/module/pms/cutover/dal/mysql/planv2/CutoverPlanRevisionMapper.java,APPLIED_ADD_ADD,current-semantic-superset,feat(cutover): 建立P4方案物理基础
360,e2fa3cdd8440fed5e762e0e557771661eca4b510,2026-09-01T10:45:31+08:00,codex/f-cut-001-matrices,9ebe22407416b386a7f3a1cbf27d5dcb8619c074,F-CUT-004,pms-module-cutover/src/main/resources/mapper/planv2/CutoverPlanRevisionMapper.xml,CONFLICTING_HUNKS_PENDING,rejected_hunks=0 rc=1,feat(cutover): 建立P4方案物理基础
360,e2fa3cdd8440fed5e762e0e557771661eca4b510,2026-09-01T10:45:31+08:00,codex/f-cut-001-matrices,9ebe22407416b386a7f3a1cbf27d5dcb8619c074,F-CUT-004,pms-module-cutover/src/test/java/cn/iocoder/yudao/module/pms/cutover/dal/mysql/planv2/CutoverPlanMapperContractTest.java,CONFLICTING_HUNKS_PENDING,rejected_hunks=0 rc=1,feat(cutover): 建立P4方案物理基础
360,e2fa3cdd8440fed5e762e0e557771661eca4b510,2026-09-01T10:45:31+08:00,codex/f-cut-001-matrices,9ebe22407416b386a7f3a1cbf27d5dcb8619c074,F-CUT-004,pms-module-cutover/src/test/java/cn/iocoder/yudao/module/pms/cutover/migration/Fcut004MigrationContractTest.java,CONFLICTING_HUNKS_PENDING,rejected_hunks=0 rc=1,feat(cutover): 建立P4方案物理基础
360,e2fa3cdd8440fed5e762e0e557771661eca4b510,2026-09-01T10:45:31+08:00,codex/f-cut-001-matrices,9ebe22407416b386a7f3a1cbf27d5dcb8619c074,F-CUT-004,sql/migrations/V150__fcut004_p4_cutover_plan.sql,APPLIED_CODE_CHANGE,clean per-commit delta,feat(cutover): 建立P4方案物理基础
360,e2fa3cdd8440fed5e762e0e557771661eca4b510,2026-09-01T10:45:31+08:00,codex/f-cut-001-matrices,9ebe22407416b386a7f3a1cbf27d5dcb8619c074,F-CUT-004,tasks/features/F-CUT-004.md,EXCLUDED_SOURCE_METADATA,regenerated after code replay,feat(cutover): 建立P4方案物理基础
361,ddda602faadc72b6726ad20902b313acc84adc10,2026-09-01T10:49:29+08:00,codex/f-cut-001-matrices,1f1b55841935995f81a4f82e438afcd60acf626c,F-CUT-004,pms-module-cutover/src/test/java/cn/iocoder/yudao/module/pms/cutover/migration/Fcut004MigrationContractTest.java,CONFLICTING_HUNKS_PENDING,rejected_hunks=1 rc=1,fix(cutover): 收紧P4方案空值约束
361,ddda602faadc72b6726ad20902b313acc84adc10,2026-09-01T10:49:29+08:00,codex/f-cut-001-matrices,1f1b55841935995f81a4f82e438afcd60acf626c,F-CUT-004,sql/migrations/V150__fcut004_p4_cutover_plan.sql,APPLIED_CODE_CHANGE,clean per-commit delta,fix(cutover): 收紧P4方案空值约束
362,627835ad9c4a10deda1a70cbcd64590c56dcc3b4,2026-09-01T10:50:33+08:00,codex/f-cut-001-matrices,6bf77633c33232ec8b02efae3f59bf93292d6158,F-CUT-004,tasks/features/F-CUT-004.md,EXCLUDED_SOURCE_METADATA,regenerated after code replay,docs(cutover): 回写P4物理基础通过
363,3a32c4f7435accb061d99dc2fa98bce3af33a99b,2026-09-01T11:02:34+08:00,codex/f-cut-001-matrices,dacbd7744422d96928eb07804aafebd3e92a26dd,F-CUT-004,pms-module-cutover/src/main/java/cn/iocoder/yudao/module/pms/cutover/service/plan/domain/CutoverPlanContentCodec.java,CONFLICTING_HUNKS_PENDING,rejected_hunks=0 rc=1,feat(cutover): 建立P4方案内容消费模型
363,3a32c4f7435accb061d99dc2fa98bce3af33a99b,2026-09-01T11:02:34+08:00,codex/f-cut-001-matrices,dacbd7744422d96928eb07804aafebd3e92a26dd,F-CUT-004,pms-module-cutover/src/main/java/cn/iocoder/yudao/module/pms/cutover/service/plan/port/CutoverPlanOwnerFactException.java,CONFLICTING_HUNKS_PENDING,rejected_hunks=0 rc=1,feat(cutover): 建立P4方案内容消费模型
363,3a32c4f7435accb061d99dc2fa98bce3af33a99b,2026-09-01T11:02:34+08:00,codex/f-cut-001-matrices,dacbd7744422d96928eb07804aafebd3e92a26dd,F-CUT-004,pms-module-cutover/src/main/java/cn/iocoder/yudao/module/pms/cutover/service/plan/port/CutoverPlanSourcePort.java,CONFLICTING_HUNKS_PENDING,rejected_hunks=0 rc=1,feat(cutover): 建立P4方案内容消费模型
363,3a32c4f7435accb061d99dc2fa98bce3af33a99b,2026-09-01T11:02:34+08:00,codex/f-cut-001-matrices,dacbd7744422d96928eb07804aafebd3e92a26dd,F-CUT-004,pms-module-cutover/src/test/java/cn/iocoder/yudao/module/pms/cutover/service/plan/domain/CutoverPlanContentCodecTest.java,CONFLICTING_HUNKS_PENDING,rejected_hunks=0 rc=1,feat(cutover): 建立P4方案内容消费模型
363,3a32c4f7435accb061d99dc2fa98bce3af33a99b,2026-09-01T11:02:34+08:00,codex/f-cut-001-matrices,dacbd7744422d96928eb07804aafebd3e92a26dd,F-CUT-004,tasks/features/F-CUT-004.md,EXCLUDED_SOURCE_METADATA,regenerated after code replay,feat(cutover): 建立P4方案内容消费模型
364,6672440033ee22b5836739ef15611196f3509ccc,2026-09-01T11:05:41+08:00,codex/f-cut-001-matrices,0938a0af5cb60f59759d95ee27154085272eaf17,UNMAPPED,docs/engineering/independent-adjudicator-role-and-review-rules.md,EXCLUDED_SOURCE_METADATA,regenerated after code replay,docs: 收紧裁决负向测试禁令
365,b6ca8f7172e14878d630f643fae65240b7a64122,2026-09-01T11:09:08+08:00,codex/f-cut-001-matrices,efe682f973381b8c6b3cee52bcf7effa1aa3d2bb,F-CUT-004,pms-module-cutover/src/main/java/cn/iocoder/yudao/module/pms/cutover/service/plan/port/CutoverPlanSourcePort.java,CONFLICTING_HUNKS_PENDING,rejected_hunks=1 rc=1,fix(cutover): 分离P4草稿与提交完整性
365,b6ca8f7172e14878d630f643fae65240b7a64122,2026-09-01T11:09:08+08:00,codex/f-cut-001-matrices,efe682f973381b8c6b3cee52bcf7effa1aa3d2bb,F-CUT-004,pms-module-cutover/src/test/java/cn/iocoder/yudao/module/pms/cutover/service/plan/domain/CutoverPlanContentCodecTest.java,CONFLICTING_HUNKS_PENDING,rejected_hunks=1 rc=1,fix(cutover): 分离P4草稿与提交完整性
365,b6ca8f7172e14878d630f643fae65240b7a64122,2026-09-01T11:09:08+08:00,codex/f-cut-001-matrices,efe682f973381b8c6b3cee52bcf7effa1aa3d2bb,F-CUT-004,specs/features/F-CUT-004-api-contract.json,EXCLUDED_SOURCE_METADATA,regenerated after code replay,fix(cutover): 分离P4草稿与提交完整性
365,b6ca8f7172e14878d630f643fae65240b7a64122,2026-09-01T11:09:08+08:00,codex/f-cut-001-matrices,efe682f973381b8c6b3cee52bcf7effa1aa3d2bb,F-CUT-004,specs/features/F-CUT-004-physical-contract.json,EXCLUDED_SOURCE_METADATA,regenerated after code replay,fix(cutover): 分离P4草稿与提交完整性
365,b6ca8f7172e14878d630f643fae65240b7a64122,2026-09-01T11:09:08+08:00,codex/f-cut-001-matrices,efe682f973381b8c6b3cee52bcf7effa1aa3d2bb,F-CUT-004,tasks/features/F-CUT-004.md,EXCLUDED_SOURCE_METADATA,regenerated after code replay,fix(cutover): 分离P4草稿与提交完整性
366,d30544d111e06aafb6733f09d140b9de95a5705d,2026-09-01T11:11:26+08:00,codex/f-cut-001-matrices,1c3a3b56b38d6d1eaca971afdb86d6fa78f0fa2f,F-CUT-004,tasks/features/F-CUT-004.md,EXCLUDED_SOURCE_METADATA,regenerated after code replay,docs(cutover): 回写P4内容模型通过
367,b903e730cd422f27515b127c1885810a8ea5c191,2026-09-01T11:19:44+08:00,codex/f-cut-001-matrices,19d36e077d8bd839cbcc1bccca3a2a2c3d3d33a6,F-CUT-004,docs/design/10-api-design.md,EXCLUDED_SOURCE_METADATA,regenerated after code replay,docs(cutover): 补齐P4草稿可执行合同
367,b903e730cd422f27515b127c1885810a8ea5c191,2026-09-01T11:19:44+08:00,codex/f-cut-001-matrices,19d36e077d8bd839cbcc1bccca3a2a2c3d3d33a6,F-CUT-004,specs/features/F-CUT-004-api-contract.json,EXCLUDED_SOURCE_METADATA,regenerated after code replay,docs(cutover): 补齐P4草稿可执行合同
367,b903e730cd422f27515b127c1885810a8ea5c191,2026-09-01T11:19:44+08:00,codex/f-cut-001-matrices,19d36e077d8bd839cbcc1bccca3a2a2c3d3d33a6,F-CUT-004,specs/features/F-CUT-004-p4-cutover-plan-authoring.md,EXCLUDED_SOURCE_METADATA,regenerated after code replay,docs(cutover): 补齐P4草稿可执行合同
367,b903e730cd422f27515b127c1885810a8ea5c191,2026-09-01T11:19:44+08:00,codex/f-cut-001-matrices,19d36e077d8bd839cbcc1bccca3a2a2c3d3d33a6,F-CUT-004,specs/features/F-CUT-004-physical-contract.json,EXCLUDED_SOURCE_METADATA,regenerated after code replay,docs(cutover): 补齐P4草稿可执行合同
367,b903e730cd422f27515b127c1885810a8ea5c191,2026-09-01T11:19:44+08:00,codex/f-cut-001-matrices,19d36e077d8bd839cbcc1bccca3a2a2c3d3d33a6,F-CUT-004,tasks/features/F-CUT-004.md,EXCLUDED_SOURCE_METADATA,regenerated after code replay,docs(cutover): 补齐P4草稿可执行合同
368,94157db221b994552189f29a7a11f9756cb51e10,2026-09-01T11:21:41+08:00,codex/f-cut-001-matrices,53912bfc27b88886eafbe637b295c463f362f695,F-CUT-004,docs/design/10-api-design.md,EXCLUDED_SOURCE_METADATA,regenerated after code replay,docs(cutover): 闭合P4创建来源陈旧错误
368,94157db221b994552189f29a7a11f9756cb51e10,2026-09-01T11:21:41+08:00,codex/f-cut-001-matrices,53912bfc27b88886eafbe637b295c463f362f695,F-CUT-004,specs/features/F-CUT-004-api-contract.json,EXCLUDED_SOURCE_METADATA,regenerated after code replay,docs(cutover): 闭合P4创建来源陈旧错误
368,94157db221b994552189f29a7a11f9756cb51e10,2026-09-01T11:21:41+08:00,codex/f-cut-001-matrices,53912bfc27b88886eafbe637b295c463f362f695,F-CUT-004,tasks/features/F-CUT-004.md,EXCLUDED_SOURCE_METADATA,regenerated after code replay,docs(cutover): 闭合P4创建来源陈旧错误
369,952e16482f47952305553252da645963e791ea28,2026-09-01T11:22:34+08:00,codex/f-cut-001-matrices,50d80bc14da8f002f2593e8a0d9b5fadd7c0916d,F-CUT-004,tasks/features/F-CUT-004.md,EXCLUDED_SOURCE_METADATA,regenerated after code replay,docs(cutover): 回写P4可执行合同通过
370,e81345864b7d39e28efe5961ec8ae76e4cbc10ab,2026-09-01T11:47:44+08:00,codex/f-cut-001-matrices,e1d7d79492e765036ae0ccf6befe3f7307dfdf40,F-CUT-004,pms-module-cutover/src/test/java/cn/iocoder/yudao/module/pms/cutover/migration/Fcut004MigrationContractTest.java,CONFLICTING_HUNKS_PENDING,rejected_hunks=1 rc=1,fix(cutover): 显式布尔化P4阶段迁移检查
370,e81345864b7d39e28efe5961ec8ae76e4cbc10ab,2026-09-01T11:47:44+08:00,codex/f-cut-001-matrices,e1d7d79492e765036ae0ccf6befe3f7307dfdf40,F-CUT-004,sql/migrations/V150__fcut004_p4_cutover_plan.sql,APPLIED_CODE_CHANGE,clean per-commit delta,fix(cutover): 显式布尔化P4阶段迁移检查
370,e81345864b7d39e28efe5961ec8ae76e4cbc10ab,2026-09-01T11:47:44+08:00,codex/f-cut-001-matrices,e1d7d79492e765036ae0ccf6befe3f7307dfdf40,F-CUT-004,tasks/features/F-CUT-004.md,EXCLUDED_SOURCE_METADATA,regenerated after code replay,fix(cutover): 显式布尔化P4阶段迁移检查
372,f3e81acd231c476e754320a2621f0b0c7c320baa,2026-09-01T11:53:02+08:00,codex/f-cut-001-matrices,c312b7620bbc7eecf35f517807e00517609396d8,F-CUT-004,pms-module-cutover/src/main/java/cn/iocoder/yudao/module/pms/cutover/dal/mysql/planv2/CutoverPlanRevisionMapper.java,CONFLICTING_HUNKS_PENDING,rejected_hunks=1 rc=1,feat(cutover): 建立P4草稿正向闭环
372,f3e81acd231c476e754320a2621f0b0c7c320baa,2026-09-01T11:53:02+08:00,codex/f-cut-001-matrices,c312b7620bbc7eecf35f517807e00517609396d8,F-CUT-004,pms-module-cutover/src/main/java/cn/iocoder/yudao/module/pms/cutover/service/plan/CutoverPlanApplicationException.java,CONFLICTING_HUNKS_PENDING,rejected_hunks=0 rc=1,feat(cutover): 建立P4草稿正向闭环
372,f3e81acd231c476e754320a2621f0b0c7c320baa,2026-09-01T11:53:02+08:00,codex/f-cut-001-matrices,c312b7620bbc7eecf35f517807e00517609396d8,F-CUT-004,pms-module-cutover/src/main/java/cn/iocoder/yudao/module/pms/cutover/service/plan/CutoverPlanApplicationService.java,CONFLICTING_HUNKS_PENDING,rejected_hunks=0 rc=1,feat(cutover): 建立P4草稿正向闭环
372,f3e81acd231c476e754320a2621f0b0c7c320baa,2026-09-01T11:53:02+08:00,codex/f-cut-001-matrices,c312b7620bbc7eecf35f517807e00517609396d8,F-CUT-004,pms-module-cutover/src/main/java/cn/iocoder/yudao/module/pms/cutover/service/plan/CutoverPlanQueryService.java,CONFLICTING_HUNKS_PENDING,rejected_hunks=0 rc=1,feat(cutover): 建立P4草稿正向闭环
372,f3e81acd231c476e754320a2621f0b0c7c320baa,2026-09-01T11:53:02+08:00,codex/f-cut-001-matrices,c312b7620bbc7eecf35f517807e00517609396d8,F-CUT-004,pms-module-cutover/src/main/java/cn/iocoder/yudao/module/pms/cutover/service/plan/command/CreateCutoverPlanDraftCommand.java,CONFLICTING_HUNKS_PENDING,rejected_hunks=0 rc=1,feat(cutover): 建立P4草稿正向闭环
372,f3e81acd231c476e754320a2621f0b0c7c320baa,2026-09-01T11:53:02+08:00,codex/f-cut-001-matrices,c312b7620bbc7eecf35f517807e00517609396d8,F-CUT-004,pms-module-cutover/src/main/java/cn/iocoder/yudao/module/pms/cutover/service/plan/command/SaveCutoverPlanDraftCommand.java,CONFLICTING_HUNKS_PENDING,rejected_hunks=0 rc=1,feat(cutover): 建立P4草稿正向闭环
372,f3e81acd231c476e754320a2621f0b0c7c320baa,2026-09-01T11:53:02+08:00,codex/f-cut-001-matrices,c312b7620bbc7eecf35f517807e00517609396d8,F-CUT-004,pms-module-cutover/src/main/java/cn/iocoder/yudao/module/pms/cutover/service/plan/domain/CutoverPlanContentCodec.java,CONFLICTING_HUNKS_PENDING,rejected_hunks=1 rc=1,feat(cutover): 建立P4草稿正向闭环
372,f3e81acd231c476e754320a2621f0b0c7c320baa,2026-09-01T11:53:02+08:00,codex/f-cut-001-matrices,c312b7620bbc7eecf35f517807e00517609396d8,F-CUT-004,pms-module-cutover/src/main/java/cn/iocoder/yudao/module/pms/cutover/service/plan/view/CutoverPlanView.java,CONFLICTING_HUNKS_PENDING,rejected_hunks=0 rc=1,feat(cutover): 建立P4草稿正向闭环
372,f3e81acd231c476e754320a2621f0b0c7c320baa,2026-09-01T11:53:02+08:00,codex/f-cut-001-matrices,c312b7620bbc7eecf35f517807e00517609396d8,F-CUT-004,pms-module-cutover/src/test/java/cn/iocoder/yudao/module/pms/cutover/dal/mysql/planv2/CutoverPlanMapperContractTest.java,CONFLICTING_HUNKS_PENDING,rejected_hunks=1 rc=1,feat(cutover): 建立P4草稿正向闭环
372,f3e81acd231c476e754320a2621f0b0c7c320baa,2026-09-01T11:53:02+08:00,codex/f-cut-001-matrices,c312b7620bbc7eecf35f517807e00517609396d8,F-CUT-004,pms-module-cutover/src/test/java/cn/iocoder/yudao/module/pms/cutover/service/plan/CutoverPlanApplicationMySqlTest.java,CONFLICTING_HUNKS_PENDING,rejected_hunks=0 rc=1,feat(cutover): 建立P4草稿正向闭环
372,f3e81acd231c476e754320a2621f0b0c7c320baa,2026-09-01T11:53:02+08:00,codex/f-cut-001-matrices,c312b7620bbc7eecf35f517807e00517609396d8,F-CUT-004,pms-module-cutover/src/test/java/cn/iocoder/yudao/module/pms/cutover/service/plan/CutoverPlanApplicationServiceTest.java,CONFLICTING_HUNKS_PENDING,rejected_hunks=0 rc=1,feat(cutover): 建立P4草稿正向闭环
372,f3e81acd231c476e754320a2621f0b0c7c320baa,2026-09-01T11:53:02+08:00,codex/f-cut-001-matrices,c312b7620bbc7eecf35f517807e00517609396d8,F-CUT-004,pms-module-cutover/src/test/java/cn/iocoder/yudao/module/pms/cutover/service/plan/CutoverPlanQueryServiceTest.java,CONFLICTING_HUNKS_PENDING,rejected_hunks=0 rc=1,feat(cutover): 建立P4草稿正向闭环
372,f3e81acd231c476e754320a2621f0b0c7c320baa,2026-09-01T11:53:02+08:00,codex/f-cut-001-matrices,c312b7620bbc7eecf35f517807e00517609396d8,F-CUT-004,pms-module-cutover/src/test/java/cn/iocoder/yudao/module/pms/cutover/service/plan/domain/CutoverPlanContentCodecTest.java,CONFLICTING_HUNKS_PENDING,rejected_hunks=1 rc=1,feat(cutover): 建立P4草稿正向闭环
372,f3e81acd231c476e754320a2621f0b0c7c320baa,2026-09-01T11:53:02+08:00,codex/f-cut-001-matrices,c312b7620bbc7eecf35f517807e00517609396d8,F-CUT-004,tasks/features/F-CUT-004.md,EXCLUDED_SOURCE_METADATA,regenerated after code replay,feat(cutover): 建立P4草稿正向闭环
373,b2aba46255a8a7e7c2bc5f1faf499bfa36f1dbaf,2026-09-01T12:07:16+08:00,codex/f-cut-001-matrices,dc21f4f74034a54fcbe8f9cae3352a144c8af94e,F-CUT-004,pms-module-cutover/src/main/java/cn/iocoder/yudao/module/pms/cutover/service/plan/CutoverPlanApplicationException.java,CONFLICTING_HUNKS_PENDING,rejected_hunks=1 rc=1,fix(cutover): 闭合P4草稿应用审查缺口
373,b2aba46255a8a7e7c2bc5f1faf499bfa36f1dbaf,2026-09-01T12:07:16+08:00,codex/f-cut-001-matrices,dc21f4f74034a54fcbe8f9cae3352a144c8af94e,F-CUT-004,pms-module-cutover/src/main/java/cn/iocoder/yudao/module/pms/cutover/service/plan/CutoverPlanApplicationService.java,CONFLICTING_HUNKS_PENDING,rejected_hunks=1 rc=1,fix(cutover): 闭合P4草稿应用审查缺口
373,b2aba46255a8a7e7c2bc5f1faf499bfa36f1dbaf,2026-09-01T12:07:16+08:00,codex/f-cut-001-matrices,dc21f4f74034a54fcbe8f9cae3352a144c8af94e,F-CUT-004,pms-module-cutover/src/main/java/cn/iocoder/yudao/module/pms/cutover/service/plan/CutoverPlanQueryService.java,CONFLICTING_HUNKS_PENDING,rejected_hunks=1 rc=1,fix(cutover): 闭合P4草稿应用审查缺口
373,b2aba46255a8a7e7c2bc5f1faf499bfa36f1dbaf,2026-09-01T12:07:16+08:00,codex/f-cut-001-matrices,dc21f4f74034a54fcbe8f9cae3352a144c8af94e,F-CUT-004,pms-module-cutover/src/test/java/cn/iocoder/yudao/module/pms/cutover/dal/mysql/planv2/CutoverPlanMapperContractTest.java,CONFLICTING_HUNKS_PENDING,rejected_hunks=1 rc=1,fix(cutover): 闭合P4草稿应用审查缺口
373,b2aba46255a8a7e7c2bc5f1faf499bfa36f1dbaf,2026-09-01T12:07:16+08:00,codex/f-cut-001-matrices,dc21f4f74034a54fcbe8f9cae3352a144c8af94e,F-CUT-004,pms-module-cutover/src/test/java/cn/iocoder/yudao/module/pms/cutover/service/plan/CutoverPlanApplicationServiceTest.java,CONFLICTING_HUNKS_PENDING,rejected_hunks=1 rc=1,fix(cutover): 闭合P4草稿应用审查缺口
373,b2aba46255a8a7e7c2bc5f1faf499bfa36f1dbaf,2026-09-01T12:07:16+08:00,codex/f-cut-001-matrices,dc21f4f74034a54fcbe8f9cae3352a144c8af94e,F-CUT-004,pms-module-cutover/src/test/java/cn/iocoder/yudao/module/pms/cutover/service/plan/CutoverPlanQueryServiceTest.java,CONFLICTING_HUNKS_PENDING,rejected_hunks=1 rc=1,fix(cutover): 闭合P4草稿应用审查缺口
373,b2aba46255a8a7e7c2bc5f1faf499bfa36f1dbaf,2026-09-01T12:07:16+08:00,codex/f-cut-001-matrices,dc21f4f74034a54fcbe8f9cae3352a144c8af94e,F-CUT-004,tasks/features/F-CUT-004.md,EXCLUDED_SOURCE_METADATA,regenerated after code replay,fix(cutover): 闭合P4草稿应用审查缺口
374,c9de3fac88aaa328be34857aae91a07786fe1332,2026-09-01T12:11:30+08:00,codex/f-cut-001-matrices,048021b00ad2a171c68200b3e47ca4550b0d98e9,F-CUT-004,pms-module-cutover/src/main/java/cn/iocoder/yudao/module/pms/cutover/service/plan/CutoverPlanQueryService.java,CONFLICTING_HUNKS_PENDING,rejected_hunks=1 rc=1,fix(cutover): 收敛P4来源与legacy投影
374,c9de3fac88aaa328be34857aae91a07786fe1332,2026-09-01T12:11:30+08:00,codex/f-cut-001-matrices,048021b00ad2a171c68200b3e47ca4550b0d98e9,F-CUT-004,tasks/features/F-CUT-004.md,EXCLUDED_SOURCE_METADATA,regenerated after code replay,fix(cutover): 收敛P4来源与legacy投影
375,08d98e0b3146f8c5c449b61c67bc016597579146,2026-09-01T12:14:30+08:00,codex/f-cut-001-matrices,93315265ea2db26157646422445d4efdcc173a17,F-CUT-004,tasks/features/F-CUT-004.md,EXCLUDED_SOURCE_METADATA,regenerated after code replay,fix(cutover): 规范P4新平台来源投影
376,f7980df3be167a22019d7eee7a9f065c56b03ad5,2026-09-01T12:15:20+08:00,codex/f-cut-001-matrices,4ebcf5855ff7c5b54bf971047f584211a6b03148,F-CUT-004,tasks/features/F-CUT-004.md,EXCLUDED_SOURCE_METADATA,regenerated after code replay,docs(cutover): 回写P4草稿应用门禁通过
377,bd4ead05eb83c62d25999af830d5928ad2a22c47,2026-09-01T12:18:20+08:00,codex/f-cut-001-matrices,a1d62c83838daabeb5725d254339fc2deb23ea7f,F-CUT-004,pms-module-cutover/src/main/java/cn/iocoder/yudao/module/pms/cutover/service/plan/CutoverPlanApplicationService.java,CONFLICTING_HUNKS_PENDING,rejected_hunks=1 rc=1,feat(cutover): 实现P4初稿下载闭环
377,bd4ead05eb83c62d25999af830d5928ad2a22c47,2026-09-01T12:18:20+08:00,codex/f-cut-001-matrices,a1d62c83838daabeb5725d254339fc2deb23ea7f,F-CUT-004,pms-module-cutover/src/test/java/cn/iocoder/yudao/module/pms/cutover/service/plan/CutoverPlanSubmissionTest.java,CONFLICTING_HUNKS_PENDING,rejected_hunks=0 rc=1,feat(cutover): 实现P4初稿下载闭环
378,a9b87b4782317a5e164eb239a205a81491a4ee00,2026-09-01T12:24:47+08:00,codex/f-cut-001-matrices,a5939ae7c60810e4dd23aaf0b1aef2973c9cb736,F-CUT-005,pms-module-cutover/src/main/java/cn/iocoder/yudao/module/pms/cutover/dal/mysql/planv2/CutoverPlanRevisionMapper.java,CONFLICTING_HUNKS_PENDING,rejected_hunks=1 rc=1,feat(cutover): 实现P4方案提交至P5
378,a9b87b4782317a5e164eb239a205a81491a4ee00,2026-09-01T12:24:47+08:00,codex/f-cut-001-matrices,a5939ae7c60810e4dd23aaf0b1aef2973c9cb736,F-CUT-005,pms-module-cutover/src/main/java/cn/iocoder/yudao/module/pms/cutover/dal/mysql/taskv2/CutoverTaskMapper.java,CONFLICTING_HUNKS_PENDING,rejected_hunks=1 rc=1,feat(cutover): 实现P4方案提交至P5
378,a9b87b4782317a5e164eb239a205a81491a4ee00,2026-09-01T12:24:47+08:00,codex/f-cut-001-matrices,a5939ae7c60810e4dd23aaf0b1aef2973c9cb736,F-CUT-005,pms-module-cutover/src/main/java/cn/iocoder/yudao/module/pms/cutover/service/plan/CutoverPlanApplicationService.java,APPLIED_NON_CONFLICTING_HUNKS,rejected_hunks=1 rc=1,feat(cutover): 实现P4方案提交至P5
378,a9b87b4782317a5e164eb239a205a81491a4ee00,2026-09-01T12:24:47+08:00,codex/f-cut-001-matrices,a5939ae7c60810e4dd23aaf0b1aef2973c9cb736,F-CUT-005,pms-module-cutover/src/main/resources/mapper/planv2/CutoverPlanRevisionMapper.xml,CONFLICTING_HUNKS_PENDING,rejected_hunks=1 rc=1,feat(cutover): 实现P4方案提交至P5
378,a9b87b4782317a5e164eb239a205a81491a4ee00,2026-09-01T12:24:47+08:00,codex/f-cut-001-matrices,a5939ae7c60810e4dd23aaf0b1aef2973c9cb736,F-CUT-005,pms-module-cutover/src/main/resources/mapper/taskv2/CutoverTaskMapper.xml,CONFLICTING_HUNKS_PENDING,rejected_hunks=1 rc=1,feat(cutover): 实现P4方案提交至P5
378,a9b87b4782317a5e164eb239a205a81491a4ee00,2026-09-01T12:24:47+08:00,codex/f-cut-001-matrices,a5939ae7c60810e4dd23aaf0b1aef2973c9cb736,F-CUT-005,pms-module-cutover/src/test/java/cn/iocoder/yudao/module/pms/cutover/dal/mysql/planv2/CutoverPlanMapperContractTest.java,CONFLICTING_HUNKS_PENDING,rejected_hunks=1 rc=1,feat(cutover): 实现P4方案提交至P5
378,a9b87b4782317a5e164eb239a205a81491a4ee00,2026-09-01T12:24:47+08:00,codex/f-cut-001-matrices,a5939ae7c60810e4dd23aaf0b1aef2973c9cb736,F-CUT-005,pms-module-cutover/src/test/java/cn/iocoder/yudao/module/pms/cutover/service/plan/CutoverPlanSubmissionTest.java,CONFLICTING_HUNKS_PENDING,rejected_hunks=1 rc=1,feat(cutover): 实现P4方案提交至P5
379,fe50aaf9ab9903e49589db88fb15c368a96c58b0,2026-09-01T12:31:51+08:00,codex/f-cut-001-matrices,46ccc24f18f843365acaae42e4d591d62d40482e,F-CUT-005,pms-module-cutover/src/main/java/cn/iocoder/yudao/module/pms/cutover/dal/mysql/planv2/CutoverPlanRevisionMapper.java,CONFLICTING_HUNKS_PENDING,rejected_hunks=1 rc=1,feat(cutover): 实现P5来源失效回退
379,fe50aaf9ab9903e49589db88fb15c368a96c58b0,2026-09-01T12:31:51+08:00,codex/f-cut-001-matrices,46ccc24f18f843365acaae42e4d591d62d40482e,F-CUT-005,pms-module-cutover/src/main/java/cn/iocoder/yudao/module/pms/cutover/dal/mysql/taskv2/CutoverTaskMapper.java,CONFLICTING_HUNKS_PENDING,rejected_hunks=1 rc=1,feat(cutover): 实现P5来源失效回退
379,fe50aaf9ab9903e49589db88fb15c368a96c58b0,2026-09-01T12:31:51+08:00,codex/f-cut-001-matrices,46ccc24f18f843365acaae42e4d591d62d40482e,F-CUT-005,pms-module-cutover/src/main/java/cn/iocoder/yudao/module/pms/cutover/service/plan/CutoverPlanApplicationService.java,APPLIED_NON_CONFLICTING_HUNKS,rejected_hunks=1 rc=1,feat(cutover): 实现P5来源失效回退
379,fe50aaf9ab9903e49589db88fb15c368a96c58b0,2026-09-01T12:31:51+08:00,codex/f-cut-001-matrices,46ccc24f18f843365acaae42e4d591d62d40482e,F-CUT-005,pms-module-cutover/src/main/resources/mapper/taskv2/CutoverTaskMapper.xml,CONFLICTING_HUNKS_PENDING,rejected_hunks=1 rc=1,feat(cutover): 实现P5来源失效回退
379,fe50aaf9ab9903e49589db88fb15c368a96c58b0,2026-09-01T12:31:51+08:00,codex/f-cut-001-matrices,46ccc24f18f843365acaae42e4d591d62d40482e,F-CUT-005,pms-module-cutover/src/test/java/cn/iocoder/yudao/module/pms/cutover/dal/mysql/planv2/CutoverPlanMapperContractTest.java,CONFLICTING_HUNKS_PENDING,rejected_hunks=1 rc=1,feat(cutover): 实现P5来源失效回退
379,fe50aaf9ab9903e49589db88fb15c368a96c58b0,2026-09-01T12:31:51+08:00,codex/f-cut-001-matrices,46ccc24f18f843365acaae42e4d591d62d40482e,F-CUT-005,pms-module-cutover/src/test/java/cn/iocoder/yudao/module/pms/cutover/service/plan/CutoverPlanApplicationMySqlTest.java,CONFLICTING_HUNKS_PENDING,rejected_hunks=1 rc=1,feat(cutover): 实现P5来源失效回退
379,fe50aaf9ab9903e49589db88fb15c368a96c58b0,2026-09-01T12:31:51+08:00,codex/f-cut-001-matrices,46ccc24f18f843365acaae42e4d591d62d40482e,F-CUT-005,pms-module-cutover/src/test/java/cn/iocoder/yudao/module/pms/cutover/service/plan/CutoverPlanSubmissionTest.java,CONFLICTING_HUNKS_PENDING,rejected_hunks=1 rc=1,feat(cutover): 实现P5来源失效回退
380,5222816e2d9bbaac4da276276e67476b2fcd19ae,2026-09-01T12:32:13+08:00,codex/f-cut-001-matrices,f7aab433e7dee3e463b855fe41e5a0e7c65494b5,F-CUT-004,tasks/features/F-CUT-004.md,EXCLUDED_SOURCE_METADATA,regenerated after code replay,docs(cutover): 记录Task 5实现候选
382,221f8d54e5c728f458d9188164c10bf3ecf50f94,2026-09-01T12:38:59+08:00,codex/f-cut-001-matrices,687155b0cf06069528b2beb67f50de9acdd5e30a,F-CUT-004,tasks/features/F-CUT-004.md,EXCLUDED_SOURCE_METADATA,regenerated after code replay,docs(cutover): 回写Task 5门禁通过
383,937cacc6baecad7a0188b18f101dcb0d43ff1c3b,2026-09-01T12:51:24+08:00,codex/f-cut-001-matrices,fd14d390e6427da33cb17fdfbe85f7ad78540c09,F-CUT-001,docs/decisions/open-questions.md,EXCLUDED_SOURCE_METADATA,regenerated after code replay,docs(cutover): 锁定职责变化实施边界
383,937cacc6baecad7a0188b18f101dcb0d43ff1c3b,2026-09-01T12:51:24+08:00,codex/f-cut-001-matrices,fd14d390e6427da33cb17fdfbe85f7ad78540c09,F-CUT-001,docs/design/05-state-machine.md,EXCLUDED_SOURCE_METADATA,regenerated after code replay,docs(cutover): 锁定职责变化实施边界
383,937cacc6baecad7a0188b18f101dcb0d43ff1c3b,2026-09-01T12:51:24+08:00,codex/f-cut-001-matrices,fd14d390e6427da33cb17fdfbe85f7ad78540c09,F-CUT-001,docs/design/10-api-design.md,EXCLUDED_SOURCE_METADATA,regenerated after code replay,docs(cutover): 锁定职责变化实施边界
383,937cacc6baecad7a0188b18f101dcb0d43ff1c3b,2026-09-01T12:51:24+08:00,codex/f-cut-001-matrices,fd14d390e6427da33cb17fdfbe85f7ad78540c09,F-CUT-004,docs/superpowers/plans/2026-09-01-f-cut-004-p4-cutover-plan-authoring.md,EXCLUDED_SOURCE_METADATA,regenerated after code replay,docs(cutover): 锁定职责变化实施边界
383,937cacc6baecad7a0188b18f101dcb0d43ff1c3b,2026-09-01T12:51:24+08:00,codex/f-cut-001-matrices,fd14d390e6427da33cb17fdfbe85f7ad78540c09,F-CUT-004,specs/features/F-CUT-004-api-contract.json,EXCLUDED_SOURCE_METADATA,regenerated after code replay,docs(cutover): 锁定职责变化实施边界
383,937cacc6baecad7a0188b18f101dcb0d43ff1c3b,2026-09-01T12:51:24+08:00,codex/f-cut-001-matrices,fd14d390e6427da33cb17fdfbe85f7ad78540c09,F-CUT-004,tasks/features/F-CUT-004.md,EXCLUDED_SOURCE_METADATA,regenerated after code replay,docs(cutover): 锁定职责变化实施边界
385,d4a827c0149f32b6f4e1d0a265ed77de5ad97e77,2026-09-01T13:00:27+08:00,codex/f-cut-001-matrices,c643cd87079d07a20f4b151423ed38a1c05de24b,F-CUT-004,pms-module-cutover/src/main/java/cn/iocoder/yudao/module/pms/cutover/service/plan/CutoverPlanApplicationService.java,APPLIED_NON_CONFLICTING_HUNKS,rejected_hunks=1 rc=1,feat(cutover): 实现方案修订与联系人变更
385,d4a827c0149f32b6f4e1d0a265ed77de5ad97e77,2026-09-01T13:00:27+08:00,codex/f-cut-001-matrices,c643cd87079d07a20f4b151423ed38a1c05de24b,F-CUT-004,pms-module-cutover/src/test/java/cn/iocoder/yudao/module/pms/cutover/service/plan/CutoverPlanApplicationMySqlTest.java,CONFLICTING_HUNKS_PENDING,rejected_hunks=1 rc=1,feat(cutover): 实现方案修订与联系人变更
385,d4a827c0149f32b6f4e1d0a265ed77de5ad97e77,2026-09-01T13:00:27+08:00,codex/f-cut-001-matrices,c643cd87079d07a20f4b151423ed38a1c05de24b,F-CUT-004,pms-module-cutover/src/test/java/cn/iocoder/yudao/module/pms/cutover/service/plan/CutoverPlanRevisionLifecycleTest.java,CONFLICTING_HUNKS_PENDING,rejected_hunks=0 rc=1,feat(cutover): 实现方案修订与联系人变更
386,c6c295cb56f8c4ee4929e4d1acf4103824d34ab0,2026-09-01T13:14:56+08:00,codex/f-cut-001-matrices,b1fcebe372e2f865395846e2b63ada76a973ca1a,F-CUT-004,pms-module-cutover/src/test/java/cn/iocoder/yudao/module/pms/cutover/service/plan/CutoverPlanApplicationMySqlTest.java,CONFLICTING_HUNKS_PENDING,rejected_hunks=1 rc=1,fix(cutover): 重建修订草稿来源投影
386,c6c295cb56f8c4ee4929e4d1acf4103824d34ab0,2026-09-01T13:14:56+08:00,codex/f-cut-001-matrices,b1fcebe372e2f865395846e2b63ada76a973ca1a,F-CUT-004,tasks/features/F-CUT-004.md,EXCLUDED_SOURCE_METADATA,regenerated after code replay,fix(cutover): 重建修订草稿来源投影
387,a075c37d83d2d7a7894cc5fb8141fab324109bbc,2026-09-01T13:17:49+08:00,codex/f-cut-001-matrices,23a56963ea645b8b9511de0d85ceb4b5b18a419e,F-CUT-004,tasks/features/F-CUT-004.md,EXCLUDED_SOURCE_METADATA,regenerated after code replay,docs(cutover): 回写Task 6门禁通过
388,e38aaa8aad4d9e7d8b9d8af362c0dc1758155a34,2026-09-01T13:26:07+08:00,codex/f-cut-001-matrices,a655e2eda18294d5e2a1ed5ccc5575bf498cc5e2,F-CUT-004,pms-module-cutover/src/main/java/cn/iocoder/yudao/module/pms/cutover/controller/admin/taskv2/CutoverPlanController.java,CONFLICTING_HUNKS_PENDING,rejected_hunks=0 rc=1,feat(cutover): 实现P4方案七路由候选
388,e38aaa8aad4d9e7d8b9d8af362c0dc1758155a34,2026-09-01T13:26:07+08:00,codex/f-cut-001-matrices,a655e2eda18294d5e2a1ed5ccc5575bf498cc5e2,F-CUT-004,pms-module-cutover/src/main/java/cn/iocoder/yudao/module/pms/cutover/controller/admin/taskv2/CutoverPlanRequestCodec.java,CONFLICTING_HUNKS_PENDING,rejected_hunks=0 rc=1,feat(cutover): 实现P4方案七路由候选
388,e38aaa8aad4d9e7d8b9d8af362c0dc1758155a34,2026-09-01T13:26:07+08:00,codex/f-cut-001-matrices,a655e2eda18294d5e2a1ed5ccc5575bf498cc5e2,F-CUT-004,pms-module-cutover/src/main/java/cn/iocoder/yudao/module/pms/cutover/controller/admin/taskv2/CutoverPlanRequestContext.java,CONFLICTING_HUNKS_PENDING,rejected_hunks=0 rc=1,feat(cutover): 实现P4方案七路由候选
388,e38aaa8aad4d9e7d8b9d8af362c0dc1758155a34,2026-09-01T13:26:07+08:00,codex/f-cut-001-matrices,a655e2eda18294d5e2a1ed5ccc5575bf498cc5e2,F-CUT-004,pms-module-cutover/src/test/java/cn/iocoder/yudao/module/pms/cutover/controller/admin/taskv2/CutoverPlanControllerContractTest.java,CONFLICTING_HUNKS_PENDING,rejected_hunks=0 rc=1,feat(cutover): 实现P4方案七路由候选
388,e38aaa8aad4d9e7d8b9d8af362c0dc1758155a34,2026-09-01T13:26:07+08:00,codex/f-cut-001-matrices,a655e2eda18294d5e2a1ed5ccc5575bf498cc5e2,F-CUT-004,pms-module-cutover/src/test/java/cn/iocoder/yudao/module/pms/cutover/controller/admin/taskv2/CutoverPlanRequestCodecTest.java,APPLIED_ADD_ADD,current-semantic-superset,feat(cutover): 实现P4方案七路由候选
388,e38aaa8aad4d9e7d8b9d8af362c0dc1758155a34,2026-09-01T13:26:07+08:00,codex/f-cut-001-matrices,a655e2eda18294d5e2a1ed5ccc5575bf498cc5e2,F-CUT-004,tasks/features/F-CUT-004.md,EXCLUDED_SOURCE_METADATA,regenerated after code replay,feat(cutover): 实现P4方案七路由候选
389,7c0cba236053c32a1d50e1747152c28c1502d331,2026-09-01T13:38:45+08:00,codex/f-cut-001-matrices,d3d8266ba14238f210a170ac4f11f11f5024784a,F-CUT-004,pms-module-cutover/src/main/java/cn/iocoder/yudao/module/pms/cutover/service/plan/CutoverPlanApplicationException.java,CONFLICTING_HUNKS_PENDING,rejected_hunks=1 rc=1,fix(cutover): 收敛P4方案REST机器合同
389,7c0cba236053c32a1d50e1747152c28c1502d331,2026-09-01T13:38:45+08:00,codex/f-cut-001-matrices,d3d8266ba14238f210a170ac4f11f11f5024784a,F-CUT-004,pms-module-cutover/src/main/java/cn/iocoder/yudao/module/pms/cutover/service/plan/CutoverPlanApplicationService.java,APPLIED_NON_CONFLICTING_HUNKS,rejected_hunks=1 rc=1,fix(cutover): 收敛P4方案REST机器合同
389,7c0cba236053c32a1d50e1747152c28c1502d331,2026-09-01T13:38:45+08:00,codex/f-cut-001-matrices,d3d8266ba14238f210a170ac4f11f11f5024784a,F-CUT-004,pms-module-cutover/src/test/java/cn/iocoder/yudao/module/pms/cutover/controller/admin/taskv2/CutoverPlanRequestCodecTest.java,CONFLICTING_HUNKS_PENDING,rejected_hunks=1 rc=1,fix(cutover): 收敛P4方案REST机器合同
389,7c0cba236053c32a1d50e1747152c28c1502d331,2026-09-01T13:38:45+08:00,codex/f-cut-001-matrices,d3d8266ba14238f210a170ac4f11f11f5024784a,F-CUT-004,tasks/features/F-CUT-004.md,EXCLUDED_SOURCE_METADATA,regenerated after code replay,fix(cutover): 收敛P4方案REST机器合同
390,359be6bd75c59cff641704e6521f179c3decff09,2026-09-01T13:43:51+08:00,codex/f-cut-001-matrices,6b9ced9b689ed599499666f90ab4e93f242d7d16,F-CUT-004,tasks/features/F-CUT-004.md,EXCLUDED_SOURCE_METADATA,regenerated after code replay,fix(cutover): 修正P4方案Owner错误分轴
391,403d80e0c2d54b7dc0ee6e6f9367509f09e3ce56,2026-09-01T13:45:13+08:00,codex/f-cut-001-matrices,e5362dfebf59f5467d7e931bca5309e7227068e8,F-CUT-004,tasks/features/F-CUT-004.md,EXCLUDED_SOURCE_METADATA,regenerated after code replay,docs(cutover): 回写Task 7门禁通过
392,40dfd80c61daf6bf128baa38f2a936ef6762822a,2026-09-01T14:02:44+08:00,codex/f-cut-001-matrices,07f5a9f3fd22d68dcd1f307ee3b1d7c8a21a2b95,F-CUT-004,pms-module-cutover/src/main/java/cn/iocoder/yudao/module/pms/cutover/dal/mysql/planv2/migration/query/LegacyCutoverPlanTargetQuery.java,CONFLICTING_HUNKS_PENDING,rejected_hunks=0 rc=1,feat(cutover): 实现旧方案前向核对
392,40dfd80c61daf6bf128baa38f2a936ef6762822a,2026-09-01T14:02:44+08:00,codex/f-cut-001-matrices,07f5a9f3fd22d68dcd1f307ee3b1d7c8a21a2b95,F-CUT-004,pms-module-cutover/src/main/java/cn/iocoder/yudao/module/pms/cutover/service/plan/migration/LegacyCutoverPlanReconciliationService.java,CONFLICTING_HUNKS_PENDING,rejected_hunks=0 rc=1,feat(cutover): 实现旧方案前向核对
392,40dfd80c61daf6bf128baa38f2a936ef6762822a,2026-09-01T14:02:44+08:00,codex/f-cut-001-matrices,07f5a9f3fd22d68dcd1f307ee3b1d7c8a21a2b95,F-CUT-004,pms-module-cutover/src/main/resources/mapper/planv2/LegacyCutoverPlanReconciliationMapper.xml,APPLIED_ADD_ADD,current-semantic-superset,feat(cutover): 实现旧方案前向核对
392,40dfd80c61daf6bf128baa38f2a936ef6762822a,2026-09-01T14:02:44+08:00,codex/f-cut-001-matrices,07f5a9f3fd22d68dcd1f307ee3b1d7c8a21a2b95,F-CUT-004,pms-module-cutover/src/test/java/cn/iocoder/yudao/module/pms/cutover/migration/Fcut004LegacyPlanMigrationContractTest.java,CONFLICTING_HUNKS_PENDING,rejected_hunks=0 rc=1,feat(cutover): 实现旧方案前向核对
392,40dfd80c61daf6bf128baa38f2a936ef6762822a,2026-09-01T14:02:44+08:00,codex/f-cut-001-matrices,07f5a9f3fd22d68dcd1f307ee3b1d7c8a21a2b95,F-CUT-004,pms-module-cutover/src/test/java/cn/iocoder/yudao/module/pms/cutover/service/plan/migration/LegacyCutoverPlanReconciliationMySqlTest.java,CONFLICTING_HUNKS_PENDING,rejected_hunks=0 rc=1,feat(cutover): 实现旧方案前向核对
392,40dfd80c61daf6bf128baa38f2a936ef6762822a,2026-09-01T14:02:44+08:00,codex/f-cut-001-matrices,07f5a9f3fd22d68dcd1f307ee3b1d7c8a21a2b95,F-CUT-004,pms-module-cutover/src/test/java/cn/iocoder/yudao/module/pms/cutover/service/plan/migration/LegacyCutoverPlanReconciliationServiceTest.java,APPLIED_ADD_ADD,current-semantic-superset,feat(cutover): 实现旧方案前向核对
392,40dfd80c61daf6bf128baa38f2a936ef6762822a,2026-09-01T14:02:44+08:00,codex/f-cut-001-matrices,07f5a9f3fd22d68dcd1f307ee3b1d7c8a21a2b95,F-CUT-004,sql/migrations/V151__fcut004_legacy_plan_job.sql,APPLIED_CODE_CHANGE,clean per-commit delta,feat(cutover): 实现旧方案前向核对
392,40dfd80c61daf6bf128baa38f2a936ef6762822a,2026-09-01T14:02:44+08:00,codex/f-cut-001-matrices,07f5a9f3fd22d68dcd1f307ee3b1d7c8a21a2b95,F-CUT-004,tasks/features/F-CUT-004.md,EXCLUDED_SOURCE_METADATA,regenerated after code replay,feat(cutover): 实现旧方案前向核对
394,dee5424133f23f670c21e32fca0e0f031bb51c4e,2026-09-01T14:14:10+08:00,codex/f-cut-001-matrices,d838188422fdd8f3455d091b8f75cbdc69f47c61,F-CUT-004,tasks/features/F-CUT-004.md,EXCLUDED_SOURCE_METADATA,regenerated after code replay,docs(cutover): 回写Task 8门禁通过
395,5fee04d10cf3522f00ee056220fac7a1110d8682,2026-09-01T14:29:59+08:00,codex/f-cut-001-matrices,e1abe3f451a7cf6b7634ff709686cd7442ed927e,F-CUT-004,pms-module-cutover/src/main/java/cn/iocoder/yudao/module/pms/cutover/service/plan/CutoverPlanQueryService.java,CONFLICTING_HUNKS_PENDING,rejected_hunks=1 rc=1,feat(cutover): project plan allowed actions
396,4734752e7e74d7adac9fdef4e8831c2348ffa022,2026-09-01T14:45:20+08:00,codex/f-cut-001-matrices,bc3781a9b48d27f57c801450964aae37364015ef,F-CUT-004,tasks/features/F-CUT-004.md,EXCLUDED_SOURCE_METADATA,regenerated after code replay,feat(cutover): add P4 plan workbench
396,4734752e7e74d7adac9fdef4e8831c2348ffa022,2026-09-01T14:45:20+08:00,codex/f-cut-001-matrices,bc3781a9b48d27f57c801450964aae37364015ef,F-CUT-004,yudao-ui/yudao-ui-admin-vue3/src/api/pms/cutover/cutover-task/index.ts,CONFLICTING_HUNKS_PENDING,rejected_hunks=1 rc=1,feat(cutover): add P4 plan workbench
396,4734752e7e74d7adac9fdef4e8831c2348ffa022,2026-09-01T14:45:20+08:00,codex/f-cut-001-matrices,bc3781a9b48d27f57c801450964aae37364015ef,F-CUT-004,yudao-ui/yudao-ui-admin-vue3/src/views/pms/cutover/cutover-task/components/CutoverPlanEditor.vue,CONFLICTING_HUNKS_PENDING,rejected_hunks=0 rc=1,feat(cutover): add P4 plan workbench
396,4734752e7e74d7adac9fdef4e8831c2348ffa022,2026-09-01T14:45:20+08:00,codex/f-cut-001-matrices,bc3781a9b48d27f57c801450964aae37364015ef,F-CUT-004,yudao-ui/yudao-ui-admin-vue3/src/views/pms/cutover/cutover-task/components/CutoverPlanPanel.vue,CONFLICTING_HUNKS_PENDING,rejected_hunks=0 rc=1,feat(cutover): add P4 plan workbench
396,4734752e7e74d7adac9fdef4e8831c2348ffa022,2026-09-01T14:45:20+08:00,codex/f-cut-001-matrices,bc3781a9b48d27f57c801450964aae37364015ef,F-CUT-004,yudao-ui/yudao-ui-admin-vue3/src/views/pms/cutover/cutover-task/components/CutoverSupportArrangements.vue,CONFLICTING_HUNKS_PENDING,rejected_hunks=0 rc=1,feat(cutover): add P4 plan workbench
396,4734752e7e74d7adac9fdef4e8831c2348ffa022,2026-09-01T14:45:20+08:00,codex/f-cut-001-matrices,bc3781a9b48d27f57c801450964aae37364015ef,F-CUT-004,yudao-ui/yudao-ui-admin-vue3/src/views/pms/cutover/cutover-task/cutoverPlanComponents.spec.ts,CONFLICTING_HUNKS_PENDING,rejected_hunks=0 rc=1,feat(cutover): add P4 plan workbench
396,4734752e7e74d7adac9fdef4e8831c2348ffa022,2026-09-01T14:45:20+08:00,codex/f-cut-001-matrices,bc3781a9b48d27f57c801450964aae37364015ef,F-CUT-004,yudao-ui/yudao-ui-admin-vue3/src/views/pms/cutover/cutover-task/cutoverTaskInteraction.spec.ts,CONFLICTING_HUNKS_PENDING,rejected_hunks=1 rc=1,feat(cutover): add P4 plan workbench
396,4734752e7e74d7adac9fdef4e8831c2348ffa022,2026-09-01T14:45:20+08:00,codex/f-cut-001-matrices,bc3781a9b48d27f57c801450964aae37364015ef,F-CUT-004,yudao-ui/yudao-ui-admin-vue3/src/views/pms/cutover/cutover-task/cutoverTaskInteraction.ts,CONFLICTING_HUNKS_PENDING,rejected_hunks=1 rc=1,feat(cutover): add P4 plan workbench
396,4734752e7e74d7adac9fdef4e8831c2348ffa022,2026-09-01T14:45:20+08:00,codex/f-cut-001-matrices,bc3781a9b48d27f57c801450964aae37364015ef,F-CUT-004,yudao-ui/yudao-ui-admin-vue3/src/views/pms/cutover/cutover-task/index.vue,CONFLICTING_HUNKS_PENDING,rejected_hunks=1 rc=1,feat(cutover): add P4 plan workbench
398,65f5ee5fa1dd6607d31209521239422f84370800,2026-09-01T14:59:15+08:00,codex/f-cut-001-matrices,c4f5d44d7fe4b40d9f4c6ab20ee5f37ceae5d4b2,F-CUT-004,tasks/features/F-CUT-004.md,EXCLUDED_SOURCE_METADATA,regenerated after code replay,docs(cutover): 回写Task 9门禁通过
399,501cae2a11de9f8b16e6b6597a1cd4edf6a41f81,2026-09-01T15:04:16+08:00,codex/f-cut-001-matrices,653bb3693d241852cc4e17a0bfb41e6ca64bf50c,F-CUT-004,pms-module-cutover/src/test/java/cn/iocoder/yudao/module/pms/cutover/migration/Fcut004MigrationContractTest.java,APPLIED_CODE_CHANGE,clean per-commit delta,feat(cutover): seed plan workbench metadata
399,501cae2a11de9f8b16e6b6597a1cd4edf6a41f81,2026-09-01T15:04:16+08:00,codex/f-cut-001-matrices,653bb3693d241852cc4e17a0bfb41e6ca64bf50c,F-CUT-004,sql/migrations/V152__fcut004_plan_seed.sql,APPLIED_CODE_CHANGE,clean per-commit delta,feat(cutover): seed plan workbench metadata
399,501cae2a11de9f8b16e6b6597a1cd4edf6a41f81,2026-09-01T15:04:16+08:00,codex/f-cut-001-matrices,653bb3693d241852cc4e17a0bfb41e6ca64bf50c,F-CUT-004,tasks/features/F-CUT-004.md,EXCLUDED_SOURCE_METADATA,regenerated after code replay,feat(cutover): seed plan workbench metadata
400,15f5fc8e5de4691c24890c8db6b5ad7098b548e7,2026-09-01T15:08:29+08:00,codex/f-cut-001-matrices,e9001b0ddcdda7ed89f25904ab33d8269ec9d514,F-CUT-004,tasks/features/F-CUT-004.md,EXCLUDED_SOURCE_METADATA,regenerated after code replay,docs(cutover): 回写Task 10门禁通过
401,1b461a54a6aa38a07d9d34e2b37436632fb15590,2026-09-01T15:16:25+08:00,codex/f-cut-001-matrices,2fc374307c32698d873e49a28e9f4649aac2515b,F-CUT-004,pms-module-cutover/src/test/java/cn/iocoder/yudao/module/pms/cutover/service/plan/CutoverPlanApplicationMySqlTest.java,CONFLICTING_HUNKS_PENDING,rejected_hunks=1 rc=1,test(cutover): cover controlled plan loops
401,1b461a54a6aa38a07d9d34e2b37436632fb15590,2026-09-01T15:16:25+08:00,codex/f-cut-001-matrices,2fc374307c32698d873e49a28e9f4649aac2515b,F-CUT-004,tasks/features/F-CUT-004.md,EXCLUDED_SOURCE_METADATA,regenerated after code replay,test(cutover): cover controlled plan loops
402,0e9065fae76513a2746f3670ddf5f40536c9bef2,2026-09-01T15:22:26+08:00,codex/f-cut-001-matrices,cd412b3e91150bf18cd8720c894ab1f709c183fb,F-CUT-004,tasks/features/F-CUT-004.md,EXCLUDED_SOURCE_METADATA,regenerated after code replay,test(cutover): verify rejected plan replacement
403,b058edb3d0540163d6d020cc3564189fdeb2601e,2026-09-01T15:23:49+08:00,codex/f-cut-001-matrices,4eb4f4f98268493b7ffc670ca571ac67e2d26260,F-CUT-004,tasks/features/F-CUT-004.md,EXCLUDED_SOURCE_METADATA,regenerated after code replay,docs(cutover): 回写Task 11受控闭环
405,5e3ce44c98b8968be6d9dbd5f98f1d2a3b36494d,2026-09-01T15:46:07+08:00,codex/f-cut-001-matrices,4d45e5eb87a10f127cf5d9bae1a610db34fbd8d2,F-CUT-005,docs/design/02d-cross-context-contracts.md,EXCLUDED_SOURCE_METADATA,regenerated after code replay,docs(cutover): 建立P5分级审批规格候选
405,5e3ce44c98b8968be6d9dbd5f98f1d2a3b36494d,2026-09-01T15:46:07+08:00,codex/f-cut-001-matrices,4d45e5eb87a10f127cf5d9bae1a610db34fbd8d2,F-CUT-005,docs/design/05-state-machine.md,EXCLUDED_SOURCE_METADATA,regenerated after code replay,docs(cutover): 建立P5分级审批规格候选
405,5e3ce44c98b8968be6d9dbd5f98f1d2a3b36494d,2026-09-01T15:46:07+08:00,codex/f-cut-001-matrices,4d45e5eb87a10f127cf5d9bae1a610db34fbd8d2,F-CUT-005,docs/design/06-workflow-design.md,EXCLUDED_SOURCE_METADATA,regenerated after code replay,docs(cutover): 建立P5分级审批规格候选
405,5e3ce44c98b8968be6d9dbd5f98f1d2a3b36494d,2026-09-01T15:46:07+08:00,codex/f-cut-001-matrices,4d45e5eb87a10f127cf5d9bae1a610db34fbd8d2,F-CUT-005,docs/design/07-authorization-design.md,EXCLUDED_SOURCE_METADATA,regenerated after code replay,docs(cutover): 建立P5分级审批规格候选
405,5e3ce44c98b8968be6d9dbd5f98f1d2a3b36494d,2026-09-01T15:46:07+08:00,codex/f-cut-001-matrices,4d45e5eb87a10f127cf5d9bae1a610db34fbd8d2,F-CUT-005,docs/design/08-data-model.md,EXCLUDED_SOURCE_METADATA,regenerated after code replay,docs(cutover): 建立P5分级审批规格候选
405,5e3ce44c98b8968be6d9dbd5f98f1d2a3b36494d,2026-09-01T15:46:07+08:00,codex/f-cut-001-matrices,4d45e5eb87a10f127cf5d9bae1a610db34fbd8d2,F-CUT-005,docs/design/09-database-design.md,EXCLUDED_SOURCE_METADATA,regenerated after code replay,docs(cutover): 建立P5分级审批规格候选
405,5e3ce44c98b8968be6d9dbd5f98f1d2a3b36494d,2026-09-01T15:46:07+08:00,codex/f-cut-001-matrices,4d45e5eb87a10f127cf5d9bae1a610db34fbd8d2,F-CUT-005,docs/design/10-api-design.md,EXCLUDED_SOURCE_METADATA,regenerated after code replay,docs(cutover): 建立P5分级审批规格候选
405,5e3ce44c98b8968be6d9dbd5f98f1d2a3b36494d,2026-09-01T15:46:07+08:00,codex/f-cut-001-matrices,4d45e5eb87a10f127cf5d9bae1a610db34fbd8d2,F-CUT-005,docs/design/11-event-design.md,EXCLUDED_SOURCE_METADATA,regenerated after code replay,docs(cutover): 建立P5分级审批规格候选
405,5e3ce44c98b8968be6d9dbd5f98f1d2a3b36494d,2026-09-01T15:46:07+08:00,codex/f-cut-001-matrices,4d45e5eb87a10f127cf5d9bae1a610db34fbd8d2,F-CUT-005,docs/design/15-cache-and-concurrency.md,EXCLUDED_SOURCE_METADATA,regenerated after code replay,docs(cutover): 建立P5分级审批规格候选
405,5e3ce44c98b8968be6d9dbd5f98f1d2a3b36494d,2026-09-01T15:46:07+08:00,codex/f-cut-001-matrices,4d45e5eb87a10f127cf5d9bae1a610db34fbd8d2,F-CUT-005,docs/design/16-exception-and-idempotency.md,EXCLUDED_SOURCE_METADATA,regenerated after code replay,docs(cutover): 建立P5分级审批规格候选
405,5e3ce44c98b8968be6d9dbd5f98f1d2a3b36494d,2026-09-01T15:46:07+08:00,codex/f-cut-001-matrices,4d45e5eb87a10f127cf5d9bae1a610db34fbd8d2,F-CUT-005,docs/traceability/requirement-matrix.md,EXCLUDED_SOURCE_METADATA,regenerated after code replay,docs(cutover): 建立P5分级审批规格候选
405,5e3ce44c98b8968be6d9dbd5f98f1d2a3b36494d,2026-09-01T15:46:07+08:00,codex/f-cut-001-matrices,4d45e5eb87a10f127cf5d9bae1a610db34fbd8d2,F-CUT-005,docs/traceability/requirement-version-coverage.json,EXCLUDED_SOURCE_METADATA,regenerated after code replay,docs(cutover): 建立P5分级审批规格候选
405,5e3ce44c98b8968be6d9dbd5f98f1d2a3b36494d,2026-09-01T15:46:07+08:00,codex/f-cut-001-matrices,4d45e5eb87a10f127cf5d9bae1a610db34fbd8d2,F-CUT-005,specs/features/F-CUT-005-api-contract.json,EXCLUDED_SOURCE_METADATA,regenerated after code replay,docs(cutover): 建立P5分级审批规格候选
405,5e3ce44c98b8968be6d9dbd5f98f1d2a3b36494d,2026-09-01T15:46:07+08:00,codex/f-cut-001-matrices,4d45e5eb87a10f127cf5d9bae1a610db34fbd8d2,F-CUT-005,specs/features/F-CUT-005-approval-owner-contract.json,EXCLUDED_SOURCE_METADATA,regenerated after code replay,docs(cutover): 建立P5分级审批规格候选
405,5e3ce44c98b8968be6d9dbd5f98f1d2a3b36494d,2026-09-01T15:46:07+08:00,codex/f-cut-001-matrices,4d45e5eb87a10f127cf5d9bae1a610db34fbd8d2,F-CUT-005,specs/features/F-CUT-005-candidate-owner-contract.json,EXCLUDED_SOURCE_METADATA,regenerated after code replay,docs(cutover): 建立P5分级审批规格候选
405,5e3ce44c98b8968be6d9dbd5f98f1d2a3b36494d,2026-09-01T15:46:07+08:00,codex/f-cut-001-matrices,4d45e5eb87a10f127cf5d9bae1a610db34fbd8d2,F-CUT-005,specs/features/F-CUT-005-p5-graded-approval.md,EXCLUDED_SOURCE_METADATA,regenerated after code replay,docs(cutover): 建立P5分级审批规格候选
405,5e3ce44c98b8968be6d9dbd5f98f1d2a3b36494d,2026-09-01T15:46:07+08:00,codex/f-cut-001-matrices,4d45e5eb87a10f127cf5d9bae1a610db34fbd8d2,F-CUT-005,specs/features/F-CUT-005-physical-contract.json,EXCLUDED_SOURCE_METADATA,regenerated after code replay,docs(cutover): 建立P5分级审批规格候选
405,5e3ce44c98b8968be6d9dbd5f98f1d2a3b36494d,2026-09-01T15:46:07+08:00,codex/f-cut-001-matrices,4d45e5eb87a10f127cf5d9bae1a610db34fbd8d2,F-CUT-005,specs/features/README.md,EXCLUDED_SOURCE_METADATA,regenerated after code replay,docs(cutover): 建立P5分级审批规格候选
405,5e3ce44c98b8968be6d9dbd5f98f1d2a3b36494d,2026-09-01T15:46:07+08:00,codex/f-cut-001-matrices,4d45e5eb87a10f127cf5d9bae1a610db34fbd8d2,F-CUT-005,tasks/features/F-CUT-005.md,EXCLUDED_SOURCE_METADATA,regenerated after code replay,docs(cutover): 建立P5分级审批规格候选
406,2efad8cee892b1d1c7f2eedb03ff4d61baba999b,2026-09-01T16:00:48+08:00,codex/f-cut-001-matrices,3a1d660af771d346c2c5c178a30ae854fc954bbd,F-CUT-005,docs/design/02d-cross-context-contracts.md,EXCLUDED_SOURCE_METADATA,regenerated after code replay,docs(cutover): 收敛P5审批机器合同
406,2efad8cee892b1d1c7f2eedb03ff4d61baba999b,2026-09-01T16:00:48+08:00,codex/f-cut-001-matrices,3a1d660af771d346c2c5c178a30ae854fc954bbd,F-CUT-005,docs/design/07-authorization-design.md,EXCLUDED_SOURCE_METADATA,regenerated after code replay,docs(cutover): 收敛P5审批机器合同
406,2efad8cee892b1d1c7f2eedb03ff4d61baba999b,2026-09-01T16:00:48+08:00,codex/f-cut-001-matrices,3a1d660af771d346c2c5c178a30ae854fc954bbd,F-CUT-005,docs/design/09-database-design.md,EXCLUDED_SOURCE_METADATA,regenerated after code replay,docs(cutover): 收敛P5审批机器合同
406,2efad8cee892b1d1c7f2eedb03ff4d61baba999b,2026-09-01T16:00:48+08:00,codex/f-cut-001-matrices,3a1d660af771d346c2c5c178a30ae854fc954bbd,F-CUT-005,docs/design/10-api-design.md,EXCLUDED_SOURCE_METADATA,regenerated after code replay,docs(cutover): 收敛P5审批机器合同
406,2efad8cee892b1d1c7f2eedb03ff4d61baba999b,2026-09-01T16:00:48+08:00,codex/f-cut-001-matrices,3a1d660af771d346c2c5c178a30ae854fc954bbd,F-CUT-005,docs/design/11-event-design.md,EXCLUDED_SOURCE_METADATA,regenerated after code replay,docs(cutover): 收敛P5审批机器合同
406,2efad8cee892b1d1c7f2eedb03ff4d61baba999b,2026-09-01T16:00:48+08:00,codex/f-cut-001-matrices,3a1d660af771d346c2c5c178a30ae854fc954bbd,F-CUT-005,docs/design/15-cache-and-concurrency.md,EXCLUDED_SOURCE_METADATA,regenerated after code replay,docs(cutover): 收敛P5审批机器合同
406,2efad8cee892b1d1c7f2eedb03ff4d61baba999b,2026-09-01T16:00:48+08:00,codex/f-cut-001-matrices,3a1d660af771d346c2c5c178a30ae854fc954bbd,F-CUT-005,docs/design/16-exception-and-idempotency.md,EXCLUDED_SOURCE_METADATA,regenerated after code replay,docs(cutover): 收敛P5审批机器合同
406,2efad8cee892b1d1c7f2eedb03ff4d61baba999b,2026-09-01T16:00:48+08:00,codex/f-cut-001-matrices,3a1d660af771d346c2c5c178a30ae854fc954bbd,F-CUT-005,specs/features/F-CUT-005-api-contract.json,EXCLUDED_SOURCE_METADATA,regenerated after code replay,docs(cutover): 收敛P5审批机器合同
406,2efad8cee892b1d1c7f2eedb03ff4d61baba999b,2026-09-01T16:00:48+08:00,codex/f-cut-001-matrices,3a1d660af771d346c2c5c178a30ae854fc954bbd,F-CUT-005,specs/features/F-CUT-005-approval-owner-contract.json,EXCLUDED_SOURCE_METADATA,regenerated after code replay,docs(cutover): 收敛P5审批机器合同
406,2efad8cee892b1d1c7f2eedb03ff4d61baba999b,2026-09-01T16:00:48+08:00,codex/f-cut-001-matrices,3a1d660af771d346c2c5c178a30ae854fc954bbd,F-CUT-005,specs/features/F-CUT-005-p5-graded-approval.md,EXCLUDED_SOURCE_METADATA,regenerated after code replay,docs(cutover): 收敛P5审批机器合同
406,2efad8cee892b1d1c7f2eedb03ff4d61baba999b,2026-09-01T16:00:48+08:00,codex/f-cut-001-matrices,3a1d660af771d346c2c5c178a30ae854fc954bbd,F-CUT-005,specs/features/F-CUT-005-physical-contract.json,EXCLUDED_SOURCE_METADATA,regenerated after code replay,docs(cutover): 收敛P5审批机器合同
406,2efad8cee892b1d1c7f2eedb03ff4d61baba999b,2026-09-01T16:00:48+08:00,codex/f-cut-001-matrices,3a1d660af771d346c2c5c178a30ae854fc954bbd,F-CUT-005,tasks/features/F-CUT-005.md,EXCLUDED_SOURCE_METADATA,regenerated after code replay,docs(cutover): 收敛P5审批机器合同
407,2e3fdba3b795da153da3ab332b9eb0cb15c2cf14,2026-09-01T16:04:36+08:00,codex/f-cut-001-matrices,05134b073d745d5864e23a2d204e983c5d5c6994,F-CUT-005,docs/design/07-authorization-design.md,EXCLUDED_SOURCE_METADATA,regenerated after code replay,docs(cutover): 补齐P5改派投影
407,2e3fdba3b795da153da3ab332b9eb0cb15c2cf14,2026-09-01T16:04:36+08:00,codex/f-cut-001-matrices,05134b073d745d5864e23a2d204e983c5d5c6994,F-CUT-005,docs/design/10-api-design.md,EXCLUDED_SOURCE_METADATA,regenerated after code replay,docs(cutover): 补齐P5改派投影
407,2e3fdba3b795da153da3ab332b9eb0cb15c2cf14,2026-09-01T16:04:36+08:00,codex/f-cut-001-matrices,05134b073d745d5864e23a2d204e983c5d5c6994,F-CUT-005,tasks/features/F-CUT-005.md,EXCLUDED_SOURCE_METADATA,regenerated after code replay,docs(cutover): 补齐P5改派投影
408,5c49bbb52570a3d8907e05205688cf580b952c69,2026-09-01T16:06:54+08:00,codex/f-cut-001-matrices,52640ffee01ba98cb9515c452b15e29699f6488a,F-CUT-005,specs/features/README.md,EXCLUDED_SOURCE_METADATA,regenerated after code replay,docs(cutover): 回写P5审批Ready状态
408,5c49bbb52570a3d8907e05205688cf580b952c69,2026-09-01T16:06:54+08:00,codex/f-cut-001-matrices,52640ffee01ba98cb9515c452b15e29699f6488a,F-CUT-005,tasks/features/F-CUT-005.md,EXCLUDED_SOURCE_METADATA,regenerated after code replay,docs(cutover): 回写P5审批Ready状态
409,1a45569ff663a59317d6454dd468725faebd99f5,2026-09-01T16:13:21+08:00,codex/f-cut-001-matrices,04741c9628eac49f43f3d627076be0f1ff32f9da,F-CUT-005,docs/superpowers/plans/2026-09-01-f-cut-005-p5-graded-approval.md,EXCLUDED_SOURCE_METADATA,regenerated after code replay,docs(cutover): 制定P5审批技术计划
409,1a45569ff663a59317d6454dd468725faebd99f5,2026-09-01T16:13:21+08:00,codex/f-cut-001-matrices,04741c9628eac49f43f3d627076be0f1ff32f9da,F-CUT-005,specs/features/F-CUT-005-p5-graded-approval.md,EXCLUDED_SOURCE_METADATA,regenerated after code replay,docs(cutover): 制定P5审批技术计划
409,1a45569ff663a59317d6454dd468725faebd99f5,2026-09-01T16:13:21+08:00,codex/f-cut-001-matrices,04741c9628eac49f43f3d627076be0f1ff32f9da,F-CUT-005,tasks/features/F-CUT-005.md,EXCLUDED_SOURCE_METADATA,regenerated after code replay,docs(cutover): 制定P5审批技术计划
410,d990c205568db636f8596949bd6ffd1d8280768a,2026-09-01T16:19:11+08:00,codex/f-cut-001-matrices,a8fad20ca460eaed7a9352ed2bf271ca11700675,F-CUT-005,docs/superpowers/plans/2026-09-01-f-cut-005-p5-graded-approval.md,EXCLUDED_SOURCE_METADATA,regenerated after code replay,docs(cutover): 修正P5审批计划依赖
410,d990c205568db636f8596949bd6ffd1d8280768a,2026-09-01T16:19:11+08:00,codex/f-cut-001-matrices,a8fad20ca460eaed7a9352ed2bf271ca11700675,F-CUT-005,tasks/features/F-CUT-005.md,EXCLUDED_SOURCE_METADATA,regenerated after code replay,docs(cutover): 修正P5审批计划依赖
412,121c9d9fd0aa079c7a8409ef3b43d52f9aadadea,2026-09-01T16:24:32+08:00,codex/f-cut-001-matrices,7f6bdb9ebf4fb400378a1545a70a6e973a8f4eb2,F-CUT-005,tasks/features/F-CUT-005.md,EXCLUDED_SOURCE_METADATA,regenerated after code replay,docs(cutover): 回写P5审批计划Gate
413,b78120e99f21a7fe650715d953d8dbec617ee92e,2026-09-01T16:35:20+08:00,codex/f-cut-001-matrices,358e362aa49565a63ff1f5c15c1c1d74cc835b7c,F-CUT-005,docs/traceability/requirement-matrix.md,EXCLUDED_SOURCE_METADATA,regenerated after code replay,feat(cutover): 建立P5审批领域合同
413,b78120e99f21a7fe650715d953d8dbec617ee92e,2026-09-01T16:35:20+08:00,codex/f-cut-001-matrices,358e362aa49565a63ff1f5c15c1c1d74cc835b7c,F-CUT-005,docs/traceability/requirement-version-coverage.json,EXCLUDED_SOURCE_METADATA,regenerated after code replay,feat(cutover): 建立P5审批领域合同
413,b78120e99f21a7fe650715d953d8dbec617ee92e,2026-09-01T16:35:20+08:00,codex/f-cut-001-matrices,358e362aa49565a63ff1f5c15c1c1d74cc835b7c,F-CUT-005,pms-module-cutover/src/main/java/cn/iocoder/yudao/module/pms/cutover/service/approval/CutoverApprovalApplicationException.java,APPLIED_ADD_ADD,current-semantic-superset,feat(cutover): 建立P5审批领域合同
413,b78120e99f21a7fe650715d953d8dbec617ee92e,2026-09-01T16:35:20+08:00,codex/f-cut-001-matrices,358e362aa49565a63ff1f5c15c1c1d74cc835b7c,F-CUT-005,pms-module-cutover/src/main/java/cn/iocoder/yudao/module/pms/cutover/service/approval/domain/CutoverApprovalSourceSnapshotCodec.java,CONFLICTING_HUNKS_PENDING,rejected_hunks=0 rc=1,feat(cutover): 建立P5审批领域合同
413,b78120e99f21a7fe650715d953d8dbec617ee92e,2026-09-01T16:35:20+08:00,codex/f-cut-001-matrices,358e362aa49565a63ff1f5c15c1c1d74cc835b7c,F-CUT-005,pms-module-cutover/src/main/java/cn/iocoder/yudao/module/pms/cutover/service/approval/port/CutoverApprovalOwnerFactException.java,CONFLICTING_HUNKS_PENDING,rejected_hunks=0 rc=1,feat(cutover): 建立P5审批领域合同
413,b78120e99f21a7fe650715d953d8dbec617ee92e,2026-09-01T16:35:20+08:00,codex/f-cut-001-matrices,358e362aa49565a63ff1f5c15c1c1d74cc835b7c,F-CUT-005,pms-module-cutover/src/test/java/cn/iocoder/yudao/module/pms/cutover/service/approval/domain/CutoverApprovalSourceSnapshotCodecTest.java,CONFLICTING_HUNKS_PENDING,rejected_hunks=0 rc=1,feat(cutover): 建立P5审批领域合同
413,b78120e99f21a7fe650715d953d8dbec617ee92e,2026-09-01T16:35:20+08:00,codex/f-cut-001-matrices,358e362aa49565a63ff1f5c15c1c1d74cc835b7c,F-CUT-005,tasks/features/F-CUT-005.md,EXCLUDED_SOURCE_METADATA,regenerated after code replay,feat(cutover): 建立P5审批领域合同
415,c9ba7a869212533a1e813bebf65ba52a3dbaa200,2026-09-01T16:40:37+08:00,codex/f-cut-001-matrices,6c9d1e9c7f78f4762f410a8eb6a29ab467715929,F-CUT-005,tasks/features/F-CUT-005.md,EXCLUDED_SOURCE_METADATA,regenerated after code replay,docs(cutover): 回写P5审批Task1 Gate
416,73a4f4aba31c8d674caa323f8446ed2915474aa3,2026-09-01T16:48:01+08:00,codex/f-cut-001-matrices,2803367092ebefb4e3006015889eb397ecaa39c6,F-CUT-005,pms-module-cutover/src/main/java/cn/iocoder/yudao/module/pms/cutover/dal/dataobject/approval/CutoverApprovalInstanceDO.java,APPLIED_ADD_ADD,current-semantic-superset,feat(cutover): 建立P5审批物理基础
416,73a4f4aba31c8d674caa323f8446ed2915474aa3,2026-09-01T16:48:01+08:00,codex/f-cut-001-matrices,2803367092ebefb4e3006015889eb397ecaa39c6,F-CUT-005,pms-module-cutover/src/main/java/cn/iocoder/yudao/module/pms/cutover/dal/dataobject/approval/CutoverApprovalNotificationDO.java,APPLIED_ADD_ADD,current-semantic-superset,feat(cutover): 建立P5审批物理基础
416,73a4f4aba31c8d674caa323f8446ed2915474aa3,2026-09-01T16:48:01+08:00,codex/f-cut-001-matrices,2803367092ebefb4e3006015889eb397ecaa39c6,F-CUT-005,pms-module-cutover/src/main/java/cn/iocoder/yudao/module/pms/cutover/dal/mysql/approval/CutoverApprovalInstanceMapper.java,APPLIED_ADD_ADD,current-semantic-superset,feat(cutover): 建立P5审批物理基础
416,73a4f4aba31c8d674caa323f8446ed2915474aa3,2026-09-01T16:48:01+08:00,codex/f-cut-001-matrices,2803367092ebefb4e3006015889eb397ecaa39c6,F-CUT-005,pms-module-cutover/src/main/java/cn/iocoder/yudao/module/pms/cutover/dal/mysql/approval/CutoverApprovalNodeMapper.java,APPLIED_ADD_ADD,current-semantic-superset,feat(cutover): 建立P5审批物理基础
416,73a4f4aba31c8d674caa323f8446ed2915474aa3,2026-09-01T16:48:01+08:00,codex/f-cut-001-matrices,2803367092ebefb4e3006015889eb397ecaa39c6,F-CUT-005,pms-module-cutover/src/main/java/cn/iocoder/yudao/module/pms/cutover/dal/mysql/approval/CutoverApprovalNotificationMapper.java,APPLIED_ADD_ADD,current-semantic-superset,feat(cutover): 建立P5审批物理基础
416,73a4f4aba31c8d674caa323f8446ed2915474aa3,2026-09-01T16:48:01+08:00,codex/f-cut-001-matrices,2803367092ebefb4e3006015889eb397ecaa39c6,F-CUT-005,pms-module-cutover/src/main/java/cn/iocoder/yudao/module/pms/cutover/dal/mysql/approval/query/ApprovalNodeStatusUpdate.java,CONFLICTING_HUNKS_PENDING,rejected_hunks=0 rc=1,feat(cutover): 建立P5审批物理基础
416,73a4f4aba31c8d674caa323f8446ed2915474aa3,2026-09-01T16:48:01+08:00,codex/f-cut-001-matrices,2803367092ebefb4e3006015889eb397ecaa39c6,F-CUT-005,pms-module-cutover/src/main/java/cn/iocoder/yudao/module/pms/cutover/dal/mysql/approval/query/ApprovalNotificationDeliveryUpdate.java,CONFLICTING_HUNKS_PENDING,rejected_hunks=0 rc=1,feat(cutover): 建立P5审批物理基础
416,73a4f4aba31c8d674caa323f8446ed2915474aa3,2026-09-01T16:48:01+08:00,codex/f-cut-001-matrices,2803367092ebefb4e3006015889eb397ecaa39c6,F-CUT-005,pms-module-cutover/src/main/resources/mapper/approval/CutoverApprovalInstanceMapper.xml,APPLIED_ADD_ADD,current-semantic-superset,feat(cutover): 建立P5审批物理基础
416,73a4f4aba31c8d674caa323f8446ed2915474aa3,2026-09-01T16:48:01+08:00,codex/f-cut-001-matrices,2803367092ebefb4e3006015889eb397ecaa39c6,F-CUT-005,pms-module-cutover/src/main/resources/mapper/approval/CutoverApprovalNodeMapper.xml,CONFLICTING_HUNKS_PENDING,rejected_hunks=0 rc=1,feat(cutover): 建立P5审批物理基础
416,73a4f4aba31c8d674caa323f8446ed2915474aa3,2026-09-01T16:48:01+08:00,codex/f-cut-001-matrices,2803367092ebefb4e3006015889eb397ecaa39c6,F-CUT-005,pms-module-cutover/src/main/resources/mapper/approval/CutoverApprovalNotificationMapper.xml,APPLIED_ADD_ADD,current-semantic-superset,feat(cutover): 建立P5审批物理基础
416,73a4f4aba31c8d674caa323f8446ed2915474aa3,2026-09-01T16:48:01+08:00,codex/f-cut-001-matrices,2803367092ebefb4e3006015889eb397ecaa39c6,F-CUT-005,pms-module-cutover/src/test/java/cn/iocoder/yudao/module/pms/cutover/dal/mysql/approval/CutoverApprovalMapperContractTest.java,CONFLICTING_HUNKS_PENDING,rejected_hunks=0 rc=1,feat(cutover): 建立P5审批物理基础
416,73a4f4aba31c8d674caa323f8446ed2915474aa3,2026-09-01T16:48:01+08:00,codex/f-cut-001-matrices,2803367092ebefb4e3006015889eb397ecaa39c6,F-CUT-005,pms-module-cutover/src/test/java/cn/iocoder/yudao/module/pms/cutover/migration/Fcut005MigrationContractTest.java,CONFLICTING_HUNKS_PENDING,rejected_hunks=0 rc=1,feat(cutover): 建立P5审批物理基础
416,73a4f4aba31c8d674caa323f8446ed2915474aa3,2026-09-01T16:48:01+08:00,codex/f-cut-001-matrices,2803367092ebefb4e3006015889eb397ecaa39c6,F-CUT-005,sql/migrations/V153__fcut005_p5_graded_approval.sql,APPLIED_CODE_CHANGE,clean per-commit delta,feat(cutover): 建立P5审批物理基础
416,73a4f4aba31c8d674caa323f8446ed2915474aa3,2026-09-01T16:48:01+08:00,codex/f-cut-001-matrices,2803367092ebefb4e3006015889eb397ecaa39c6,F-CUT-005,tasks/features/F-CUT-005.md,EXCLUDED_SOURCE_METADATA,regenerated after code replay,feat(cutover): 建立P5审批物理基础
417,367438e602d01b5fbf07232804950cf26ecff52d,2026-09-01T16:53:24+08:00,codex/f-cut-001-matrices,260afb634719dfb65b4bfc8dd1f89a38bf9329f3,F-CUT-005,pms-module-cutover/src/test/java/cn/iocoder/yudao/module/pms/cutover/dal/mysql/approval/CutoverApprovalMapperContractTest.java,CONFLICTING_HUNKS_PENDING,rejected_hunks=1 rc=1,fix(cutover): 对齐P5审批审计类型与排序
418,85b93828eb041db3b21611edf52b9180b673a5e0,2026-09-01T16:54:17+08:00,codex/f-cut-001-matrices,afdcfc5f0a7b0b4cfeeaf14e6c7c98a7a134c87a,F-CUT-005,tasks/features/F-CUT-005.md,EXCLUDED_SOURCE_METADATA,regenerated after code replay,docs(cutover): 回写P5审批Task2 Gate
419,f3177ec606a8f764586e36490d913720847d221c,2026-09-02T00:31:20+08:00,codex/f-cut-001-matrices,24230516e58ec9148bd04257f942228132cce9f7,F-CUT-005,pms-module-cutover/src/main/java/cn/iocoder/yudao/module/pms/cutover/api/approval/CutoverApprovalFactApiImpl.java,CONFLICTING_HUNKS_PENDING,rejected_hunks=0 rc=1,feat(cutover): 实现P5审批启动与事实Provider
419,f3177ec606a8f764586e36490d913720847d221c,2026-09-02T00:31:20+08:00,codex/f-cut-001-matrices,24230516e58ec9148bd04257f942228132cce9f7,F-CUT-005,pms-module-cutover/src/main/java/cn/iocoder/yudao/module/pms/cutover/service/approval/CutoverApprovalApplicationService.java,CONFLICTING_HUNKS_PENDING,rejected_hunks=0 rc=1,feat(cutover): 实现P5审批启动与事实Provider
419,f3177ec606a8f764586e36490d913720847d221c,2026-09-02T00:31:20+08:00,codex/f-cut-001-matrices,24230516e58ec9148bd04257f942228132cce9f7,F-CUT-005,pms-module-cutover/src/main/java/cn/iocoder/yudao/module/pms/cutover/service/approval/CutoverApprovalSourceAssembler.java,CONFLICTING_HUNKS_PENDING,rejected_hunks=0 rc=1,feat(cutover): 实现P5审批启动与事实Provider
419,f3177ec606a8f764586e36490d913720847d221c,2026-09-02T00:31:20+08:00,codex/f-cut-001-matrices,24230516e58ec9148bd04257f942228132cce9f7,F-CUT-005,pms-module-cutover/src/test/java/cn/iocoder/yudao/module/pms/cutover/api/approval/CutoverApprovalFactApiImplTest.java,CONFLICTING_HUNKS_PENDING,rejected_hunks=0 rc=1,feat(cutover): 实现P5审批启动与事实Provider
419,f3177ec606a8f764586e36490d913720847d221c,2026-09-02T00:31:20+08:00,codex/f-cut-001-matrices,24230516e58ec9148bd04257f942228132cce9f7,F-CUT-005,pms-module-cutover/src/test/java/cn/iocoder/yudao/module/pms/cutover/service/approval/CutoverApprovalStartServiceTest.java,CONFLICTING_HUNKS_PENDING,rejected_hunks=0 rc=1,feat(cutover): 实现P5审批启动与事实Provider
420,df406b0c6ec231cc41cd45c7d6b05e7a1d6accb0,2026-09-02T00:40:00+08:00,codex/f-cut-001-matrices,308d343ff36b21b58f6480319f1d6d451e926fd5,F-CUT-005,pms-module-cutover/src/main/java/cn/iocoder/yudao/module/pms/cutover/service/approval/CutoverApprovalApplicationService.java,CONFLICTING_HUNKS_PENDING,rejected_hunks=1 rc=1,fix(cutover): 收敛P5审批启动运行契约
420,df406b0c6ec231cc41cd45c7d6b05e7a1d6accb0,2026-09-02T00:40:00+08:00,codex/f-cut-001-matrices,308d343ff36b21b58f6480319f1d6d451e926fd5,F-CUT-005,pms-module-cutover/src/test/java/cn/iocoder/yudao/module/pms/cutover/service/approval/CutoverApprovalStartServiceTest.java,CONFLICTING_HUNKS_PENDING,rejected_hunks=1 rc=1,fix(cutover): 收敛P5审批启动运行契约
421,d3cdd9da3f111cdae3cb2859a0713c17b8872714,2026-09-02T00:44:08+08:00,codex/f-cut-001-matrices,279979fbb2aab5bad3f879ea59c132782ab1c648,F-CUT-005,tasks/features/F-CUT-005.md,EXCLUDED_SOURCE_METADATA,regenerated after code replay,docs(cutover): 回写P5审批Task3 Gate
422,8791b4cc169d5a5b8c19212a257c3cb9e56ee88a,2026-09-02T00:54:29+08:00,codex/f-cut-001-matrices,49a2f87feb4a8c7846aaab2ef9e23cd27cf0a1f1,F-CUT-005,pms-module-cutover/src/main/java/cn/iocoder/yudao/module/pms/cutover/dal/mysql/taskv2/CutoverTaskMapper.java,CONFLICTING_HUNKS_PENDING,rejected_hunks=1 rc=1,feat(cutover): 实现P5审批决定闭环
422,8791b4cc169d5a5b8c19212a257c3cb9e56ee88a,2026-09-02T00:54:29+08:00,codex/f-cut-001-matrices,49a2f87feb4a8c7846aaab2ef9e23cd27cf0a1f1,F-CUT-005,pms-module-cutover/src/main/java/cn/iocoder/yudao/module/pms/cutover/service/approval/CutoverApprovalApplicationService.java,CONFLICTING_HUNKS_PENDING,rejected_hunks=1 rc=1,feat(cutover): 实现P5审批决定闭环
422,8791b4cc169d5a5b8c19212a257c3cb9e56ee88a,2026-09-02T00:54:29+08:00,codex/f-cut-001-matrices,49a2f87feb4a8c7846aaab2ef9e23cd27cf0a1f1,F-CUT-005,pms-module-cutover/src/main/java/cn/iocoder/yudao/module/pms/cutover/service/approval/command/ApproveCutoverApprovalCommand.java,CONFLICTING_HUNKS_PENDING,rejected_hunks=0 rc=1,feat(cutover): 实现P5审批决定闭环
422,8791b4cc169d5a5b8c19212a257c3cb9e56ee88a,2026-09-02T00:54:29+08:00,codex/f-cut-001-matrices,49a2f87feb4a8c7846aaab2ef9e23cd27cf0a1f1,F-CUT-005,pms-module-cutover/src/main/java/cn/iocoder/yudao/module/pms/cutover/service/approval/command/RejectCutoverApprovalCommand.java,CONFLICTING_HUNKS_PENDING,rejected_hunks=0 rc=1,feat(cutover): 实现P5审批决定闭环
422,8791b4cc169d5a5b8c19212a257c3cb9e56ee88a,2026-09-02T00:54:29+08:00,codex/f-cut-001-matrices,49a2f87feb4a8c7846aaab2ef9e23cd27cf0a1f1,F-CUT-005,pms-module-cutover/src/main/java/cn/iocoder/yudao/module/pms/cutover/service/approval/result/CutoverApprovalDecisionResult.java,CONFLICTING_HUNKS_PENDING,rejected_hunks=0 rc=1,feat(cutover): 实现P5审批决定闭环
422,8791b4cc169d5a5b8c19212a257c3cb9e56ee88a,2026-09-02T00:54:29+08:00,codex/f-cut-001-matrices,49a2f87feb4a8c7846aaab2ef9e23cd27cf0a1f1,F-CUT-005,pms-module-cutover/src/main/resources/mapper/taskv2/CutoverTaskMapper.xml,CONFLICTING_HUNKS_PENDING,rejected_hunks=1 rc=1,feat(cutover): 实现P5审批决定闭环
422,8791b4cc169d5a5b8c19212a257c3cb9e56ee88a,2026-09-02T00:54:29+08:00,codex/f-cut-001-matrices,49a2f87feb4a8c7846aaab2ef9e23cd27cf0a1f1,F-CUT-005,pms-module-cutover/src/test/java/cn/iocoder/yudao/module/pms/cutover/service/approval/CutoverApprovalDecisionServiceTest.java,CONFLICTING_HUNKS_PENDING,rejected_hunks=0 rc=1,feat(cutover): 实现P5审批决定闭环
423,3e022c68e8ef04788f29b63373b441344d804197,2026-09-02T01:03:07+08:00,codex/f-cut-001-matrices,2dcd4178632941662783614ceb07cada2d63fe25,F-CUT-005,pms-module-cutover/src/main/java/cn/iocoder/yudao/module/pms/cutover/service/approval/CutoverApprovalApplicationService.java,CONFLICTING_HUNKS_PENDING,rejected_hunks=1 rc=1,fix(cutover): 收敛P5审批决定运行契约
423,3e022c68e8ef04788f29b63373b441344d804197,2026-09-02T01:03:07+08:00,codex/f-cut-001-matrices,2dcd4178632941662783614ceb07cada2d63fe25,F-CUT-005,pms-module-cutover/src/main/java/cn/iocoder/yudao/module/pms/cutover/service/approval/result/CutoverApprovalDecisionResult.java,CONFLICTING_HUNKS_PENDING,rejected_hunks=1 rc=1,fix(cutover): 收敛P5审批决定运行契约
423,3e022c68e8ef04788f29b63373b441344d804197,2026-09-02T01:03:07+08:00,codex/f-cut-001-matrices,2dcd4178632941662783614ceb07cada2d63fe25,F-CUT-005,pms-module-cutover/src/test/java/cn/iocoder/yudao/module/pms/cutover/service/approval/CutoverApprovalDecisionServiceTest.java,CONFLICTING_HUNKS_PENDING,rejected_hunks=1 rc=1,fix(cutover): 收敛P5审批决定运行契约
424,6dae8751bb34a36074cab6515b60bfd4b70beb67,2026-09-02T01:06:23+08:00,codex/f-cut-001-matrices,043d83d5798c24c658b3399b797732a3ee93ff73,F-CUT-005,pms-module-cutover/src/main/java/cn/iocoder/yudao/module/pms/cutover/service/approval/CutoverApprovalApplicationService.java,CONFLICTING_HUNKS_PENDING,rejected_hunks=1 rc=1,fix(cutover): 完成审批候选交集重验
424,6dae8751bb34a36074cab6515b60bfd4b70beb67,2026-09-02T01:06:23+08:00,codex/f-cut-001-matrices,043d83d5798c24c658b3399b797732a3ee93ff73,F-CUT-005,pms-module-cutover/src/test/java/cn/iocoder/yudao/module/pms/cutover/service/approval/CutoverApprovalDecisionServiceTest.java,APPLIED_NON_CONFLICTING_HUNKS,rejected_hunks=1 rc=1,fix(cutover): 完成审批候选交集重验
425,f8b4d8e2488afdc15f095b145556fbc11bdc9d08,2026-09-02T01:07:39+08:00,codex/f-cut-001-matrices,8f66cc9297023d79692fa7b1ff74d8dd9a6a9aa6,F-CUT-005,tasks/features/F-CUT-005.md,EXCLUDED_SOURCE_METADATA,regenerated after code replay,docs(cutover): 回写P5审批Task4 Gate
426,d689703262ac196c8fb3e47c7b10d572f5b6d3c6,2026-09-02T01:14:08+08:00,codex/f-cut-001-matrices,b02e57c6f81108d478614db0b25843bcb3cc9f6f,F-CUT-005,pms-module-cutover/src/main/java/cn/iocoder/yudao/module/pms/cutover/dal/mysql/approval/CutoverApprovalInstanceMapper.java,CONFLICTING_HUNKS_PENDING,rejected_hunks=1 rc=1,feat(cutover): 实现P5审批查询投影
426,d689703262ac196c8fb3e47c7b10d572f5b6d3c6,2026-09-02T01:14:08+08:00,codex/f-cut-001-matrices,b02e57c6f81108d478614db0b25843bcb3cc9f6f,F-CUT-005,pms-module-cutover/src/main/java/cn/iocoder/yudao/module/pms/cutover/dal/mysql/approval/projection/ApprovalTodoPageRow.java,CONFLICTING_HUNKS_PENDING,rejected_hunks=0 rc=1,feat(cutover): 实现P5审批查询投影
426,d689703262ac196c8fb3e47c7b10d572f5b6d3c6,2026-09-02T01:14:08+08:00,codex/f-cut-001-matrices,b02e57c6f81108d478614db0b25843bcb3cc9f6f,F-CUT-005,pms-module-cutover/src/main/java/cn/iocoder/yudao/module/pms/cutover/service/approval/CutoverApprovalQueryService.java,CONFLICTING_HUNKS_PENDING,rejected_hunks=0 rc=1,feat(cutover): 实现P5审批查询投影
426,d689703262ac196c8fb3e47c7b10d572f5b6d3c6,2026-09-02T01:14:08+08:00,codex/f-cut-001-matrices,b02e57c6f81108d478614db0b25843bcb3cc9f6f,F-CUT-005,pms-module-cutover/src/main/java/cn/iocoder/yudao/module/pms/cutover/service/approval/view/CutoverApprovalViews.java,CONFLICTING_HUNKS_PENDING,rejected_hunks=0 rc=1,feat(cutover): 实现P5审批查询投影
426,d689703262ac196c8fb3e47c7b10d572f5b6d3c6,2026-09-02T01:14:08+08:00,codex/f-cut-001-matrices,b02e57c6f81108d478614db0b25843bcb3cc9f6f,F-CUT-005,pms-module-cutover/src/main/resources/mapper/approval/CutoverApprovalInstanceMapper.xml,CONFLICTING_HUNKS_PENDING,rejected_hunks=1 rc=1,feat(cutover): 实现P5审批查询投影
426,d689703262ac196c8fb3e47c7b10d572f5b6d3c6,2026-09-02T01:14:08+08:00,codex/f-cut-001-matrices,b02e57c6f81108d478614db0b25843bcb3cc9f6f,F-CUT-005,pms-module-cutover/src/main/resources/mapper/approval/CutoverApprovalNodeMapper.xml,CONFLICTING_HUNKS_PENDING,rejected_hunks=1 rc=1,feat(cutover): 实现P5审批查询投影
426,d689703262ac196c8fb3e47c7b10d572f5b6d3c6,2026-09-02T01:14:08+08:00,codex/f-cut-001-matrices,b02e57c6f81108d478614db0b25843bcb3cc9f6f,F-CUT-005,pms-module-cutover/src/test/java/cn/iocoder/yudao/module/pms/cutover/dal/mysql/approval/CutoverApprovalMapperContractTest.java,CONFLICTING_HUNKS_PENDING,rejected_hunks=1 rc=1,feat(cutover): 实现P5审批查询投影
426,d689703262ac196c8fb3e47c7b10d572f5b6d3c6,2026-09-02T01:14:08+08:00,codex/f-cut-001-matrices,b02e57c6f81108d478614db0b25843bcb3cc9f6f,F-CUT-005,pms-module-cutover/src/test/java/cn/iocoder/yudao/module/pms/cutover/service/approval/CutoverApprovalQueryServiceTest.java,CONFLICTING_HUNKS_PENDING,rejected_hunks=0 rc=1,feat(cutover): 实现P5审批查询投影
427,baaabcc4b22b7ae3b226703da41f7da53b7feeb2,2026-09-02T01:21:22+08:00,codex/f-cut-001-matrices,1eca35a9d2aec5dcd65765d8e2b94bd5500c02f1,F-CUT-005,pms-module-cutover/src/main/java/cn/iocoder/yudao/module/pms/cutover/dal/mysql/approval/CutoverApprovalInstanceMapper.java,CONFLICTING_HUNKS_PENDING,rejected_hunks=1 rc=1,feat(cutover): 实现P5审批管理员改派
427,baaabcc4b22b7ae3b226703da41f7da53b7feeb2,2026-09-02T01:21:22+08:00,codex/f-cut-001-matrices,1eca35a9d2aec5dcd65765d8e2b94bd5500c02f1,F-CUT-005,pms-module-cutover/src/main/java/cn/iocoder/yudao/module/pms/cutover/service/approval/CutoverApprovalApplicationService.java,CONFLICTING_HUNKS_PENDING,rejected_hunks=1 rc=1,feat(cutover): 实现P5审批管理员改派
427,baaabcc4b22b7ae3b226703da41f7da53b7feeb2,2026-09-02T01:21:22+08:00,codex/f-cut-001-matrices,1eca35a9d2aec5dcd65765d8e2b94bd5500c02f1,F-CUT-005,pms-module-cutover/src/main/resources/mapper/approval/CutoverApprovalInstanceMapper.xml,CONFLICTING_HUNKS_PENDING,rejected_hunks=1 rc=1,feat(cutover): 实现P5审批管理员改派
427,baaabcc4b22b7ae3b226703da41f7da53b7feeb2,2026-09-02T01:21:22+08:00,codex/f-cut-001-matrices,1eca35a9d2aec5dcd65765d8e2b94bd5500c02f1,F-CUT-005,pms-module-cutover/src/test/java/cn/iocoder/yudao/module/pms/cutover/dal/mysql/approval/CutoverApprovalMapperContractTest.java,CONFLICTING_HUNKS_PENDING,rejected_hunks=1 rc=1,feat(cutover): 实现P5审批管理员改派
427,baaabcc4b22b7ae3b226703da41f7da53b7feeb2,2026-09-02T01:21:22+08:00,codex/f-cut-001-matrices,1eca35a9d2aec5dcd65765d8e2b94bd5500c02f1,F-CUT-005,pms-module-cutover/src/test/java/cn/iocoder/yudao/module/pms/cutover/service/approval/CutoverApprovalReassignmentTest.java,CONFLICTING_HUNKS_PENDING,rejected_hunks=0 rc=1,feat(cutover): 实现P5审批管理员改派
428,0142e01e8240d800e90f3252351199de41752a60,2026-09-02T01:29:10+08:00,codex/f-cut-001-matrices,57554dd5ac0152631bea9a4d749a409c4ad0a63f,F-CUT-005,pms-module-cutover/src/main/java/cn/iocoder/yudao/module/pms/cutover/service/approval/CutoverApprovalApplicationService.java,CONFLICTING_HUNKS_PENDING,rejected_hunks=1 rc=1,fix(cutover): 收敛审批查询与改派一致性
428,0142e01e8240d800e90f3252351199de41752a60,2026-09-02T01:29:10+08:00,codex/f-cut-001-matrices,57554dd5ac0152631bea9a4d749a409c4ad0a63f,F-CUT-005,pms-module-cutover/src/main/java/cn/iocoder/yudao/module/pms/cutover/service/approval/CutoverApprovalQueryService.java,CONFLICTING_HUNKS_PENDING,rejected_hunks=1 rc=1,fix(cutover): 收敛审批查询与改派一致性
428,0142e01e8240d800e90f3252351199de41752a60,2026-09-02T01:29:10+08:00,codex/f-cut-001-matrices,57554dd5ac0152631bea9a4d749a409c4ad0a63f,F-CUT-005,pms-module-cutover/src/test/java/cn/iocoder/yudao/module/pms/cutover/service/approval/CutoverApprovalQueryServiceTest.java,CONFLICTING_HUNKS_PENDING,rejected_hunks=1 rc=1,fix(cutover): 收敛审批查询与改派一致性
428,0142e01e8240d800e90f3252351199de41752a60,2026-09-02T01:29:10+08:00,codex/f-cut-001-matrices,57554dd5ac0152631bea9a4d749a409c4ad0a63f,F-CUT-005,pms-module-cutover/src/test/java/cn/iocoder/yudao/module/pms/cutover/service/approval/CutoverApprovalReassignmentTest.java,CONFLICTING_HUNKS_PENDING,rejected_hunks=1 rc=1,fix(cutover): 收敛审批查询与改派一致性
429,c288c2cb300d24feedf09917bc5248f32d8f5eb2,2026-09-02T01:33:03+08:00,codex/f-cut-001-matrices,d6cb659b9f053f5fbcf85963ea8683a5d29c18e3,F-CUT-005,tasks/features/F-CUT-005.md,EXCLUDED_SOURCE_METADATA,regenerated after code replay,docs(cutover): 回写Task 5审批工作台Gate
430,2414ac3828adb65f2b9747ce55d6c75b684791e8,2026-09-02T01:37:50+08:00,codex/f-cut-001-matrices,5a260e846818f8056d606d1e3fd762ca19d076cc,F-CUT-005,pms-module-cutover/src/main/java/cn/iocoder/yudao/module/pms/cutover/service/approval/notification/CutoverApprovalNotificationService.java,CONFLICTING_HUNKS_PENDING,rejected_hunks=0 rc=1,feat(cutover): 实现审批通知提交后投递
430,2414ac3828adb65f2b9747ce55d6c75b684791e8,2026-09-02T01:37:50+08:00,codex/f-cut-001-matrices,5a260e846818f8056d606d1e3fd762ca19d076cc,F-CUT-005,pms-module-cutover/src/test/java/cn/iocoder/yudao/module/pms/cutover/service/approval/notification/CutoverApprovalNotificationServiceTest.java,CONFLICTING_HUNKS_PENDING,rejected_hunks=0 rc=1,feat(cutover): 实现审批通知提交后投递
432,b03c35937fc0b93472bbb392c096d1c166e7d878,2026-09-02T01:45:20+08:00,codex/f-cut-001-matrices,88190804bbfe928af7e72f44e27f63024ec3d781,F-CUT-005,tasks/features/F-CUT-005.md,EXCLUDED_SOURCE_METADATA,regenerated after code replay,docs(cutover): 回写Task 6通知投递Gate
433,daee020ba85e8af3ffdcbdeb32ea79f09a23e27a,2026-09-02T01:56:18+08:00,codex/f-cut-001-matrices,eae06fcc0a576c64551388845aedad481a65055d,F-CUT-005,pms-module-cutover/src/main/java/cn/iocoder/yudao/module/pms/cutover/controller/admin/taskv2/CutoverApprovalController.java,CONFLICTING_HUNKS_PENDING,rejected_hunks=0 rc=1,feat(cutover): 实现分级审批六路由REST
433,daee020ba85e8af3ffdcbdeb32ea79f09a23e27a,2026-09-02T01:56:18+08:00,codex/f-cut-001-matrices,eae06fcc0a576c64551388845aedad481a65055d,F-CUT-005,pms-module-cutover/src/main/java/cn/iocoder/yudao/module/pms/cutover/controller/admin/taskv2/vo/approval/CutoverApprovalResponses.java,CONFLICTING_HUNKS_PENDING,rejected_hunks=0 rc=1,feat(cutover): 实现分级审批六路由REST
433,daee020ba85e8af3ffdcbdeb32ea79f09a23e27a,2026-09-02T01:56:18+08:00,codex/f-cut-001-matrices,eae06fcc0a576c64551388845aedad481a65055d,F-CUT-005,pms-module-cutover/src/main/java/cn/iocoder/yudao/module/pms/cutover/service/approval/CutoverApprovalQueryService.java,CONFLICTING_HUNKS_PENDING,rejected_hunks=1 rc=1,feat(cutover): 实现分级审批六路由REST
433,daee020ba85e8af3ffdcbdeb32ea79f09a23e27a,2026-09-02T01:56:18+08:00,codex/f-cut-001-matrices,eae06fcc0a576c64551388845aedad481a65055d,F-CUT-005,pms-module-cutover/src/test/java/cn/iocoder/yudao/module/pms/cutover/controller/admin/taskv2/CutoverApprovalControllerContractTest.java,CONFLICTING_HUNKS_PENDING,rejected_hunks=0 rc=1,feat(cutover): 实现分级审批六路由REST
434,0f98d5277aa203d2840a6620da331aa88a804f0b,2026-09-02T02:05:03+08:00,codex/f-cut-001-matrices,b90011e2530719daaa61b06a50949948be2fa743,F-CUT-005,pms-module-cutover/src/main/java/cn/iocoder/yudao/module/pms/cutover/controller/admin/taskv2/CutoverApprovalController.java,CONFLICTING_HUNKS_PENDING,rejected_hunks=1 rc=1,fix(cutover): 收敛审批响应与错误合同
434,0f98d5277aa203d2840a6620da331aa88a804f0b,2026-09-02T02:05:03+08:00,codex/f-cut-001-matrices,b90011e2530719daaa61b06a50949948be2fa743,F-CUT-005,pms-module-cutover/src/main/java/cn/iocoder/yudao/module/pms/cutover/service/approval/CutoverApprovalApplicationService.java,CONFLICTING_HUNKS_PENDING,rejected_hunks=1 rc=1,fix(cutover): 收敛审批响应与错误合同
434,0f98d5277aa203d2840a6620da331aa88a804f0b,2026-09-02T02:05:03+08:00,codex/f-cut-001-matrices,b90011e2530719daaa61b06a50949948be2fa743,F-CUT-005,pms-module-cutover/src/main/java/cn/iocoder/yudao/module/pms/cutover/service/approval/CutoverApprovalQueryService.java,CONFLICTING_HUNKS_PENDING,rejected_hunks=1 rc=1,fix(cutover): 收敛审批响应与错误合同
434,0f98d5277aa203d2840a6620da331aa88a804f0b,2026-09-02T02:05:03+08:00,codex/f-cut-001-matrices,b90011e2530719daaa61b06a50949948be2fa743,F-CUT-005,pms-module-cutover/src/test/java/cn/iocoder/yudao/module/pms/cutover/controller/admin/taskv2/CutoverApprovalControllerContractTest.java,CONFLICTING_HUNKS_PENDING,rejected_hunks=1 rc=1,fix(cutover): 收敛审批响应与错误合同
434,0f98d5277aa203d2840a6620da331aa88a804f0b,2026-09-02T02:05:03+08:00,codex/f-cut-001-matrices,b90011e2530719daaa61b06a50949948be2fa743,F-CUT-005,pms-module-cutover/src/test/java/cn/iocoder/yudao/module/pms/cutover/service/approval/CutoverApprovalDecisionServiceTest.java,APPLIED_NON_CONFLICTING_HUNKS,rejected_hunks=1 rc=1,fix(cutover): 收敛审批响应与错误合同
434,0f98d5277aa203d2840a6620da331aa88a804f0b,2026-09-02T02:05:03+08:00,codex/f-cut-001-matrices,b90011e2530719daaa61b06a50949948be2fa743,F-CUT-005,pms-module-cutover/src/test/java/cn/iocoder/yudao/module/pms/cutover/service/approval/CutoverApprovalQueryServiceTest.java,CONFLICTING_HUNKS_PENDING,rejected_hunks=1 rc=1,fix(cutover): 收敛审批响应与错误合同
435,eefb40eccdcce7b727925b9c6c6f4dc592591e0c,2026-09-02T02:14:01+08:00,codex/f-cut-001-matrices,08c813306943fbf7631c414bb6d8a199c14269f8,F-CUT-005,pms-module-cutover/src/main/java/cn/iocoder/yudao/module/pms/cutover/service/approval/CutoverApprovalApplicationService.java,CONFLICTING_HUNKS_PENDING,rejected_hunks=1 rc=1,fix(cutover): 支持审批决定幂等重放
435,eefb40eccdcce7b727925b9c6c6f4dc592591e0c,2026-09-02T02:14:01+08:00,codex/f-cut-001-matrices,08c813306943fbf7631c414bb6d8a199c14269f8,F-CUT-005,pms-module-cutover/src/test/java/cn/iocoder/yudao/module/pms/cutover/service/approval/CutoverApprovalDecisionServiceTest.java,CONFLICTING_HUNKS_PENDING,rejected_hunks=1 rc=1,fix(cutover): 支持审批决定幂等重放
436,e506126e0a7eba50a96158a5534af009bc7830d3,2026-09-02T02:16:09+08:00,codex/f-cut-001-matrices,afb51be0621d48fc28d3456698e6be0c84cf5797,F-CUT-005,tasks/features/F-CUT-005.md,EXCLUDED_SOURCE_METADATA,regenerated after code replay,docs(cutover): 回写Task 7审批接口Gate
437,327d14778d91de6f591bf9d02109db0879315d47,2026-09-02T02:36:00+08:00,codex/f-cut-001-matrices,c3d3e98eb4a37d270f3c8594ea335a0718161c9d,F-CUT-005,tasks/features/F-CUT-005.md,EXCLUDED_SOURCE_METADATA,regenerated after code replay,feat(cutover): 实现P5审批工作台
437,327d14778d91de6f591bf9d02109db0879315d47,2026-09-02T02:36:00+08:00,codex/f-cut-001-matrices,c3d3e98eb4a37d270f3c8594ea335a0718161c9d,F-CUT-005,yudao-ui/yudao-ui-admin-vue3/src/api/pms/cutover/cutover-task/index.ts,CONFLICTING_HUNKS_PENDING,rejected_hunks=1 rc=1,feat(cutover): 实现P5审批工作台
437,327d14778d91de6f591bf9d02109db0879315d47,2026-09-02T02:36:00+08:00,codex/f-cut-001-matrices,c3d3e98eb4a37d270f3c8594ea335a0718161c9d,F-CUT-005,yudao-ui/yudao-ui-admin-vue3/src/views/pms/cutover/cutover-task/components/CutoverApprovalDecisionForm.vue,APPLIED_ADD_ADD,current-semantic-superset,feat(cutover): 实现P5审批工作台
437,327d14778d91de6f591bf9d02109db0879315d47,2026-09-02T02:36:00+08:00,codex/f-cut-001-matrices,c3d3e98eb4a37d270f3c8594ea335a0718161c9d,F-CUT-005,yudao-ui/yudao-ui-admin-vue3/src/views/pms/cutover/cutover-task/components/CutoverApprovalPanel.vue,CONFLICTING_HUNKS_PENDING,rejected_hunks=0 rc=1,feat(cutover): 实现P5审批工作台
437,327d14778d91de6f591bf9d02109db0879315d47,2026-09-02T02:36:00+08:00,codex/f-cut-001-matrices,c3d3e98eb4a37d270f3c8594ea335a0718161c9d,F-CUT-005,yudao-ui/yudao-ui-admin-vue3/src/views/pms/cutover/cutover-task/components/CutoverApprovalReassignmentPanel.vue,APPLIED_ADD_ADD,current-semantic-superset,feat(cutover): 实现P5审批工作台
437,327d14778d91de6f591bf9d02109db0879315d47,2026-09-02T02:36:00+08:00,codex/f-cut-001-matrices,c3d3e98eb4a37d270f3c8594ea335a0718161c9d,F-CUT-005,yudao-ui/yudao-ui-admin-vue3/src/views/pms/cutover/cutover-task/cutoverApprovalComponents.spec.ts,CONFLICTING_HUNKS_PENDING,rejected_hunks=0 rc=1,feat(cutover): 实现P5审批工作台
437,327d14778d91de6f591bf9d02109db0879315d47,2026-09-02T02:36:00+08:00,codex/f-cut-001-matrices,c3d3e98eb4a37d270f3c8594ea335a0718161c9d,F-CUT-005,yudao-ui/yudao-ui-admin-vue3/src/views/pms/cutover/cutover-task/cutoverTaskInteraction.spec.ts,APPLIED_NON_CONFLICTING_HUNKS,rejected_hunks=1 rc=1,feat(cutover): 实现P5审批工作台
437,327d14778d91de6f591bf9d02109db0879315d47,2026-09-02T02:36:00+08:00,codex/f-cut-001-matrices,c3d3e98eb4a37d270f3c8594ea335a0718161c9d,F-CUT-005,yudao-ui/yudao-ui-admin-vue3/src/views/pms/cutover/cutover-task/cutoverTaskInteraction.ts,CONFLICTING_HUNKS_PENDING,rejected_hunks=1 rc=1,feat(cutover): 实现P5审批工作台
437,327d14778d91de6f591bf9d02109db0879315d47,2026-09-02T02:36:00+08:00,codex/f-cut-001-matrices,c3d3e98eb4a37d270f3c8594ea335a0718161c9d,F-CUT-005,yudao-ui/yudao-ui-admin-vue3/src/views/pms/cutover/cutover-task/index.vue,CONFLICTING_HUNKS_PENDING,rejected_hunks=1 rc=1,feat(cutover): 实现P5审批工作台
438,ac8a6e5f47f7ce550649bb6ee4571aa149ad565b,2026-09-02T02:51:44+08:00,codex/f-cut-001-matrices,f2ff7dc9b8771d99c7427f3716847ac72b28b16c,F-CUT-005,tasks/features/F-CUT-005.md,EXCLUDED_SOURCE_METADATA,regenerated after code replay,fix(cutover): 闭合审批工作台交互
438,ac8a6e5f47f7ce550649bb6ee4571aa149ad565b,2026-09-02T02:51:44+08:00,codex/f-cut-001-matrices,f2ff7dc9b8771d99c7427f3716847ac72b28b16c,F-CUT-005,yudao-ui/yudao-ui-admin-vue3/src/views/pms/cutover/cutover-task/cutoverApprovalComponents.spec.ts,APPLIED_NON_CONFLICTING_HUNKS,rejected_hunks=1 rc=1,fix(cutover): 闭合审批工作台交互
438,ac8a6e5f47f7ce550649bb6ee4571aa149ad565b,2026-09-02T02:51:44+08:00,codex/f-cut-001-matrices,f2ff7dc9b8771d99c7427f3716847ac72b28b16c,F-CUT-001,yudao-ui/yudao-ui-admin-vue3/src/views/pms/cutover/cutover-task/index.vue,APPLIED_CODE_CHANGE,clean per-commit delta,fix(cutover): 闭合审批工作台交互
439,b8058096761e0ce6bbb7784f852e5ef8e028d6ee,2026-09-02T02:54:30+08:00,codex/f-cut-001-matrices,8f627d522219f6d4cb017b58ae5143ff8c11ae2a,F-CUT-005,tasks/features/F-CUT-005.md,EXCLUDED_SOURCE_METADATA,regenerated after code replay,docs(cutover): 回写Task 8工作台Gate
440,6be558c4f3fdbdd21285af6b84ba7e2be7037b49,2026-09-02T03:01:20+08:00,codex/f-cut-001-matrices,4111dd5e3673c7e9ec1aad18d100bc82c05f16aa,F-CUT-005,pms-module-cutover/src/test/java/cn/iocoder/yudao/module/pms/cutover/migration/Fcut005MigrationContractTest.java,APPLIED_CODE_CHANGE,clean per-commit delta,feat(cutover): 初始化P5审批平台资产
440,6be558c4f3fdbdd21285af6b84ba7e2be7037b49,2026-09-02T03:01:20+08:00,codex/f-cut-001-matrices,4111dd5e3673c7e9ec1aad18d100bc82c05f16aa,F-CUT-005,sql/migrations/V154__fcut005_p5_approval_seed.sql,APPLIED_CODE_CHANGE,clean per-commit delta,feat(cutover): 初始化P5审批平台资产
440,6be558c4f3fdbdd21285af6b84ba7e2be7037b49,2026-09-02T03:01:20+08:00,codex/f-cut-001-matrices,4111dd5e3673c7e9ec1aad18d100bc82c05f16aa,F-CUT-005,tasks/features/F-CUT-005.md,EXCLUDED_SOURCE_METADATA,regenerated after code replay,feat(cutover): 初始化P5审批平台资产
441,ff099d7c00c424691dc85503a2520b944d95cb57,2026-09-02T03:03:40+08:00,codex/f-cut-001-matrices,6b17785a08f89b71c18622d3c400701e052c6027,F-CUT-005,tasks/features/F-CUT-005.md,EXCLUDED_SOURCE_METADATA,regenerated after code replay,docs(cutover): 回写Task 9种子Gate
442,9e812f9c8cbec1cc65a58044ec5d4da5417093dd,2026-09-02T03:21:54+08:00,codex/f-cut-001-matrices,f5e36953b9cf3065a039b2256d56b1741cf7974f,F-CUT-005,pms-module-cutover/src/main/java/cn/iocoder/yudao/module/pms/cutover/service/approval/CutoverApprovalApplicationService.java,CONFLICTING_HUNKS_PENDING,rejected_hunks=1 rc=1,test(cutover): close controlled approval loop
442,9e812f9c8cbec1cc65a58044ec5d4da5417093dd,2026-09-02T03:21:54+08:00,codex/f-cut-001-matrices,f5e36953b9cf3065a039b2256d56b1741cf7974f,F-CUT-005,pms-module-cutover/src/main/java/cn/iocoder/yudao/module/pms/cutover/service/approval/CutoverApprovalSourceAssembler.java,CONFLICTING_HUNKS_PENDING,rejected_hunks=1 rc=1,test(cutover): close controlled approval loop
442,9e812f9c8cbec1cc65a58044ec5d4da5417093dd,2026-09-02T03:21:54+08:00,codex/f-cut-001-matrices,f5e36953b9cf3065a039b2256d56b1741cf7974f,F-CUT-005,pms-module-cutover/src/test/java/cn/iocoder/yudao/module/pms/cutover/service/approval/CutoverApprovalPositiveLoopMySqlTest.java,CONFLICTING_HUNKS_PENDING,rejected_hunks=0 rc=1,test(cutover): close controlled approval loop
442,9e812f9c8cbec1cc65a58044ec5d4da5417093dd,2026-09-02T03:21:54+08:00,codex/f-cut-001-matrices,f5e36953b9cf3065a039b2256d56b1741cf7974f,F-CUT-005,tasks/features/F-CUT-005.md,EXCLUDED_SOURCE_METADATA,regenerated after code replay,test(cutover): close controlled approval loop
443,a7e5b7b356cc4a2f437db3bd22dc9e062cc07559,2026-09-02T03:27:33+08:00,codex/f-cut-001-matrices,ce692a74b13b2d3a8a863441334d387ed9f7fb83,F-CUT-005,pms-module-cutover/src/test/java/cn/iocoder/yudao/module/pms/cutover/service/approval/CutoverApprovalPositiveLoopMySqlTest.java,CONFLICTING_HUNKS_PENDING,rejected_hunks=1 rc=1,fix(cutover): preserve uploaded approval content
443,a7e5b7b356cc4a2f437db3bd22dc9e062cc07559,2026-09-02T03:27:33+08:00,codex/f-cut-001-matrices,ce692a74b13b2d3a8a863441334d387ed9f7fb83,F-CUT-005,tasks/features/F-CUT-005.md,EXCLUDED_SOURCE_METADATA,regenerated after code replay,fix(cutover): preserve uploaded approval content
445,d52acdfbb3008d762701122b66d94582ecdabf1f,2026-09-02T03:38:58+08:00,codex/f-cut-001-matrices,6fae75f5066b3cf31658ee804e42bfa548188118,F-CUT-006,docs/traceability/domain-entity-migration-contract.json,EXCLUDED_SOURCE_METADATA,regenerated after code replay,docs(cutover): define P6 closure feature
445,d52acdfbb3008d762701122b66d94582ecdabf1f,2026-09-02T03:38:58+08:00,codex/f-cut-001-matrices,6fae75f5066b3cf31658ee804e42bfa548188118,F-CUT-006,docs/traceability/domain-entity-migration-contract.md,EXCLUDED_SOURCE_METADATA,regenerated after code replay,docs(cutover): define P6 closure feature
445,d52acdfbb3008d762701122b66d94582ecdabf1f,2026-09-02T03:38:58+08:00,codex/f-cut-001-matrices,6fae75f5066b3cf31658ee804e42bfa548188118,F-CUT-006,docs/traceability/requirement-matrix.md,EXCLUDED_SOURCE_METADATA,regenerated after code replay,docs(cutover): define P6 closure feature
445,d52acdfbb3008d762701122b66d94582ecdabf1f,2026-09-02T03:38:58+08:00,codex/f-cut-001-matrices,6fae75f5066b3cf31658ee804e42bfa548188118,F-CUT-006,docs/traceability/requirement-version-coverage.json,EXCLUDED_SOURCE_METADATA,regenerated after code replay,docs(cutover): define P6 closure feature
445,d52acdfbb3008d762701122b66d94582ecdabf1f,2026-09-02T03:38:58+08:00,codex/f-cut-001-matrices,6fae75f5066b3cf31658ee804e42bfa548188118,F-CUT-006,scripts/generate_domain_entity_migration_contract.py,APPLIED_CODE_CHANGE,clean per-commit delta,docs(cutover): define P6 closure feature
445,d52acdfbb3008d762701122b66d94582ecdabf1f,2026-09-02T03:38:58+08:00,codex/f-cut-001-matrices,6fae75f5066b3cf31658ee804e42bfa548188118,F-CUT-006,specs/features/F-CUT-006-api-contract.json,EXCLUDED_SOURCE_METADATA,regenerated after code replay,docs(cutover): define P6 closure feature
445,d52acdfbb3008d762701122b66d94582ecdabf1f,2026-09-02T03:38:58+08:00,codex/f-cut-001-matrices,6fae75f5066b3cf31658ee804e42bfa548188118,F-CUT-006,specs/features/F-CUT-006-legacy-reuse-audit.md,EXCLUDED_SOURCE_METADATA,regenerated after code replay,docs(cutover): define P6 closure feature
445,d52acdfbb3008d762701122b66d94582ecdabf1f,2026-09-02T03:38:58+08:00,codex/f-cut-001-matrices,6fae75f5066b3cf31658ee804e42bfa548188118,F-CUT-006,specs/features/F-CUT-006-p6-cutover-closure.md,EXCLUDED_SOURCE_METADATA,regenerated after code replay,docs(cutover): define P6 closure feature
445,d52acdfbb3008d762701122b66d94582ecdabf1f,2026-09-02T03:38:58+08:00,codex/f-cut-001-matrices,6fae75f5066b3cf31658ee804e42bfa548188118,F-CUT-006,specs/features/F-CUT-006-physical-contract.json,EXCLUDED_SOURCE_METADATA,regenerated after code replay,docs(cutover): define P6 closure feature
445,d52acdfbb3008d762701122b66d94582ecdabf1f,2026-09-02T03:38:58+08:00,codex/f-cut-001-matrices,6fae75f5066b3cf31658ee804e42bfa548188118,F-CUT-006,specs/features/README.md,EXCLUDED_SOURCE_METADATA,regenerated after code replay,docs(cutover): define P6 closure feature
445,d52acdfbb3008d762701122b66d94582ecdabf1f,2026-09-02T03:38:58+08:00,codex/f-cut-001-matrices,6fae75f5066b3cf31658ee804e42bfa548188118,F-CUT-006,tasks/features/F-CUT-006.md,EXCLUDED_SOURCE_METADATA,regenerated after code replay,docs(cutover): define P6 closure feature
446,4e390d4f8b7b529ef54e569a05d8f33428661517,2026-09-02T03:50:47+08:00,codex/f-cut-001-matrices,82a76e183e29716c5a49524206ecdc0176d6a527,F-CUT-006,docs/traceability/domain-entity-migration-contract.json,EXCLUDED_SOURCE_METADATA,regenerated after code replay,docs(cutover): close P6 feature contract gaps
446,4e390d4f8b7b529ef54e569a05d8f33428661517,2026-09-02T03:50:47+08:00,codex/f-cut-001-matrices,82a76e183e29716c5a49524206ecdc0176d6a527,F-CUT-006,docs/traceability/domain-entity-migration-contract.md,EXCLUDED_SOURCE_METADATA,regenerated after code replay,docs(cutover): close P6 feature contract gaps
446,4e390d4f8b7b529ef54e569a05d8f33428661517,2026-09-02T03:50:47+08:00,codex/f-cut-001-matrices,82a76e183e29716c5a49524206ecdc0176d6a527,F-CUT-006,scripts/generate_domain_entity_migration_contract.py,APPLIED_CODE_CHANGE,clean per-commit delta,docs(cutover): close P6 feature contract gaps
446,4e390d4f8b7b529ef54e569a05d8f33428661517,2026-09-02T03:50:47+08:00,codex/f-cut-001-matrices,82a76e183e29716c5a49524206ecdc0176d6a527,F-CUT-006,specs/features/F-CUT-006-api-contract.json,EXCLUDED_SOURCE_METADATA,regenerated after code replay,docs(cutover): close P6 feature contract gaps
446,4e390d4f8b7b529ef54e569a05d8f33428661517,2026-09-02T03:50:47+08:00,codex/f-cut-001-matrices,82a76e183e29716c5a49524206ecdc0176d6a527,F-CUT-006,specs/features/F-CUT-006-p6-cutover-closure.md,EXCLUDED_SOURCE_METADATA,regenerated after code replay,docs(cutover): close P6 feature contract gaps
446,4e390d4f8b7b529ef54e569a05d8f33428661517,2026-09-02T03:50:47+08:00,codex/f-cut-001-matrices,82a76e183e29716c5a49524206ecdc0176d6a527,F-CUT-006,specs/features/F-CUT-006-physical-contract.json,EXCLUDED_SOURCE_METADATA,regenerated after code replay,docs(cutover): close P6 feature contract gaps
446,4e390d4f8b7b529ef54e569a05d8f33428661517,2026-09-02T03:50:47+08:00,codex/f-cut-001-matrices,82a76e183e29716c5a49524206ecdc0176d6a527,F-CUT-006,tasks/features/F-CUT-006.md,EXCLUDED_SOURCE_METADATA,regenerated after code replay,docs(cutover): close P6 feature contract gaps
447,cce9e7893b072df71b8b9af3c5e82301099246ff,2026-09-02T03:53:12+08:00,codex/f-cut-001-matrices,96f8da36dab4a0bb4cd5e728c58062303128b381,F-CUT-006,specs/features/F-CUT-006-p6-cutover-closure.md,EXCLUDED_SOURCE_METADATA,regenerated after code replay,docs(cutover): mark P6 feature ready
447,cce9e7893b072df71b8b9af3c5e82301099246ff,2026-09-02T03:53:12+08:00,codex/f-cut-001-matrices,96f8da36dab4a0bb4cd5e728c58062303128b381,F-CUT-006,specs/features/README.md,EXCLUDED_SOURCE_METADATA,regenerated after code replay,docs(cutover): mark P6 feature ready
447,cce9e7893b072df71b8b9af3c5e82301099246ff,2026-09-02T03:53:12+08:00,codex/f-cut-001-matrices,96f8da36dab4a0bb4cd5e728c58062303128b381,F-CUT-006,tasks/features/F-CUT-006.md,EXCLUDED_SOURCE_METADATA,regenerated after code replay,docs(cutover): mark P6 feature ready
448,e0fb30fe35500c196e679d741773039215a13141,2026-09-02T03:56:41+08:00,codex/f-cut-001-matrices,812190f9318b8339a8364ed74dcaa371a4baf1d5,F-CUT-006,docs/superpowers/plans/2026-09-02-f-cut-006-p6-cutover-closure.md,EXCLUDED_SOURCE_METADATA,regenerated after code replay,docs(cutover): plan P6 closure implementation
448,e0fb30fe35500c196e679d741773039215a13141,2026-09-02T03:56:41+08:00,codex/f-cut-001-matrices,812190f9318b8339a8364ed74dcaa371a4baf1d5,F-CUT-006,specs/features/F-CUT-006-p6-cutover-closure.md,EXCLUDED_SOURCE_METADATA,regenerated after code replay,docs(cutover): plan P6 closure implementation
448,e0fb30fe35500c196e679d741773039215a13141,2026-09-02T03:56:41+08:00,codex/f-cut-001-matrices,812190f9318b8339a8364ed74dcaa371a4baf1d5,F-CUT-006,tasks/features/F-CUT-006.md,EXCLUDED_SOURCE_METADATA,regenerated after code replay,docs(cutover): plan P6 closure implementation
449,354471f12cb880ab63610c759a58f7462306cdd7,2026-09-02T03:59:57+08:00,codex/f-cut-001-matrices,45113754b9e2e59410cccb69ee4ef4b16dcac09c,F-CUT-006,docs/superpowers/plans/2026-09-02-f-cut-006-p6-cutover-closure.md,EXCLUDED_SOURCE_METADATA,regenerated after code replay,docs(cutover): refine P6 implementation plan
449,354471f12cb880ab63610c759a58f7462306cdd7,2026-09-02T03:59:57+08:00,codex/f-cut-001-matrices,45113754b9e2e59410cccb69ee4ef4b16dcac09c,F-CUT-006,specs/features/F-CUT-006-p6-cutover-closure.md,EXCLUDED_SOURCE_METADATA,regenerated after code replay,docs(cutover): refine P6 implementation plan
449,354471f12cb880ab63610c759a58f7462306cdd7,2026-09-02T03:59:57+08:00,codex/f-cut-001-matrices,45113754b9e2e59410cccb69ee4ef4b16dcac09c,F-CUT-006,tasks/features/F-CUT-006.md,EXCLUDED_SOURCE_METADATA,regenerated after code replay,docs(cutover): refine P6 implementation plan
450,6c9c37e676e0d6180354917157a5a00a368ed604,2026-09-02T04:01:46+08:00,codex/f-cut-001-matrices,3fee9b636baeed149a5d53e712201f61e7a1a5f9,F-CUT-006,tasks/features/F-CUT-006.md,EXCLUDED_SOURCE_METADATA,regenerated after code replay,docs(cutover): approve P6 technical plan
451,124295f9bae47ff7f67cb51a19aa180a3e154851,2026-09-02T04:08:04+08:00,codex/f-cut-001-matrices,185551b7f4d7f44371d1429cbeaa8a6f81d1dc3a,F-CUT-006,pms-module-cutover/src/main/java/cn/iocoder/yudao/module/pms/cutover/service/closure/domain/CutoverClosureRules.java,APPLIED_ADD_ADD,current-semantic-superset,feat(cutover): add P6 closure consumer ports
451,124295f9bae47ff7f67cb51a19aa180a3e154851,2026-09-02T04:08:04+08:00,codex/f-cut-001-matrices,185551b7f4d7f44371d1429cbeaa8a6f81d1dc3a,F-CUT-006,pms-module-cutover/src/main/java/cn/iocoder/yudao/module/pms/cutover/service/closure/port/CutoverClosureCollectionPort.java,CONFLICTING_HUNKS_PENDING,rejected_hunks=0 rc=1,feat(cutover): add P6 closure consumer ports
451,124295f9bae47ff7f67cb51a19aa180a3e154851,2026-09-02T04:08:04+08:00,codex/f-cut-001-matrices,185551b7f4d7f44371d1429cbeaa8a6f81d1dc3a,F-CUT-006,pms-module-cutover/src/main/java/cn/iocoder/yudao/module/pms/cutover/service/closure/port/CutoverClosureOwnerFactException.java,APPLIED_ADD_ADD,current-semantic-superset,feat(cutover): add P6 closure consumer ports
451,124295f9bae47ff7f67cb51a19aa180a3e154851,2026-09-02T04:08:04+08:00,codex/f-cut-001-matrices,185551b7f4d7f44371d1429cbeaa8a6f81d1dc3a,F-CUT-006,pms-module-cutover/src/test/java/cn/iocoder/yudao/module/pms/cutover/service/closure/CutoverClosureControlledPorts.java,CONFLICTING_HUNKS_PENDING,rejected_hunks=0 rc=1,feat(cutover): add P6 closure consumer ports
451,124295f9bae47ff7f67cb51a19aa180a3e154851,2026-09-02T04:08:04+08:00,codex/f-cut-001-matrices,185551b7f4d7f44371d1429cbeaa8a6f81d1dc3a,F-CUT-006,pms-module-cutover/src/test/java/cn/iocoder/yudao/module/pms/cutover/service/closure/CutoverClosurePortContractTest.java,APPLIED_ADD_ADD,current-semantic-superset,feat(cutover): add P6 closure consumer ports
451,124295f9bae47ff7f67cb51a19aa180a3e154851,2026-09-02T04:08:04+08:00,codex/f-cut-001-matrices,185551b7f4d7f44371d1429cbeaa8a6f81d1dc3a,F-CUT-006,tasks/features/F-CUT-006.md,EXCLUDED_SOURCE_METADATA,regenerated after code replay,feat(cutover): add P6 closure consumer ports
452,35c8462d90842aee663a246981b9fe880ab1b2f5,2026-09-02T04:11:33+08:00,codex/f-cut-001-matrices,effa6b25b98836c21e06f4c7bd21bf6e4ceb93a9,F-CUT-006,tasks/features/F-CUT-006.md,EXCLUDED_SOURCE_METADATA,regenerated after code replay,fix(cutover): bind collection recovery to request digest
453,7099e55fb9b6f0e0d0dfa226ae4de4d63773b814,2026-09-02T04:12:45+08:00,codex/f-cut-001-matrices,d7b0c3c87a4bca941e800e316c93da9b79d65f46,F-CUT-006,tasks/features/F-CUT-006.md,EXCLUDED_SOURCE_METADATA,regenerated after code replay,docs(cutover): record P6 closure ports gate
454,cb5098f36239f70db639f07e0564300033138f16,2026-09-02T04:27:17+08:00,codex/f-cut-001-matrices,d0544307bccc3a54e12ba4990478d103ce95264a,F-CUT-006,pms-module-cutover/src/main/java/cn/iocoder/yudao/module/pms/cutover/dal/mysql/closure/CutoverClosureAttachmentMapper.java,APPLIED_ADD_ADD,current-semantic-superset,feat(cutover): add P6 closure schema
454,cb5098f36239f70db639f07e0564300033138f16,2026-09-02T04:27:17+08:00,codex/f-cut-001-matrices,d0544307bccc3a54e12ba4990478d103ce95264a,F-CUT-006,pms-module-cutover/src/main/java/cn/iocoder/yudao/module/pms/cutover/dal/mysql/closure/CutoverClosureMapper.java,APPLIED_ADD_ADD,current-semantic-superset,feat(cutover): add P6 closure schema
454,cb5098f36239f70db639f07e0564300033138f16,2026-09-02T04:27:17+08:00,codex/f-cut-001-matrices,d0544307bccc3a54e12ba4990478d103ce95264a,F-CUT-006,pms-module-cutover/src/main/resources/mapper/closure/CutoverClosureAttachmentMapper.xml,APPLIED_ADD_ADD,current-semantic-superset,feat(cutover): add P6 closure schema
454,cb5098f36239f70db639f07e0564300033138f16,2026-09-02T04:27:17+08:00,codex/f-cut-001-matrices,d0544307bccc3a54e12ba4990478d103ce95264a,F-CUT-006,pms-module-cutover/src/main/resources/mapper/closure/CutoverClosureMapper.xml,APPLIED_ADD_ADD,current-semantic-superset,feat(cutover): add P6 closure schema
454,cb5098f36239f70db639f07e0564300033138f16,2026-09-02T04:27:17+08:00,codex/f-cut-001-matrices,d0544307bccc3a54e12ba4990478d103ce95264a,F-CUT-006,pms-module-cutover/src/test/java/cn/iocoder/yudao/module/pms/cutover/dal/mysql/closure/CutoverClosureMapperContractTest.java,CONFLICTING_HUNKS_PENDING,rejected_hunks=0 rc=1,feat(cutover): add P6 closure schema
454,cb5098f36239f70db639f07e0564300033138f16,2026-09-02T04:27:17+08:00,codex/f-cut-001-matrices,d0544307bccc3a54e12ba4990478d103ce95264a,F-CUT-006,pms-module-cutover/src/test/java/cn/iocoder/yudao/module/pms/cutover/migration/Fcut006MigrationContractTest.java,CONFLICTING_HUNKS_PENDING,rejected_hunks=0 rc=1,feat(cutover): add P6 closure schema
454,cb5098f36239f70db639f07e0564300033138f16,2026-09-02T04:27:17+08:00,codex/f-cut-001-matrices,d0544307bccc3a54e12ba4990478d103ce95264a,F-CUT-006,sql/migrations/V155__fcut006_p6_cutover_closure.sql,APPLIED_CODE_CHANGE,clean per-commit delta,feat(cutover): add P6 closure schema
454,cb5098f36239f70db639f07e0564300033138f16,2026-09-02T04:27:17+08:00,codex/f-cut-001-matrices,d0544307bccc3a54e12ba4990478d103ce95264a,F-CUT-006,tasks/features/F-CUT-006.md,EXCLUDED_SOURCE_METADATA,regenerated after code replay,feat(cutover): add P6 closure schema
455,6c3dd42472dc319cc64c5b303f25104b69d57a45,2026-09-02T04:36:37+08:00,codex/f-cut-001-matrices,b6bd7ca3def15fdfda7e6b1487d35d3463706977,F-CUT-006,pms-module-cutover/src/test/java/cn/iocoder/yudao/module/pms/cutover/migration/Fcut006MigrationContractTest.java,CONFLICTING_HUNKS_PENDING,rejected_hunks=1 rc=1,fix(cutover): preserve P6 closure identity case
455,6c3dd42472dc319cc64c5b303f25104b69d57a45,2026-09-02T04:36:37+08:00,codex/f-cut-001-matrices,b6bd7ca3def15fdfda7e6b1487d35d3463706977,F-CUT-006,sql/migrations/V155__fcut006_p6_cutover_closure.sql,APPLIED_CODE_CHANGE,clean per-commit delta,fix(cutover): preserve P6 closure identity case
455,6c3dd42472dc319cc64c5b303f25104b69d57a45,2026-09-02T04:36:37+08:00,codex/f-cut-001-matrices,b6bd7ca3def15fdfda7e6b1487d35d3463706977,F-CUT-006,tasks/features/F-CUT-006.md,EXCLUDED_SOURCE_METADATA,regenerated after code replay,fix(cutover): preserve P6 closure identity case
456,feab63087b658187e7f23cd355f39f4019e64503,2026-09-02T04:37:54+08:00,codex/f-cut-001-matrices,0b5890d04de9b26a89cfa555460f2f6a056ba586,F-CUT-006,tasks/features/F-CUT-006.md,EXCLUDED_SOURCE_METADATA,regenerated after code replay,docs(cutover): record P6 schema gate
457,6d6f0e46e22d7c50e7175eede7d9e50ccb2401e4,2026-09-02T04:54:10+08:00,codex/f-cut-001-matrices,db2245e8c01540b253998b337ab0e8128d7dbc74,F-CUT-006,pms-module-cutover/src/main/java/cn/iocoder/yudao/module/pms/cutover/dal/mysql/closure/CutoverClosureMapper.java,CONFLICTING_HUNKS_PENDING,rejected_hunks=1 rc=1,feat(cutover): add P6 closure draft flow
457,6d6f0e46e22d7c50e7175eede7d9e50ccb2401e4,2026-09-02T04:54:10+08:00,codex/f-cut-001-matrices,db2245e8c01540b253998b337ab0e8128d7dbc74,F-CUT-006,pms-module-cutover/src/main/java/cn/iocoder/yudao/module/pms/cutover/dal/mysql/closure/query/CutoverClosureDraftUpdate.java,CONFLICTING_HUNKS_PENDING,rejected_hunks=0 rc=1,feat(cutover): add P6 closure draft flow
457,6d6f0e46e22d7c50e7175eede7d9e50ccb2401e4,2026-09-02T04:54:10+08:00,codex/f-cut-001-matrices,db2245e8c01540b253998b337ab0e8128d7dbc74,F-CUT-006,pms-module-cutover/src/main/java/cn/iocoder/yudao/module/pms/cutover/service/closure/CutoverClosureApplicationException.java,CONFLICTING_HUNKS_PENDING,rejected_hunks=0 rc=1,feat(cutover): add P6 closure draft flow
457,6d6f0e46e22d7c50e7175eede7d9e50ccb2401e4,2026-09-02T04:54:10+08:00,codex/f-cut-001-matrices,db2245e8c01540b253998b337ab0e8128d7dbc74,F-CUT-006,pms-module-cutover/src/main/java/cn/iocoder/yudao/module/pms/cutover/service/closure/CutoverClosureApplicationService.java,CONFLICTING_HUNKS_PENDING,rejected_hunks=0 rc=1,feat(cutover): add P6 closure draft flow
457,6d6f0e46e22d7c50e7175eede7d9e50ccb2401e4,2026-09-02T04:54:10+08:00,codex/f-cut-001-matrices,db2245e8c01540b253998b337ab0e8128d7dbc74,F-CUT-006,pms-module-cutover/src/main/java/cn/iocoder/yudao/module/pms/cutover/service/closure/CutoverClosureQueryService.java,CONFLICTING_HUNKS_PENDING,rejected_hunks=0 rc=1,feat(cutover): add P6 closure draft flow
457,6d6f0e46e22d7c50e7175eede7d9e50ccb2401e4,2026-09-02T04:54:10+08:00,codex/f-cut-001-matrices,db2245e8c01540b253998b337ab0e8128d7dbc74,F-CUT-006,pms-module-cutover/src/main/java/cn/iocoder/yudao/module/pms/cutover/service/closure/domain/CutoverClosureRules.java,CONFLICTING_HUNKS_PENDING,rejected_hunks=1 rc=1,feat(cutover): add P6 closure draft flow
457,6d6f0e46e22d7c50e7175eede7d9e50ccb2401e4,2026-09-02T04:54:10+08:00,codex/f-cut-001-matrices,db2245e8c01540b253998b337ab0e8128d7dbc74,F-CUT-006,pms-module-cutover/src/main/java/cn/iocoder/yudao/module/pms/cutover/service/closure/view/CutoverClosureView.java,CONFLICTING_HUNKS_PENDING,rejected_hunks=0 rc=1,feat(cutover): add P6 closure draft flow
457,6d6f0e46e22d7c50e7175eede7d9e50ccb2401e4,2026-09-02T04:54:10+08:00,codex/f-cut-001-matrices,db2245e8c01540b253998b337ab0e8128d7dbc74,F-CUT-006,pms-module-cutover/src/main/resources/mapper/closure/CutoverClosureAttachmentMapper.xml,CONFLICTING_HUNKS_PENDING,rejected_hunks=1 rc=1,feat(cutover): add P6 closure draft flow
457,6d6f0e46e22d7c50e7175eede7d9e50ccb2401e4,2026-09-02T04:54:10+08:00,codex/f-cut-001-matrices,db2245e8c01540b253998b337ab0e8128d7dbc74,F-CUT-006,pms-module-cutover/src/main/resources/mapper/closure/CutoverClosureMapper.xml,CONFLICTING_HUNKS_PENDING,rejected_hunks=1 rc=1,feat(cutover): add P6 closure draft flow
457,6d6f0e46e22d7c50e7175eede7d9e50ccb2401e4,2026-09-02T04:54:10+08:00,codex/f-cut-001-matrices,db2245e8c01540b253998b337ab0e8128d7dbc74,F-CUT-006,pms-module-cutover/src/test/java/cn/iocoder/yudao/module/pms/cutover/service/closure/CutoverClosureApplicationMySqlTest.java,CONFLICTING_HUNKS_PENDING,rejected_hunks=0 rc=1,feat(cutover): add P6 closure draft flow
457,6d6f0e46e22d7c50e7175eede7d9e50ccb2401e4,2026-09-02T04:54:10+08:00,codex/f-cut-001-matrices,db2245e8c01540b253998b337ab0e8128d7dbc74,F-CUT-006,pms-module-cutover/src/test/java/cn/iocoder/yudao/module/pms/cutover/service/closure/CutoverClosureApplicationServiceTest.java,CONFLICTING_HUNKS_PENDING,rejected_hunks=0 rc=1,feat(cutover): add P6 closure draft flow
457,6d6f0e46e22d7c50e7175eede7d9e50ccb2401e4,2026-09-02T04:54:10+08:00,codex/f-cut-001-matrices,db2245e8c01540b253998b337ab0e8128d7dbc74,F-CUT-006,pms-module-cutover/src/test/java/cn/iocoder/yudao/module/pms/cutover/service/closure/CutoverClosureQueryServiceTest.java,CONFLICTING_HUNKS_PENDING,rejected_hunks=0 rc=1,feat(cutover): add P6 closure draft flow
457,6d6f0e46e22d7c50e7175eede7d9e50ccb2401e4,2026-09-02T04:54:10+08:00,codex/f-cut-001-matrices,db2245e8c01540b253998b337ab0e8128d7dbc74,F-CUT-006,tasks/features/F-CUT-006.md,EXCLUDED_SOURCE_METADATA,regenerated after code replay,feat(cutover): add P6 closure draft flow
458,4d7e42350eab7da0a4826a90a13aab0d4356c695,2026-09-02T05:03:11+08:00,codex/f-cut-001-matrices,d4536fddc80c8f1428383eaa82121106947f2484,F-CUT-006,pms-module-cutover/src/main/java/cn/iocoder/yudao/module/pms/cutover/service/closure/CutoverClosureApplicationService.java,CONFLICTING_HUNKS_PENDING,rejected_hunks=1 rc=1,fix(cutover): align P6 draft lifecycle
458,4d7e42350eab7da0a4826a90a13aab0d4356c695,2026-09-02T05:03:11+08:00,codex/f-cut-001-matrices,d4536fddc80c8f1428383eaa82121106947f2484,F-CUT-006,pms-module-cutover/src/main/java/cn/iocoder/yudao/module/pms/cutover/service/closure/CutoverClosureQueryService.java,APPLIED_NON_CONFLICTING_HUNKS,rejected_hunks=1 rc=1,fix(cutover): align P6 draft lifecycle
458,4d7e42350eab7da0a4826a90a13aab0d4356c695,2026-09-02T05:03:11+08:00,codex/f-cut-001-matrices,d4536fddc80c8f1428383eaa82121106947f2484,F-CUT-006,tasks/features/F-CUT-006.md,EXCLUDED_SOURCE_METADATA,regenerated after code replay,fix(cutover): align P6 draft lifecycle
459,a99ddf5b726f0dc480bf206cc7ec5c52c24ae580,2026-09-02T05:06:39+08:00,codex/f-cut-001-matrices,055aaeb2761284c52e1d9e9e33920e8cd5fc72aa,F-CUT-006,pms-module-cutover/src/main/java/cn/iocoder/yudao/module/pms/cutover/service/closure/CutoverClosureQueryService.java,CONFLICTING_HUNKS_PENDING,rejected_hunks=1 rc=1,fix(cutover): map project scope failures
459,a99ddf5b726f0dc480bf206cc7ec5c52c24ae580,2026-09-02T05:06:39+08:00,codex/f-cut-001-matrices,055aaeb2761284c52e1d9e9e33920e8cd5fc72aa,F-CUT-006,tasks/features/F-CUT-006.md,EXCLUDED_SOURCE_METADATA,regenerated after code replay,fix(cutover): map project scope failures
460,50a70351a0b2c3924bf2799879df8209aa12fee5,2026-09-02T05:07:29+08:00,codex/f-cut-001-matrices,88aa942171c84104850034013e52d6ad0ce2bb82,F-CUT-006,tasks/features/F-CUT-006.md,EXCLUDED_SOURCE_METADATA,regenerated after code replay,docs(cutover): record P6 draft flow gate
461,55dc8e4996b3cf424b0ccce642860cfc556c643f,2026-09-02T05:30:10+08:00,codex/f-cut-001-matrices,85af80ddc07a10a16ecb055cf19127861ad1c96e,F-CUT-006,pms-module-cutover/src/main/java/cn/iocoder/yudao/module/pms/cutover/service/closure/CutoverClosureApplicationException.java,CONFLICTING_HUNKS_PENDING,rejected_hunks=1 rc=1,feat(cutover): add P6 collection flow
461,55dc8e4996b3cf424b0ccce642860cfc556c643f,2026-09-02T05:30:10+08:00,codex/f-cut-001-matrices,85af80ddc07a10a16ecb055cf19127861ad1c96e,F-CUT-006,pms-module-cutover/src/main/java/cn/iocoder/yudao/module/pms/cutover/service/closure/CutoverClosureApplicationService.java,APPLIED_NON_CONFLICTING_HUNKS,rejected_hunks=1 rc=1,feat(cutover): add P6 collection flow
461,55dc8e4996b3cf424b0ccce642860cfc556c643f,2026-09-02T05:30:10+08:00,codex/f-cut-001-matrices,85af80ddc07a10a16ecb055cf19127861ad1c96e,F-CUT-006,pms-module-cutover/src/main/java/cn/iocoder/yudao/module/pms/cutover/service/closure/command/LinkClosureManualResultCommand.java,APPLIED_ADD_ADD,current-semantic-superset,feat(cutover): add P6 collection flow
461,55dc8e4996b3cf424b0ccce642860cfc556c643f,2026-09-02T05:30:10+08:00,codex/f-cut-001-matrices,85af80ddc07a10a16ecb055cf19127861ad1c96e,F-CUT-006,pms-module-cutover/src/test/java/cn/iocoder/yudao/module/pms/cutover/service/closure/CutoverClosureApplicationMySqlTest.java,CONFLICTING_HUNKS_PENDING,rejected_hunks=1 rc=1,feat(cutover): add P6 collection flow
461,55dc8e4996b3cf424b0ccce642860cfc556c643f,2026-09-02T05:30:10+08:00,codex/f-cut-001-matrices,85af80ddc07a10a16ecb055cf19127861ad1c96e,F-CUT-006,pms-module-cutover/src/test/java/cn/iocoder/yudao/module/pms/cutover/service/closure/CutoverClosureApplicationServiceTest.java,CONFLICTING_HUNKS_PENDING,rejected_hunks=1 rc=1,feat(cutover): add P6 collection flow
461,55dc8e4996b3cf424b0ccce642860cfc556c643f,2026-09-02T05:30:10+08:00,codex/f-cut-001-matrices,85af80ddc07a10a16ecb055cf19127861ad1c96e,F-CUT-006,tasks/features/F-CUT-006.md,EXCLUDED_SOURCE_METADATA,regenerated after code replay,feat(cutover): add P6 collection flow
462,c6fe303e2ed9a677b815e11bc37ad639a150bb74,2026-09-02T05:39:18+08:00,codex/f-cut-001-matrices,30fff5b3bb1d69949ad0ac1f46c44080dcd5c4c7,F-CUT-006,pms-module-cutover/src/main/java/cn/iocoder/yudao/module/pms/cutover/service/closure/CutoverClosureApplicationService.java,CONFLICTING_HUNKS_PENDING,rejected_hunks=1 rc=1,fix(cutover): stabilize collection result identity
462,c6fe303e2ed9a677b815e11bc37ad639a150bb74,2026-09-02T05:39:18+08:00,codex/f-cut-001-matrices,30fff5b3bb1d69949ad0ac1f46c44080dcd5c4c7,F-CUT-006,tasks/features/F-CUT-006.md,EXCLUDED_SOURCE_METADATA,regenerated after code replay,fix(cutover): stabilize collection result identity
463,126963e26da27701bb2101f4372b1906e13b2529,2026-09-02T05:40:35+08:00,codex/f-cut-001-matrices,87c62329c386deb16ff5563fca4af499f0d8b485,F-CUT-006,tasks/features/F-CUT-006.md,EXCLUDED_SOURCE_METADATA,regenerated after code replay,docs(cutover): record Task 4 gate approval
464,3a790c41743377eea35b0cd451f77606622bd616,2026-09-02T05:54:17+08:00,codex/f-cut-001-matrices,3be0549d53cc709c771a80c6cabda356b84a5065,F-CUT-006,pms-module-cutover/src/main/java/cn/iocoder/yudao/module/pms/cutover/service/closure/CutoverClosureApplicationService.java,CONFLICTING_HUNKS_PENDING,rejected_hunks=1 rc=1,feat(cutover): submit P6 closure
464,3a790c41743377eea35b0cd451f77606622bd616,2026-09-02T05:54:17+08:00,codex/f-cut-001-matrices,3be0549d53cc709c771a80c6cabda356b84a5065,F-CUT-006,pms-module-cutover/src/test/java/cn/iocoder/yudao/module/pms/cutover/service/closure/CutoverClosureApplicationMySqlTest.java,CONFLICTING_HUNKS_PENDING,rejected_hunks=1 rc=1,feat(cutover): submit P6 closure
464,3a790c41743377eea35b0cd451f77606622bd616,2026-09-02T05:54:17+08:00,codex/f-cut-001-matrices,3be0549d53cc709c771a80c6cabda356b84a5065,F-CUT-006,tasks/features/F-CUT-006.md,EXCLUDED_SOURCE_METADATA,regenerated after code replay,feat(cutover): submit P6 closure
465,39083446ec8aba91e65e1788419730eaae0893a5,2026-09-02T05:59:47+08:00,codex/f-cut-001-matrices,a3afbc6ea13d73bd7e5b27b3805c247efe875b1d,F-CUT-006,tasks/features/F-CUT-006.md,EXCLUDED_SOURCE_METADATA,regenerated after code replay,fix(cutover): complete closure event payload
466,301c99fe51094e742fc0564a5bfaec2f1f5a52e6,2026-09-02T06:01:07+08:00,codex/f-cut-001-matrices,6260f5243feff6ed82f0c27205d634095f2f3e05,F-CUT-006,tasks/features/F-CUT-006.md,EXCLUDED_SOURCE_METADATA,regenerated after code replay,docs(cutover): record Task 5 gate approval
467,df1b78304ec29c1b5f44e1547c4fc986cb2891ca,2026-09-02T06:11:38+08:00,codex/f-cut-001-matrices,584201780d9bbd93e1bd0e53d8bfa04f2d439193,F-CUT-006,pms-module-cutover/src/main/java/cn/iocoder/yudao/module/pms/cutover/controller/admin/taskv2/CutoverClosureController.java,CONFLICTING_HUNKS_PENDING,rejected_hunks=0 rc=1,feat(cutover): expose P6 closure routes
467,df1b78304ec29c1b5f44e1547c4fc986cb2891ca,2026-09-02T06:11:38+08:00,codex/f-cut-001-matrices,584201780d9bbd93e1bd0e53d8bfa04f2d439193,F-CUT-006,pms-module-cutover/src/main/java/cn/iocoder/yudao/module/pms/cutover/service/closure/CutoverClosureQueryService.java,CONFLICTING_HUNKS_PENDING,rejected_hunks=1 rc=1,feat(cutover): expose P6 closure routes
467,df1b78304ec29c1b5f44e1547c4fc986cb2891ca,2026-09-02T06:11:38+08:00,codex/f-cut-001-matrices,584201780d9bbd93e1bd0e53d8bfa04f2d439193,F-CUT-006,pms-module-cutover/src/test/java/cn/iocoder/yudao/module/pms/cutover/controller/admin/taskv2/CutoverClosureControllerContractTest.java,APPLIED_ADD_ADD,source-semantic-superset,feat(cutover): expose P6 closure routes
467,df1b78304ec29c1b5f44e1547c4fc986cb2891ca,2026-09-02T06:11:38+08:00,codex/f-cut-001-matrices,584201780d9bbd93e1bd0e53d8bfa04f2d439193,F-CUT-006,pms-module-cutover/src/test/java/cn/iocoder/yudao/module/pms/cutover/controller/admin/taskv2/CutoverClosureRequestCodecTest.java,APPLIED_ADD_ADD,source-semantic-superset,feat(cutover): expose P6 closure routes
467,df1b78304ec29c1b5f44e1547c4fc986cb2891ca,2026-09-02T06:11:38+08:00,codex/f-cut-001-matrices,584201780d9bbd93e1bd0e53d8bfa04f2d439193,F-CUT-006,tasks/features/F-CUT-006.md,EXCLUDED_SOURCE_METADATA,regenerated after code replay,feat(cutover): expose P6 closure routes
468,97ee0904a20dedf2a8f0089fabef0a7cfaefa37e,2026-09-02T06:21:05+08:00,codex/f-cut-001-matrices,692901e3eab191c67204fe2a8b3ae6a6bc509259,F-CUT-006,pms-module-cutover/src/main/java/cn/iocoder/yudao/module/pms/cutover/service/closure/CutoverClosureApplicationService.java,APPLIED_NON_CONFLICTING_HUNKS,rejected_hunks=1 rc=1,fix(cutover): preserve closure error identity
468,97ee0904a20dedf2a8f0089fabef0a7cfaefa37e,2026-09-02T06:21:05+08:00,codex/f-cut-001-matrices,692901e3eab191c67204fe2a8b3ae6a6bc509259,F-CUT-006,pms-module-cutover/src/test/java/cn/iocoder/yudao/module/pms/cutover/controller/admin/taskv2/CutoverClosureControllerContractTest.java,APPLIED_CODE_CHANGE,clean per-commit delta,fix(cutover): preserve closure error identity
468,97ee0904a20dedf2a8f0089fabef0a7cfaefa37e,2026-09-02T06:21:05+08:00,codex/f-cut-001-matrices,692901e3eab191c67204fe2a8b3ae6a6bc509259,F-CUT-006,pms-module-cutover/src/test/java/cn/iocoder/yudao/module/pms/cutover/controller/admin/taskv2/CutoverClosureRequestCodecTest.java,APPLIED_CODE_CHANGE,clean per-commit delta,fix(cutover): preserve closure error identity
468,97ee0904a20dedf2a8f0089fabef0a7cfaefa37e,2026-09-02T06:21:05+08:00,codex/f-cut-001-matrices,692901e3eab191c67204fe2a8b3ae6a6bc509259,F-CUT-006,tasks/features/F-CUT-006.md,EXCLUDED_SOURCE_METADATA,regenerated after code replay,fix(cutover): preserve closure error identity
469,705a934d49a0fa8b2d6433b71c52e0f46a28a41f,2026-09-02T06:22:58+08:00,codex/f-cut-001-matrices,05d4141ae936dafafc81f836042b3a5b1e17b262,F-CUT-006,tasks/features/F-CUT-006.md,EXCLUDED_SOURCE_METADATA,regenerated after code replay,docs(cutover): record task 6 gate pass
470,739aad09a6c2eca4c6dd313059dc4d27af15c9fd,2026-09-02T06:29:14+08:00,codex/f-cut-001-matrices,9be96f90ff79120529f7ded36bfdd8c666ae1cb8,F-CUT-006,pms-module-cutover/src/test/java/cn/iocoder/yudao/module/pms/cutover/migration/Fcut006MigrationContractTest.java,APPLIED_CODE_CHANGE,clean per-commit delta,feat(cutover): classify legacy closure evidence
470,739aad09a6c2eca4c6dd313059dc4d27af15c9fd,2026-09-02T06:29:14+08:00,codex/f-cut-001-matrices,9be96f90ff79120529f7ded36bfdd8c666ae1cb8,F-CUT-006,sql/migrations/V156__fcut006_legacy_closure_job.sql,APPLIED_CODE_CHANGE,clean per-commit delta,feat(cutover): classify legacy closure evidence
470,739aad09a6c2eca4c6dd313059dc4d27af15c9fd,2026-09-02T06:29:14+08:00,codex/f-cut-001-matrices,9be96f90ff79120529f7ded36bfdd8c666ae1cb8,F-CUT-006,tasks/features/F-CUT-006.md,EXCLUDED_SOURCE_METADATA,regenerated after code replay,feat(cutover): classify legacy closure evidence
471,b57201f15a676b0db4e520876fcd81fc4ab74746,2026-09-02T06:32:17+08:00,codex/f-cut-001-matrices,820b211f4275467939cda8a07065877b091978d9,F-CUT-006,tasks/features/F-CUT-006.md,EXCLUDED_SOURCE_METADATA,regenerated after code replay,docs(cutover): record task 7 gate pass
472,c8a793f048b72fd8bac2051c773a5febb9743abd,2026-09-02T06:42:03+08:00,codex/f-cut-001-matrices,207a392a1a23757275dfb4bdcccfd5bf0ad4d6da,F-CUT-006,tasks/features/F-CUT-006.md,EXCLUDED_SOURCE_METADATA,regenerated after code replay,feat(cutover): add P6 closure workbench
472,c8a793f048b72fd8bac2051c773a5febb9743abd,2026-09-02T06:42:03+08:00,codex/f-cut-001-matrices,207a392a1a23757275dfb4bdcccfd5bf0ad4d6da,F-CUT-006,yudao-ui/yudao-ui-admin-vue3/src/views/pms/cutover/cutover-task/components/CutoverClosureEvidencePanel.vue,CONFLICTING_HUNKS_PENDING,rejected_hunks=0 rc=1,feat(cutover): add P6 closure workbench
472,c8a793f048b72fd8bac2051c773a5febb9743abd,2026-09-02T06:42:03+08:00,codex/f-cut-001-matrices,207a392a1a23757275dfb4bdcccfd5bf0ad4d6da,F-CUT-006,yudao-ui/yudao-ui-admin-vue3/src/views/pms/cutover/cutover-task/components/CutoverClosureForm.vue,CONFLICTING_HUNKS_PENDING,rejected_hunks=0 rc=1,feat(cutover): add P6 closure workbench
472,c8a793f048b72fd8bac2051c773a5febb9743abd,2026-09-02T06:42:03+08:00,codex/f-cut-001-matrices,207a392a1a23757275dfb4bdcccfd5bf0ad4d6da,F-CUT-006,yudao-ui/yudao-ui-admin-vue3/src/views/pms/cutover/cutover-task/components/CutoverClosurePanel.vue,CONFLICTING_HUNKS_PENDING,rejected_hunks=0 rc=1,feat(cutover): add P6 closure workbench
472,c8a793f048b72fd8bac2051c773a5febb9743abd,2026-09-02T06:42:03+08:00,codex/f-cut-001-matrices,207a392a1a23757275dfb4bdcccfd5bf0ad4d6da,F-CUT-006,yudao-ui/yudao-ui-admin-vue3/src/views/pms/cutover/cutover-task/cutoverClosureComponents.spec.ts,CONFLICTING_HUNKS_PENDING,rejected_hunks=0 rc=1,feat(cutover): add P6 closure workbench
472,c8a793f048b72fd8bac2051c773a5febb9743abd,2026-09-02T06:42:03+08:00,codex/f-cut-001-matrices,207a392a1a23757275dfb4bdcccfd5bf0ad4d6da,F-CUT-006,yudao-ui/yudao-ui-admin-vue3/src/views/pms/cutover/cutover-task/index.vue,CONFLICTING_HUNKS_PENDING,rejected_hunks=1 rc=1,feat(cutover): add P6 closure workbench
473,de2fdb49624a4ea0a664bd0f9cd008a76516b678,2026-09-02T06:49:10+08:00,codex/f-cut-001-matrices,b544b45cd4f3d4006066d79cfd639a8552e9762c,F-CUT-006,tasks/features/F-CUT-006.md,EXCLUDED_SOURCE_METADATA,regenerated after code replay,fix(cutover): bind closure files to closure
474,d4747badef26e6cac4cd9d2a52a4e503c70cc52d,2026-09-02T06:51:01+08:00,codex/f-cut-001-matrices,e3748739181dfa05403422711dc8a03a897dccd1,F-CUT-006,tasks/features/F-CUT-006.md,EXCLUDED_SOURCE_METADATA,regenerated after code replay,docs(cutover): record task 8 gate pass
475,ee891fa6b6a9ded7ecf8226909aafaced31f321b,2026-09-02T06:55:57+08:00,codex/f-cut-001-matrices,f865d310782ac3b208e9daf9a1ac65135ae2052e,F-CUT-006,tasks/features/F-CUT-006.md,EXCLUDED_SOURCE_METADATA,regenerated after code replay,test(cutover): verify P6 closure positive loop
476,fec9a0f50933d1090487f59fa66e105bce36fb41,2026-09-02T06:59:26+08:00,codex/f-cut-001-matrices,ce205d87a5e6958081effd581b01fb9aacc29466,F-CUT-006,tasks/features/F-CUT-006.md,EXCLUDED_SOURCE_METADATA,regenerated after code replay,docs(cutover): record task 9 gate pass
477,d80ace31caf8e2f28acea83fbe0d0521658bcc07,2026-09-02T07:04:53+08:00,codex/f-cut-001-matrices,0429c648f68fbeceebc39457d966bec08064bc20,F-CUT-002,tasks/features/F-CUT-002.md,EXCLUDED_SOURCE_METADATA,regenerated after code replay,test(cutover): verify intake positive loop
479,d3161d9d105dac521ad05b058613ac611620dccb,2026-09-02T07:14:44+08:00,codex/f-cut-001-matrices,d72acd6b927ebf3877a23653f89ebf3aef0b4212,F-CUT-003,pms-module-cutover/src/test/java/cn/iocoder/yudao/module/pms/cutover/service/checklist/CutoverChecklistPositiveLoopMySqlTest.java,CONFLICTING_HUNKS_PENDING,rejected_hunks=0 rc=1,test(cutover): verify checklist positive loop
479,d3161d9d105dac521ad05b058613ac611620dccb,2026-09-02T07:14:44+08:00,codex/f-cut-001-matrices,d72acd6b927ebf3877a23653f89ebf3aef0b4212,F-CUT-003,tasks/features/F-CUT-003.md,EXCLUDED_SOURCE_METADATA,regenerated after code replay,test(cutover): verify checklist positive loop
480,3c39e4a073840bb65002036bbaaa388d30de5244,2026-09-02T07:18:44+08:00,codex/f-cut-001-matrices,478c693a481b39422bca01b95cc5d01e04ad7a4d,F-CUT-003,tasks/features/F-CUT-003.md,EXCLUDED_SOURCE_METADATA,regenerated after code replay,docs(cutover): record checklist loop gate pass
481,ec268ab9befc7c9e255ed63a05ecbf646cf03244,2026-09-02T07:22:47+08:00,codex/f-cut-001-matrices,6323d0b0abd4ea4c40eb9d4d8add017266e9d864,F-CUT-003,tasks/features/F-CUT-003.md,EXCLUDED_SOURCE_METADATA,regenerated after code replay,test(cutover): verify checklist frontend loop
481,ec268ab9befc7c9e255ed63a05ecbf646cf03244,2026-09-02T07:22:47+08:00,codex/f-cut-001-matrices,6323d0b0abd4ea4c40eb9d4d8add017266e9d864,F-CUT-003,yudao-ui/yudao-ui-admin-vue3/src/views/pms/cutover/cutover-task/cutoverChecklistComponents.spec.ts,CONFLICTING_HUNKS_PENDING,rejected_hunks=1 rc=1,test(cutover): verify checklist frontend loop
483,f8d16f37435d7a02cce25d7e9d3a199bea97ab48,2026-09-02T07:28:22+08:00,codex/f-cut-001-matrices,1d4823e90e9a8957ab15a36c8a27f6587debed2a,F-CUT-001,docs/traceability/requirement-matrix.md,EXCLUDED_SOURCE_METADATA,regenerated after code replay,docs(cutover): align controlled implementation states
483,f8d16f37435d7a02cce25d7e9d3a199bea97ab48,2026-09-02T07:28:22+08:00,codex/f-cut-001-matrices,1d4823e90e9a8957ab15a36c8a27f6587debed2a,F-CUT-001,specs/features/README.md,EXCLUDED_SOURCE_METADATA,regenerated after code replay,docs(cutover): align controlled implementation states
483,f8d16f37435d7a02cce25d7e9d3a199bea97ab48,2026-09-02T07:28:22+08:00,codex/f-cut-001-matrices,1d4823e90e9a8957ab15a36c8a27f6587debed2a,F-CUT-004,tasks/features/F-CUT-004.md,EXCLUDED_SOURCE_METADATA,regenerated after code replay,docs(cutover): align controlled implementation states
484,1a8cdb7dc7a9ca99b69dff007224529a8e799a35,2026-09-02T07:30:35+08:00,codex/f-cut-001-matrices,4310cad14882e3ab57246e023318020339a84298,F-CUT-004,specs/features/README.md,EXCLUDED_SOURCE_METADATA,regenerated after code replay,docs(cutover): preserve plan spec blocker
485,4d54f4e1c4864869745d4b9ec89fd6a69726f8ce,2026-09-02T07:47:49+08:00,codex/f-cut-001-matrices,1a4debedacca4ad6474c28d0662372f12a1ecd5b,F-CUT-006,pms-module-cutover/src/test/java/cn/iocoder/yudao/module/pms/cutover/service/approval/CutoverFullFlowPositiveLoopMySqlTest.java,CONFLICTING_HUNKS_PENDING,rejected_hunks=0 rc=1,fix(cutover): close controlled p1-p6 workflow
486,5978212712f6f4f1728610335b4d77681b3cd5d4,2026-09-02T07:51:18+08:00,codex/f-cut-001-matrices,72ee2963791720a7865ad8a630f36a4e9f63ca62,F-CUT-006,tasks/features/F-CUT-006.md,EXCLUDED_SOURCE_METADATA,regenerated after code replay,docs(cutover): record controlled full-flow gate
487,d584263f8d7a019b57a687c07677d294eaab09e1,2026-09-02T08:01:05+08:00,codex/f-cut-001-matrices,afb4c2c4a28a8b8bc2618ce859e878dbbbee2478,F-CUT-006,yudao-ui/yudao-ui-admin-vue3/src/views/pms/cutover/cutover-task/cutoverControlledUiIntegration.spec.ts,CONFLICTING_HUNKS_PENDING,rejected_hunks=0 rc=1,test(cutover): verify controlled p1-p6 ui flow
488,b3c50150761da03a959a5a46f114fe6ed99161c2,2026-09-02T08:07:28+08:00,codex/f-cut-001-matrices,bb4940c36cad5e02cb85bfcb71215e8305a71c90,F-CUT-006,yudao-ui/yudao-ui-admin-vue3/src/views/pms/cutover/cutover-task/cutoverControlledUiIntegration.spec.ts,APPLIED_NON_CONFLICTING_HUNKS,rejected_hunks=1 rc=1,test(cutover): exercise unified p1-p6 workbench
490,3c7e91922c31ade2f0ae1c6b04381bb38132973d,2026-09-02T08:24:47+08:00,codex/f-cut-001-matrices,0228426c82988d8f7c9cd99cf02c69e3d37f1f05,F-CUT-007,docs/design/07-authorization-design.md,EXCLUDED_SOURCE_METADATA,regenerated after code replay,docs(cutover): draft authorized dashboard kpi feature
490,3c7e91922c31ade2f0ae1c6b04381bb38132973d,2026-09-02T08:24:47+08:00,codex/f-cut-001-matrices,0228426c82988d8f7c9cd99cf02c69e3d37f1f05,F-CUT-007,docs/design/10-api-design.md,EXCLUDED_SOURCE_METADATA,regenerated after code replay,docs(cutover): draft authorized dashboard kpi feature
490,3c7e91922c31ade2f0ae1c6b04381bb38132973d,2026-09-02T08:24:47+08:00,codex/f-cut-001-matrices,0228426c82988d8f7c9cd99cf02c69e3d37f1f05,F-CUT-007,docs/design/20-test-design.md,EXCLUDED_SOURCE_METADATA,regenerated after code replay,docs(cutover): draft authorized dashboard kpi feature
490,3c7e91922c31ade2f0ae1c6b04381bb38132973d,2026-09-02T08:24:47+08:00,codex/f-cut-001-matrices,0228426c82988d8f7c9cd99cf02c69e3d37f1f05,F-CUT-007,docs/traceability/requirement-matrix.md,EXCLUDED_SOURCE_METADATA,regenerated after code replay,docs(cutover): draft authorized dashboard kpi feature
490,3c7e91922c31ade2f0ae1c6b04381bb38132973d,2026-09-02T08:24:47+08:00,codex/f-cut-001-matrices,0228426c82988d8f7c9cd99cf02c69e3d37f1f05,F-CUT-007,docs/traceability/requirement-version-coverage.json,EXCLUDED_SOURCE_METADATA,regenerated after code replay,docs(cutover): draft authorized dashboard kpi feature
490,3c7e91922c31ade2f0ae1c6b04381bb38132973d,2026-09-02T08:24:47+08:00,codex/f-cut-001-matrices,0228426c82988d8f7c9cd99cf02c69e3d37f1f05,F-CUT-007,specs/features/F-CUT-007-api-contract.json,EXCLUDED_SOURCE_METADATA,regenerated after code replay,docs(cutover): draft authorized dashboard kpi feature
490,3c7e91922c31ade2f0ae1c6b04381bb38132973d,2026-09-02T08:24:47+08:00,codex/f-cut-001-matrices,0228426c82988d8f7c9cd99cf02c69e3d37f1f05,F-CUT-007,specs/features/F-CUT-007-cutover-dashboard-kpis.md,EXCLUDED_SOURCE_METADATA,regenerated after code replay,docs(cutover): draft authorized dashboard kpi feature
490,3c7e91922c31ade2f0ae1c6b04381bb38132973d,2026-09-02T08:24:47+08:00,codex/f-cut-001-matrices,0228426c82988d8f7c9cd99cf02c69e3d37f1f05,F-CUT-007,specs/features/F-CUT-007-physical-contract.json,EXCLUDED_SOURCE_METADATA,regenerated after code replay,docs(cutover): draft authorized dashboard kpi feature
490,3c7e91922c31ade2f0ae1c6b04381bb38132973d,2026-09-02T08:24:47+08:00,codex/f-cut-001-matrices,0228426c82988d8f7c9cd99cf02c69e3d37f1f05,F-CUT-007,specs/features/README.md,EXCLUDED_SOURCE_METADATA,regenerated after code replay,docs(cutover): draft authorized dashboard kpi feature
490,3c7e91922c31ade2f0ae1c6b04381bb38132973d,2026-09-02T08:24:47+08:00,codex/f-cut-001-matrices,0228426c82988d8f7c9cd99cf02c69e3d37f1f05,F-CUT-007,tasks/features/F-CUT-007.md,EXCLUDED_SOURCE_METADATA,regenerated after code replay,docs(cutover): draft authorized dashboard kpi feature
491,2d33777568c7182ff1ec91a72638100067c091c6,2026-09-02T08:30:28+08:00,codex/f-cut-001-matrices,434b408986a7c414c6893f49083d022fda1c322f,F-CUT-007,specs/features/F-CUT-007-api-contract.json,EXCLUDED_SOURCE_METADATA,regenerated after code replay,docs(cutover): preserve dashboard owner failures
491,2d33777568c7182ff1ec91a72638100067c091c6,2026-09-02T08:30:28+08:00,codex/f-cut-001-matrices,434b408986a7c414c6893f49083d022fda1c322f,F-CUT-007,specs/features/F-CUT-007-cutover-dashboard-kpis.md,EXCLUDED_SOURCE_METADATA,regenerated after code replay,docs(cutover): preserve dashboard owner failures
491,2d33777568c7182ff1ec91a72638100067c091c6,2026-09-02T08:30:28+08:00,codex/f-cut-001-matrices,434b408986a7c414c6893f49083d022fda1c322f,F-CUT-007,tasks/features/F-CUT-007.md,EXCLUDED_SOURCE_METADATA,regenerated after code replay,docs(cutover): preserve dashboard owner failures
492,b65af8e4fae344dccb57c79f81f5ebc115c2919b,2026-09-02T08:31:46+08:00,codex/f-cut-001-matrices,52992967e9373e4e83b791d6d26127d6bb9a717e,F-CUT-007,tasks/features/F-CUT-007.md,EXCLUDED_SOURCE_METADATA,regenerated after code replay,docs(cutover): fix dashboard error envelope
493,f6141e21b92bc373836ac2b8b245c8d8b2048446,2026-09-02T08:32:28+08:00,codex/f-cut-001-matrices,a0b3829f0798d68ba8468dda175acc956f9b9d8e,F-CUT-007,tasks/features/F-CUT-007.md,EXCLUDED_SOURCE_METADATA,regenerated after code replay,docs(cutover): record dashboard contract gate
494,01733982f9bb4b4313b1a1913730ce93c16142b9,2026-09-02T08:33:55+08:00,codex/f-cut-001-matrices,260195dcb107b4c01f993ab1877fe4946440d764,F-CUT-007,specs/features/F-CUT-007-cutover-dashboard-kpis.md,EXCLUDED_SOURCE_METADATA,regenerated after code replay,docs(cutover): baseline dashboard kpi feature
494,01733982f9bb4b4313b1a1913730ce93c16142b9,2026-09-02T08:33:55+08:00,codex/f-cut-001-matrices,260195dcb107b4c01f993ab1877fe4946440d764,F-CUT-007,specs/features/README.md,EXCLUDED_SOURCE_METADATA,regenerated after code replay,docs(cutover): baseline dashboard kpi feature
494,01733982f9bb4b4313b1a1913730ce93c16142b9,2026-09-02T08:33:55+08:00,codex/f-cut-001-matrices,260195dcb107b4c01f993ab1877fe4946440d764,F-CUT-007,tasks/features/F-CUT-007.md,EXCLUDED_SOURCE_METADATA,regenerated after code replay,docs(cutover): baseline dashboard kpi feature
495,715afe593ceae084435009f999b0a08954c497bd,2026-09-02T08:37:19+08:00,codex/f-cut-001-matrices,1ed7eba87076c04a7f3e6afa90d764fb42ea1ba8,F-CUT-007,docs/superpowers/plans/2026-09-02-f-cut-007-cutover-dashboard-kpis.md,EXCLUDED_SOURCE_METADATA,regenerated after code replay,docs(cutover): plan dashboard kpi implementation
495,715afe593ceae084435009f999b0a08954c497bd,2026-09-02T08:37:19+08:00,codex/f-cut-001-matrices,1ed7eba87076c04a7f3e6afa90d764fb42ea1ba8,F-CUT-007,specs/features/F-CUT-007-cutover-dashboard-kpis.md,EXCLUDED_SOURCE_METADATA,regenerated after code replay,docs(cutover): plan dashboard kpi implementation
495,715afe593ceae084435009f999b0a08954c497bd,2026-09-02T08:37:19+08:00,codex/f-cut-001-matrices,1ed7eba87076c04a7f3e6afa90d764fb42ea1ba8,F-CUT-007,tasks/features/F-CUT-007.md,EXCLUDED_SOURCE_METADATA,regenerated after code replay,docs(cutover): plan dashboard kpi implementation
496,fad19d81a7d6721422df715209dd1da5bebb652a,2026-09-02T08:40:16+08:00,codex/f-cut-001-matrices,a35c93f0c1a74ca24dd3811ad5313bc778c8582a,F-CUT-007,docs/superpowers/plans/2026-09-02-f-cut-007-cutover-dashboard-kpis.md,EXCLUDED_SOURCE_METADATA,regenerated after code replay,docs(cutover): focus dashboard plan on positive flow
497,38fae079fc2780e6a225285b679c079c48d91310,2026-09-02T08:42:20+08:00,codex/f-cut-001-matrices,edd64553cffb1b3b4e72c09b896b2b020769af10,F-CUT-007,docs/traceability/requirement-matrix.md,EXCLUDED_SOURCE_METADATA,regenerated after code replay,docs(cutover): start dashboard kpi implementation
497,38fae079fc2780e6a225285b679c079c48d91310,2026-09-02T08:42:20+08:00,codex/f-cut-001-matrices,edd64553cffb1b3b4e72c09b896b2b020769af10,F-CUT-007,docs/traceability/requirement-version-coverage.json,EXCLUDED_SOURCE_METADATA,regenerated after code replay,docs(cutover): start dashboard kpi implementation
497,38fae079fc2780e6a225285b679c079c48d91310,2026-09-02T08:42:20+08:00,codex/f-cut-001-matrices,edd64553cffb1b3b4e72c09b896b2b020769af10,F-CUT-007,specs/features/README.md,EXCLUDED_SOURCE_METADATA,regenerated after code replay,docs(cutover): start dashboard kpi implementation
497,38fae079fc2780e6a225285b679c079c48d91310,2026-09-02T08:42:20+08:00,codex/f-cut-001-matrices,edd64553cffb1b3b4e72c09b896b2b020769af10,F-CUT-007,tasks/features/F-CUT-007.md,EXCLUDED_SOURCE_METADATA,regenerated after code replay,docs(cutover): start dashboard kpi implementation
498,7d6a2886c06abd42a1deeb87a0ef6ccd34e33efd,2026-09-02T08:48:57+08:00,codex/f-cut-001-matrices,fa64ee5ce2ddbbf8594754db5ef910326e29ac52,F-CUT-007,pms-module-cutover/src/main/java/cn/iocoder/yudao/module/pms/cutover/service/dashboard/port/CutoverDashboardOwnerFactException.java,CONFLICTING_HUNKS_PENDING,rejected_hunks=0 rc=1,feat(cutover): add dashboard action policy contract
499,a96b0b6fdcd941a132757a3ac41053ba8f50a3c7,2026-09-02T08:49:04+08:00,codex/f-cut-001-matrices,5ec51034966cbb9fa5cfaa023a9621672528f5e9,F-CUT-007,pms-module-cutover/src/main/java/cn/iocoder/yudao/module/pms/cutover/service/approval/CutoverApprovalQueryService.java,CONFLICTING_HUNKS_PENDING,rejected_hunks=1 rc=1,refactor(cutover): share dashboard action policies
499,a96b0b6fdcd941a132757a3ac41053ba8f50a3c7,2026-09-02T08:49:04+08:00,codex/f-cut-001-matrices,5ec51034966cbb9fa5cfaa023a9621672528f5e9,F-CUT-007,pms-module-cutover/src/test/java/cn/iocoder/yudao/module/pms/cutover/service/dashboard/CutoverDashboardPolicyTest.java,APPLIED_ADD_ADD,current-semantic-superset,refactor(cutover): share dashboard action policies
500,b9a3ab3259bd841b3a13bb75909e8c4e37ced51a,2026-09-02T08:55:26+08:00,codex/f-cut-001-matrices,519d506a3947465e207ad897d60d9ffaef7a0e08,F-CUT-007,pms-module-cutover/src/main/java/cn/iocoder/yudao/module/pms/cutover/service/approval/CutoverApprovalQueryService.java,CONFLICTING_HUNKS_PENDING,rejected_hunks=1 rc=1,fix(cutover): share dashboard approval eligibility
501,8742892eca24350148682bcc18999610f75d480f,2026-09-02T08:57:23+08:00,codex/f-cut-001-matrices,cad2c7cb97f096ebfce189190abeb5429587554f,F-CUT-007,tasks/features/F-CUT-007.md,EXCLUDED_SOURCE_METADATA,regenerated after code replay,docs(cutover): record dashboard policy gate
502,22ce22c6e913ae2e03b90e5bab95fb693eb7d2d1,2026-09-02T09:03:52+08:00,codex/f-cut-001-matrices,5497a2632656559369e71ddda1bed755084bdda4,F-CUT-007,pms-module-cutover/src/main/java/cn/iocoder/yudao/module/pms/cutover/service/dashboard/CutoverDashboardQueryService.java,CONFLICTING_HUNKS_PENDING,rejected_hunks=0 rc=1,feat(cutover): aggregate authorized dashboard kpis
504,a457ab82b019c786d006bd569b6982aff809c154,2026-09-02T09:08:38+08:00,codex/f-cut-001-matrices,4dc10b86ea5d13c5ae5b3ed2ded7be28863254fa,F-CUT-007,tasks/features/F-CUT-007.md,EXCLUDED_SOURCE_METADATA,regenerated after code replay,docs(cutover): record dashboard query gate
506,cd8234e6b9924e4223c7e5b2d9a713717a93c65b,2026-09-02T09:14:55+08:00,codex/f-cut-001-matrices,5df5e00855d0aa436be475166b4b3f87c4a734b8,F-CUT-007,tasks/features/F-CUT-007.md,EXCLUDED_SOURCE_METADATA,regenerated after code replay,docs(cutover): record dashboard rest gate
507,da1ea93e2cfa4d73bd7513d0c9ed3221058a3f09,2026-09-02T09:18:45+08:00,codex/f-cut-001-matrices,cb1e29ac46d6d801dd4edb15fff51c79fba57beb,F-CUT-007,yudao-ui/yudao-ui-admin-vue3/src/views/pms/cutover/cutover-task/index.vue,CONFLICTING_HUNKS_PENDING,rejected_hunks=1 rc=1,feat(cutover): add authorized dashboard cards
508,8405de56beb7721836a2ff89dedc18ef4e71a0d9,2026-09-02T09:20:44+08:00,codex/f-cut-001-matrices,f1789bbe8401b96c6607f59cb2d1f21334982607,F-CUT-007,tasks/features/F-CUT-007.md,EXCLUDED_SOURCE_METADATA,regenerated after code replay,docs(cutover): record dashboard frontend gate
509,7f1f44ed77caadd16bb5241ac55209e8e225d51a,2026-09-02T09:32:11+08:00,codex/f-cut-001-matrices,2b51fc6b4f18d04bd8e93f9302978c6c61568615,F-CUT-007,docs/superpowers/plans/2026-09-02-f-cut-007-cutover-dashboard-kpis.md,EXCLUDED_SOURCE_METADATA,regenerated after code replay,test(cutover): verify controlled dashboard closure
509,7f1f44ed77caadd16bb5241ac55209e8e225d51a,2026-09-02T09:32:11+08:00,codex/f-cut-001-matrices,2b51fc6b4f18d04bd8e93f9302978c6c61568615,F-CUT-007,tasks/features/F-CUT-007.md,EXCLUDED_SOURCE_METADATA,regenerated after code replay,test(cutover): verify controlled dashboard closure
510,75dc5500e0ab0a2eb884b7f50b001b1581f3829b,2026-09-02T09:34:43+08:00,codex/f-cut-001-matrices,3f44d1b25ae3fe1003c7ddf1acac98ac91e24a55,F-CUT-007,specs/features/README.md,EXCLUDED_SOURCE_METADATA,regenerated after code replay,docs(cutover): record controlled dashboard gate
511,f5c66d57a631c16180ae47b0dd27ab70aa206a65,2026-09-02T09:44:52+08:00,codex/f-cut-001-matrices,9de3ad05e54c384cac25cc1b5852d9824eea97a4,F-CUT-008,docs/design/08-data-model.md,EXCLUDED_SOURCE_METADATA,regenerated after code replay,docs(cutover): 建立P5提前时间与外部提醒规格
511,f5c66d57a631c16180ae47b0dd27ab70aa206a65,2026-09-02T09:44:52+08:00,codex/f-cut-001-matrices,9de3ad05e54c384cac25cc1b5852d9824eea97a4,F-CUT-008,docs/design/09-database-design.md,EXCLUDED_SOURCE_METADATA,regenerated after code replay,docs(cutover): 建立P5提前时间与外部提醒规格
511,f5c66d57a631c16180ae47b0dd27ab70aa206a65,2026-09-02T09:44:52+08:00,codex/f-cut-001-matrices,9de3ad05e54c384cac25cc1b5852d9824eea97a4,F-CUT-008,docs/design/10-api-design.md,EXCLUDED_SOURCE_METADATA,regenerated after code replay,docs(cutover): 建立P5提前时间与外部提醒规格
511,f5c66d57a631c16180ae47b0dd27ab70aa206a65,2026-09-02T09:44:52+08:00,codex/f-cut-001-matrices,9de3ad05e54c384cac25cc1b5852d9824eea97a4,F-CUT-008,docs/design/12-integration-design.md,EXCLUDED_SOURCE_METADATA,regenerated after code replay,docs(cutover): 建立P5提前时间与外部提醒规格
511,f5c66d57a631c16180ae47b0dd27ab70aa206a65,2026-09-02T09:44:52+08:00,codex/f-cut-001-matrices,9de3ad05e54c384cac25cc1b5852d9824eea97a4,F-CUT-008,docs/traceability/requirement-matrix.md,EXCLUDED_SOURCE_METADATA,regenerated after code replay,docs(cutover): 建立P5提前时间与外部提醒规格
511,f5c66d57a631c16180ae47b0dd27ab70aa206a65,2026-09-02T09:44:52+08:00,codex/f-cut-001-matrices,9de3ad05e54c384cac25cc1b5852d9824eea97a4,F-CUT-008,docs/traceability/requirement-version-coverage.json,EXCLUDED_SOURCE_METADATA,regenerated after code replay,docs(cutover): 建立P5提前时间与外部提醒规格
511,f5c66d57a631c16180ae47b0dd27ab70aa206a65,2026-09-02T09:44:52+08:00,codex/f-cut-001-matrices,9de3ad05e54c384cac25cc1b5852d9824eea97a4,F-CUT-008,specs/features/F-CUT-008-api-contract.json,EXCLUDED_SOURCE_METADATA,regenerated after code replay,docs(cutover): 建立P5提前时间与外部提醒规格
511,f5c66d57a631c16180ae47b0dd27ab70aa206a65,2026-09-02T09:44:52+08:00,codex/f-cut-001-matrices,9de3ad05e54c384cac25cc1b5852d9824eea97a4,F-CUT-008,specs/features/F-CUT-008-external-notification-contract.json,EXCLUDED_SOURCE_METADATA,regenerated after code replay,docs(cutover): 建立P5提前时间与外部提醒规格
511,f5c66d57a631c16180ae47b0dd27ab70aa206a65,2026-09-02T09:44:52+08:00,codex/f-cut-001-matrices,9de3ad05e54c384cac25cc1b5852d9824eea97a4,F-CUT-008,specs/features/F-CUT-008-legacy-reuse-audit.md,EXCLUDED_SOURCE_METADATA,regenerated after code replay,docs(cutover): 建立P5提前时间与外部提醒规格
511,f5c66d57a631c16180ae47b0dd27ab70aa206a65,2026-09-02T09:44:52+08:00,codex/f-cut-001-matrices,9de3ad05e54c384cac25cc1b5852d9824eea97a4,F-CUT-008,specs/features/F-CUT-008-p5-lead-time-and-external-reminders.md,EXCLUDED_SOURCE_METADATA,regenerated after code replay,docs(cutover): 建立P5提前时间与外部提醒规格
511,f5c66d57a631c16180ae47b0dd27ab70aa206a65,2026-09-02T09:44:52+08:00,codex/f-cut-001-matrices,9de3ad05e54c384cac25cc1b5852d9824eea97a4,F-CUT-008,specs/features/F-CUT-008-physical-contract.json,EXCLUDED_SOURCE_METADATA,regenerated after code replay,docs(cutover): 建立P5提前时间与外部提醒规格
511,f5c66d57a631c16180ae47b0dd27ab70aa206a65,2026-09-02T09:44:52+08:00,codex/f-cut-001-matrices,9de3ad05e54c384cac25cc1b5852d9824eea97a4,F-CUT-008,specs/features/README.md,EXCLUDED_SOURCE_METADATA,regenerated after code replay,docs(cutover): 建立P5提前时间与外部提醒规格
511,f5c66d57a631c16180ae47b0dd27ab70aa206a65,2026-09-02T09:44:52+08:00,codex/f-cut-001-matrices,9de3ad05e54c384cac25cc1b5852d9824eea97a4,F-CUT-008,tasks/features/F-CUT-008.md,EXCLUDED_SOURCE_METADATA,regenerated after code replay,docs(cutover): 建立P5提前时间与外部提醒规格
512,d9b43077ce2cac261ebec83df7bf811ab313d005,2026-09-02T09:48:59+08:00,codex/f-cut-001-matrices,763563cf9b93ee0a80f77dade7b1fd57a964dea0,F-CUT-008,specs/features/F-CUT-008-physical-contract.json,EXCLUDED_SOURCE_METADATA,regenerated after code replay,docs(cutover): 收敛P5外部提醒机器边界
512,d9b43077ce2cac261ebec83df7bf811ab313d005,2026-09-02T09:48:59+08:00,codex/f-cut-001-matrices,763563cf9b93ee0a80f77dade7b1fd57a964dea0,F-CUT-008,tasks/features/F-CUT-008.md,EXCLUDED_SOURCE_METADATA,regenerated after code replay,docs(cutover): 收敛P5外部提醒机器边界
513,b5155fcf61b18bedbb9cd0f834d37219811f837c,2026-09-02T09:50:26+08:00,codex/f-cut-001-matrices,aa6050c8008e3f368d1f0fe2d04e3ef375505465,F-CUT-005,specs/features/README.md,EXCLUDED_SOURCE_METADATA,regenerated after code replay,docs(cutover): 记录P5 V2 Feature Ready
513,b5155fcf61b18bedbb9cd0f834d37219811f837c,2026-09-02T09:50:26+08:00,codex/f-cut-001-matrices,aa6050c8008e3f368d1f0fe2d04e3ef375505465,F-CUT-008,tasks/features/F-CUT-008.md,EXCLUDED_SOURCE_METADATA,regenerated after code replay,docs(cutover): 记录P5 V2 Feature Ready
514,ff1dc761a24db8c85b917ab5692e5e3b3742f9d4,2026-09-02T09:56:15+08:00,codex/f-cut-001-matrices,c55e084873f14bd4c9a6f349c52a3cd2a3fe0072,F-CUT-008,docs/superpowers/plans/2026-09-02-f-cut-008-p5-lead-time-external-reminders.md,EXCLUDED_SOURCE_METADATA,regenerated after code replay,docs(cutover): 制定P5 V2实施计划
514,ff1dc761a24db8c85b917ab5692e5e3b3742f9d4,2026-09-02T09:56:15+08:00,codex/f-cut-001-matrices,c55e084873f14bd4c9a6f349c52a3cd2a3fe0072,F-CUT-008,specs/features/F-CUT-008-p5-lead-time-and-external-reminders.md,EXCLUDED_SOURCE_METADATA,regenerated after code replay,docs(cutover): 制定P5 V2实施计划
514,ff1dc761a24db8c85b917ab5692e5e3b3742f9d4,2026-09-02T09:56:15+08:00,codex/f-cut-001-matrices,c55e084873f14bd4c9a6f349c52a3cd2a3fe0072,F-CUT-008,tasks/features/F-CUT-008.md,EXCLUDED_SOURCE_METADATA,regenerated after code replay,docs(cutover): 制定P5 V2实施计划
515,e09b150a3e1b81c8e6916c11ca1ada1f5964f19b,2026-09-02T10:00:15+08:00,codex/f-cut-001-matrices,2f2520c3f12a483012e598eac2162777cc6698a3,F-CUT-008,docs/superpowers/plans/2026-09-02-f-cut-008-p5-lead-time-external-reminders.md,EXCLUDED_SOURCE_METADATA,regenerated after code replay,docs(cutover): 收敛P5 V2计划执行边界
515,e09b150a3e1b81c8e6916c11ca1ada1f5964f19b,2026-09-02T10:00:15+08:00,codex/f-cut-001-matrices,2f2520c3f12a483012e598eac2162777cc6698a3,F-CUT-008,tasks/features/F-CUT-008.md,EXCLUDED_SOURCE_METADATA,regenerated after code replay,docs(cutover): 收敛P5 V2计划执行边界
516,4b7dea6c9e7edacc92ff2206a54c7b7b4cc6503f,2026-09-02T10:01:52+08:00,codex/f-cut-001-matrices,5781f3e8eae15f3eec30f8a40f1eb902495be202,F-CUT-008,tasks/features/F-CUT-008.md,EXCLUDED_SOURCE_METADATA,regenerated after code replay,docs(cutover): 记录P5 V2计划评审通过
517,a344321013c94cc6805e1e52d51e6a9272acf3c3,2026-09-02T10:05:29+08:00,codex/f-cut-001-matrices,044f9c018a6f1888825bd06ea28f210d7bb5da9e,F-CUT-008,tasks/features/F-CUT-008.md,EXCLUDED_SOURCE_METADATA,regenerated after code replay,feat(cutover): 实现P5提前时间快照规则
518,57e6d3db41e4243b6179a05eea7019482100761e,2026-09-02T10:06:59+08:00,codex/f-cut-001-matrices,0a72ab38dbe409c93c2ab14c2fac71ec462d4a86,F-CUT-008,tasks/features/F-CUT-008.md,EXCLUDED_SOURCE_METADATA,regenerated after code replay,docs(cutover): 记录提前时间规则评审通过
519,3f87003b69bf8653273e66b64bf2399c11788baf,2026-09-02T10:14:39+08:00,codex/f-cut-001-matrices,c00c4966558e4509f29276171248af94d44d1f69,F-CUT-008,pms-module-cutover/src/main/java/cn/iocoder/yudao/module/pms/cutover/service/approval/CutoverApprovalApplicationService.java,CONFLICTING_HUNKS_PENDING,rejected_hunks=1 rc=1,feat(cutover): 扩展P5提醒物理模型
519,3f87003b69bf8653273e66b64bf2399c11788baf,2026-09-02T10:14:39+08:00,codex/f-cut-001-matrices,c00c4966558e4509f29276171248af94d44d1f69,F-CUT-008,pms-module-cutover/src/test/java/cn/iocoder/yudao/module/pms/cutover/migration/Fcut008MigrationContractTest.java,CONFLICTING_HUNKS_PENDING,rejected_hunks=0 rc=1,feat(cutover): 扩展P5提醒物理模型
519,3f87003b69bf8653273e66b64bf2399c11788baf,2026-09-02T10:14:39+08:00,codex/f-cut-001-matrices,c00c4966558e4509f29276171248af94d44d1f69,F-CUT-008,sql/migrations/V157__fcut008_p5_lead_time_notification.sql,APPLIED_CODE_CHANGE,clean per-commit delta,feat(cutover): 扩展P5提醒物理模型
519,3f87003b69bf8653273e66b64bf2399c11788baf,2026-09-02T10:14:39+08:00,codex/f-cut-001-matrices,c00c4966558e4509f29276171248af94d44d1f69,F-CUT-008,tasks/features/F-CUT-008.md,EXCLUDED_SOURCE_METADATA,regenerated after code replay,feat(cutover): 扩展P5提醒物理模型
520,5804f57be45d9549f70a7ba31b92b68102564d49,2026-09-02T10:18:11+08:00,codex/f-cut-001-matrices,f585f290e920edda387af930f1e3b998c3ee78fe,F-CUT-008,sql/migrations/V157__fcut008_p5_lead_time_notification.sql,APPLIED_CODE_CHANGE,clean per-commit delta,fix(cutover): 收紧外部提醒重试状态
520,5804f57be45d9549f70a7ba31b92b68102564d49,2026-09-02T10:18:11+08:00,codex/f-cut-001-matrices,f585f290e920edda387af930f1e3b998c3ee78fe,F-CUT-008,tasks/features/F-CUT-008.md,EXCLUDED_SOURCE_METADATA,regenerated after code replay,fix(cutover): 收紧外部提醒重试状态
521,e1111ff82cf77a2452edba0e53782a9525563cb5,2026-09-02T10:19:03+08:00,codex/f-cut-001-matrices,0c08d9c2e1024b9f7d5b96b3818133637b2d4cf1,F-CUT-008,tasks/features/F-CUT-008.md,EXCLUDED_SOURCE_METADATA,regenerated after code replay,docs(cutover): 记录P5物理模型评审通过
522,2011aa5a4baab0d64566a0f4df7a06a83ec22799,2026-09-02T10:26:38+08:00,codex/f-cut-001-matrices,49bcc8739a282b801f6f0b96ed1ee63eca0a7ec6,F-CUT-005,pms-module-cutover/src/main/java/cn/iocoder/yudao/module/pms/cutover/controller/admin/taskv2/vo/approval/CutoverApprovalResponses.java,CONFLICTING_HUNKS_PENDING,rejected_hunks=1 rc=1,feat(cutover): 冻结P5提前时间判断
522,2011aa5a4baab0d64566a0f4df7a06a83ec22799,2026-09-02T10:26:38+08:00,codex/f-cut-001-matrices,49bcc8739a282b801f6f0b96ed1ee63eca0a7ec6,F-CUT-005,pms-module-cutover/src/main/java/cn/iocoder/yudao/module/pms/cutover/service/approval/CutoverApprovalApplicationService.java,CONFLICTING_HUNKS_PENDING,rejected_hunks=1 rc=1,feat(cutover): 冻结P5提前时间判断
522,2011aa5a4baab0d64566a0f4df7a06a83ec22799,2026-09-02T10:26:38+08:00,codex/f-cut-001-matrices,49bcc8739a282b801f6f0b96ed1ee63eca0a7ec6,F-CUT-005,pms-module-cutover/src/main/java/cn/iocoder/yudao/module/pms/cutover/service/approval/CutoverApprovalQueryService.java,CONFLICTING_HUNKS_PENDING,rejected_hunks=1 rc=1,feat(cutover): 冻结P5提前时间判断
522,2011aa5a4baab0d64566a0f4df7a06a83ec22799,2026-09-02T10:26:38+08:00,codex/f-cut-001-matrices,49bcc8739a282b801f6f0b96ed1ee63eca0a7ec6,F-CUT-005,pms-module-cutover/src/main/java/cn/iocoder/yudao/module/pms/cutover/service/approval/view/CutoverApprovalViews.java,CONFLICTING_HUNKS_PENDING,rejected_hunks=1 rc=1,feat(cutover): 冻结P5提前时间判断
522,2011aa5a4baab0d64566a0f4df7a06a83ec22799,2026-09-02T10:26:38+08:00,codex/f-cut-001-matrices,49bcc8739a282b801f6f0b96ed1ee63eca0a7ec6,F-CUT-005,pms-module-cutover/src/test/java/cn/iocoder/yudao/module/pms/cutover/controller/admin/taskv2/CutoverApprovalControllerContractTest.java,CONFLICTING_HUNKS_PENDING,rejected_hunks=1 rc=1,feat(cutover): 冻结P5提前时间判断
522,2011aa5a4baab0d64566a0f4df7a06a83ec22799,2026-09-02T10:26:38+08:00,codex/f-cut-001-matrices,49bcc8739a282b801f6f0b96ed1ee63eca0a7ec6,F-CUT-005,pms-module-cutover/src/test/java/cn/iocoder/yudao/module/pms/cutover/service/approval/CutoverApprovalQueryServiceTest.java,CONFLICTING_HUNKS_PENDING,rejected_hunks=1 rc=1,feat(cutover): 冻结P5提前时间判断
522,2011aa5a4baab0d64566a0f4df7a06a83ec22799,2026-09-02T10:26:38+08:00,codex/f-cut-001-matrices,49bcc8739a282b801f6f0b96ed1ee63eca0a7ec6,F-CUT-005,pms-module-cutover/src/test/java/cn/iocoder/yudao/module/pms/cutover/service/approval/CutoverApprovalStartServiceTest.java,APPLIED_NON_CONFLICTING_HUNKS,rejected_hunks=1 rc=1,feat(cutover): 冻结P5提前时间判断
522,2011aa5a4baab0d64566a0f4df7a06a83ec22799,2026-09-02T10:26:38+08:00,codex/f-cut-001-matrices,49bcc8739a282b801f6f0b96ed1ee63eca0a7ec6,F-CUT-008,tasks/features/F-CUT-008.md,EXCLUDED_SOURCE_METADATA,regenerated after code replay,feat(cutover): 冻结P5提前时间判断
523,1edc713e5975821abb4f845f76701d5954e22535,2026-09-02T10:38:50+08:00,codex/f-cut-001-matrices,f8a8e7e9e750ffef54bf8744f435cb45e8810761,F-CUT-004,docs/design/10-api-design.md,EXCLUDED_SOURCE_METADATA,regenerated after code replay,fix(cutover): 统一P4提交与审批冻结时间
523,1edc713e5975821abb4f845f76701d5954e22535,2026-09-02T10:38:50+08:00,codex/f-cut-001-matrices,f8a8e7e9e750ffef54bf8744f435cb45e8810761,F-CUT-005,pms-module-cutover/src/test/java/cn/iocoder/yudao/module/pms/cutover/service/approval/CutoverApprovalPositiveLoopMySqlTest.java,CONFLICTING_HUNKS_PENDING,rejected_hunks=1 rc=1,fix(cutover): 统一P4提交与审批冻结时间
523,1edc713e5975821abb4f845f76701d5954e22535,2026-09-02T10:38:50+08:00,codex/f-cut-001-matrices,f8a8e7e9e750ffef54bf8744f435cb45e8810761,F-CUT-008,tasks/features/F-CUT-008.md,EXCLUDED_SOURCE_METADATA,regenerated after code replay,fix(cutover): 统一P4提交与审批冻结时间
524,9a9811426b226de6503b98d2d0593200856ae3b1,2026-09-02T10:41:10+08:00,codex/f-cut-001-matrices,0e4f04e6a7d2b98ecdc2ee0fec853da27447f600,F-CUT-008,tasks/features/F-CUT-008.md,EXCLUDED_SOURCE_METADATA,regenerated after code replay,docs(cutover): 记录P5提前时间评审通过
525,aa2376d2d5ba78ce3cb9c04bd9fc2012dd7cd6af,2026-09-02T10:46:20+08:00,codex/f-cut-001-matrices,d3a7856aa3eaee36170c14f39179fd2fe03b4141,F-CUT-008,pms-module-cutover/src/main/java/cn/iocoder/yudao/module/pms/cutover/service/approval/CutoverApprovalApplicationService.java,CONFLICTING_HUNKS_PENDING,rejected_hunks=1 rc=1,feat(cutover): 创建P5外部提醒请求
525,aa2376d2d5ba78ce3cb9c04bd9fc2012dd7cd6af,2026-09-02T10:46:20+08:00,codex/f-cut-001-matrices,d3a7856aa3eaee36170c14f39179fd2fe03b4141,F-CUT-008,pms-module-cutover/src/main/java/cn/iocoder/yudao/module/pms/cutover/service/approval/notification/CutoverExternalNotificationRequestFactory.java,CONFLICTING_HUNKS_PENDING,rejected_hunks=0 rc=1,feat(cutover): 创建P5外部提醒请求
525,aa2376d2d5ba78ce3cb9c04bd9fc2012dd7cd6af,2026-09-02T10:46:20+08:00,codex/f-cut-001-matrices,d3a7856aa3eaee36170c14f39179fd2fe03b4141,F-CUT-008,pms-module-cutover/src/test/java/cn/iocoder/yudao/module/pms/cutover/service/approval/CutoverApprovalDecisionServiceTest.java,CONFLICTING_HUNKS_PENDING,rejected_hunks=1 rc=1,feat(cutover): 创建P5外部提醒请求
525,aa2376d2d5ba78ce3cb9c04bd9fc2012dd7cd6af,2026-09-02T10:46:20+08:00,codex/f-cut-001-matrices,d3a7856aa3eaee36170c14f39179fd2fe03b4141,F-CUT-008,pms-module-cutover/src/test/java/cn/iocoder/yudao/module/pms/cutover/service/approval/CutoverApprovalExternalNotificationCreationTest.java,CONFLICTING_HUNKS_PENDING,rejected_hunks=0 rc=1,feat(cutover): 创建P5外部提醒请求
525,aa2376d2d5ba78ce3cb9c04bd9fc2012dd7cd6af,2026-09-02T10:46:20+08:00,codex/f-cut-001-matrices,d3a7856aa3eaee36170c14f39179fd2fe03b4141,F-CUT-008,pms-module-cutover/src/test/java/cn/iocoder/yudao/module/pms/cutover/service/approval/CutoverApprovalStartServiceTest.java,CONFLICTING_HUNKS_PENDING,rejected_hunks=1 rc=1,feat(cutover): 创建P5外部提醒请求
526,701d84dbcb1613d5adac60a0d9a335e9696f53ae,2026-09-02T10:49:46+08:00,codex/f-cut-001-matrices,a13b26fc2122512f819d62607ad2aa6a7c5933b3,F-CUT-008,tasks/features/F-CUT-008.md,EXCLUDED_SOURCE_METADATA,regenerated after code replay,docs(cutover): 记录P5提醒请求评审通过
527,a026e0250ddad411a6a1153922495745135d78e6,2026-09-02T10:54:21+08:00,codex/f-cut-001-matrices,cb3fa49c5c0fb0d41c5890cb0257c894beb4ccf6,F-CUT-008,tasks/features/F-CUT-008.md,EXCLUDED_SOURCE_METADATA,regenerated after code replay,docs(cutover): 锁定外部提醒关联链来源
528,2fa9f62c33f6e336cb6d22356e615f033b879311,2026-09-02T10:56:39+08:00,codex/f-cut-001-matrices,381970cf61cb3d072a042d379c4cd094cd723227,F-CUT-008,docs/superpowers/plans/2026-09-02-f-cut-008-p5-lead-time-external-reminders.md,EXCLUDED_SOURCE_METADATA,regenerated after code replay,docs(cutover): 编排提醒关联链物理修补
530,aee09358f31849598372f21406388768f547e331,2026-09-02T10:59:14+08:00,codex/f-cut-001-matrices,e8ea89af981f4d411639bd274bcecd12c44da8b2,F-CUT-008,tasks/features/F-CUT-008.md,EXCLUDED_SOURCE_METADATA,regenerated after code replay,docs(cutover): 记录提醒关联链合同通过
531,8889fe968477c9e3443d7ec5d943adaabebca265,2026-09-02T11:06:54+08:00,codex/f-cut-001-matrices,06885d82b9551b1d4df73faa009bda242d7f2140,F-CUT-008,pms-module-cutover/src/test/java/cn/iocoder/yudao/module/pms/cutover/migration/Fcut008MigrationContractTest.java,APPLIED_NON_CONFLICTING_HUNKS,rejected_hunks=1 rc=1,feat(cutover): 持久化P5提醒关联链
531,8889fe968477c9e3443d7ec5d943adaabebca265,2026-09-02T11:06:54+08:00,codex/f-cut-001-matrices,06885d82b9551b1d4df73faa009bda242d7f2140,F-CUT-008,sql/migrations/V158__fcut008_notification_correlation_provenance.sql,APPLIED_CODE_CHANGE,clean per-commit delta,feat(cutover): 持久化P5提醒关联链
532,03a69e390c53e6d7ec0faee7bc0d821f4cf12d83,2026-09-02T11:56:55+08:00,codex/f-cut-001-matrices,18fab9752022fe52966cc77bbcc8023c0b55725c,F-CUT-008,tasks/features/F-CUT-008.md,EXCLUDED_SOURCE_METADATA,regenerated after code replay,docs(cutover): 记录P5提醒关联链评审通过
533,373a78839a090abf225b3d07b7681a1096da045e,2026-09-02T12:10:48+08:00,codex/f-cut-001-matrices,7845a72da57ff52758d66ebb1f52e5b6f9210531,F-CUT-008,pms-module-cutover/src/test/java/cn/iocoder/yudao/module/pms/cutover/service/approval/CutoverApprovalPositiveLoopMySqlTest.java,CONFLICTING_HUNKS_PENDING,rejected_hunks=1 rc=1,feat(cutover): 增加P5外部提醒投递候选
533,373a78839a090abf225b3d07b7681a1096da045e,2026-09-02T12:10:48+08:00,codex/f-cut-001-matrices,7845a72da57ff52758d66ebb1f52e5b6f9210531,F-CUT-008,tasks/features/F-CUT-008.md,EXCLUDED_SOURCE_METADATA,regenerated after code replay,feat(cutover): 增加P5外部提醒投递候选
534,439cb4b526171799ce93c7553bcdb73ec6c4e748,2026-09-02T12:14:55+08:00,codex/f-cut-001-matrices,b9a31c325535b856435b1d5b945e854e7a226e33,F-CUT-008,tasks/features/F-CUT-008.md,EXCLUDED_SOURCE_METADATA,regenerated after code replay,docs(cutover): 记录P5外部提醒评审通过
535,8d09fdc363d29cf0aa3804e8abf84376ad325d3c,2026-09-02T12:19:20+08:00,codex/f-cut-001-matrices,acbafee0a5e596a82fa3473ededd7a2ba66277a5,F-CUT-008,tasks/features/F-CUT-008.md,EXCLUDED_SOURCE_METADATA,regenerated after code replay,feat(cutover): 展示P5提前时间参考
536,831a6506f29edfdd6db5fec5622318108ed61fcc,2026-09-02T12:24:31+08:00,codex/f-cut-001-matrices,697c800a634b839a73eebbc3a752863d4f76348d,F-CUT-008,tasks/features/F-CUT-008.md,EXCLUDED_SOURCE_METADATA,regenerated after code replay,docs(cutover): 记录P5提前时间组件评审通过
537,aa281aa0f7ec5b6ad4dc72e43dcdfc87108347e0,2026-09-02T12:27:15+08:00,codex/f-cut-001-matrices,825e43955d105ac93c78c2bfc8eb168c3db7f547,F-CUT-008,pms-module-cutover/src/test/java/cn/iocoder/yudao/module/pms/cutover/migration/Fcut008MigrationContractTest.java,APPLIED_CODE_CHANGE,clean per-commit delta,feat(cutover): 登记P5外部提醒暂停任务
537,aa281aa0f7ec5b6ad4dc72e43dcdfc87108347e0,2026-09-02T12:27:15+08:00,codex/f-cut-001-matrices,825e43955d105ac93c78c2bfc8eb168c3db7f547,F-CUT-008,sql/migrations/V159__fcut008_external_notification_job_seed.sql,APPLIED_CODE_CHANGE,clean per-commit delta,feat(cutover): 登记P5外部提醒暂停任务
537,aa281aa0f7ec5b6ad4dc72e43dcdfc87108347e0,2026-09-02T12:27:15+08:00,codex/f-cut-001-matrices,825e43955d105ac93c78c2bfc8eb168c3db7f547,F-CUT-008,tasks/features/F-CUT-008.md,EXCLUDED_SOURCE_METADATA,regenerated after code replay,feat(cutover): 登记P5外部提醒暂停任务
538,af5024f42f6e827e6e5f8b679681c6a0e494c600,2026-09-02T12:29:24+08:00,codex/f-cut-001-matrices,7afde7eebf5197fc01679e8bd06b4e49ddc13b37,F-CUT-008,tasks/features/F-CUT-008.md,EXCLUDED_SOURCE_METADATA,regenerated after code replay,docs(cutover): 记录P5外部提醒暂停任务评审通过
539,7219532a3058b6fb944825a3d42923af2324de10,2026-09-02T12:39:14+08:00,codex/f-cut-001-matrices,4277d0721c6f95204c32819faeef1d5ee84e9420,F-CUT-008,docs/traceability/requirement-matrix.md,EXCLUDED_SOURCE_METADATA,regenerated after code replay,test(cutover): 验证P5提前时间与外部提醒闭环
539,7219532a3058b6fb944825a3d42923af2324de10,2026-09-02T12:39:14+08:00,codex/f-cut-001-matrices,4277d0721c6f95204c32819faeef1d5ee84e9420,F-CUT-008,docs/traceability/requirement-version-coverage.json,EXCLUDED_SOURCE_METADATA,regenerated after code replay,test(cutover): 验证P5提前时间与外部提醒闭环
539,7219532a3058b6fb944825a3d42923af2324de10,2026-09-02T12:39:14+08:00,codex/f-cut-001-matrices,4277d0721c6f95204c32819faeef1d5ee84e9420,F-CUT-008,tasks/features/F-CUT-008.md,EXCLUDED_SOURCE_METADATA,regenerated after code replay,test(cutover): 验证P5提前时间与外部提醒闭环
541,85603c0612823d7fd3bcb8ab337c2ac47e9270c2,2026-09-02T12:45:04+08:00,codex/f-cut-001-matrices,6f2cc877b3c6caf5f3ee29eed8cb865973065e6c,F-CUT-005,specs/features/README.md,EXCLUDED_SOURCE_METADATA,regenerated after code replay,docs(cutover): 同步P5受控实现索引
542,7bc8f98d0d7dd75c93de33bd6178624900294c98,2026-09-02T12:49:26+08:00,codex/f-cut-001-matrices,4c1aba76d0bcfa6f0beab57191302e62ca4b4fd3,F-CUT-003,docs/decisions/open-questions.md,EXCLUDED_SOURCE_METADATA,regenerated after code replay,docs(cutover): 建立P3导出与导航Feature候选
542,7bc8f98d0d7dd75c93de33bd6178624900294c98,2026-09-02T12:49:26+08:00,codex/f-cut-001-matrices,4c1aba76d0bcfa6f0beab57191302e62ca4b4fd3,F-CUT-003,docs/traceability/requirement-matrix.md,EXCLUDED_SOURCE_METADATA,regenerated after code replay,docs(cutover): 建立P3导出与导航Feature候选
542,7bc8f98d0d7dd75c93de33bd6178624900294c98,2026-09-02T12:49:26+08:00,codex/f-cut-001-matrices,4c1aba76d0bcfa6f0beab57191302e62ca4b4fd3,F-CUT-003,docs/traceability/requirement-version-coverage.json,EXCLUDED_SOURCE_METADATA,regenerated after code replay,docs(cutover): 建立P3导出与导航Feature候选
542,7bc8f98d0d7dd75c93de33bd6178624900294c98,2026-09-02T12:49:26+08:00,codex/f-cut-001-matrices,4c1aba76d0bcfa6f0beab57191302e62ca4b4fd3,F-CUT-009,specs/features/F-CUT-009-api-contract.json,EXCLUDED_SOURCE_METADATA,regenerated after code replay,docs(cutover): 建立P3导出与导航Feature候选
542,7bc8f98d0d7dd75c93de33bd6178624900294c98,2026-09-02T12:49:26+08:00,codex/f-cut-001-matrices,4c1aba76d0bcfa6f0beab57191302e62ca4b4fd3,F-CUT-009,specs/features/F-CUT-009-legacy-reuse-audit.md,EXCLUDED_SOURCE_METADATA,regenerated after code replay,docs(cutover): 建立P3导出与导航Feature候选
542,7bc8f98d0d7dd75c93de33bd6178624900294c98,2026-09-02T12:49:26+08:00,codex/f-cut-001-matrices,4c1aba76d0bcfa6f0beab57191302e62ca4b4fd3,F-CUT-009,specs/features/F-CUT-009-p3-authorized-export-and-navigation.md,EXCLUDED_SOURCE_METADATA,regenerated after code replay,docs(cutover): 建立P3导出与导航Feature候选
542,7bc8f98d0d7dd75c93de33bd6178624900294c98,2026-09-02T12:49:26+08:00,codex/f-cut-001-matrices,4c1aba76d0bcfa6f0beab57191302e62ca4b4fd3,F-CUT-009,specs/features/F-CUT-009-physical-contract.json,EXCLUDED_SOURCE_METADATA,regenerated after code replay,docs(cutover): 建立P3导出与导航Feature候选
542,7bc8f98d0d7dd75c93de33bd6178624900294c98,2026-09-02T12:49:26+08:00,codex/f-cut-001-matrices,4c1aba76d0bcfa6f0beab57191302e62ca4b4fd3,F-CUT-003,specs/features/README.md,EXCLUDED_SOURCE_METADATA,regenerated after code replay,docs(cutover): 建立P3导出与导航Feature候选
542,7bc8f98d0d7dd75c93de33bd6178624900294c98,2026-09-02T12:49:26+08:00,codex/f-cut-001-matrices,4c1aba76d0bcfa6f0beab57191302e62ca4b4fd3,F-CUT-009,tasks/features/F-CUT-009.md,EXCLUDED_SOURCE_METADATA,regenerated after code replay,docs(cutover): 建立P3导出与导航Feature候选
543,8ab118f8680c5fc35e32d0547bc949025718d5f4,2026-09-02T12:58:33+08:00,codex/f-cut-001-matrices,3033b6eb81c19d60cb51ad31c151637e6b45f277,F-CUT-003,docs/decisions/open-questions.md,EXCLUDED_SOURCE_METADATA,regenerated after code replay,docs(cutover): 收敛P3导出与导航合同
543,8ab118f8680c5fc35e32d0547bc949025718d5f4,2026-09-02T12:58:33+08:00,codex/f-cut-001-matrices,3033b6eb81c19d60cb51ad31c151637e6b45f277,F-CUT-009,specs/features/F-CUT-009-api-contract.json,EXCLUDED_SOURCE_METADATA,regenerated after code replay,docs(cutover): 收敛P3导出与导航合同
543,8ab118f8680c5fc35e32d0547bc949025718d5f4,2026-09-02T12:58:33+08:00,codex/f-cut-001-matrices,3033b6eb81c19d60cb51ad31c151637e6b45f277,F-CUT-009,specs/features/F-CUT-009-p3-authorized-export-and-navigation.md,EXCLUDED_SOURCE_METADATA,regenerated after code replay,docs(cutover): 收敛P3导出与导航合同
543,8ab118f8680c5fc35e32d0547bc949025718d5f4,2026-09-02T12:58:33+08:00,codex/f-cut-001-matrices,3033b6eb81c19d60cb51ad31c151637e6b45f277,F-CUT-009,specs/features/F-CUT-009-physical-contract.json,EXCLUDED_SOURCE_METADATA,regenerated after code replay,docs(cutover): 收敛P3导出与导航合同
543,8ab118f8680c5fc35e32d0547bc949025718d5f4,2026-09-02T12:58:33+08:00,codex/f-cut-001-matrices,3033b6eb81c19d60cb51ad31c151637e6b45f277,F-CUT-009,tasks/features/F-CUT-009.md,EXCLUDED_SOURCE_METADATA,regenerated after code replay,docs(cutover): 收敛P3导出与导航合同
544,51239c53c31696de8c58ac47955195152c577187,2026-09-02T13:03:40+08:00,codex/f-cut-001-matrices,7dcc37d8f0bb7ca6db892a8e529e6aa0e9b653be,F-CUT-009,tasks/features/F-CUT-009.md,EXCLUDED_SOURCE_METADATA,regenerated after code replay,docs(cutover): 修正P3导出与配置端点合同
545,24d2cff49632f3f61e70c357e98ac8fe6e7ba7e3,2026-09-02T13:07:16+08:00,codex/f-cut-001-matrices,472597a7667f17b17e1cad45f0b263c692df815f,F-CUT-003,specs/features/README.md,EXCLUDED_SOURCE_METADATA,regenerated after code replay,docs(cutover): 回写P3导出Feature Ready
545,24d2cff49632f3f61e70c357e98ac8fe6e7ba7e3,2026-09-02T13:07:16+08:00,codex/f-cut-001-matrices,472597a7667f17b17e1cad45f0b263c692df815f,F-CUT-009,tasks/features/F-CUT-009.md,EXCLUDED_SOURCE_METADATA,regenerated after code replay,docs(cutover): 回写P3导出Feature Ready
546,b3713bca0d51236fcaf2a62f2cf4cc381a2ee61c,2026-09-02T13:09:44+08:00,codex/f-cut-001-matrices,7c9f9a2d6fa1db6504a4ee06b0ac565e95309928,F-CUT-009,docs/superpowers/plans/2026-09-02-f-cut-009-p3-authorized-export-and-navigation.md,EXCLUDED_SOURCE_METADATA,regenerated after code replay,docs(cutover): 编制P3导出与导航计划
546,b3713bca0d51236fcaf2a62f2cf4cc381a2ee61c,2026-09-02T13:09:44+08:00,codex/f-cut-001-matrices,7c9f9a2d6fa1db6504a4ee06b0ac565e95309928,F-CUT-009,tasks/features/F-CUT-009.md,EXCLUDED_SOURCE_METADATA,regenerated after code replay,docs(cutover): 编制P3导出与导航计划
547,e9b2a25c6813c176b6fc061fefd54e0ceaa293a9,2026-09-02T13:17:57+08:00,codex/f-cut-001-matrices,1c539ea853329a34827030bcf968ddf337637817,F-CUT-009,tasks/features/F-CUT-009.md,EXCLUDED_SOURCE_METADATA,regenerated after code replay,docs(cutover): 修正P3导航事务与导出审计计划
548,301ebbc8966863055a6aef0cc647d22d7c8481c1,2026-09-02T13:19:37+08:00,codex/f-cut-001-matrices,93b51b089e04458980ce504436de16242be8676c,F-CUT-003,docs/traceability/requirement-matrix.md,EXCLUDED_SOURCE_METADATA,regenerated after code replay,docs(cutover): 回写P3导出技术计划Gate
548,301ebbc8966863055a6aef0cc647d22d7c8481c1,2026-09-02T13:19:37+08:00,codex/f-cut-001-matrices,93b51b089e04458980ce504436de16242be8676c,F-CUT-003,docs/traceability/requirement-version-coverage.json,EXCLUDED_SOURCE_METADATA,regenerated after code replay,docs(cutover): 回写P3导出技术计划Gate
548,301ebbc8966863055a6aef0cc647d22d7c8481c1,2026-09-02T13:19:37+08:00,codex/f-cut-001-matrices,93b51b089e04458980ce504436de16242be8676c,F-CUT-003,specs/features/README.md,EXCLUDED_SOURCE_METADATA,regenerated after code replay,docs(cutover): 回写P3导出技术计划Gate
548,301ebbc8966863055a6aef0cc647d22d7c8481c1,2026-09-02T13:19:37+08:00,codex/f-cut-001-matrices,93b51b089e04458980ce504436de16242be8676c,F-CUT-009,tasks/features/F-CUT-009.md,EXCLUDED_SOURCE_METADATA,regenerated after code replay,docs(cutover): 回写P3导出技术计划Gate
549,706b6c2a7c9c861b09a3e0118877f68f0d6654a5,2026-09-02T13:37:25+08:00,codex/f-cut-001-matrices,227e44f576d06630b5a498b0569ff9e863bc2b0e,F-CUT-003,pms-module-cutover/src/main/java/cn/iocoder/yudao/module/pms/cutover/controller/admin/configuration/vo/CutoverConfigurationSaveReqVO.java,CONFLICTING_HUNKS_PENDING,rejected_hunks=1 rc=1,feat(cutover): 接通P3提交导航决定
549,706b6c2a7c9c861b09a3e0118877f68f0d6654a5,2026-09-02T13:37:25+08:00,codex/f-cut-001-matrices,227e44f576d06630b5a498b0569ff9e863bc2b0e,F-CUT-003,pms-module-cutover/src/main/java/cn/iocoder/yudao/module/pms/cutover/service/configuration/CutoverConfigurationServiceImpl.java,CONFLICTING_HUNKS_PENDING,rejected_hunks=1 rc=1,feat(cutover): 接通P3提交导航决定
549,706b6c2a7c9c861b09a3e0118877f68f0d6654a5,2026-09-02T13:37:25+08:00,codex/f-cut-001-matrices,227e44f576d06630b5a498b0569ff9e863bc2b0e,F-CUT-003,pms-module-cutover/src/main/java/cn/iocoder/yudao/module/pms/cutover/service/configuration/CutoverNavigationRuleCodec.java,CONFLICTING_HUNKS_PENDING,rejected_hunks=0 rc=1,feat(cutover): 接通P3提交导航决定
549,706b6c2a7c9c861b09a3e0118877f68f0d6654a5,2026-09-02T13:37:25+08:00,codex/f-cut-001-matrices,227e44f576d06630b5a498b0569ff9e863bc2b0e,F-CUT-003,pms-module-cutover/src/test/java/cn/iocoder/yudao/module/pms/cutover/migration/Fcut009MigrationContractTest.java,CONFLICTING_HUNKS_PENDING,rejected_hunks=0 rc=1,feat(cutover): 接通P3提交导航决定
549,706b6c2a7c9c861b09a3e0118877f68f0d6654a5,2026-09-02T13:37:25+08:00,codex/f-cut-001-matrices,227e44f576d06630b5a498b0569ff9e863bc2b0e,F-CUT-003,pms-module-cutover/src/test/java/cn/iocoder/yudao/module/pms/cutover/service/checklist/CutoverChecklistPositiveLoopMySqlTest.java,CONFLICTING_HUNKS_PENDING,rejected_hunks=1 rc=1,feat(cutover): 接通P3提交导航决定
549,706b6c2a7c9c861b09a3e0118877f68f0d6654a5,2026-09-02T13:37:25+08:00,codex/f-cut-001-matrices,227e44f576d06630b5a498b0569ff9e863bc2b0e,F-CUT-003,pms-module-cutover/src/test/java/cn/iocoder/yudao/module/pms/cutover/service/configuration/CutoverNavigationRuleCodecTest.java,APPLIED_ADD_ADD,source-semantic-superset,feat(cutover): 接通P3提交导航决定
549,706b6c2a7c9c861b09a3e0118877f68f0d6654a5,2026-09-02T13:37:25+08:00,codex/f-cut-001-matrices,227e44f576d06630b5a498b0569ff9e863bc2b0e,F-CUT-003,sql/migrations/V160__fcut009_navigation_rule.sql,APPLIED_CODE_CHANGE,clean per-commit delta,feat(cutover): 接通P3提交导航决定
550,c7d3aa0fcf6099d85045002a03b71614779e972b,2026-09-02T13:56:12+08:00,codex/f-cut-001-matrices,1e39956b0fe1533d184e4e5f210aeb87e1805231,F-CUT-003,pms-module-cutover/src/test/java/cn/iocoder/yudao/module/pms/cutover/service/checklist/CutoverChecklistPositiveLoopMySqlTest.java,CONFLICTING_HUNKS_PENDING,rejected_hunks=1 rc=1,fix(cutover): 补齐导航规则门禁闭环
550,c7d3aa0fcf6099d85045002a03b71614779e972b,2026-09-02T13:56:12+08:00,codex/f-cut-001-matrices,1e39956b0fe1533d184e4e5f210aeb87e1805231,F-CUT-001,pms-module-cutover/src/test/java/cn/iocoder/yudao/module/pms/cutover/service/configuration/CutoverNavigationRuleCodecTest.java,APPLIED_CODE_CHANGE,clean per-commit delta,fix(cutover): 补齐导航规则门禁闭环
552,0ecca8b0cee0ed7d8ec40207cc8d5809b83144dd,2026-09-02T14:01:14+08:00,codex/f-cut-001-matrices,6edde1e028282850d0a9ebd72029bb82bd0f4092,F-CUT-009,tasks/features/F-CUT-009.md,EXCLUDED_SOURCE_METADATA,regenerated after code replay,docs(cutover): 回写F-CUT-009 Task 1 Gate
553,523520c9dc79518399b39f41b73032f41bf31e55,2026-09-02T14:12:47+08:00,codex/f-cut-001-matrices,ec22a656fd1a0dc957283f161d69fce6318c9bcc,F-CUT-003,pms-module-cutover/src/main/java/cn/iocoder/yudao/module/pms/cutover/service/checklist/CutoverChecklistExportService.java,APPLIED_ADD_ADD,current-semantic-superset,feat(cutover): 增加授权清单导出
555,c9e0f15386cbfa517d5039b9ee2914b5f9e6e1b4,2026-09-02T14:19:53+08:00,codex/f-cut-001-matrices,8039ecb420db1cd82c1dcd879d68774e0ef1acc6,F-CUT-009,tasks/features/F-CUT-009.md,EXCLUDED_SOURCE_METADATA,regenerated after code replay,docs(cutover): 回写F-CUT-009 Task 2 Gate
558,cf3743f949a503bd2104da0a2c03ac604e1f5511,2026-09-02T14:43:41+08:00,codex/f-cut-001-matrices,725263e5486f7dd0a3755fd9f43be2ac2953a615,F-CUT-010,docs/design/02d-cross-context-contracts.md,EXCLUDED_SOURCE_METADATA,regenerated after code replay,docs(cutover): 建立CUT-08备件协同规格
558,cf3743f949a503bd2104da0a2c03ac604e1f5511,2026-09-02T14:43:41+08:00,codex/f-cut-001-matrices,725263e5486f7dd0a3755fd9f43be2ac2953a615,F-CUT-010,docs/design/09-database-design.md,EXCLUDED_SOURCE_METADATA,regenerated after code replay,docs(cutover): 建立CUT-08备件协同规格
558,cf3743f949a503bd2104da0a2c03ac604e1f5511,2026-09-02T14:43:41+08:00,codex/f-cut-001-matrices,725263e5486f7dd0a3755fd9f43be2ac2953a615,F-CUT-010,docs/design/10-api-design.md,EXCLUDED_SOURCE_METADATA,regenerated after code replay,docs(cutover): 建立CUT-08备件协同规格
558,cf3743f949a503bd2104da0a2c03ac604e1f5511,2026-09-02T14:43:41+08:00,codex/f-cut-001-matrices,725263e5486f7dd0a3755fd9f43be2ac2953a615,F-CUT-010,docs/design/12-integration-design.md,EXCLUDED_SOURCE_METADATA,regenerated after code replay,docs(cutover): 建立CUT-08备件协同规格
558,cf3743f949a503bd2104da0a2c03ac604e1f5511,2026-09-02T14:43:41+08:00,codex/f-cut-001-matrices,725263e5486f7dd0a3755fd9f43be2ac2953a615,F-CUT-010,docs/design/16-exception-and-idempotency.md,EXCLUDED_SOURCE_METADATA,regenerated after code replay,docs(cutover): 建立CUT-08备件协同规格
558,cf3743f949a503bd2104da0a2c03ac604e1f5511,2026-09-02T14:43:41+08:00,codex/f-cut-001-matrices,725263e5486f7dd0a3755fd9f43be2ac2953a615,F-CUT-010,docs/traceability/requirement-matrix.md,EXCLUDED_SOURCE_METADATA,regenerated after code replay,docs(cutover): 建立CUT-08备件协同规格
558,cf3743f949a503bd2104da0a2c03ac604e1f5511,2026-09-02T14:43:41+08:00,codex/f-cut-001-matrices,725263e5486f7dd0a3755fd9f43be2ac2953a615,F-CUT-010,docs/traceability/requirement-version-coverage.json,EXCLUDED_SOURCE_METADATA,regenerated after code replay,docs(cutover): 建立CUT-08备件协同规格
558,cf3743f949a503bd2104da0a2c03ac604e1f5511,2026-09-02T14:43:41+08:00,codex/f-cut-001-matrices,725263e5486f7dd0a3755fd9f43be2ac2953a615,F-CUT-011,specs/features/F-CUT-011-api-contract.json,EXCLUDED_SOURCE_METADATA,regenerated after code replay,docs(cutover): 建立CUT-08备件协同规格
558,cf3743f949a503bd2104da0a2c03ac604e1f5511,2026-09-02T14:43:41+08:00,codex/f-cut-001-matrices,725263e5486f7dd0a3755fd9f43be2ac2953a615,F-CUT-011,specs/features/F-CUT-011-cutover-spare-system-coordination.md,EXCLUDED_SOURCE_METADATA,regenerated after code replay,docs(cutover): 建立CUT-08备件协同规格
558,cf3743f949a503bd2104da0a2c03ac604e1f5511,2026-09-02T14:43:41+08:00,codex/f-cut-001-matrices,725263e5486f7dd0a3755fd9f43be2ac2953a615,F-CUT-011,specs/features/F-CUT-011-legacy-reuse-audit.md,EXCLUDED_SOURCE_METADATA,regenerated after code replay,docs(cutover): 建立CUT-08备件协同规格
558,cf3743f949a503bd2104da0a2c03ac604e1f5511,2026-09-02T14:43:41+08:00,codex/f-cut-001-matrices,725263e5486f7dd0a3755fd9f43be2ac2953a615,F-CUT-011,specs/features/F-CUT-011-physical-contract.json,EXCLUDED_SOURCE_METADATA,regenerated after code replay,docs(cutover): 建立CUT-08备件协同规格
558,cf3743f949a503bd2104da0a2c03ac604e1f5511,2026-09-02T14:43:41+08:00,codex/f-cut-001-matrices,725263e5486f7dd0a3755fd9f43be2ac2953a615,F-CUT-010,specs/features/README.md,EXCLUDED_SOURCE_METADATA,regenerated after code replay,docs(cutover): 建立CUT-08备件协同规格
558,cf3743f949a503bd2104da0a2c03ac604e1f5511,2026-09-02T14:43:41+08:00,codex/f-cut-001-matrices,725263e5486f7dd0a3755fd9f43be2ac2953a615,F-CUT-011,tasks/features/F-CUT-011.md,EXCLUDED_SOURCE_METADATA,regenerated after code replay,docs(cutover): 建立CUT-08备件协同规格
559,ee632ba5e140035161abbb180ff47dde43ad1357,2026-09-02T14:52:25+08:00,codex/f-cut-001-matrices,457d27466432bb970344bf7d5d2d7d5648be7fff,F-CUT-001,docs/design/09-database-design.md,EXCLUDED_SOURCE_METADATA,regenerated after code replay,fix(cutover): 恢复CUT-08 Feature编号
559,ee632ba5e140035161abbb180ff47dde43ad1357,2026-09-02T14:52:25+08:00,codex/f-cut-001-matrices,457d27466432bb970344bf7d5d2d7d5648be7fff,F-CUT-001,docs/design/10-api-design.md,EXCLUDED_SOURCE_METADATA,regenerated after code replay,fix(cutover): 恢复CUT-08 Feature编号
559,ee632ba5e140035161abbb180ff47dde43ad1357,2026-09-02T14:52:25+08:00,codex/f-cut-001-matrices,457d27466432bb970344bf7d5d2d7d5648be7fff,F-CUT-001,docs/traceability/requirement-matrix.md,EXCLUDED_SOURCE_METADATA,regenerated after code replay,fix(cutover): 恢复CUT-08 Feature编号
559,ee632ba5e140035161abbb180ff47dde43ad1357,2026-09-02T14:52:25+08:00,codex/f-cut-001-matrices,457d27466432bb970344bf7d5d2d7d5648be7fff,F-CUT-001,docs/traceability/requirement-version-coverage.json,EXCLUDED_SOURCE_METADATA,regenerated after code replay,fix(cutover): 恢复CUT-08 Feature编号
559,ee632ba5e140035161abbb180ff47dde43ad1357,2026-09-02T14:52:25+08:00,codex/f-cut-001-matrices,457d27466432bb970344bf7d5d2d7d5648be7fff,F-CUT-010,specs/features/F-CUT-010-api-contract.json,EXCLUDED_SOURCE_METADATA,regenerated after code replay,fix(cutover): 恢复CUT-08 Feature编号
559,ee632ba5e140035161abbb180ff47dde43ad1357,2026-09-02T14:52:25+08:00,codex/f-cut-001-matrices,457d27466432bb970344bf7d5d2d7d5648be7fff,F-CUT-010,specs/features/F-CUT-010-cutover-spare-system-coordination.md,EXCLUDED_SOURCE_METADATA,regenerated after code replay,fix(cutover): 恢复CUT-08 Feature编号
559,ee632ba5e140035161abbb180ff47dde43ad1357,2026-09-02T14:52:25+08:00,codex/f-cut-001-matrices,457d27466432bb970344bf7d5d2d7d5648be7fff,F-CUT-010,specs/features/F-CUT-010-physical-contract.json,EXCLUDED_SOURCE_METADATA,regenerated after code replay,fix(cutover): 恢复CUT-08 Feature编号
559,ee632ba5e140035161abbb180ff47dde43ad1357,2026-09-02T14:52:25+08:00,codex/f-cut-001-matrices,457d27466432bb970344bf7d5d2d7d5648be7fff,F-CUT-001,specs/features/README.md,EXCLUDED_SOURCE_METADATA,regenerated after code replay,fix(cutover): 恢复CUT-08 Feature编号
559,ee632ba5e140035161abbb180ff47dde43ad1357,2026-09-02T14:52:25+08:00,codex/f-cut-001-matrices,457d27466432bb970344bf7d5d2d7d5648be7fff,F-CUT-010,tasks/features/F-CUT-010.md,EXCLUDED_SOURCE_METADATA,regenerated after code replay,fix(cutover): 恢复CUT-08 Feature编号
560,1a37a546f4d95519e8ac631c20dc91c4f01db5fb,2026-09-02T15:02:52+08:00,codex/f-cut-001-matrices,1fed077863af84fe039a82cb45fa95628b61cb68,F-CUT-010,docs/design/02-domain-model.md,EXCLUDED_SOURCE_METADATA,regenerated after code replay,fix(cutover): 收敛备件协同Feature合同
560,1a37a546f4d95519e8ac631c20dc91c4f01db5fb,2026-09-02T15:02:52+08:00,codex/f-cut-001-matrices,1fed077863af84fe039a82cb45fa95628b61cb68,F-CUT-010,docs/design/02d-cross-context-contracts.md,EXCLUDED_SOURCE_METADATA,regenerated after code replay,fix(cutover): 收敛备件协同Feature合同
560,1a37a546f4d95519e8ac631c20dc91c4f01db5fb,2026-09-02T15:02:52+08:00,codex/f-cut-001-matrices,1fed077863af84fe039a82cb45fa95628b61cb68,F-CUT-010,docs/design/08-data-model.md,EXCLUDED_SOURCE_METADATA,regenerated after code replay,fix(cutover): 收敛备件协同Feature合同
560,1a37a546f4d95519e8ac631c20dc91c4f01db5fb,2026-09-02T15:02:52+08:00,codex/f-cut-001-matrices,1fed077863af84fe039a82cb45fa95628b61cb68,F-CUT-010,docs/design/09-database-design.md,EXCLUDED_SOURCE_METADATA,regenerated after code replay,fix(cutover): 收敛备件协同Feature合同
560,1a37a546f4d95519e8ac631c20dc91c4f01db5fb,2026-09-02T15:02:52+08:00,codex/f-cut-001-matrices,1fed077863af84fe039a82cb45fa95628b61cb68,F-CUT-010,docs/design/10-api-design.md,EXCLUDED_SOURCE_METADATA,regenerated after code replay,fix(cutover): 收敛备件协同Feature合同
560,1a37a546f4d95519e8ac631c20dc91c4f01db5fb,2026-09-02T15:02:52+08:00,codex/f-cut-001-matrices,1fed077863af84fe039a82cb45fa95628b61cb68,F-CUT-010,docs/design/12-integration-design.md,EXCLUDED_SOURCE_METADATA,regenerated after code replay,fix(cutover): 收敛备件协同Feature合同
560,1a37a546f4d95519e8ac631c20dc91c4f01db5fb,2026-09-02T15:02:52+08:00,codex/f-cut-001-matrices,1fed077863af84fe039a82cb45fa95628b61cb68,F-CUT-010,docs/engineering/gates/phase-2/README.md,EXCLUDED_SOURCE_METADATA,regenerated after code replay,fix(cutover): 收敛备件协同Feature合同
560,1a37a546f4d95519e8ac631c20dc91c4f01db5fb,2026-09-02T15:02:52+08:00,codex/f-cut-001-matrices,1fed077863af84fe039a82cb45fa95628b61cb68,F-CUT-010,docs/engineering/gates/phase-2/gate-status.md,EXCLUDED_SOURCE_METADATA,regenerated after code replay,fix(cutover): 收敛备件协同Feature合同
560,1a37a546f4d95519e8ac631c20dc91c4f01db5fb,2026-09-02T15:02:52+08:00,codex/f-cut-001-matrices,1fed077863af84fe039a82cb45fa95628b61cb68,F-CUT-010,docs/engineering/gates/phase-2/independent-review.md,EXCLUDED_SOURCE_METADATA,regenerated after code replay,fix(cutover): 收敛备件协同Feature合同
560,1a37a546f4d95519e8ac631c20dc91c4f01db5fb,2026-09-02T15:02:52+08:00,codex/f-cut-001-matrices,1fed077863af84fe039a82cb45fa95628b61cb68,F-CUT-010,docs/engineering/gates/phase-2/self-review.md,EXCLUDED_SOURCE_METADATA,regenerated after code replay,fix(cutover): 收敛备件协同Feature合同
560,1a37a546f4d95519e8ac631c20dc91c4f01db5fb,2026-09-02T15:02:52+08:00,codex/f-cut-001-matrices,1fed077863af84fe039a82cb45fa95628b61cb68,F-CUT-010,docs/traceability/domain-entity-migration-contract.json,EXCLUDED_SOURCE_METADATA,regenerated after code replay,fix(cutover): 收敛备件协同Feature合同
560,1a37a546f4d95519e8ac631c20dc91c4f01db5fb,2026-09-02T15:02:52+08:00,codex/f-cut-001-matrices,1fed077863af84fe039a82cb45fa95628b61cb68,F-CUT-010,docs/traceability/domain-entity-migration-contract.md,EXCLUDED_SOURCE_METADATA,regenerated after code replay,fix(cutover): 收敛备件协同Feature合同
560,1a37a546f4d95519e8ac631c20dc91c4f01db5fb,2026-09-02T15:02:52+08:00,codex/f-cut-001-matrices,1fed077863af84fe039a82cb45fa95628b61cb68,F-CUT-010,docs/traceability/domain-object-table-map.json,EXCLUDED_SOURCE_METADATA,regenerated after code replay,fix(cutover): 收敛备件协同Feature合同
560,1a37a546f4d95519e8ac631c20dc91c4f01db5fb,2026-09-02T15:02:52+08:00,codex/f-cut-001-matrices,1fed077863af84fe039a82cb45fa95628b61cb68,F-CUT-010,docs/traceability/phase2-contract-map.md,EXCLUDED_SOURCE_METADATA,regenerated after code replay,fix(cutover): 收敛备件协同Feature合同
560,1a37a546f4d95519e8ac631c20dc91c4f01db5fb,2026-09-02T15:02:52+08:00,codex/f-cut-001-matrices,1fed077863af84fe039a82cb45fa95628b61cb68,F-CUT-010,scripts/generate_domain_entity_migration_contract.py,APPLIED_NON_CONFLICTING_HUNKS,rejected_hunks=1 rc=1,fix(cutover): 收敛备件协同Feature合同
560,1a37a546f4d95519e8ac631c20dc91c4f01db5fb,2026-09-02T15:02:52+08:00,codex/f-cut-001-matrices,1fed077863af84fe039a82cb45fa95628b61cb68,F-CUT-010,scripts/generate_phase2_contract_map.py,APPLIED_CODE_CHANGE,clean per-commit delta,fix(cutover): 收敛备件协同Feature合同
560,1a37a546f4d95519e8ac631c20dc91c4f01db5fb,2026-09-02T15:02:52+08:00,codex/f-cut-001-matrices,1fed077863af84fe039a82cb45fa95628b61cb68,F-CUT-010,scripts/tests/test_validate_domain_entity_migration_alignment.py,CONFLICTING_HUNKS_PENDING,rejected_hunks=1 rc=1,fix(cutover): 收敛备件协同Feature合同
560,1a37a546f4d95519e8ac631c20dc91c4f01db5fb,2026-09-02T15:02:52+08:00,codex/f-cut-001-matrices,1fed077863af84fe039a82cb45fa95628b61cb68,F-CUT-010,scripts/tests/test_validate_sds_phase2.py,CONFLICTING_HUNKS_PENDING,rejected_hunks=1 rc=1,fix(cutover): 收敛备件协同Feature合同
560,1a37a546f4d95519e8ac631c20dc91c4f01db5fb,2026-09-02T15:02:52+08:00,codex/f-cut-001-matrices,1fed077863af84fe039a82cb45fa95628b61cb68,F-CUT-010,specs/features/F-CUT-010-api-contract.json,EXCLUDED_SOURCE_METADATA,regenerated after code replay,fix(cutover): 收敛备件协同Feature合同
560,1a37a546f4d95519e8ac631c20dc91c4f01db5fb,2026-09-02T15:02:52+08:00,codex/f-cut-001-matrices,1fed077863af84fe039a82cb45fa95628b61cb68,F-CUT-010,specs/features/F-CUT-010-cutover-spare-system-coordination.md,EXCLUDED_SOURCE_METADATA,regenerated after code replay,fix(cutover): 收敛备件协同Feature合同
560,1a37a546f4d95519e8ac631c20dc91c4f01db5fb,2026-09-02T15:02:52+08:00,codex/f-cut-001-matrices,1fed077863af84fe039a82cb45fa95628b61cb68,F-CUT-010,specs/features/F-CUT-010-physical-contract.json,EXCLUDED_SOURCE_METADATA,regenerated after code replay,fix(cutover): 收敛备件协同Feature合同
560,1a37a546f4d95519e8ac631c20dc91c4f01db5fb,2026-09-02T15:02:52+08:00,codex/f-cut-001-matrices,1fed077863af84fe039a82cb45fa95628b61cb68,F-CUT-010,tasks/features/F-CUT-010.md,EXCLUDED_SOURCE_METADATA,regenerated after code replay,fix(cutover): 收敛备件协同Feature合同
561,c4b1a9395075b532b90cf90471b842380fb83176,2026-09-02T15:10:14+08:00,codex/f-cut-001-matrices,1cb3f1c5df003c23eddda9e07f255cd7b96f872e,F-CUT-010,docs/design/02d-cross-context-contracts.md,EXCLUDED_SOURCE_METADATA,regenerated after code replay,fix(cutover): 锁定备件引用状态与来源版本
561,c4b1a9395075b532b90cf90471b842380fb83176,2026-09-02T15:10:14+08:00,codex/f-cut-001-matrices,1cb3f1c5df003c23eddda9e07f255cd7b96f872e,F-CUT-010,docs/design/12-integration-design.md,EXCLUDED_SOURCE_METADATA,regenerated after code replay,fix(cutover): 锁定备件引用状态与来源版本
561,c4b1a9395075b532b90cf90471b842380fb83176,2026-09-02T15:10:14+08:00,codex/f-cut-001-matrices,1cb3f1c5df003c23eddda9e07f255cd7b96f872e,F-CUT-010,tasks/features/F-CUT-010.md,EXCLUDED_SOURCE_METADATA,regenerated after code replay,fix(cutover): 锁定备件引用状态与来源版本
562,20c382e2964430c8c669d3d424b503a7737e4ce5,2026-09-02T15:11:52+08:00,codex/f-cut-001-matrices,7ffe933fd9883fd744c18b906c6c5829487bd7d3,F-CUT-001,specs/features/README.md,EXCLUDED_SOURCE_METADATA,regenerated after code replay,docs(cutover): 回写CUT-08 Feature Ready
562,20c382e2964430c8c669d3d424b503a7737e4ce5,2026-09-02T15:11:52+08:00,codex/f-cut-001-matrices,7ffe933fd9883fd744c18b906c6c5829487bd7d3,F-CUT-010,tasks/features/F-CUT-010.md,EXCLUDED_SOURCE_METADATA,regenerated after code replay,docs(cutover): 回写CUT-08 Feature Ready
563,810c54b4b0bc2abc280716aeb961644336be165c,2026-09-02T15:16:33+08:00,codex/f-cut-001-matrices,3638dd18a686c599a0fe474da38cd94b8cb6c025,F-CUT-010,docs/superpowers/plans/2026-09-02-f-cut-010-cutover-spare-system-coordination.md,EXCLUDED_SOURCE_METADATA,regenerated after code replay,docs(cutover): 编制CUT-08实施计划
563,810c54b4b0bc2abc280716aeb961644336be165c,2026-09-02T15:16:33+08:00,codex/f-cut-001-matrices,3638dd18a686c599a0fe474da38cd94b8cb6c025,F-CUT-010,tasks/features/F-CUT-010.md,EXCLUDED_SOURCE_METADATA,regenerated after code replay,docs(cutover): 编制CUT-08实施计划
564,f840cbbc55c10e59d9815aa7944fcce2f89e1896,2026-09-02T15:20:49+08:00,codex/f-cut-001-matrices,29009984b49befa832e696c1d9ba28c8dca6a45e,F-CUT-010,tasks/features/F-CUT-010.md,EXCLUDED_SOURCE_METADATA,regenerated after code replay,fix(cutover): 收敛CUT-08实施计划
565,ab5bc4f324b9f209f199702bab4e5a1e22683736,2026-09-02T15:23:50+08:00,codex/f-cut-001-matrices,1688911cc2f3eb8045fe150b643e531585e41496,F-CUT-001,docs/traceability/requirement-matrix.md,EXCLUDED_SOURCE_METADATA,regenerated after code replay,docs(cutover): 回写CUT-08计划Gate
565,ab5bc4f324b9f209f199702bab4e5a1e22683736,2026-09-02T15:23:50+08:00,codex/f-cut-001-matrices,1688911cc2f3eb8045fe150b643e531585e41496,F-CUT-001,specs/features/README.md,EXCLUDED_SOURCE_METADATA,regenerated after code replay,docs(cutover): 回写CUT-08计划Gate
565,ab5bc4f324b9f209f199702bab4e5a1e22683736,2026-09-02T15:23:50+08:00,codex/f-cut-001-matrices,1688911cc2f3eb8045fe150b643e531585e41496,F-CUT-010,tasks/features/F-CUT-010.md,EXCLUDED_SOURCE_METADATA,regenerated after code replay,docs(cutover): 回写CUT-08计划Gate
566,aa803a52e342f93253a0865c077f00795d14c714,2026-09-02T15:34:45+08:00,codex/f-cut-001-matrices,922cfa6f389af82ec57ceb8ad55eee675a91cef6,F-CUT-010,pms-module-cutover-api/src/main/java/cn/iocoder/yudao/module/pms/cutover/api/spare/dto/SpareCallbackContractRules.java,CONFLICTING_HUNKS_PENDING,rejected_hunks=0 rc=1,feat(cutover): 建立备件协同公共合同
566,aa803a52e342f93253a0865c077f00795d14c714,2026-09-02T15:34:45+08:00,codex/f-cut-001-matrices,922cfa6f389af82ec57ceb8ad55eee675a91cef6,F-CUT-010,pms-module-cutover-api/src/test/java/cn/iocoder/yudao/module/pms/cutover/api/spare/CutoverSpareCallbackApiContractTest.java,APPLIED_ADD_ADD,current-semantic-superset,feat(cutover): 建立备件协同公共合同
566,aa803a52e342f93253a0865c077f00795d14c714,2026-09-02T15:34:45+08:00,codex/f-cut-001-matrices,922cfa6f389af82ec57ceb8ad55eee675a91cef6,F-CUT-010,pms-module-cutover/src/main/java/cn/iocoder/yudao/module/pms/cutover/service/spare/port/SpareApplicationGateway.java,CONFLICTING_HUNKS_PENDING,rejected_hunks=0 rc=1,feat(cutover): 建立备件协同公共合同
566,aa803a52e342f93253a0865c077f00795d14c714,2026-09-02T15:34:45+08:00,codex/f-cut-001-matrices,922cfa6f389af82ec57ceb8ad55eee675a91cef6,F-CUT-010,pms-module-cutover/src/test/java/cn/iocoder/yudao/module/pms/cutover/service/spare/SpareNeedSnapshotCodecTest.java,APPLIED_ADD_ADD,current-semantic-superset,feat(cutover): 建立备件协同公共合同
566,aa803a52e342f93253a0865c077f00795d14c714,2026-09-02T15:34:45+08:00,codex/f-cut-001-matrices,922cfa6f389af82ec57ceb8ad55eee675a91cef6,F-CUT-010,tasks/features/F-CUT-010.md,EXCLUDED_SOURCE_METADATA,regenerated after code replay,feat(cutover): 建立备件协同公共合同
567,26c02ac2883eed09b23372f2595705d61ec41e4a,2026-09-02T15:40:29+08:00,codex/f-cut-001-matrices,045ceaef7c6f591e14172fd68db721b15b65ba0a,F-CUT-010,tasks/features/F-CUT-010.md,EXCLUDED_SOURCE_METADATA,regenerated after code replay,fix(cutover): 规范化备件状态事实
568,bf1e016e8e25d10856cacb84a61175ba1c784ee6,2026-09-02T15:41:58+08:00,codex/f-cut-001-matrices,8ebec4963487a64febe8152a01b3bafa4cda93f9,F-CUT-010,tasks/features/F-CUT-010.md,EXCLUDED_SOURCE_METADATA,regenerated after code replay,docs(cutover): 回写备件协同Task1 Gate
569,750ef1abf8a88c1d6ed0c4821797ef512aa22296,2026-09-02T15:57:39+08:00,codex/f-cut-001-matrices,9e1db8205c122f498a21e3fed71f6e6af73b29dc,F-CUT-010,pms-module-cutover/src/main/resources/mapper/spare/CutoverSpareManualEvidenceMapper.xml,CONFLICTING_HUNKS_PENDING,rejected_hunks=0 rc=1,feat(cutover): 建立备件协同持久化合同
569,750ef1abf8a88c1d6ed0c4821797ef512aa22296,2026-09-02T15:57:39+08:00,codex/f-cut-001-matrices,9e1db8205c122f498a21e3fed71f6e6af73b29dc,F-CUT-010,pms-module-cutover/src/test/java/cn/iocoder/yudao/module/pms/cutover/dal/mysql/spare/CutoverSpareMapperContractTest.java,CONFLICTING_HUNKS_PENDING,rejected_hunks=0 rc=1,feat(cutover): 建立备件协同持久化合同
569,750ef1abf8a88c1d6ed0c4821797ef512aa22296,2026-09-02T15:57:39+08:00,codex/f-cut-001-matrices,9e1db8205c122f498a21e3fed71f6e6af73b29dc,F-CUT-010,pms-module-cutover/src/test/java/cn/iocoder/yudao/module/pms/cutover/migration/Fcut010MigrationContractTest.java,CONFLICTING_HUNKS_PENDING,rejected_hunks=0 rc=1,feat(cutover): 建立备件协同持久化合同
569,750ef1abf8a88c1d6ed0c4821797ef512aa22296,2026-09-02T15:57:39+08:00,codex/f-cut-001-matrices,9e1db8205c122f498a21e3fed71f6e6af73b29dc,F-CUT-010,sql/migrations/V161__fcut010_spare_system_coordination.sql,APPLIED_CODE_CHANGE,clean per-commit delta,feat(cutover): 建立备件协同持久化合同
569,750ef1abf8a88c1d6ed0c4821797ef512aa22296,2026-09-02T15:57:39+08:00,codex/f-cut-001-matrices,9e1db8205c122f498a21e3fed71f6e6af73b29dc,F-CUT-010,tasks/features/F-CUT-010.md,EXCLUDED_SOURCE_METADATA,regenerated after code replay,feat(cutover): 建立备件协同持久化合同
570,a95c14b9975566377036bfcddab92e4245909323,2026-09-02T16:00:32+08:00,codex/f-cut-001-matrices,d600fe082d00894220f440a9d6a8decc1e071a36,F-CUT-010,tasks/features/F-CUT-010.md,EXCLUDED_SOURCE_METADATA,regenerated after code replay,docs(cutover): 回写备件协同Task2 Gate
571,831a85b9aae1913c1f25b7e2aab344b33cb0c13e,2026-09-02T16:08:59+08:00,codex/f-cut-001-matrices,b40a496bb62b5ff8feb9118112b744591ae2d300,F-CUT-010,tasks/features/F-CUT-010.md,EXCLUDED_SOURCE_METADATA,regenerated after code replay,feat(cutover): 投影备件协同查询与P5摘要
