branch,path,decision,detail
codex/f-acc-001-sds,pms-module-commerce/pms-module-commerce-api/src/main/java/cn/iocoder/yudao/module/pms/commerce/api/authority/CommerceAuthorityWriteApi.java,CONFLICT_ADAPT_REQUIRED,"ule-commerce-api/src/main/java/cn/iocoder/yudao/module/pms/commerce/api/authority/CommerceAuthorityWriteApi.java...
error: pms-module-commerce/pms-module-commerce-api/src/main/java/cn/iocoder/yudao/module/pms/commerce/api/authority/CommerceAuthorityWriteApi.java: already exists in working directory
"
codex/f-acc-001-sds,pms-module-commerce/pms-module-commerce-api/src/main/java/cn/iocoder/yudao/module/pms/commerce/api/authority/dto/AuthorityWriteResult.java,CONFLICT_ADAPT_REQUIRED,"odule-commerce-api/src/main/java/cn/iocoder/yudao/module/pms/commerce/api/authority/dto/AuthorityWriteResult.java...
error: pms-module-commerce/pms-module-commerce-api/src/main/java/cn/iocoder/yudao/module/pms/commerce/api/authority/dto/AuthorityWriteResult.java: already exists in working directory
"
codex/f-acc-001-sds,pms-module-commerce/pms-module-commerce-api/src/main/java/cn/iocoder/yudao/module/pms/commerce/api/authority/dto/CommerceAuthorityWriteCommand.java,CONFLICT_ADAPT_REQUIRED,"/src/main/java/cn/iocoder/yudao/module/pms/commerce/api/authority/dto/CommerceAuthorityWriteCommand.java...
error: pms-module-commerce/pms-module-commerce-api/src/main/java/cn/iocoder/yudao/module/pms/commerce/api/authority/dto/CommerceAuthorityWriteCommand.java: already exists in working directory
"
codex/f-acc-001-sds,pms-module-commerce/pms-module-commerce-api/src/main/java/cn/iocoder/yudao/module/pms/commerce/api/scope/DeliveryScopeAcceptanceLockApi.java,NOOP_EXACT,same blob
codex/f-acc-001-sds,pms-module-commerce/pms-module-commerce-api/src/main/java/cn/iocoder/yudao/module/pms/commerce/api/scope/dto/DeliveryScopeAcceptanceLockCommand.java,NOOP_EXACT,same blob
codex/f-acc-001-sds,pms-module-commerce/pms-module-commerce-api/src/main/java/cn/iocoder/yudao/module/pms/commerce/api/scope/dto/DeliveryScopeVersionFact.java,NOOP_EXACT,same blob
codex/f-acc-001-sds,pms-module-commerce/pms-module-commerce-api/src/main/java/cn/iocoder/yudao/module/pms/commerce/api/scope/dto/SplitScopeApplyCommand.java,NOOP_EXACT,same blob
codex/f-acc-001-sds,pms-module-commerce/pom.xml,NOOP_EXACT,same blob
codex/f-acc-001-sds,pms-module-commerce/src/main/java/cn/iocoder/yudao/module/pms/commerce/api/scope/DeliveryScopeAcceptanceLockApiImpl.java,NOOP_EXACT,same blob
codex/f-acc-001-sds,pms-module-commerce/src/main/java/cn/iocoder/yudao/module/pms/commerce/api/scope/DeliveryScopeApiImpl.java,CONFLICT_ADAPT_REQUIRED,"patch failed: pms-module-commerce/src/main/java/cn/iocoder/yudao/module/pms/commerce/api/scope/DeliveryScopeApiImpl.java:13
Applying patch pms-module-commerce/src/main/java/cn/iocoder/yudao/module/pms/commerce/api/scope/DeliveryScopeApiImpl.java with 2 rejects...
Rejected hunk #1.
Rejected hunk #2.
"
codex/f-acc-001-sds,pms-module-commerce/src/main/java/cn/iocoder/yudao/module/pms/commerce/controller/admin/authority/CommerceAuthorityImportController.java,CONFLICT_ADAPT_REQUIRED,"rc/main/java/cn/iocoder/yudao/module/pms/commerce/controller/admin/authority/CommerceAuthorityImportController.java...
error: pms-module-commerce/src/main/java/cn/iocoder/yudao/module/pms/commerce/controller/admin/authority/CommerceAuthorityImportController.java: already exists in working directory
"
codex/f-acc-001-sds,pms-module-commerce/src/main/java/cn/iocoder/yudao/module/pms/commerce/controller/admin/authority/vo/CommerceAuthorityImportBatchReqVO.java,CONFLICT_ADAPT_REQUIRED,"n/java/cn/iocoder/yudao/module/pms/commerce/controller/admin/authority/vo/CommerceAuthorityImportBatchReqVO.java...
error: pms-module-commerce/src/main/java/cn/iocoder/yudao/module/pms/commerce/controller/admin/authority/vo/CommerceAuthorityImportBatchReqVO.java: already exists in working directory
"
codex/f-acc-001-sds,pms-module-commerce/src/main/java/cn/iocoder/yudao/module/pms/commerce/controller/admin/contract/ContractController.java,NOOP_EXACT,same blob
codex/f-acc-001-sds,pms-module-commerce/src/main/java/cn/iocoder/yudao/module/pms/commerce/controller/admin/contract/vo/ContractDetailRespVO.java,NOOP_EXACT,same blob
codex/f-acc-001-sds,pms-module-commerce/src/main/java/cn/iocoder/yudao/module/pms/commerce/controller/admin/contract/vo/ContractRelationReqVO.java,NOOP_EXACT,same blob
codex/f-acc-001-sds,pms-module-commerce/src/main/java/cn/iocoder/yudao/module/pms/commerce/controller/admin/contract/vo/ContractRespVO.java,NOOP_EXACT,same blob
codex/f-acc-001-sds,pms-module-commerce/src/main/java/cn/iocoder/yudao/module/pms/commerce/controller/admin/order/OrderController.java,NOOP_EXACT,same blob
codex/f-acc-001-sds,pms-module-commerce/src/main/java/cn/iocoder/yudao/module/pms/commerce/controller/admin/order/vo/SalesOrderLineRespVO.java,NOOP_EXACT,same blob
codex/f-acc-001-sds,pms-module-commerce/src/main/java/cn/iocoder/yudao/module/pms/commerce/controller/admin/order/vo/SalesOrderRespVO.java,NOOP_EXACT,same blob
codex/f-acc-001-sds,pms-module-commerce/src/main/java/cn/iocoder/yudao/module/pms/commerce/controller/admin/scope/DeliveryScopeController.java,CONFLICT_ADAPT_REQUIRED," patch pms-module-commerce/src/main/java/cn/iocoder/yudao/module/pms/commerce/controller/admin/scope/DeliveryScopeController.java...
error: pms-module-commerce/src/main/java/cn/iocoder/yudao/module/pms/commerce/controller/admin/scope/DeliveryScopeController.java: already exists in working directory
"
codex/f-acc-001-sds,pms-module-commerce/src/main/java/cn/iocoder/yudao/module/pms/commerce/controller/admin/scope/vo/DeliveryScopeAdjustReqVO.java,CONFLICT_ADAPT_REQUIRED,"ms-module-commerce/src/main/java/cn/iocoder/yudao/module/pms/commerce/controller/admin/scope/vo/DeliveryScopeAdjustReqVO.java...
error: pms-module-commerce/src/main/java/cn/iocoder/yudao/module/pms/commerce/controller/admin/scope/vo/DeliveryScopeAdjustReqVO.java: already exists in working directory
"
codex/f-acc-001-sds,pms-module-commerce/src/main/java/cn/iocoder/yudao/module/pms/commerce/controller/admin/scope/vo/DeliveryScopeAssignReqVO.java,CONFLICT_ADAPT_REQUIRED,"ms-module-commerce/src/main/java/cn/iocoder/yudao/module/pms/commerce/controller/admin/scope/vo/DeliveryScopeAssignReqVO.java...
error: pms-module-commerce/src/main/java/cn/iocoder/yudao/module/pms/commerce/controller/admin/scope/vo/DeliveryScopeAssignReqVO.java: already exists in working directory
"
codex/f-acc-001-sds,pms-module-commerce/src/main/java/cn/iocoder/yudao/module/pms/commerce/controller/admin/scope/vo/DeliveryScopePreviewReqVO.java,CONFLICT_ADAPT_REQUIRED,"-module-commerce/src/main/java/cn/iocoder/yudao/module/pms/commerce/controller/admin/scope/vo/DeliveryScopePreviewReqVO.java...
error: pms-module-commerce/src/main/java/cn/iocoder/yudao/module/pms/commerce/controller/admin/scope/vo/DeliveryScopePreviewReqVO.java: already exists in working directory
"
codex/f-acc-001-sds,pms-module-commerce/src/main/java/cn/iocoder/yudao/module/pms/commerce/controller/admin/scope/vo/DeliveryScopeReleaseReqVO.java,CONFLICT_ADAPT_REQUIRED,"-module-commerce/src/main/java/cn/iocoder/yudao/module/pms/commerce/controller/admin/scope/vo/DeliveryScopeReleaseReqVO.java...
error: pms-module-commerce/src/main/java/cn/iocoder/yudao/module/pms/commerce/controller/admin/scope/vo/DeliveryScopeReleaseReqVO.java: already exists in working directory
"
codex/f-acc-001-sds,pms-module-commerce/src/main/java/cn/iocoder/yudao/module/pms/commerce/controller/admin/scope/vo/DeliveryScopeRespVO.java,NOOP_EXACT,same blob
codex/f-acc-001-sds,pms-module-commerce/src/main/java/cn/iocoder/yudao/module/pms/commerce/dal/dataobject/contract/ContractDO.java,CONFLICT_ADAPT_REQUIRED,"Checking patch pms-module-commerce/src/main/java/cn/iocoder/yudao/module/pms/commerce/dal/dataobject/contract/ContractDO.java...
error: pms-module-commerce/src/main/java/cn/iocoder/yudao/module/pms/commerce/dal/dataobject/contract/ContractDO.java: already exists in working directory
"
codex/f-acc-001-sds,pms-module-commerce/src/main/java/cn/iocoder/yudao/module/pms/commerce/dal/dataobject/contract/ProjectContractRelationDO.java,NOOP_EXACT,same blob
codex/f-acc-001-sds,pms-module-commerce/src/main/java/cn/iocoder/yudao/module/pms/commerce/dal/dataobject/order/SalesOrderDO.java,CONFLICT_ADAPT_REQUIRED,"Checking patch pms-module-commerce/src/main/java/cn/iocoder/yudao/module/pms/commerce/dal/dataobject/order/SalesOrderDO.java...
error: pms-module-commerce/src/main/java/cn/iocoder/yudao/module/pms/commerce/dal/dataobject/order/SalesOrderDO.java: already exists in working directory
"
codex/f-acc-001-sds,pms-module-commerce/src/main/java/cn/iocoder/yudao/module/pms/commerce/dal/dataobject/order/SalesOrderLineDO.java,CONFLICT_ADAPT_REQUIRED,"Checking patch pms-module-commerce/src/main/java/cn/iocoder/yudao/module/pms/commerce/dal/dataobject/order/SalesOrderLineDO.java...
error: pms-module-commerce/src/main/java/cn/iocoder/yudao/module/pms/commerce/dal/dataobject/order/SalesOrderLineDO.java: already exists in working directory
"
codex/f-acc-001-sds,pms-module-commerce/src/main/java/cn/iocoder/yudao/module/pms/commerce/dal/dataobject/scope/DeliveryScopeDO.java,NOOP_EXACT,same blob
codex/f-acc-001-sds,pms-module-commerce/src/main/java/cn/iocoder/yudao/module/pms/commerce/dal/dataobject/scope/DeliveryScopeDetailDO.java,NOOP_EXACT,same blob
codex/f-acc-001-sds,pms-module-commerce/src/main/java/cn/iocoder/yudao/module/pms/commerce/dal/mysql/common/query/AuthoritySourceLockQuery.java,NOOP_EXACT,same blob
codex/f-acc-001-sds,pms-module-commerce/src/main/java/cn/iocoder/yudao/module/pms/commerce/dal/mysql/contract/ContractMapper.java,NOOP_EXACT,same blob
codex/f-acc-001-sds,pms-module-commerce/src/main/java/cn/iocoder/yudao/module/pms/commerce/dal/mysql/contract/ProjectContractRelationMapper.java,NOOP_EXACT,same blob
codex/f-acc-001-sds,pms-module-commerce/src/main/java/cn/iocoder/yudao/module/pms/commerce/dal/mysql/contract/query/ContractCompanyScopeQuery.java,NOOP_EXACT,same blob
codex/f-acc-001-sds,pms-module-commerce/src/main/java/cn/iocoder/yudao/module/pms/commerce/dal/mysql/contract/query/ContractDetailScopeQuery.java,NOOP_EXACT,same blob
codex/f-acc-001-sds,pms-module-commerce/src/main/java/cn/iocoder/yudao/module/pms/commerce/dal/mysql/contract/query/ContractIdLockQuery.java,NOOP_EXACT,same blob
codex/f-acc-001-sds,pms-module-commerce/src/main/java/cn/iocoder/yudao/module/pms/commerce/dal/mysql/contract/query/ContractRelationListQuery.java,NOOP_EXACT,same blob
codex/f-acc-001-sds,pms-module-commerce/src/main/java/cn/iocoder/yudao/module/pms/commerce/dal/mysql/contract/query/ProjectContractIdentityLockQuery.java,NOOP_EXACT,same blob
codex/f-acc-001-sds,pms-module-commerce/src/main/java/cn/iocoder/yudao/module/pms/commerce/dal/mysql/order/SalesOrderLineMapper.java,NOOP_EXACT,same blob
codex/f-acc-001-sds,pms-module-commerce/src/main/java/cn/iocoder/yudao/module/pms/commerce/dal/mysql/order/SalesOrderMapper.java,NOOP_EXACT,same blob
codex/f-acc-001-sds,pms-module-commerce/src/main/java/cn/iocoder/yudao/module/pms/commerce/dal/mysql/order/query/ContractRelatedOrderQuery.java,NOOP_EXACT,same blob
codex/f-acc-001-sds,pms-module-commerce/src/main/java/cn/iocoder/yudao/module/pms/commerce/dal/mysql/order/query/SalesOrderCompanyScopeQuery.java,NOOP_EXACT,same blob
codex/f-acc-001-sds,pms-module-commerce/src/main/java/cn/iocoder/yudao/module/pms/commerce/dal/mysql/order/query/SalesOrderLineCompanyScopeQuery.java,NOOP_EXACT,same blob
codex/f-acc-001-sds,pms-module-commerce/src/main/java/cn/iocoder/yudao/module/pms/commerce/dal/mysql/order/query/SalesOrderLineIdsQuery.java,NOOP_EXACT,same blob
codex/f-acc-001-sds,pms-module-commerce/src/main/java/cn/iocoder/yudao/module/pms/commerce/dal/mysql/scope/DeliveryScopeDetailMapper.java,NOOP_EXACT,same blob
codex/f-acc-001-sds,pms-module-commerce/src/main/java/cn/iocoder/yudao/module/pms/commerce/dal/mysql/scope/DeliveryScopeMapper.java,CONFLICT_ADAPT_REQUIRED,"ed: pms-module-commerce/src/main/java/cn/iocoder/yudao/module/pms/commerce/dal/mysql/scope/DeliveryScopeMapper.java:37
Applying patch pms-module-commerce/src/main/java/cn/iocoder/yudao/module/pms/commerce/dal/mysql/scope/DeliveryScopeMapper.java with 2 rejects...
Rejected hunk #1.
Rejected hunk #2.
"
codex/f-acc-001-sds,pms-module-commerce/src/main/java/cn/iocoder/yudao/module/pms/commerce/dal/mysql/scope/query/DeliveryScopeAcceptanceLockQuery.java,NOOP_EXACT,same blob
codex/f-acc-001-sds,pms-module-commerce/src/main/java/cn/iocoder/yudao/module/pms/commerce/dal/mysql/scope/query/DeliveryScopeDetailIdsQuery.java,NOOP_EXACT,same blob
codex/f-acc-001-sds,pms-module-commerce/src/main/java/cn/iocoder/yudao/module/pms/commerce/dal/mysql/scope/query/DeliveryScopeIdQuery.java,NOOP_EXACT,same blob
codex/f-acc-001-sds,pms-module-commerce/src/main/java/cn/iocoder/yudao/module/pms/commerce/dal/mysql/scope/query/DeliveryScopeOrderLineQuery.java,NOOP_EXACT,same blob
codex/f-acc-001-sds,pms-module-commerce/src/main/java/cn/iocoder/yudao/module/pms/commerce/dal/mysql/scope/query/DeliveryScopePageQuery.java,NOOP_EXACT,same blob
codex/f-acc-001-sds,pms-module-commerce/src/main/java/cn/iocoder/yudao/module/pms/commerce/dal/mysql/scope/query/DeliveryScopeProjectQuery.java,NOOP_EXACT,same blob
codex/f-acc-001-sds,pms-module-commerce/src/main/java/cn/iocoder/yudao/module/pms/commerce/dal/mysql/scope/query/DeliveryScopeVersionLockRow.java,NOOP_EXACT,same blob
codex/f-acc-001-sds,pms-module-commerce/src/main/java/cn/iocoder/yudao/module/pms/commerce/enums/ErrorCodeConstants.java,NOOP_EXACT,same blob
codex/f-acc-001-sds,pms-module-commerce/src/main/java/cn/iocoder/yudao/module/pms/commerce/service/authority/CommerceAuthorityImportApplicationService.java,CONFLICT_ADAPT_REQUIRED,"/src/main/java/cn/iocoder/yudao/module/pms/commerce/service/authority/CommerceAuthorityImportApplicationService.java...
error: pms-module-commerce/src/main/java/cn/iocoder/yudao/module/pms/commerce/service/authority/CommerceAuthorityImportApplicationService.java: already exists in working directory
"
codex/f-acc-001-sds,pms-module-commerce/src/main/java/cn/iocoder/yudao/module/pms/commerce/service/authority/CommerceAuthorityWriteService.java,CONFLICT_ADAPT_REQUIRED,"atch pms-module-commerce/src/main/java/cn/iocoder/yudao/module/pms/commerce/service/authority/CommerceAuthorityWriteService.java...
error: pms-module-commerce/src/main/java/cn/iocoder/yudao/module/pms/commerce/service/authority/CommerceAuthorityWriteService.java: already exists in working directory
"
codex/f-acc-001-sds,pms-module-commerce/src/main/java/cn/iocoder/yudao/module/pms/commerce/service/contract/ContractAccessService.java,NOOP_EXACT,same blob
codex/f-acc-001-sds,pms-module-commerce/src/main/java/cn/iocoder/yudao/module/pms/commerce/service/contract/ContractRelationCommand.java,NOOP_EXACT,same blob
codex/f-acc-001-sds,pms-module-commerce/src/main/java/cn/iocoder/yudao/module/pms/commerce/service/contract/ContractRelationCommandService.java,NOOP_EXACT,same blob
codex/f-acc-001-sds,pms-module-commerce/src/main/java/cn/iocoder/yudao/module/pms/commerce/service/contract/ContractRelationResult.java,NOOP_EXACT,same blob
codex/f-acc-001-sds,pms-module-commerce/src/main/java/cn/iocoder/yudao/module/pms/commerce/service/scope/AcceptanceStageBindingCoordinator.java,NOOP_EXACT,same blob
codex/f-acc-001-sds,pms-module-commerce/src/main/java/cn/iocoder/yudao/module/pms/commerce/service/scope/CommerceDeliveryScopeCommandService.java,CONFLICT_ADAPT_REQUIRED," pms-module-commerce/src/main/java/cn/iocoder/yudao/module/pms/commerce/service/scope/CommerceDeliveryScopeCommandService.java...
error: pms-module-commerce/src/main/java/cn/iocoder/yudao/module/pms/commerce/service/scope/CommerceDeliveryScopeCommandService.java: already exists in working directory
"
codex/f-acc-001-sds,pms-module-commerce/src/main/java/cn/iocoder/yudao/module/pms/commerce/service/scope/CommerceDeliveryScopeQueryService.java,CONFLICT_ADAPT_REQUIRED,"atch pms-module-commerce/src/main/java/cn/iocoder/yudao/module/pms/commerce/service/scope/CommerceDeliveryScopeQueryService.java...
error: pms-module-commerce/src/main/java/cn/iocoder/yudao/module/pms/commerce/service/scope/CommerceDeliveryScopeQueryService.java: already exists in working directory
"
codex/f-acc-001-sds,pms-module-commerce/src/main/java/cn/iocoder/yudao/module/pms/commerce/service/scope/DeliveryScopeAssignCommand.java,CONFLICT_ADAPT_REQUIRED,"Checking patch pms-module-commerce/src/main/java/cn/iocoder/yudao/module/pms/commerce/service/scope/DeliveryScopeAssignCommand.java...
error: pms-module-commerce/src/main/java/cn/iocoder/yudao/module/pms/commerce/service/scope/DeliveryScopeAssignCommand.java: already exists in working directory
"
codex/f-acc-001-sds,pms-module-commerce/src/main/java/cn/iocoder/yudao/module/pms/commerce/service/scope/DeliveryScopeChangeCommand.java,CONFLICT_ADAPT_REQUIRED,"Checking patch pms-module-commerce/src/main/java/cn/iocoder/yudao/module/pms/commerce/service/scope/DeliveryScopeChangeCommand.java...
error: pms-module-commerce/src/main/java/cn/iocoder/yudao/module/pms/commerce/service/scope/DeliveryScopeChangeCommand.java: already exists in working directory
"
codex/f-acc-001-sds,pms-module-commerce/src/main/java/cn/iocoder/yudao/module/pms/commerce/service/scope/DeliveryScopeCommandResult.java,NOOP_EXACT,same blob
codex/f-acc-001-sds,pms-module-commerce/src/main/java/cn/iocoder/yudao/module/pms/commerce/service/scope/DeliveryScopeCompatibilityService.java,CONFLICT_ADAPT_REQUIRED,"atch pms-module-commerce/src/main/java/cn/iocoder/yudao/module/pms/commerce/service/scope/DeliveryScopeCompatibilityService.java...
error: pms-module-commerce/src/main/java/cn/iocoder/yudao/module/pms/commerce/service/scope/DeliveryScopeCompatibilityService.java: already exists in working directory
"
codex/f-acc-001-sds,pms-module-commerce/src/main/java/cn/iocoder/yudao/module/pms/commerce/service/scope/DeliveryScopePreviewCommand.java,CONFLICT_ADAPT_REQUIRED,"Checking patch pms-module-commerce/src/main/java/cn/iocoder/yudao/module/pms/commerce/service/scope/DeliveryScopePreviewCommand.java...
error: pms-module-commerce/src/main/java/cn/iocoder/yudao/module/pms/commerce/service/scope/DeliveryScopePreviewCommand.java: already exists in working directory
"
codex/f-acc-001-sds,pms-module-commerce/src/main/java/cn/iocoder/yudao/module/pms/commerce/service/scope/DeliveryScopePreviewResult.java,NOOP_EXACT,same blob
codex/f-acc-001-sds,pms-module-commerce/src/main/java/cn/iocoder/yudao/module/pms/commerce/service/scope/DeliveryScopeService.java,APPLIED_THREE_WAY,clean file merge
codex/f-acc-001-sds,pms-module-commerce/src/main/java/cn/iocoder/yudao/module/pms/commerce/service/scope/DeliveryScopeView.java,NOOP_EXACT,same blob
codex/f-acc-001-sds,pms-module-commerce/src/main/resources/mapper/contract/ContractMapper.xml,NOOP_EXACT,same blob
codex/f-acc-001-sds,pms-module-commerce/src/main/resources/mapper/contract/ProjectContractRelationMapper.xml,NOOP_EXACT,same blob
codex/f-acc-001-sds,pms-module-commerce/src/main/resources/mapper/order/SalesOrderLineMapper.xml,NOOP_EXACT,same blob
codex/f-acc-001-sds,pms-module-commerce/src/main/resources/mapper/order/SalesOrderMapper.xml,NOOP_EXACT,same blob
codex/f-acc-001-sds,pms-module-commerce/src/main/resources/mapper/scope/DeliveryScopeDetailMapper.xml,NOOP_EXACT,same blob
codex/f-acc-001-sds,pms-module-commerce/src/main/resources/mapper/scope/DeliveryScopeMapper.xml,CONFLICT_ADAPT_REQUIRED,"Checking patch pms-module-commerce/src/main/resources/mapper/scope/DeliveryScopeMapper.xml...
error: pms-module-commerce/src/main/resources/mapper/scope/DeliveryScopeMapper.xml: already exists in working directory
"
codex/f-acc-001-sds,pms-module-commerce/src/test/java/cn/iocoder/yudao/module/pms/commerce/api/Fcom001PublicApiContractTest.java,NOOP_EXACT,same blob
codex/f-acc-001-sds,pms-module-commerce/src/test/java/cn/iocoder/yudao/module/pms/commerce/api/scope/DeliveryScopeAcceptanceLockApiImplTest.java,NOOP_EXACT,same blob
codex/f-acc-001-sds,pms-module-commerce/src/test/java/cn/iocoder/yudao/module/pms/commerce/controller/admin/authority/CommerceAuthorityImportControllerTest.java,CONFLICT_ADAPT_REQUIRED,"java/cn/iocoder/yudao/module/pms/commerce/controller/admin/authority/CommerceAuthorityImportControllerTest.java...
error: pms-module-commerce/src/test/java/cn/iocoder/yudao/module/pms/commerce/controller/admin/authority/CommerceAuthorityImportControllerTest.java: already exists in working directory
"
codex/f-acc-001-sds,pms-module-commerce/src/test/java/cn/iocoder/yudao/module/pms/commerce/controller/admin/contract/ContractControllerTest.java,NOOP_EXACT,same blob
codex/f-acc-001-sds,pms-module-commerce/src/test/java/cn/iocoder/yudao/module/pms/commerce/migration/Fcom001MigrationContractTest.java,CONFLICT_ADAPT_REQUIRED,"Checking patch pms-module-commerce/src/test/java/cn/iocoder/yudao/module/pms/commerce/migration/Fcom001MigrationContractTest.java...
error: pms-module-commerce/src/test/java/cn/iocoder/yudao/module/pms/commerce/migration/Fcom001MigrationContractTest.java: already exists in working directory
"
codex/f-acc-001-sds,pms-module-commerce/src/test/java/cn/iocoder/yudao/module/pms/commerce/service/authority/CommerceAuthorityImportApplicationServiceTest.java,CONFLICT_ADAPT_REQUIRED,"t/java/cn/iocoder/yudao/module/pms/commerce/service/authority/CommerceAuthorityImportApplicationServiceTest.java...
error: pms-module-commerce/src/test/java/cn/iocoder/yudao/module/pms/commerce/service/authority/CommerceAuthorityImportApplicationServiceTest.java: already exists in working directory
"
codex/f-acc-001-sds,pms-module-commerce/src/test/java/cn/iocoder/yudao/module/pms/commerce/service/authority/CommerceAuthorityWriteServiceTest.java,CONFLICT_ADAPT_REQUIRED,"-module-commerce/src/test/java/cn/iocoder/yudao/module/pms/commerce/service/authority/CommerceAuthorityWriteServiceTest.java...
error: pms-module-commerce/src/test/java/cn/iocoder/yudao/module/pms/commerce/service/authority/CommerceAuthorityWriteServiceTest.java: already exists in working directory
"
codex/f-acc-001-sds,pms-module-commerce/src/test/java/cn/iocoder/yudao/module/pms/commerce/service/contract/ContractAccessServiceTest.java,NOOP_EXACT,same blob
codex/f-acc-001-sds,pms-module-commerce/src/test/java/cn/iocoder/yudao/module/pms/commerce/service/contract/ContractRelationCommandServiceTest.java,NOOP_EXACT,same blob
codex/f-acc-001-sds,pms-module-commerce/src/test/java/cn/iocoder/yudao/module/pms/commerce/service/scope/AcceptanceStageBindingCoordinatorTest.java,NOOP_EXACT,same blob
codex/f-acc-001-sds,pms-module-commerce/src/test/java/cn/iocoder/yudao/module/pms/commerce/service/scope/CommerceDeliveryScopeCommandServiceTest.java,CONFLICT_ADAPT_REQUIRED,"ule-commerce/src/test/java/cn/iocoder/yudao/module/pms/commerce/service/scope/CommerceDeliveryScopeCommandServiceTest.java...
error: pms-module-commerce/src/test/java/cn/iocoder/yudao/module/pms/commerce/service/scope/CommerceDeliveryScopeCommandServiceTest.java: already exists in working directory
"
codex/f-acc-001-sds,pms-module-commerce/src/test/java/cn/iocoder/yudao/module/pms/commerce/service/scope/CommerceDeliveryScopeQueryServiceTest.java,CONFLICT_ADAPT_REQUIRED,"-module-commerce/src/test/java/cn/iocoder/yudao/module/pms/commerce/service/scope/CommerceDeliveryScopeQueryServiceTest.java...
error: pms-module-commerce/src/test/java/cn/iocoder/yudao/module/pms/commerce/service/scope/CommerceDeliveryScopeQueryServiceTest.java: already exists in working directory
"
codex/f-acc-001-sds,pms-module-commerce/src/test/java/cn/iocoder/yudao/module/pms/commerce/service/scope/DeliveryScopeCompatibilityServiceTest.java,CONFLICT_ADAPT_REQUIRED,"-module-commerce/src/test/java/cn/iocoder/yudao/module/pms/commerce/service/scope/DeliveryScopeCompatibilityServiceTest.java...
error: pms-module-commerce/src/test/java/cn/iocoder/yudao/module/pms/commerce/service/scope/DeliveryScopeCompatibilityServiceTest.java: already exists in working directory
"
codex/f-acc-001-sds,pms-module-commerce/src/test/java/cn/iocoder/yudao/module/pms/commerce/service/scope/DeliveryScopeServiceTest.java,NOOP_EXACT,same blob
codex/f-acc-001-sds,pms-module-commerce/src/test/java/cn/iocoder/yudao/module/pms/commerce/service/scope/Fcom001ApplicationMySqlIntegrationTest.java,CONFLICT_ADAPT_REQUIRED,"odule-commerce/src/test/java/cn/iocoder/yudao/module/pms/commerce/service/scope/Fcom001ApplicationMySqlIntegrationTest.java...
error: pms-module-commerce/src/test/java/cn/iocoder/yudao/module/pms/commerce/service/scope/Fcom001ApplicationMySqlIntegrationTest.java: already exists in working directory
"
codex/f-acc-001-sds,pms-module-engineering/src/test/java/cn/iocoder/yudao/module/pms/engineering/preparation/PreparationMySqlIntegrationTest.java,NOOP_EXACT,same blob
codex/f-acc-001-sds,pms-module-platform/pms-module-platform-api/src/main/java/cn/iocoder/yudao/module/pms/platform/api/export/ExportBusinessDataProvider.java,NOOP_EXACT,same blob
codex/f-acc-001-sds,pms-module-platform/pms-module-platform-api/src/main/java/cn/iocoder/yudao/module/pms/platform/api/export/ExportBusinessDataQuery.java,NOOP_EXACT,same blob
codex/f-acc-001-sds,pms-module-platform/pms-module-platform-api/src/main/java/cn/iocoder/yudao/module/pms/platform/api/export/ExportBusinessDataSnapshot.java,NOOP_EXACT,same blob
codex/f-acc-001-sds,pms-module-platform/pms-module-platform-api/src/main/java/cn/iocoder/yudao/module/pms/platform/api/export/ExportTaskApi.java,NOOP_EXACT,same blob
codex/f-acc-001-sds,pms-module-platform/pms-module-platform-api/src/main/java/cn/iocoder/yudao/module/pms/platform/api/export/ExportTaskFact.java,NOOP_EXACT,same blob
codex/f-acc-001-sds,pms-module-platform/pms-module-platform-api/src/main/java/cn/iocoder/yudao/module/pms/platform/api/export/ExportTaskFactQuery.java,NOOP_EXACT,same blob
codex/f-acc-001-sds,pms-module-platform/pms-module-platform-api/src/main/java/cn/iocoder/yudao/module/pms/platform/api/export/ExportTaskRequestCommand.java,NOOP_EXACT,same blob
codex/f-acc-001-sds,pms-module-platform/pms-module-platform-api/src/main/java/cn/iocoder/yudao/module/pms/platform/api/export/ExportTaskRetryCommand.java,NOOP_EXACT,same blob
codex/f-acc-001-sds,pms-module-platform/pms-module-platform-api/src/main/java/cn/iocoder/yudao/module/pms/platform/api/file/FileArtifactApi.java,NOOP_EXACT,same blob
codex/f-acc-001-sds,pms-module-platform/pms-module-platform-api/src/main/java/cn/iocoder/yudao/module/pms/platform/api/file/FileBusinessObjectPolicyProvider.java,NOOP_EXACT,same blob
codex/f-acc-001-sds,pms-module-platform/pms-module-platform-api/src/main/java/cn/iocoder/yudao/module/pms/platform/api/file/dto/ArchiveFileReferenceSetsCommand.java,NOOP_EXACT,same blob
codex/f-acc-001-sds,pms-module-platform/pms-module-platform-api/src/main/java/cn/iocoder/yudao/module/pms/platform/api/file/dto/AuthenticatedAssistedFileFact.java,NOOP_EXACT,same blob
codex/f-acc-001-sds,pms-module-platform/pms-module-platform-api/src/main/java/cn/iocoder/yudao/module/pms/platform/api/file/dto/AuthenticatedAssistedFileHandle.java,NOOP_EXACT,same blob
codex/f-acc-001-sds,pms-module-platform/pms-module-platform-api/src/main/java/cn/iocoder/yudao/module/pms/platform/api/file/dto/AuthenticatedAssistedFileRevalidationQuery.java,NOOP_EXACT,same blob
codex/f-acc-001-sds,pms-module-platform/pms-module-platform-api/src/main/java/cn/iocoder/yudao/module/pms/platform/api/file/dto/AuthenticatedAssistedFilesRevalidationCommand.java,NOOP_EXACT,same blob
codex/f-acc-001-sds,pms-module-platform/pms-module-platform-api/src/main/java/cn/iocoder/yudao/module/pms/platform/api/file/dto/AuthenticatedAssistedUploadCompleteCommand.java,NOOP_EXACT,same blob
codex/f-acc-001-sds,pms-module-platform/pms-module-platform-api/src/main/java/cn/iocoder/yudao/module/pms/platform/api/file/dto/AuthenticatedAssistedUploadCompletePolicyQuery.java,NOOP_EXACT,same blob
codex/f-acc-001-sds,pms-module-platform/pms-module-platform-api/src/main/java/cn/iocoder/yudao/module/pms/platform/api/file/dto/AuthenticatedAssistedUploadInitializeCommand.java,NOOP_EXACT,same blob
codex/f-acc-001-sds,pms-module-platform/pms-module-platform-api/src/main/java/cn/iocoder/yudao/module/pms/platform/api/file/dto/AuthenticatedAssistedUploadInitializePolicyQuery.java,NOOP_EXACT,same blob
codex/f-acc-001-sds,pms-module-platform/pms-module-platform-api/src/main/java/cn/iocoder/yudao/module/pms/platform/api/file/dto/AuthenticatedAssistedUploadInitialized.java,NOOP_EXACT,same blob
codex/f-acc-001-sds,pms-module-platform/pms-module-platform-api/src/main/java/cn/iocoder/yudao/module/pms/platform/api/file/dto/AuthenticatedAssistedUploadPolicyFact.java,NOOP_EXACT,same blob
codex/f-acc-001-sds,pms-module-platform/pms-module-platform-api/src/main/java/cn/iocoder/yudao/module/pms/platform/api/file/dto/BusinessGrantFileFact.java,NOOP_EXACT,same blob
codex/f-acc-001-sds,pms-module-platform/pms-module-platform-api/src/main/java/cn/iocoder/yudao/module/pms/platform/api/file/dto/BusinessGrantFileHandle.java,NOOP_EXACT,same blob
codex/f-acc-001-sds,pms-module-platform/pms-module-platform-api/src/main/java/cn/iocoder/yudao/module/pms/platform/api/file/dto/BusinessGrantFileRevalidationQuery.java,NOOP_EXACT,same blob
codex/f-acc-001-sds,pms-module-platform/pms-module-platform-api/src/main/java/cn/iocoder/yudao/module/pms/platform/api/file/dto/BusinessGrantFilesRevalidationCommand.java,NOOP_EXACT,same blob
codex/f-acc-001-sds,pms-module-platform/pms-module-platform-api/src/main/java/cn/iocoder/yudao/module/pms/platform/api/file/dto/BusinessGrantUploadCompleteCommand.java,NOOP_EXACT,same blob
codex/f-acc-001-sds,pms-module-platform/pms-module-platform-api/src/main/java/cn/iocoder/yudao/module/pms/platform/api/file/dto/BusinessGrantUploadCompletePolicyQuery.java,NOOP_EXACT,same blob
codex/f-acc-001-sds,pms-module-platform/pms-module-platform-api/src/main/java/cn/iocoder/yudao/module/pms/platform/api/file/dto/BusinessGrantUploadInitializeCommand.java,NOOP_EXACT,same blob
codex/f-acc-001-sds,pms-module-platform/pms-module-platform-api/src/main/java/cn/iocoder/yudao/module/pms/platform/api/file/dto/BusinessGrantUploadInitializePolicyQuery.java,NOOP_EXACT,same blob
codex/f-acc-001-sds,pms-module-platform/pms-module-platform-api/src/main/java/cn/iocoder/yudao/module/pms/platform/api/file/dto/BusinessGrantUploadInitialized.java,NOOP_EXACT,same blob
codex/f-acc-001-sds,pms-module-platform/pms-module-platform-api/src/main/java/cn/iocoder/yudao/module/pms/platform/api/file/dto/BusinessGrantUploadPolicyFact.java,NOOP_EXACT,same blob
codex/f-acc-001-sds,pms-module-platform/pms-module-platform-api/src/main/java/cn/iocoder/yudao/module/pms/platform/api/file/dto/ExistingFileReferenceTarget.java,NOOP_EXACT,same blob
codex/f-acc-001-sds,pms-module-platform/pms-module-platform-api/src/main/java/cn/iocoder/yudao/module/pms/platform/api/file/dto/FileArchiveReferenceSetFact.java,NOOP_EXACT,same blob
codex/f-acc-001-sds,pms-module-platform/pms-module-platform-api/src/main/java/cn/iocoder/yudao/module/pms/platform/api/file/dto/GeneratedBusinessFileCommand.java,NOOP_EXACT,same blob
codex/f-acc-001-sds,pms-module-platform/pms-module-platform-api/src/main/java/cn/iocoder/yudao/module/pms/platform/api/file/dto/GeneratedBusinessFilePolicyRevalidationQuery.java,NOOP_EXACT,same blob
codex/f-acc-001-sds,pms-module-platform/src/main/java/cn/iocoder/yudao/module/pms/platform/controller/admin/export/ExportTaskController.java,NOOP_EXACT,same blob
codex/f-acc-001-sds,pms-module-platform/src/main/java/cn/iocoder/yudao/module/pms/platform/controller/admin/export/vo/ExportTaskRespVO.java,NOOP_EXACT,same blob
codex/f-acc-001-sds,pms-module-platform/src/main/java/cn/iocoder/yudao/module/pms/platform/controller/admin/export/vo/ExportTaskRetryReqVO.java,NOOP_EXACT,same blob
codex/f-acc-001-sds,pms-module-platform/src/main/java/cn/iocoder/yudao/module/pms/platform/dal/dataobject/export/PlatformExportAuditDO.java,NOOP_EXACT,same blob
codex/f-acc-001-sds,pms-module-platform/src/main/java/cn/iocoder/yudao/module/pms/platform/dal/dataobject/export/PlatformExportTaskDO.java,NOOP_EXACT,same blob
codex/f-acc-001-sds,pms-module-platform/src/main/java/cn/iocoder/yudao/module/pms/platform/dal/mysql/export/PlatformExportAuditMapper.java,NOOP_EXACT,same blob
codex/f-acc-001-sds,pms-module-platform/src/main/java/cn/iocoder/yudao/module/pms/platform/dal/mysql/export/PlatformExportTaskMapper.java,NOOP_EXACT,same blob
codex/f-acc-001-sds,pms-module-platform/src/main/java/cn/iocoder/yudao/module/pms/platform/dal/mysql/export/query/ExportTaskActorQuery.java,NOOP_EXACT,same blob
codex/f-acc-001-sds,pms-module-platform/src/main/java/cn/iocoder/yudao/module/pms/platform/dal/mysql/export/query/ExportTaskDueQuery.java,NOOP_EXACT,same blob
codex/f-acc-001-sds,pms-module-platform/src/main/java/cn/iocoder/yudao/module/pms/platform/dal/mysql/export/query/ExportTaskIdentityQuery.java,NOOP_EXACT,same blob
codex/f-acc-001-sds,pms-module-platform/src/main/java/cn/iocoder/yudao/module/pms/platform/dal/mysql/export/query/ExportTaskRetryUpdate.java,NOOP_EXACT,same blob
codex/f-acc-001-sds,pms-module-platform/src/main/java/cn/iocoder/yudao/module/pms/platform/dal/mysql/export/query/ExportTaskStatusUpdate.java,NOOP_EXACT,same blob
codex/f-acc-001-sds,pms-module-platform/src/main/java/cn/iocoder/yudao/module/pms/platform/dal/mysql/file/FileUploadSessionMapper.java,NOOP_EXACT,same blob
codex/f-acc-001-sds,pms-module-platform/src/main/java/cn/iocoder/yudao/module/pms/platform/dal/mysql/file/query/BusinessGrantUploadSessionQuery.java,NOOP_EXACT,same blob
codex/f-acc-001-sds,pms-module-platform/src/main/java/cn/iocoder/yudao/module/pms/platform/dal/mysql/file/query/FileUploadSessionStorageBindingUpdate.java,NOOP_EXACT,same blob
codex/f-acc-001-sds,pms-module-platform/src/main/java/cn/iocoder/yudao/module/pms/platform/service/export/ExportBusinessDataProviderRegistry.java,NOOP_EXACT,same blob
codex/f-acc-001-sds,pms-module-platform/src/main/java/cn/iocoder/yudao/module/pms/platform/service/export/ExportFileExpirationJob.java,NOOP_EXACT,same blob
codex/f-acc-001-sds,pms-module-platform/src/main/java/cn/iocoder/yudao/module/pms/platform/service/export/ExportFileWriter.java,NOOP_EXACT,same blob
codex/f-acc-001-sds,pms-module-platform/src/main/java/cn/iocoder/yudao/module/pms/platform/service/export/ExportQuartzRegistrar.java,NOOP_EXACT,same blob
codex/f-acc-001-sds,pms-module-platform/src/main/java/cn/iocoder/yudao/module/pms/platform/service/export/ExportTaskAccessService.java,NOOP_EXACT,same blob
codex/f-acc-001-sds,pms-module-platform/src/main/java/cn/iocoder/yudao/module/pms/platform/service/export/ExportTaskApiImpl.java,NOOP_EXACT,same blob
codex/f-acc-001-sds,pms-module-platform/src/main/java/cn/iocoder/yudao/module/pms/platform/service/export/ExportTaskExecutionJob.java,NOOP_EXACT,same blob
codex/f-acc-001-sds,pms-module-platform/src/main/java/cn/iocoder/yudao/module/pms/platform/service/export/ExportTaskExecutionService.java,NOOP_EXACT,same blob
codex/f-acc-001-sds,pms-module-platform/src/main/java/cn/iocoder/yudao/module/pms/platform/service/export/ExportTaskExpirationService.java,NOOP_EXACT,same blob
codex/f-acc-001-sds,pms-module-platform/src/main/java/cn/iocoder/yudao/module/pms/platform/service/export/PlatformExportFilePolicyProvider.java,NOOP_EXACT,same blob
codex/f-acc-001-sds,pms-module-platform/src/main/java/cn/iocoder/yudao/module/pms/platform/service/export/PlatformExportFileWriter.java,NOOP_EXACT,same blob
codex/f-acc-001-sds,pms-module-platform/src/main/java/cn/iocoder/yudao/module/pms/platform/service/file/AuthenticatedAssistedFileUploadService.java,NOOP_EXACT,same blob
codex/f-acc-001-sds,pms-module-platform/src/main/java/cn/iocoder/yudao/module/pms/platform/service/file/BusinessGrantFileUploadService.java,NOOP_EXACT,same blob
codex/f-acc-001-sds,pms-module-platform/src/main/java/cn/iocoder/yudao/module/pms/platform/service/file/FileArtifactApiImpl.java,NOOP_EXACT,same blob
codex/f-acc-001-sds,pms-module-platform/src/main/java/cn/iocoder/yudao/module/pms/platform/service/file/FileBusinessObjectPolicyRegistry.java,NOOP_EXACT,same blob
codex/f-acc-001-sds,pms-module-platform/src/main/java/cn/iocoder/yudao/module/pms/platform/service/file/FileContentPolicyService.java,NOOP_EXACT,same blob
codex/f-acc-001-sds,pms-module-platform/src/main/java/cn/iocoder/yudao/module/pms/platform/service/file/FileUploadApplicationService.java,NOOP_EXACT,same blob
codex/f-acc-001-sds,pms-module-platform/src/main/java/cn/iocoder/yudao/module/pms/platform/service/file/GeneratedBusinessFileService.java,NOOP_EXACT,same blob
codex/f-acc-001-sds,pms-module-platform/src/main/java/cn/iocoder/yudao/module/pms/platform/service/file/GeneratedBusinessFileTransactionService.java,NOOP_EXACT,same blob
codex/f-acc-001-sds,pms-module-platform/src/main/java/cn/iocoder/yudao/module/pms/platform/service/file/command/GeneratedBusinessFilePersistence.java,NOOP_EXACT,same blob
codex/f-acc-001-sds,pms-module-platform/src/main/java/cn/iocoder/yudao/module/pms/platform/service/file/command/GeneratedBusinessFileReservation.java,NOOP_EXACT,same blob
codex/f-acc-001-sds,pms-module-platform/src/main/java/cn/iocoder/yudao/module/pms/platform/service/outbox/PlatformOutboxDeliveryApiImpl.java,CONFLICT_ADAPT_REQUIRED,"led: pms-module-platform/src/main/java/cn/iocoder/yudao/module/pms/platform/service/outbox/PlatformOutboxDeliveryApiImpl.java:23
Applying patch pms-module-platform/src/main/java/cn/iocoder/yudao/module/pms/platform/service/outbox/PlatformOutboxDeliveryApiImpl.java with 1 reject...
Rejected hunk #1.
"
codex/f-acc-001-sds,pms-module-platform/src/main/resources/mapper/export/PlatformExportAuditMapper.xml,NOOP_EXACT,same blob
codex/f-acc-001-sds,pms-module-platform/src/main/resources/mapper/export/PlatformExportTaskMapper.xml,NOOP_EXACT,same blob
codex/f-acc-001-sds,pms-module-platform/src/main/resources/mapper/file/FileUploadSessionMapper.xml,NOOP_EXACT,same blob
codex/f-acc-001-sds,pms-module-platform/src/test/java/cn/iocoder/yudao/module/pms/platform/export/ExportQuartzRegistrarTest.java,NOOP_EXACT,same blob
codex/f-acc-001-sds,pms-module-platform/src/test/java/cn/iocoder/yudao/module/pms/platform/export/ExportTaskApiImplTest.java,NOOP_EXACT,same blob
codex/f-acc-001-sds,pms-module-platform/src/test/java/cn/iocoder/yudao/module/pms/platform/export/ExportTaskExecutionServiceTest.java,NOOP_EXACT,same blob
codex/f-acc-001-sds,pms-module-platform/src/test/java/cn/iocoder/yudao/module/pms/platform/file/BusinessGrantFileUploadServiceTest.java,NOOP_EXACT,same blob
codex/f-acc-001-sds,pms-module-platform/src/test/java/cn/iocoder/yudao/module/pms/platform/file/ExistingFileVersionAttachmentServiceTest.java,NOOP_EXACT,same blob
codex/f-acc-001-sds,pms-module-platform/src/test/java/cn/iocoder/yudao/module/pms/platform/file/FileArtifactApiImplTest.java,NOOP_EXACT,same blob
codex/f-acc-001-sds,pms-module-platform/src/test/java/cn/iocoder/yudao/module/pms/platform/file/FileContractAndMapperTest.java,CONFLICT_ADAPT_REQUIRED,"odule-platform/src/test/java/cn/iocoder/yudao/module/pms/platform/file/FileContractAndMapperTest.java:115
Applying patch pms-module-platform/src/test/java/cn/iocoder/yudao/module/pms/platform/file/FileContractAndMapperTest.java with 3 rejects...
Rejected hunk #1.
Rejected hunk #2.
Rejected hunk #3.
"
codex/f-acc-001-sds,pms-module-platform/src/test/java/cn/iocoder/yudao/module/pms/platform/file/FileQueryAndAccessMySqlIntegrationTest.java,NOOP_EXACT,same blob
codex/f-acc-001-sds,pms-module-platform/src/test/java/cn/iocoder/yudao/module/pms/platform/file/GeneratedBusinessFileServiceTest.java,NOOP_EXACT,same blob
codex/f-acc-001-sds,pms-module-platform/src/test/java/cn/iocoder/yudao/module/pms/platform/service/outbox/PlatformOutboxDeliveryApiImplTest.java,APPLIED_THREE_WAY,clean file merge
codex/f-acc-001-sds,pms-module-project/pms-module-project-api/src/main/java/cn/iocoder/yudao/module/pms/project/api/acceptanceactivity/AcceptanceActivityCompletionFactApi.java,NOOP_EXACT,same blob
codex/f-acc-001-sds,pms-module-project/pms-module-project-api/src/main/java/cn/iocoder/yudao/module/pms/project/api/acceptanceactivity/AcceptanceActivityInitializationApi.java,NOOP_EXACT,same blob
codex/f-acc-001-sds,pms-module-project/pms-module-project-api/src/main/java/cn/iocoder/yudao/module/pms/project/api/acceptanceactivity/dto/AcceptanceActivityCompletionCommand.java,NOOP_EXACT,same blob
codex/f-acc-001-sds,pms-module-project/pms-module-project-api/src/main/java/cn/iocoder/yudao/module/pms/project/api/acceptanceactivity/dto/AcceptanceActivityCompletionFact.java,NOOP_EXACT,same blob
codex/f-acc-001-sds,pms-module-project/pms-module-project-api/src/main/java/cn/iocoder/yudao/module/pms/project/api/acceptanceactivity/dto/AcceptanceActivityInitializationCommand.java,NOOP_EXACT,same blob
codex/f-acc-001-sds,pms-module-project/pms-module-project-api/src/main/java/cn/iocoder/yudao/module/pms/project/api/acceptanceactivity/dto/AcceptanceActivityInitializationResult.java,NOOP_EXACT,same blob
codex/f-acc-001-sds,pms-module-project/pms-module-project-api/src/main/java/cn/iocoder/yudao/module/pms/project/api/acceptancescope/AcceptanceScopeBindingApi.java,NOOP_EXACT,same blob
codex/f-acc-001-sds,pms-module-project/pms-module-project-api/src/main/java/cn/iocoder/yudao/module/pms/project/api/acceptancescope/AcceptanceScopeGuardApi.java,NOOP_EXACT,same blob
codex/f-acc-001-sds,pms-module-project/pms-module-project-api/src/main/java/cn/iocoder/yudao/module/pms/project/api/acceptancescope/dto/AcceptanceScopeBindingFact.java,NOOP_EXACT,same blob
codex/f-acc-001-sds,pms-module-project/pms-module-project-api/src/main/java/cn/iocoder/yudao/module/pms/project/api/acceptancescope/dto/AcceptanceScopeBindingResult.java,NOOP_EXACT,same blob
codex/f-acc-001-sds,pms-module-project/pms-module-project-api/src/main/java/cn/iocoder/yudao/module/pms/project/api/acceptancescope/dto/AcceptanceScopeGuardOutcome.java,NOOP_EXACT,same blob
codex/f-acc-001-sds,pms-module-project/pms-module-project-api/src/main/java/cn/iocoder/yudao/module/pms/project/api/acceptancescope/dto/AcceptanceScopeGuardQuery.java,NOOP_EXACT,same blob
codex/f-acc-001-sds,pms-module-project/pms-module-project-api/src/main/java/cn/iocoder/yudao/module/pms/project/api/acceptancescope/dto/AcceptanceScopeGuardResult.java,NOOP_EXACT,same blob
codex/f-acc-001-sds,pms-module-project/pms-module-project-api/src/main/java/cn/iocoder/yudao/module/pms/project/api/acceptancescope/dto/AcceptanceStageEntryBindingCommand.java,NOOP_EXACT,same blob
codex/f-acc-001-sds,pms-module-project/pms-module-project-api/src/main/java/cn/iocoder/yudao/module/pms/project/api/acceptancescope/dto/EffectiveScopeBindingCommand.java,NOOP_EXACT,same blob
codex/f-acc-001-sds,pms-module-project/pms-module-project-api/src/main/java/cn/iocoder/yudao/module/pms/project/api/commerce/ProjectAcceptanceStageFactApi.java,NOOP_EXACT,same blob
codex/f-acc-001-sds,pms-module-project/pms-module-project-api/src/main/java/cn/iocoder/yudao/module/pms/project/api/commerce/ProjectOfficeFactApi.java,NOOP_EXACT,same blob
codex/f-acc-001-sds,pms-module-project/pms-module-project-api/src/main/java/cn/iocoder/yudao/module/pms/project/api/commerce/dto/ProjectAcceptanceStageFact.java,NOOP_EXACT,same blob
codex/f-acc-001-sds,pms-module-project/pms-module-project-api/src/main/java/cn/iocoder/yudao/module/pms/project/api/commerce/dto/ProjectAcceptanceStageFactQuery.java,NOOP_EXACT,same blob
codex/f-acc-001-sds,pms-module-project/pms-module-project-api/src/main/java/cn/iocoder/yudao/module/pms/project/api/commerce/dto/ProjectFactOutcome.java,NOOP_EXACT,same blob
codex/f-acc-001-sds,pms-module-project/pms-module-project-api/src/main/java/cn/iocoder/yudao/module/pms/project/api/commerce/dto/ProjectOfficeFact.java,NOOP_EXACT,same blob
codex/f-acc-001-sds,pms-module-project/pms-module-project-api/src/main/java/cn/iocoder/yudao/module/pms/project/api/commerce/dto/ProjectOfficeFactQuery.java,NOOP_EXACT,same blob
codex/f-acc-001-sds,pms-module-project/pms-module-project-api/src/main/java/cn/iocoder/yudao/module/pms/project/api/satisfaction/SatisfactionQuestionnaireTemplateApi.java,NOOP_EXACT,same blob
codex/f-acc-001-sds,pms-module-project/pms-module-project-api/src/main/java/cn/iocoder/yudao/module/pms/project/api/satisfaction/SatisfactionResultFactApi.java,NOOP_EXACT,same blob
codex/f-acc-001-sds,pms-module-project/pms-module-project-api/src/main/java/cn/iocoder/yudao/module/pms/project/api/satisfaction/SatisfactionTaskInitializationApi.java,NOOP_EXACT,same blob
codex/f-acc-001-sds,pms-module-project/pms-module-project-api/src/main/java/cn/iocoder/yudao/module/pms/project/api/satisfaction/dto/SatisfactionResultFact.java,NOOP_EXACT,same blob
codex/f-acc-001-sds,pms-module-project/pms-module-project-api/src/main/java/cn/iocoder/yudao/module/pms/project/api/satisfaction/dto/SatisfactionResultFactQuery.java,NOOP_EXACT,same blob
codex/f-acc-001-sds,pms-module-project/pms-module-project-api/src/main/java/cn/iocoder/yudao/module/pms/project/api/satisfaction/dto/SatisfactionTaskInitializationCommand.java,NOOP_EXACT,same blob
codex/f-acc-001-sds,pms-module-project/pms-module-project-api/src/main/java/cn/iocoder/yudao/module/pms/project/api/satisfaction/dto/SatisfactionTaskInitializationResult.java,NOOP_EXACT,same blob
codex/f-acc-001-sds,pms-module-project/pms-module-project-api/src/main/java/cn/iocoder/yudao/module/pms/project/api/satisfaction/dto/SatisfactionTemplateFact.java,NOOP_EXACT,same blob
codex/f-acc-001-sds,pms-module-project/pms-module-project-api/src/main/java/cn/iocoder/yudao/module/pms/project/api/satisfaction/dto/SatisfactionTemplateResolveQuery.java,NOOP_EXACT,same blob
codex/f-acc-001-sds,pms-module-project/pms-module-project-api/src/main/java/cn/iocoder/yudao/module/pms/project/api/workbinding/ProjectWorkBindingFactApi.java,NOOP_EXACT,same blob
codex/f-acc-001-sds,pms-module-project/pms-module-project-api/src/main/java/cn/iocoder/yudao/module/pms/project/api/workbinding/dto/ProjectSatisfactionTaskFact.java,NOOP_EXACT,same blob
codex/f-acc-001-sds,pms-module-project/pms-module-project-api/src/main/java/cn/iocoder/yudao/module/pms/project/api/workbinding/dto/ProjectSatisfactionTaskFactQuery.java,NOOP_EXACT,same blob
codex/f-acc-001-sds,pms-module-project/pms-module-project-api/src/main/java/cn/iocoder/yudao/module/pms/project/api/workbinding/dto/ProjectSatisfactionTaskIdentityQuery.java,NOOP_EXACT,same blob
codex/f-acc-001-sds,pms-module-project/pms-module-project-api/src/main/java/cn/iocoder/yudao/module/pms/project/api/workbinding/dto/ProjectSatisfactionTaskProjectQuery.java,NOOP_EXACT,same blob
codex/f-acc-001-sds,pms-module-project/src/main/java/cn/iocoder/yudao/module/pms/project/api/acceptanceactivity/AcceptanceActivityCompletionFactApiImpl.java,NOOP_EXACT,same blob
codex/f-acc-001-sds,pms-module-project/src/main/java/cn/iocoder/yudao/module/pms/project/api/acceptanceactivity/AcceptanceActivityInitializationApiImpl.java,NOOP_EXACT,same blob
codex/f-acc-001-sds,pms-module-project/src/main/java/cn/iocoder/yudao/module/pms/project/api/commerce/ProjectAcceptanceStageFactApiImpl.java,NOOP_EXACT,same blob
codex/f-acc-001-sds,pms-module-project/src/main/java/cn/iocoder/yudao/module/pms/project/api/commerce/ProjectOfficeFactApiImpl.java,NOOP_EXACT,same blob
codex/f-acc-001-sds,pms-module-project/src/main/java/cn/iocoder/yudao/module/pms/project/api/satisfaction/SatisfactionQuestionnaireTemplateApiImpl.java,NOOP_EXACT,same blob
codex/f-acc-001-sds,pms-module-project/src/main/java/cn/iocoder/yudao/module/pms/project/api/satisfaction/SatisfactionResultFactApiImpl.java,NOOP_EXACT,same blob
codex/f-acc-001-sds,pms-module-project/src/main/java/cn/iocoder/yudao/module/pms/project/api/satisfaction/SatisfactionTaskInitializationApiImpl.java,NOOP_EXACT,same blob
codex/f-acc-001-sds,pms-module-project/src/main/java/cn/iocoder/yudao/module/pms/project/api/workbinding/ProjectWorkBindingFactApiImpl.java,NOOP_EXACT,same blob
codex/f-acc-001-sds,pms-module-project/src/main/java/cn/iocoder/yudao/module/pms/project/controller/admin/acceptancereport/AcceptanceReportController.java,NOOP_EXACT,same blob
codex/f-acc-001-sds,pms-module-project/src/main/java/cn/iocoder/yudao/module/pms/project/controller/admin/acceptancereport/vo/AcceptanceReportDraftReqVO.java,NOOP_EXACT,same blob
codex/f-acc-001-sds,pms-module-project/src/main/java/cn/iocoder/yudao/module/pms/project/controller/admin/acceptancereport/vo/AcceptanceReportPublishReqVO.java,NOOP_EXACT,same blob
codex/f-acc-001-sds,pms-module-project/src/main/java/cn/iocoder/yudao/module/pms/project/controller/admin/acceptancereport/vo/AcceptanceReportRevokeReqVO.java,NOOP_EXACT,same blob
codex/f-acc-001-sds,pms-module-project/src/main/java/cn/iocoder/yudao/module/pms/project/controller/admin/projects/ProjectMasterController.java,NOOP_EXACT,same blob
codex/f-acc-001-sds,pms-module-project/src/main/java/cn/iocoder/yudao/module/pms/project/controller/admin/projects/vo/ProjectCreateReqVO.java,NOOP_EXACT,same blob
codex/f-acc-001-sds,pms-module-project/src/main/java/cn/iocoder/yudao/module/pms/project/controller/admin/projectstage/ProjectAcceptanceStageEntryController.java,NOOP_EXACT,same blob
codex/f-acc-001-sds,pms-module-project/src/main/java/cn/iocoder/yudao/module/pms/project/controller/admin/projectstage/vo/ProjectAcceptanceStageEntryReqVO.java,NOOP_EXACT,same blob
codex/f-acc-001-sds,pms-module-project/src/main/java/cn/iocoder/yudao/module/pms/project/controller/admin/satisfaction/SatisfactionQuestionnairePublicController.java,NOOP_EXACT,same blob
codex/f-acc-001-sds,pms-module-project/src/main/java/cn/iocoder/yudao/module/pms/project/controller/admin/satisfaction/SatisfactionResultController.java,NOOP_EXACT,same blob
codex/f-acc-001-sds,pms-module-project/src/main/java/cn/iocoder/yudao/module/pms/project/controller/admin/satisfaction/SatisfactionTaskController.java,NOOP_EXACT,same blob
codex/f-acc-001-sds,pms-module-project/src/main/java/cn/iocoder/yudao/module/pms/project/controller/admin/satisfaction/SatisfactionTemplateController.java,NOOP_EXACT,same blob
codex/f-acc-001-sds,pms-module-project/src/main/java/cn/iocoder/yudao/module/pms/project/controller/admin/satisfaction/vo/SatisfactionAccessGrantCreateReqVO.java,NOOP_EXACT,same blob
codex/f-acc-001-sds,pms-module-project/src/main/java/cn/iocoder/yudao/module/pms/project/controller/admin/satisfaction/vo/SatisfactionGrantFileUploadCompleteReqVO.java,NOOP_EXACT,same blob
codex/f-acc-001-sds,pms-module-project/src/main/java/cn/iocoder/yudao/module/pms/project/controller/admin/satisfaction/vo/SatisfactionGrantFileUploadInitReqVO.java,NOOP_EXACT,same blob
codex/f-acc-001-sds,pms-module-project/src/main/java/cn/iocoder/yudao/module/pms/project/controller/admin/satisfaction/vo/SatisfactionPublicResponseSubmitReqVO.java,NOOP_EXACT,same blob
codex/f-acc-001-sds,pms-module-project/src/main/java/cn/iocoder/yudao/module/pms/project/controller/admin/taskworkbench/ProjectTaskWorkbenchController.java,NOOP_EXACT,same blob
codex/f-acc-001-sds,pms-module-project/src/main/java/cn/iocoder/yudao/module/pms/project/controller/admin/taskworkbench/vo/ProjectTaskActionReqVO.java,NOOP_EXACT,same blob
codex/f-acc-001-sds,pms-module-project/src/main/java/cn/iocoder/yudao/module/pms/project/dal/dataobject/acceptance/AccProjectDeliverableDO.java,NOOP_EXACT,same blob
codex/f-acc-001-sds,pms-module-project/src/main/java/cn/iocoder/yudao/module/pms/project/dal/dataobject/acceptancereport/AcceptanceActivityDO.java,NOOP_EXACT,same blob
codex/f-acc-001-sds,pms-module-project/src/main/java/cn/iocoder/yudao/module/pms/project/dal/dataobject/acceptancereport/AcceptanceReportAttachmentDO.java,NOOP_EXACT,same blob
codex/f-acc-001-sds,pms-module-project/src/main/java/cn/iocoder/yudao/module/pms/project/dal/dataobject/acceptancereport/AcceptanceReportVersionDO.java,NOOP_EXACT,same blob
codex/f-acc-001-sds,pms-module-project/src/main/java/cn/iocoder/yudao/module/pms/project/dal/dataobject/acceptancereport/ProjectDeliverableSourceAttachmentDO.java,NOOP_EXACT,same blob
codex/f-acc-001-sds,pms-module-project/src/main/java/cn/iocoder/yudao/module/pms/project/dal/dataobject/acceptancereport/ProjectDeliverableSourceVersionDO.java,NOOP_EXACT,same blob
codex/f-acc-001-sds,pms-module-project/src/main/java/cn/iocoder/yudao/module/pms/project/dal/dataobject/acceptancescope/AcceptanceScopeBindingDO.java,NOOP_EXACT,same blob
codex/f-acc-001-sds,pms-module-project/src/main/java/cn/iocoder/yudao/module/pms/project/dal/dataobject/projectmanual/ProjectTaskInstanceDO.java,NOOP_EXACT,same blob
codex/f-acc-001-sds,pms-module-project/src/main/java/cn/iocoder/yudao/module/pms/project/dal/dataobject/satisfaction/SatisfactionAccessGrantDO.java,NOOP_EXACT,same blob
codex/f-acc-001-sds,pms-module-project/src/main/java/cn/iocoder/yudao/module/pms/project/dal/dataobject/satisfaction/SatisfactionCollectionTaskDO.java,NOOP_EXACT,same blob
codex/f-acc-001-sds,pms-module-project/src/main/java/cn/iocoder/yudao/module/pms/project/dal/dataobject/satisfaction/SatisfactionQuestionnaireDO.java,NOOP_EXACT,same blob
codex/f-acc-001-sds,pms-module-project/src/main/java/cn/iocoder/yudao/module/pms/project/dal/dataobject/satisfaction/SatisfactionQuestionnaireTemplateDO.java,NOOP_EXACT,same blob
codex/f-acc-001-sds,pms-module-project/src/main/java/cn/iocoder/yudao/module/pms/project/dal/dataobject/satisfaction/SatisfactionQuestionnaireTemplateRevisionDO.java,NOOP_EXACT,same blob
codex/f-acc-001-sds,pms-module-project/src/main/java/cn/iocoder/yudao/module/pms/project/dal/dataobject/satisfaction/SatisfactionRemediationFactDO.java,NOOP_EXACT,same blob
codex/f-acc-001-sds,pms-module-project/src/main/java/cn/iocoder/yudao/module/pms/project/dal/dataobject/satisfaction/SatisfactionResponseDO.java,NOOP_EXACT,same blob
codex/f-acc-001-sds,pms-module-project/src/main/java/cn/iocoder/yudao/module/pms/project/dal/dataobject/satisfaction/SatisfactionResponseFileDO.java,NOOP_EXACT,same blob
codex/f-acc-001-sds,pms-module-project/src/main/java/cn/iocoder/yudao/module/pms/project/dal/dataobject/satisfaction/SatisfactionResultDO.java,NOOP_EXACT,same blob
codex/f-acc-001-sds,pms-module-project/src/main/java/cn/iocoder/yudao/module/pms/project/dal/dataobject/satisfaction/SatisfactionResultFileDO.java,NOOP_EXACT,same blob
codex/f-acc-001-sds,pms-module-project/src/main/java/cn/iocoder/yudao/module/pms/project/dal/mysql/acceptance/AccProjectDeliverableMapper.java,CONFLICT_ADAPT_REQUIRED,"/src/main/java/cn/iocoder/yudao/module/pms/project/dal/mysql/acceptance/AccProjectDeliverableMapper.java:20
Applying patch pms-module-project/src/main/java/cn/iocoder/yudao/module/pms/project/dal/mysql/acceptance/AccProjectDeliverableMapper.java with 2 rejects...
Rejected hunk #1.
Rejected hunk #2.
"
codex/f-acc-001-sds,pms-module-project/src/main/java/cn/iocoder/yudao/module/pms/project/dal/mysql/acceptance/query/DeliverableCurrentSourceClearQuery.java,NOOP_EXACT,same blob
codex/f-acc-001-sds,pms-module-project/src/main/java/cn/iocoder/yudao/module/pms/project/dal/mysql/acceptance/query/ProjectDeliverableIdLockQuery.java,NOOP_EXACT,same blob
codex/f-acc-001-sds,pms-module-project/src/main/java/cn/iocoder/yudao/module/pms/project/dal/mysql/acceptance/query/ProjectDeliverableIdentityLockQuery.java,NOOP_EXACT,same blob
codex/f-acc-001-sds,pms-module-project/src/main/java/cn/iocoder/yudao/module/pms/project/dal/mysql/acceptancereport/AcceptanceActivityMapper.java,NOOP_EXACT,same blob
codex/f-acc-001-sds,pms-module-project/src/main/java/cn/iocoder/yudao/module/pms/project/dal/mysql/acceptancereport/AcceptanceReportAttachmentMapper.java,NOOP_EXACT,same blob
codex/f-acc-001-sds,pms-module-project/src/main/java/cn/iocoder/yudao/module/pms/project/dal/mysql/acceptancereport/AcceptanceReportVersionMapper.java,NOOP_EXACT,same blob
codex/f-acc-001-sds,pms-module-project/src/main/java/cn/iocoder/yudao/module/pms/project/dal/mysql/acceptancereport/ProjectDeliverableSourceAttachmentMapper.java,NOOP_EXACT,same blob
codex/f-acc-001-sds,pms-module-project/src/main/java/cn/iocoder/yudao/module/pms/project/dal/mysql/acceptancereport/ProjectDeliverableSourceVersionMapper.java,NOOP_EXACT,same blob
codex/f-acc-001-sds,pms-module-project/src/main/java/cn/iocoder/yudao/module/pms/project/dal/mysql/acceptancereport/projection/AcceptanceReportFileScope.java,NOOP_EXACT,same blob
codex/f-acc-001-sds,pms-module-project/src/main/java/cn/iocoder/yudao/module/pms/project/dal/mysql/acceptancereport/query/AcceptanceActivityCompleteUpdate.java,NOOP_EXACT,same blob
codex/f-acc-001-sds,pms-module-project/src/main/java/cn/iocoder/yudao/module/pms/project/dal/mysql/acceptancereport/query/AcceptanceActivityIdLockQuery.java,NOOP_EXACT,same blob
codex/f-acc-001-sds,pms-module-project/src/main/java/cn/iocoder/yudao/module/pms/project/dal/mysql/acceptancereport/query/AcceptanceActivityIdentityLockQuery.java,NOOP_EXACT,same blob
codex/f-acc-001-sds,pms-module-project/src/main/java/cn/iocoder/yudao/module/pms/project/dal/mysql/acceptancereport/query/AcceptanceActivityScopeQuery.java,NOOP_EXACT,same blob
codex/f-acc-001-sds,pms-module-project/src/main/java/cn/iocoder/yudao/module/pms/project/dal/mysql/acceptancereport/query/AcceptanceCurrentReportLockQuery.java,NOOP_EXACT,same blob
codex/f-acc-001-sds,pms-module-project/src/main/java/cn/iocoder/yudao/module/pms/project/dal/mysql/acceptancereport/query/AcceptanceNextReportVersionQuery.java,NOOP_EXACT,same blob
codex/f-acc-001-sds,pms-module-project/src/main/java/cn/iocoder/yudao/module/pms/project/dal/mysql/acceptancereport/query/AcceptanceReportFileScopeQuery.java,NOOP_EXACT,same blob
codex/f-acc-001-sds,pms-module-project/src/main/java/cn/iocoder/yudao/module/pms/project/dal/mysql/acceptancereport/query/AcceptanceReportIdLockQuery.java,NOOP_EXACT,same blob
codex/f-acc-001-sds,pms-module-project/src/main/java/cn/iocoder/yudao/module/pms/project/dal/mysql/acceptancereport/query/DeliverableCurrentSourceLockQuery.java,NOOP_EXACT,same blob
codex/f-acc-001-sds,pms-module-project/src/main/java/cn/iocoder/yudao/module/pms/project/dal/mysql/acceptancereport/query/DeliverableSourceIdLockQuery.java,NOOP_EXACT,same blob
codex/f-acc-001-sds,pms-module-project/src/main/java/cn/iocoder/yudao/module/pms/project/dal/mysql/acceptancereport/query/DeliverableSourceIdentityQuery.java,NOOP_EXACT,same blob
codex/f-acc-001-sds,pms-module-project/src/main/java/cn/iocoder/yudao/module/pms/project/dal/mysql/acceptancereport/query/DeliverableSourceObjectIdentityQuery.java,NOOP_EXACT,same blob
codex/f-acc-001-sds,pms-module-project/src/main/java/cn/iocoder/yudao/module/pms/project/dal/mysql/acceptancereport/query/PendingArchiveSourceQuery.java,NOOP_EXACT,same blob
codex/f-acc-001-sds,pms-module-project/src/main/java/cn/iocoder/yudao/module/pms/project/dal/mysql/acceptancereport/query/PendingArchiveSourceTypeQuery.java,NOOP_EXACT,same blob
codex/f-acc-001-sds,pms-module-project/src/main/java/cn/iocoder/yudao/module/pms/project/dal/mysql/acceptancescope/AcceptanceScopeBindingMapper.java,NOOP_EXACT,same blob
codex/f-acc-001-sds,pms-module-project/src/main/java/cn/iocoder/yudao/module/pms/project/dal/mysql/acceptancescope/query/AcceptanceScopeBindingIdentityQuery.java,NOOP_EXACT,same blob
codex/f-acc-001-sds,pms-module-project/src/main/java/cn/iocoder/yudao/module/pms/project/dal/mysql/acceptancescope/query/AcceptanceScopeCurrentQuery.java,NOOP_EXACT,same blob
codex/f-acc-001-sds,pms-module-project/src/main/java/cn/iocoder/yudao/module/pms/project/dal/mysql/projectgovernance/ProjectStageSnapshotMapper.java,NOOP_EXACT,same blob
codex/f-acc-001-sds,pms-module-project/src/main/java/cn/iocoder/yudao/module/pms/project/dal/mysql/projectgovernance/query/ProjectStageEntrySnapshotQuery.java,NOOP_EXACT,same blob
codex/f-acc-001-sds,pms-module-project/src/main/java/cn/iocoder/yudao/module/pms/project/dal/mysql/projectmanual/ProjectStageInstanceMapper.java,CONFLICT_ADAPT_REQUIRED,"/main/java/cn/iocoder/yudao/module/pms/project/dal/mysql/projectmanual/ProjectStageInstanceMapper.java:28
Applying patch pms-module-project/src/main/java/cn/iocoder/yudao/module/pms/project/dal/mysql/projectmanual/ProjectStageInstanceMapper.java with 2 rejects...
Rejected hunk #1.
Rejected hunk #2.
"
codex/f-acc-001-sds,pms-module-project/src/main/java/cn/iocoder/yudao/module/pms/project/dal/mysql/projectmanual/query/ProjectStageStatusUpdate.java,CONFLICT_ADAPT_REQUIRED,"odule-project/src/main/java/cn/iocoder/yudao/module/pms/project/dal/mysql/projectmanual/query/ProjectStageStatusUpdate.java...
error: pms-module-project/src/main/java/cn/iocoder/yudao/module/pms/project/dal/mysql/projectmanual/query/ProjectStageStatusUpdate.java: already exists in working directory
"
codex/f-acc-001-sds,pms-module-project/src/main/java/cn/iocoder/yudao/module/pms/project/dal/mysql/projectmanual/query/ProjectStageTransitionQuery.java,NOOP_EXACT,same blob
codex/f-acc-001-sds,pms-module-project/src/main/java/cn/iocoder/yudao/module/pms/project/dal/mysql/satisfaction/SatisfactionAccessGrantMapper.java,NOOP_EXACT,same blob
codex/f-acc-001-sds,pms-module-project/src/main/java/cn/iocoder/yudao/module/pms/project/dal/mysql/satisfaction/SatisfactionCollectionTaskMapper.java,NOOP_EXACT,same blob
codex/f-acc-001-sds,pms-module-project/src/main/java/cn/iocoder/yudao/module/pms/project/dal/mysql/satisfaction/SatisfactionQuestionnaireMapper.java,NOOP_EXACT,same blob
codex/f-acc-001-sds,pms-module-project/src/main/java/cn/iocoder/yudao/module/pms/project/dal/mysql/satisfaction/SatisfactionQuestionnaireTemplateMapper.java,NOOP_EXACT,same blob
codex/f-acc-001-sds,pms-module-project/src/main/java/cn/iocoder/yudao/module/pms/project/dal/mysql/satisfaction/SatisfactionQuestionnaireTemplateRevisionMapper.java,NOOP_EXACT,same blob
codex/f-acc-001-sds,pms-module-project/src/main/java/cn/iocoder/yudao/module/pms/project/dal/mysql/satisfaction/SatisfactionRemediationFactMapper.java,NOOP_EXACT,same blob
codex/f-acc-001-sds,pms-module-project/src/main/java/cn/iocoder/yudao/module/pms/project/dal/mysql/satisfaction/SatisfactionResponseFileMapper.java,NOOP_EXACT,same blob
codex/f-acc-001-sds,pms-module-project/src/main/java/cn/iocoder/yudao/module/pms/project/dal/mysql/satisfaction/SatisfactionResponseMapper.java,NOOP_EXACT,same blob
codex/f-acc-001-sds,pms-module-project/src/main/java/cn/iocoder/yudao/module/pms/project/dal/mysql/satisfaction/SatisfactionResultFactRecord.java,NOOP_EXACT,same blob
codex/f-acc-001-sds,pms-module-project/src/main/java/cn/iocoder/yudao/module/pms/project/dal/mysql/satisfaction/SatisfactionResultFileMapper.java,NOOP_EXACT,same blob
codex/f-acc-001-sds,pms-module-project/src/main/java/cn/iocoder/yudao/module/pms/project/dal/mysql/satisfaction/SatisfactionResultMapper.java,NOOP_EXACT,same blob
codex/f-acc-001-sds,pms-module-project/src/main/java/cn/iocoder/yudao/module/pms/project/dal/mysql/satisfaction/SatisfactionResultViewRecord.java,NOOP_EXACT,same blob
codex/f-acc-001-sds,pms-module-project/src/main/java/cn/iocoder/yudao/module/pms/project/dal/mysql/satisfaction/SatisfactionTemplateCandidateRecord.java,NOOP_EXACT,same blob
codex/f-acc-001-sds,pms-module-project/src/main/java/cn/iocoder/yudao/module/pms/project/dal/mysql/satisfaction/query/SatisfactionGrantConsumeUpdate.java,NOOP_EXACT,same blob
codex/f-acc-001-sds,pms-module-project/src/main/java/cn/iocoder/yudao/module/pms/project/dal/mysql/satisfaction/query/SatisfactionGrantDigestQuery.java,NOOP_EXACT,same blob
codex/f-acc-001-sds,pms-module-project/src/main/java/cn/iocoder/yudao/module/pms/project/dal/mysql/satisfaction/query/SatisfactionRemediationIdentityQuery.java,NOOP_EXACT,same blob
codex/f-acc-001-sds,pms-module-project/src/main/java/cn/iocoder/yudao/module/pms/project/dal/mysql/satisfaction/query/SatisfactionResponseFilesQuery.java,NOOP_EXACT,same blob
codex/f-acc-001-sds,pms-module-project/src/main/java/cn/iocoder/yudao/module/pms/project/dal/mysql/satisfaction/query/SatisfactionResponseIdentityQuery.java,NOOP_EXACT,same blob
codex/f-acc-001-sds,pms-module-project/src/main/java/cn/iocoder/yudao/module/pms/project/dal/mysql/satisfaction/query/SatisfactionResultArchiveProjectionUpdate.java,NOOP_EXACT,same blob
codex/f-acc-001-sds,pms-module-project/src/main/java/cn/iocoder/yudao/module/pms/project/dal/mysql/satisfaction/query/SatisfactionResultFilesQuery.java,NOOP_EXACT,same blob
codex/f-acc-001-sds,pms-module-project/src/main/java/cn/iocoder/yudao/module/pms/project/dal/mysql/satisfaction/query/SatisfactionResultIdentityQuery.java,NOOP_EXACT,same blob
codex/f-acc-001-sds,pms-module-project/src/main/java/cn/iocoder/yudao/module/pms/project/dal/mysql/satisfaction/query/SatisfactionResultInvalidationUpdate.java,NOOP_EXACT,same blob
codex/f-acc-001-sds,pms-module-project/src/main/java/cn/iocoder/yudao/module/pms/project/dal/mysql/satisfaction/query/SatisfactionResultScopeQuery.java,NOOP_EXACT,same blob
codex/f-acc-001-sds,pms-module-project/src/main/java/cn/iocoder/yudao/module/pms/project/dal/mysql/satisfaction/query/SatisfactionTaskAssignmentUpdate.java,NOOP_EXACT,same blob
codex/f-acc-001-sds,pms-module-project/src/main/java/cn/iocoder/yudao/module/pms/project/dal/mysql/satisfaction/query/SatisfactionTaskDecisionUpdate.java,NOOP_EXACT,same blob
codex/f-acc-001-sds,pms-module-project/src/main/java/cn/iocoder/yudao/module/pms/project/dal/mysql/satisfaction/query/SatisfactionTaskResultUpdate.java,NOOP_EXACT,same blob
codex/f-acc-001-sds,pms-module-project/src/main/java/cn/iocoder/yudao/module/pms/project/dal/mysql/satisfaction/query/SatisfactionTaskScopeQuery.java,NOOP_EXACT,same blob
codex/f-acc-001-sds,pms-module-project/src/main/java/cn/iocoder/yudao/module/pms/project/dal/mysql/satisfaction/query/SatisfactionTaskTriggerLockQuery.java,NOOP_EXACT,same blob
codex/f-acc-001-sds,pms-module-project/src/main/java/cn/iocoder/yudao/module/pms/project/dal/mysql/satisfaction/query/SatisfactionTemplateApplicabilityQuery.java,NOOP_EXACT,same blob
codex/f-acc-001-sds,pms-module-project/src/main/java/cn/iocoder/yudao/module/pms/project/dal/mysql/satisfaction/query/SatisfactionTemplateCandidateQuery.java,NOOP_EXACT,same blob
codex/f-acc-001-sds,pms-module-project/src/main/java/cn/iocoder/yudao/module/pms/project/dal/mysql/satisfaction/query/SatisfactionTemplateRevisionQuery.java,NOOP_EXACT,same blob
codex/f-acc-001-sds,pms-module-project/src/main/java/cn/iocoder/yudao/module/pms/project/dal/mysql/taskworkbench/ProjectSatisfactionTaskFactRecord.java,NOOP_EXACT,same blob
codex/f-acc-001-sds,pms-module-project/src/main/java/cn/iocoder/yudao/module/pms/project/dal/mysql/taskworkbench/ProjectWorkBindingFactMapper.java,NOOP_EXACT,same blob
codex/f-acc-001-sds,pms-module-project/src/main/java/cn/iocoder/yudao/module/pms/project/dal/mysql/taskworkbench/query/ProjectSatisfactionTaskFactLockQuery.java,NOOP_EXACT,same blob
codex/f-acc-001-sds,pms-module-project/src/main/java/cn/iocoder/yudao/module/pms/project/dal/mysql/taskworkbench/query/ProjectSatisfactionTaskProjectLockQuery.java,NOOP_EXACT,same blob
codex/f-acc-001-sds,pms-module-project/src/main/java/cn/iocoder/yudao/module/pms/project/dal/repository/acceptancescope/AcceptanceScopeBindingRepository.java,NOOP_EXACT,same blob
codex/f-acc-001-sds,pms-module-project/src/main/java/cn/iocoder/yudao/module/pms/project/domain/projectgovernance/ProjectStageSnapshotRules.java,CONFLICT_ADAPT_REQUIRED,"/main/java/cn/iocoder/yudao/module/pms/project/domain/projectgovernance/ProjectStageSnapshotRules.java:31
Applying patch pms-module-project/src/main/java/cn/iocoder/yudao/module/pms/project/domain/projectgovernance/ProjectStageSnapshotRules.java with 2 rejects...
Rejected hunk #1.
Rejected hunk #2.
"
codex/f-acc-001-sds,pms-module-project/src/main/java/cn/iocoder/yudao/module/pms/project/domain/projectmanual/ProjectRules.java,NOOP_EXACT,same blob
codex/f-acc-001-sds,pms-module-project/src/main/java/cn/iocoder/yudao/module/pms/project/domain/projectmanual/TaskExecutionContractFactory.java,NOOP_EXACT,same blob
codex/f-acc-001-sds,pms-module-project/src/main/java/cn/iocoder/yudao/module/pms/project/domain/satisfaction/SatisfactionQuestionnaireDefinition.java,NOOP_EXACT,same blob
codex/f-acc-001-sds,pms-module-project/src/main/java/cn/iocoder/yudao/module/pms/project/enums/ErrorCodeConstants.java,APPLIED_THREE_WAY,clean file merge
codex/f-acc-001-sds,pms-module-project/src/main/java/cn/iocoder/yudao/module/pms/project/service/acceptancereport/AcceptanceReportArchiveCompensationJob.java,NOOP_EXACT,same blob
codex/f-acc-001-sds,pms-module-project/src/main/java/cn/iocoder/yudao/module/pms/project/service/acceptancereport/AcceptanceReportArchiveCompensationService.java,NOOP_EXACT,same blob
codex/f-acc-001-sds,pms-module-project/src/main/java/cn/iocoder/yudao/module/pms/project/service/acceptancereport/AcceptanceReportCommandService.java,NOOP_EXACT,same blob
codex/f-acc-001-sds,pms-module-project/src/main/java/cn/iocoder/yudao/module/pms/project/service/acceptancereport/AcceptanceReportCommands.java,NOOP_EXACT,same blob
codex/f-acc-001-sds,pms-module-project/src/main/java/cn/iocoder/yudao/module/pms/project/service/acceptancereport/AcceptanceReportFileBusinessObjectPolicyProvider.java,NOOP_EXACT,same blob
codex/f-acc-001-sds,pms-module-project/src/main/java/cn/iocoder/yudao/module/pms/project/service/acceptancereport/AcceptanceReportOutboxDeliveryJob.java,NOOP_EXACT,same blob
codex/f-acc-001-sds,pms-module-project/src/main/java/cn/iocoder/yudao/module/pms/project/service/acceptancereport/AcceptanceReportQuartzRegistrar.java,NOOP_EXACT,same blob
codex/f-acc-001-sds,pms-module-project/src/main/java/cn/iocoder/yudao/module/pms/project/service/acceptancereport/AcceptanceReportQueryService.java,NOOP_EXACT,same blob
codex/f-acc-001-sds,pms-module-project/src/main/java/cn/iocoder/yudao/module/pms/project/service/acceptancereport/AcceptanceReportSourceProjectionService.java,NOOP_EXACT,same blob
codex/f-acc-001-sds,pms-module-project/src/main/java/cn/iocoder/yudao/module/pms/project/service/acceptancereport/event/AcceptanceReportVersionChangedMessage.java,NOOP_EXACT,same blob
codex/f-acc-001-sds,pms-module-project/src/main/java/cn/iocoder/yudao/module/pms/project/service/acceptancescope/AcceptanceScopeBindingService.java,NOOP_EXACT,same blob
codex/f-acc-001-sds,pms-module-project/src/main/java/cn/iocoder/yudao/module/pms/project/service/projectmanual/ProjectManagerAssignmentApplicationService.java,NOOP_EXACT,same blob
codex/f-acc-001-sds,pms-module-project/src/main/java/cn/iocoder/yudao/module/pms/project/service/projectmanual/ProjectManualCreationApplicationService.java,NOOP_EXACT,same blob
codex/f-acc-001-sds,pms-module-project/src/main/java/cn/iocoder/yudao/module/pms/project/service/projectmanual/ProjectManualCreationServiceImpl.java,NOOP_EXACT,same blob
codex/f-acc-001-sds,pms-module-project/src/main/java/cn/iocoder/yudao/module/pms/project/service/projectmanual/ProjectServiceManagerCandidateValidator.java,NOOP_EXACT,same blob
codex/f-acc-001-sds,pms-module-project/src/main/java/cn/iocoder/yudao/module/pms/project/service/projectmanual/command/ManualProjectCreateCommand.java,NOOP_EXACT,same blob
codex/f-acc-001-sds,pms-module-project/src/main/java/cn/iocoder/yudao/module/pms/project/service/projectsplit/ProjectSplitApplicationService.java,NOOP_EXACT,same blob
codex/f-acc-001-sds,pms-module-project/src/main/java/cn/iocoder/yudao/module/pms/project/service/projectstage/ProjectAcceptanceStageEntryCommand.java,NOOP_EXACT,same blob
codex/f-acc-001-sds,pms-module-project/src/main/java/cn/iocoder/yudao/module/pms/project/service/projectstage/ProjectAcceptanceStageEntryResult.java,NOOP_EXACT,same blob
codex/f-acc-001-sds,pms-module-project/src/main/java/cn/iocoder/yudao/module/pms/project/service/projectstage/ProjectAcceptanceStageEntryService.java,NOOP_EXACT,same blob
codex/f-acc-001-sds,pms-module-project/src/main/java/cn/iocoder/yudao/module/pms/project/service/satisfaction/SatisfactionAccessGrantService.java,NOOP_EXACT,same blob
codex/f-acc-001-sds,pms-module-project/src/main/java/cn/iocoder/yudao/module/pms/project/service/satisfaction/SatisfactionAssistedFileApplicationService.java,NOOP_EXACT,same blob
codex/f-acc-001-sds,pms-module-project/src/main/java/cn/iocoder/yudao/module/pms/project/service/satisfaction/SatisfactionAssistedResponseApplicationService.java,NOOP_EXACT,same blob
codex/f-acc-001-sds,pms-module-project/src/main/java/cn/iocoder/yudao/module/pms/project/service/satisfaction/SatisfactionAssistedResponseReservationService.java,NOOP_EXACT,same blob
codex/f-acc-001-sds,pms-module-project/src/main/java/cn/iocoder/yudao/module/pms/project/service/satisfaction/SatisfactionPublicSubmissionApplicationService.java,NOOP_EXACT,same blob
codex/f-acc-001-sds,pms-module-project/src/main/java/cn/iocoder/yudao/module/pms/project/service/satisfaction/SatisfactionResponseFilePolicyProvider.java,NOOP_EXACT,same blob
codex/f-acc-001-sds,pms-module-project/src/main/java/cn/iocoder/yudao/module/pms/project/service/satisfaction/SatisfactionResponseReservationService.java,NOOP_EXACT,same blob
codex/f-acc-001-sds,pms-module-project/src/main/java/cn/iocoder/yudao/module/pms/project/service/satisfaction/SatisfactionResponseSubmissionService.java,NOOP_EXACT,same blob
codex/f-acc-001-sds,pms-module-project/src/main/java/cn/iocoder/yudao/module/pms/project/service/satisfaction/SatisfactionResultArchiveCompensationJob.java,NOOP_EXACT,same blob
codex/f-acc-001-sds,pms-module-project/src/main/java/cn/iocoder/yudao/module/pms/project/service/satisfaction/SatisfactionResultArchiveCompensationService.java,NOOP_EXACT,same blob
codex/f-acc-001-sds,pms-module-project/src/main/java/cn/iocoder/yudao/module/pms/project/service/satisfaction/SatisfactionResultDecisionService.java,NOOP_EXACT,same blob
codex/f-acc-001-sds,pms-module-project/src/main/java/cn/iocoder/yudao/module/pms/project/service/satisfaction/SatisfactionResultDocumentRenderer.java,NOOP_EXACT,same blob
codex/f-acc-001-sds,pms-module-project/src/main/java/cn/iocoder/yudao/module/pms/project/service/satisfaction/SatisfactionResultExportApplicationService.java,NOOP_EXACT,same blob
codex/f-acc-001-sds,pms-module-project/src/main/java/cn/iocoder/yudao/module/pms/project/service/satisfaction/SatisfactionResultExportBusinessDataProvider.java,NOOP_EXACT,same blob
codex/f-acc-001-sds,pms-module-project/src/main/java/cn/iocoder/yudao/module/pms/project/service/satisfaction/SatisfactionResultFilePolicyProvider.java,NOOP_EXACT,same blob
codex/f-acc-001-sds,pms-module-project/src/main/java/cn/iocoder/yudao/module/pms/project/service/satisfaction/SatisfactionResultManagementService.java,NOOP_EXACT,same blob
codex/f-acc-001-sds,pms-module-project/src/main/java/cn/iocoder/yudao/module/pms/project/service/satisfaction/SatisfactionResultOutboxDeliveryJob.java,NOOP_EXACT,same blob
codex/f-acc-001-sds,pms-module-project/src/main/java/cn/iocoder/yudao/module/pms/project/service/satisfaction/SatisfactionResultQuartzRegistrar.java,NOOP_EXACT,same blob
codex/f-acc-001-sds,pms-module-project/src/main/java/cn/iocoder/yudao/module/pms/project/service/satisfaction/SatisfactionResultSourceProjectionService.java,NOOP_EXACT,same blob
codex/f-acc-001-sds,pms-module-project/src/main/java/cn/iocoder/yudao/module/pms/project/service/satisfaction/SatisfactionTaskManagementService.java,NOOP_EXACT,same blob
codex/f-acc-001-sds,pms-module-project/src/main/java/cn/iocoder/yudao/module/pms/project/service/satisfaction/SatisfactionTaskOutboxDeliveryJob.java,NOOP_EXACT,same blob
codex/f-acc-001-sds,pms-module-project/src/main/java/cn/iocoder/yudao/module/pms/project/service/satisfaction/SatisfactionTaskTodoProjectionService.java,NOOP_EXACT,same blob
codex/f-acc-001-sds,pms-module-project/src/main/java/cn/iocoder/yudao/module/pms/project/service/satisfaction/SatisfactionTemplateManagementService.java,NOOP_EXACT,same blob
codex/f-acc-001-sds,pms-module-project/src/main/java/cn/iocoder/yudao/module/pms/project/service/satisfaction/event/SatisfactionResultVersionChangedMessage.java,NOOP_EXACT,same blob
codex/f-acc-001-sds,pms-module-project/src/main/java/cn/iocoder/yudao/module/pms/project/service/satisfaction/event/SatisfactionTaskCreatedMessage.java,NOOP_EXACT,same blob
codex/f-acc-001-sds,pms-module-project/src/main/java/cn/iocoder/yudao/module/pms/project/service/taskworkbench/ProjectTaskLifecycleService.java,NOOP_EXACT,same blob
codex/f-acc-001-sds,pms-module-project/src/main/java/cn/iocoder/yudao/module/pms/project/service/taskworkbench/command/ProjectTaskCommands.java,NOOP_EXACT,same blob
codex/f-acc-001-sds,pms-module-project/src/main/resources/mapper/acceptance/AccProjectDeliverableMapper.xml,CONFLICT_ADAPT_REQUIRED,"Checking patch pms-module-project/src/main/resources/mapper/acceptance/AccProjectDeliverableMapper.xml...
error: pms-module-project/src/main/resources/mapper/acceptance/AccProjectDeliverableMapper.xml: already exists in working directory
"
codex/f-acc-001-sds,pms-module-project/src/main/resources/mapper/acceptancereport/AcceptanceActivityMapper.xml,NOOP_EXACT,same blob
codex/f-acc-001-sds,pms-module-project/src/main/resources/mapper/acceptancereport/AcceptanceReportVersionMapper.xml,NOOP_EXACT,same blob
codex/f-acc-001-sds,pms-module-project/src/main/resources/mapper/acceptancereport/ProjectDeliverableSourceVersionMapper.xml,NOOP_EXACT,same blob
codex/f-acc-001-sds,pms-module-project/src/main/resources/mapper/acceptancescope/AcceptanceScopeBindingMapper.xml,NOOP_EXACT,same blob
codex/f-acc-001-sds,pms-module-project/src/main/resources/mapper/projectgovernance/ProjectStageSnapshotMapper.xml,NOOP_EXACT,same blob
codex/f-acc-001-sds,pms-module-project/src/main/resources/mapper/projectmanual/ProjectStageInstanceMapper.xml,CONFLICT_ADAPT_REQUIRED,"Checking patch pms-module-project/src/main/resources/mapper/projectmanual/ProjectStageInstanceMapper.xml...
error: pms-module-project/src/main/resources/mapper/projectmanual/ProjectStageInstanceMapper.xml: already exists in working directory
"
codex/f-acc-001-sds,pms-module-project/src/main/resources/mapper/satisfaction/SatisfactionAccessGrantMapper.xml,NOOP_EXACT,same blob
codex/f-acc-001-sds,pms-module-project/src/main/resources/mapper/satisfaction/SatisfactionCollectionTaskMapper.xml,NOOP_EXACT,same blob
codex/f-acc-001-sds,pms-module-project/src/main/resources/mapper/satisfaction/SatisfactionQuestionnaireMapper.xml,NOOP_EXACT,same blob
codex/f-acc-001-sds,pms-module-project/src/main/resources/mapper/satisfaction/SatisfactionQuestionnaireTemplateMapper.xml,NOOP_EXACT,same blob
codex/f-acc-001-sds,pms-module-project/src/main/resources/mapper/satisfaction/SatisfactionQuestionnaireTemplateRevisionMapper.xml,NOOP_EXACT,same blob
codex/f-acc-001-sds,pms-module-project/src/main/resources/mapper/satisfaction/SatisfactionResponseMapper.xml,NOOP_EXACT,same blob
codex/f-acc-001-sds,pms-module-project/src/main/resources/mapper/satisfaction/SatisfactionResultMapper.xml,NOOP_EXACT,same blob
codex/f-acc-001-sds,pms-module-project/src/main/resources/mapper/taskworkbench/ProjectWorkBindingFactMapper.xml,NOOP_EXACT,same blob
codex/f-acc-001-sds,pms-module-project/src/test/java/cn/iocoder/yudao/module/pms/project/api/Fcom001PublicApiContractTest.java,NOOP_EXACT,same blob
codex/f-acc-001-sds,pms-module-project/src/test/java/cn/iocoder/yudao/module/pms/project/api/acceptanceactivity/AcceptanceActivityCompletionFactApiImplTest.java,NOOP_EXACT,same blob
codex/f-acc-001-sds,pms-module-project/src/test/java/cn/iocoder/yudao/module/pms/project/api/acceptanceactivity/AcceptanceActivityInitializationApiImplTest.java,NOOP_EXACT,same blob
codex/f-acc-001-sds,pms-module-project/src/test/java/cn/iocoder/yudao/module/pms/project/api/commerce/ProjectAcceptanceStageFactApiImplTest.java,NOOP_EXACT,same blob
codex/f-acc-001-sds,pms-module-project/src/test/java/cn/iocoder/yudao/module/pms/project/api/commerce/ProjectOfficeFactApiImplTest.java,NOOP_EXACT,same blob
codex/f-acc-001-sds,pms-module-project/src/test/java/cn/iocoder/yudao/module/pms/project/api/satisfaction/SatisfactionQuestionnaireTemplateApiImplTest.java,NOOP_EXACT,same blob
codex/f-acc-001-sds,pms-module-project/src/test/java/cn/iocoder/yudao/module/pms/project/api/satisfaction/SatisfactionResultFactApiImplTest.java,NOOP_EXACT,same blob
codex/f-acc-001-sds,pms-module-project/src/test/java/cn/iocoder/yudao/module/pms/project/api/satisfaction/SatisfactionTaskInitializationApiImplTest.java,NOOP_EXACT,same blob
codex/f-acc-001-sds,pms-module-project/src/test/java/cn/iocoder/yudao/module/pms/project/api/workbinding/ProjectWorkBindingFactApiImplTest.java,NOOP_EXACT,same blob
codex/f-acc-001-sds,pms-module-project/src/test/java/cn/iocoder/yudao/module/pms/project/domain/projectgovernance/ProjectStageSnapshotRulesTest.java,NOOP_EXACT,same blob
codex/f-acc-001-sds,pms-module-project/src/test/java/cn/iocoder/yudao/module/pms/project/domain/satisfaction/SatisfactionQuestionnaireDefinitionTest.java,NOOP_EXACT,same blob
codex/f-acc-001-sds,pms-module-project/src/test/java/cn/iocoder/yudao/module/pms/project/migration/Facc001MigrationContractTest.java,CONFLICT_ADAPT_REQUIRED,"Checking patch pms-module-project/src/test/java/cn/iocoder/yudao/module/pms/project/migration/Facc001MigrationContractTest.java...
error: pms-module-project/src/test/java/cn/iocoder/yudao/module/pms/project/migration/Facc001MigrationContractTest.java: already exists in working directory
"
codex/f-acc-001-sds,pms-module-project/src/test/java/cn/iocoder/yudao/module/pms/project/migration/Facc002MigrationContractTest.java,CONFLICT_ADAPT_REQUIRED,"Checking patch pms-module-project/src/test/java/cn/iocoder/yudao/module/pms/project/migration/Facc002MigrationContractTest.java...
error: pms-module-project/src/test/java/cn/iocoder/yudao/module/pms/project/migration/Facc002MigrationContractTest.java: already exists in working directory
"
codex/f-acc-001-sds,pms-module-project/src/test/java/cn/iocoder/yudao/module/pms/project/service/acceptancereport/AcceptanceReportCommandServiceTest.java,NOOP_EXACT,same blob
codex/f-acc-001-sds,pms-module-project/src/test/java/cn/iocoder/yudao/module/pms/project/service/acceptancereport/AcceptanceReportFileBusinessObjectPolicyProviderTest.java,NOOP_EXACT,same blob
codex/f-acc-001-sds,pms-module-project/src/test/java/cn/iocoder/yudao/module/pms/project/service/acceptancereport/AcceptanceReportOutboxDeliveryJobTest.java,NOOP_EXACT,same blob
codex/f-acc-001-sds,pms-module-project/src/test/java/cn/iocoder/yudao/module/pms/project/service/acceptancereport/AcceptanceReportQuartzRegistrarTest.java,NOOP_EXACT,same blob
codex/f-acc-001-sds,pms-module-project/src/test/java/cn/iocoder/yudao/module/pms/project/service/acceptancereport/AcceptanceReportQueryServiceTest.java,NOOP_EXACT,same blob
codex/f-acc-001-sds,pms-module-project/src/test/java/cn/iocoder/yudao/module/pms/project/service/acceptancereport/AcceptanceReportSourceProjectionServiceTest.java,NOOP_EXACT,same blob
codex/f-acc-001-sds,pms-module-project/src/test/java/cn/iocoder/yudao/module/pms/project/service/acceptancereport/Facc001ApplicationMySqlIntegrationTest.java,NOOP_EXACT,same blob
codex/f-acc-001-sds,pms-module-project/src/test/java/cn/iocoder/yudao/module/pms/project/service/acceptancescope/AcceptanceScopeBindingServiceTest.java,NOOP_EXACT,same blob
codex/f-acc-001-sds,pms-module-project/src/test/java/cn/iocoder/yudao/module/pms/project/service/projectmanual/ProjectManualCreationApplicationServiceTest.java,NOOP_EXACT,same blob
codex/f-acc-001-sds,pms-module-project/src/test/java/cn/iocoder/yudao/module/pms/project/service/projectmanual/ProjectManualCreationMySqlIntegrationTest.java,NOOP_EXACT,same blob
codex/f-acc-001-sds,pms-module-project/src/test/java/cn/iocoder/yudao/module/pms/project/service/projectmanual/ProjectManualCreationServiceImplTest.java,NOOP_EXACT,same blob
codex/f-acc-001-sds,pms-module-project/src/test/java/cn/iocoder/yudao/module/pms/project/service/projectsplit/ProjectSplitApplicationServiceTest.java,NOOP_EXACT,same blob
codex/f-acc-001-sds,pms-module-project/src/test/java/cn/iocoder/yudao/module/pms/project/service/projectstage/ProjectAcceptanceStageEntryServiceTest.java,NOOP_EXACT,same blob
codex/f-acc-001-sds,pms-module-project/src/test/java/cn/iocoder/yudao/module/pms/project/service/satisfaction/SatisfactionAccessGrantServiceTest.java,NOOP_EXACT,same blob
codex/f-acc-001-sds,pms-module-project/src/test/java/cn/iocoder/yudao/module/pms/project/service/satisfaction/SatisfactionPublicSubmissionApplicationServiceTest.java,NOOP_EXACT,same blob
codex/f-acc-001-sds,pms-module-project/src/test/java/cn/iocoder/yudao/module/pms/project/service/satisfaction/SatisfactionResponseFilePolicyProviderTest.java,NOOP_EXACT,same blob
codex/f-acc-001-sds,pms-module-project/src/test/java/cn/iocoder/yudao/module/pms/project/service/satisfaction/SatisfactionResponseReservationServiceTest.java,NOOP_EXACT,same blob
codex/f-acc-001-sds,pms-module-project/src/test/java/cn/iocoder/yudao/module/pms/project/service/satisfaction/SatisfactionResponseSubmissionServiceTest.java,NOOP_EXACT,same blob
codex/f-acc-001-sds,pms-module-project/src/test/java/cn/iocoder/yudao/module/pms/project/service/satisfaction/SatisfactionResultArchiveCompensationServiceTest.java,NOOP_EXACT,same blob
codex/f-acc-001-sds,pms-module-project/src/test/java/cn/iocoder/yudao/module/pms/project/service/satisfaction/SatisfactionResultDecisionServiceTest.java,NOOP_EXACT,same blob
codex/f-acc-001-sds,pms-module-project/src/test/java/cn/iocoder/yudao/module/pms/project/service/satisfaction/SatisfactionResultFilePolicyProviderTest.java,NOOP_EXACT,same blob
codex/f-acc-001-sds,pms-module-project/src/test/java/cn/iocoder/yudao/module/pms/project/service/satisfaction/SatisfactionResultSourceProjectionMySqlIntegrationTest.java,NOOP_EXACT,same blob
codex/f-acc-001-sds,pms-module-project/src/test/java/cn/iocoder/yudao/module/pms/project/service/satisfaction/SatisfactionResultSourceProjectionServiceTest.java,NOOP_EXACT,same blob
codex/f-acc-001-sds,pms-module-project/src/test/java/cn/iocoder/yudao/module/pms/project/service/satisfaction/SatisfactionTaskTodoProjectionServiceTest.java,NOOP_EXACT,same blob
codex/f-acc-001-sds,pms-module-project/src/test/java/cn/iocoder/yudao/module/pms/project/service/taskworkbench/ProjectTaskLifecycleServiceTest.java,NOOP_EXACT,same blob
codex/f-acc-001-sds,scripts/generate_domain_entity_migration_contract.py,APPLIED_PARTIAL_HUNKS,rejected=True
codex/f-acc-001-sds,scripts/generate_phase2_contract_map.py,APPLIED_THREE_WAY,clean file merge
codex/f-acc-001-sds,scripts/tests/run_facc001_browser_acceptance.cjs,NOOP_EXACT,same blob
codex/f-acc-001-sds,scripts/tests/run_facc002_browser_acceptance.cjs,NOOP_EXACT,same blob
codex/f-acc-001-sds,scripts/tests/run_fcom001_browser_acceptance.cjs,NOOP_EXACT,same blob
codex/f-acc-001-sds,scripts/tests/test_facc001_feature_contract.py,CONFLICT_ADAPT_REQUIRED,"Checking patch scripts/tests/test_facc001_feature_contract.py...
error: scripts/tests/test_facc001_feature_contract.py: already exists in working directory
"
codex/f-acc-001-sds,scripts/tests/test_facc002_feature_contract.py,CONFLICT_ADAPT_REQUIRED,"Checking patch scripts/tests/test_facc002_feature_contract.py...
error: scripts/tests/test_facc002_feature_contract.py: already exists in working directory
"
codex/f-acc-001-sds,scripts/tests/test_fcom001_feature_contract.py,CONFLICT_ADAPT_REQUIRED,"Checking patch scripts/tests/test_fcom001_feature_contract.py...
error: scripts/tests/test_fcom001_feature_contract.py: already exists in working directory
"
codex/f-acc-001-sds,scripts/tests/test_fcom001_v126_migration.py,APPLIED_NEW_FILE,source tip file missing
codex/f-acc-001-sds,scripts/tests/test_fcom001_v127_migration.py,APPLIED_NEW_FILE,source tip file missing
codex/f-acc-001-sds,scripts/tests/test_prd_com_acceptance_scope_trigger.py,APPLIED_NEW_FILE,source tip file missing
codex/f-acc-001-sds,scripts/tests/test_prd_satisfaction_questionnaire_configuration.py,NOOP_EXACT,same blob
codex/f-acc-001-sds,scripts/tests/test_validate_domain_entity_migration_alignment.py,APPLIED_THREE_WAY,clean file merge
codex/f-acc-001-sds,scripts/tests/test_validate_sds_phase2.py,NOOP_EXACT,same blob
codex/f-acc-001-sds,scripts/validate_sds_phase2.py,NOOP_EXACT,same blob
codex/f-acc-001-sds,sql/migrations/V124__fcom001_contract_order_scope_forward_migration.sql,MIGRATION_ADAPT_REQUIRED,old source version; existing received migrations remain authoritative
codex/f-acc-001-sds,sql/migrations/V125__fcom001_permissions_menu_and_acceptance_seed.sql,MIGRATION_ADAPT_REQUIRED,old source version; existing received migrations remain authoritative
codex/f-acc-001-sds,sql/migrations/V126__fcom001_stage_entry_acceptance_seed.sql,MIGRATION_ADAPT_REQUIRED,old source version; existing received migrations remain authoritative
codex/f-acc-001-sds,sql/migrations/V127__fcom001_acceptance_identity_authorization_fix.sql,MIGRATION_ADAPT_REQUIRED,old source version; existing received migrations remain authoritative
codex/f-acc-001-sds,sql/migrations/V128__facc001_acceptance_report_version_forward.sql,MIGRATION_ADAPT_REQUIRED,old source version; existing received migrations remain authoritative
codex/f-acc-001-sds,sql/migrations/V129__facc001_acceptance_role_menu_ancestor_fix.sql,MIGRATION_ADAPT_REQUIRED,old source version; existing received migrations remain authoritative
codex/f-acc-001-sds,sql/migrations/V130__facc001_acceptance_activity_contract_identity_fix.sql,MIGRATION_ADAPT_REQUIRED,old source version; existing received migrations remain authoritative
codex/f-acc-001-sds,sql/migrations/V131__facc001_acceptance_report_jobs.sql,MIGRATION_ADAPT_REQUIRED,old source version; existing received migrations remain authoritative
codex/f-acc-001-sds,sql/migrations/V132__facc001_acceptance_project_query_permission.sql,MIGRATION_ADAPT_REQUIRED,old source version; existing received migrations remain authoritative
codex/f-acc-001-sds,sql/migrations/V133__facc002_satisfaction_questionnaire_result_forward.sql,MIGRATION_ADAPT_REQUIRED,old source version; existing received migrations remain authoritative
codex/f-acc-001-sds,sql/migrations/V134__restore_project_task_assign_permission.sql,MIGRATION_ADAPT_REQUIRED,old source version; existing received migrations remain authoritative
codex/f-acc-001-sds,yudao-ui/yudao-ui-admin-vue3/src/api/pms/commerce/index.ts,CONFLICT_ADAPT_REQUIRED,"Checking patch yudao-ui/yudao-ui-admin-vue3/src/api/pms/commerce/index.ts...
error: yudao-ui/yudao-ui-admin-vue3/src/api/pms/commerce/index.ts: already exists in working directory
"
codex/f-acc-001-sds,yudao-ui/yudao-ui-admin-vue3/src/api/pms/project/acceptance-report/index.ts,NOOP_EXACT,same blob
codex/f-acc-001-sds,yudao-ui/yudao-ui-admin-vue3/src/api/pms/project/satisfaction/index.ts,NOOP_EXACT,same blob
codex/f-acc-001-sds,yudao-ui/yudao-ui-admin-vue3/src/permission.ts,NOOP_EXACT,same blob
codex/f-acc-001-sds,yudao-ui/yudao-ui-admin-vue3/src/router/modules/remaining.ts,NOOP_EXACT,same blob
codex/f-acc-001-sds,yudao-ui/yudao-ui-admin-vue3/src/views/pms/commerce/commerceInteraction.spec.ts,NOOP_EXACT,same blob
codex/f-acc-001-sds,yudao-ui/yudao-ui-admin-vue3/src/views/pms/commerce/commerceInteraction.ts,NOOP_EXACT,same blob
codex/f-acc-001-sds,yudao-ui/yudao-ui-admin-vue3/src/views/pms/commerce/commercePages.spec.ts,NOOP_EXACT,same blob
codex/f-acc-001-sds,yudao-ui/yudao-ui-admin-vue3/src/views/pms/commerce/contracts/detail.vue,NOOP_EXACT,same blob
codex/f-acc-001-sds,yudao-ui/yudao-ui-admin-vue3/src/views/pms/commerce/contracts/index.vue,NOOP_EXACT,same blob
codex/f-acc-001-sds,yudao-ui/yudao-ui-admin-vue3/src/views/pms/commerce/delivery-scope/DeliveryScopeEditor.vue,CONFLICT_ADAPT_REQUIRED,"Checking patch yudao-ui/yudao-ui-admin-vue3/src/views/pms/commerce/delivery-scope/DeliveryScopeEditor.vue...
error: yudao-ui/yudao-ui-admin-vue3/src/views/pms/commerce/delivery-scope/DeliveryScopeEditor.vue: already exists in working directory
"
codex/f-acc-001-sds,yudao-ui/yudao-ui-admin-vue3/src/views/pms/commerce/delivery-scope/DeliveryScopeHistoryDrawer.vue,NOOP_EXACT,same blob
codex/f-acc-001-sds,yudao-ui/yudao-ui-admin-vue3/src/views/pms/commerce/delivery-scope/index.vue,CONFLICT_ADAPT_REQUIRED,"Checking patch yudao-ui/yudao-ui-admin-vue3/src/views/pms/commerce/delivery-scope/index.vue...
error: yudao-ui/yudao-ui-admin-vue3/src/views/pms/commerce/delivery-scope/index.vue: already exists in working directory
"
codex/f-acc-001-sds,yudao-ui/yudao-ui-admin-vue3/src/views/pms/project/acceptance-report/AcceptanceReportPage.spec.ts,NOOP_EXACT,same blob
codex/f-acc-001-sds,yudao-ui/yudao-ui-admin-vue3/src/views/pms/project/acceptance-report/ReportDraftEditor.vue,NOOP_EXACT,same blob
codex/f-acc-001-sds,yudao-ui/yudao-ui-admin-vue3/src/views/pms/project/acceptance-report/ReportVersionHistoryDrawer.vue,NOOP_EXACT,same blob
codex/f-acc-001-sds,yudao-ui/yudao-ui-admin-vue3/src/views/pms/project/acceptance-report/detail.vue,NOOP_EXACT,same blob
codex/f-acc-001-sds,yudao-ui/yudao-ui-admin-vue3/src/views/pms/project/acceptance-report/index.vue,NOOP_EXACT,same blob
codex/f-acc-001-sds,yudao-ui/yudao-ui-admin-vue3/src/views/pms/project/satisfaction/ResultPanel.vue,NOOP_EXACT,same blob
codex/f-acc-001-sds,yudao-ui/yudao-ui-admin-vue3/src/views/pms/project/satisfaction/TaskPanel.vue,NOOP_EXACT,same blob
codex/f-acc-001-sds,yudao-ui/yudao-ui-admin-vue3/src/views/pms/project/satisfaction/TemplatePanel.vue,NOOP_EXACT,same blob
codex/f-acc-001-sds,yudao-ui/yudao-ui-admin-vue3/src/views/pms/project/satisfaction/index.vue,NOOP_EXACT,same blob
codex/f-acc-001-sds,yudao-ui/yudao-ui-admin-vue3/src/views/pms/project/satisfaction/questionnaire.vue,NOOP_EXACT,same blob
prereq-parallel-check-kKiAdn,pms-module-integration/pms-module-integration-api/pom.xml,NOOP_EXACT,same blob
prereq-parallel-check-kKiAdn,pms-module-integration/pms-module-integration-api/src/main/java/cn/iocoder/yudao/module/pms/integration/api/deviceops/DeviceOpsGatewayApi.java,NOOP_EXACT,same blob
prereq-parallel-check-kKiAdn,pms-module-integration/pms-module-integration-api/src/main/java/cn/iocoder/yudao/module/pms/integration/api/deviceops/dto/DeviceOpsDispatchCommand.java,NOOP_EXACT,same blob
prereq-parallel-check-kKiAdn,pms-module-integration/pms-module-integration-api/src/main/java/cn/iocoder/yudao/module/pms/integration/api/deviceops/dto/DeviceOpsDispatchResult.java,NOOP_EXACT,same blob
prereq-parallel-check-kKiAdn,pms-module-integration/pms-module-integration-api/src/main/java/cn/iocoder/yudao/module/pms/integration/api/deviceops/dto/DeviceOpsTaskSnapshot.java,NOOP_EXACT,same blob
prereq-parallel-check-kKiAdn,pms-module-integration/pom.xml,CONFLICT_ADAPT_REQUIRED,"  <artifactId>pms-module-integration</artifactId>
    <name>${project.artifactId}</name>
    <description>PMS 集成域：外部系统交换、字段映射、同步、重试、对账与监控</description>
</project>

error: patch failed: pms-module-integration/pom.xml:11
Applying patch pms-module-integration/pom.xml with 1 reject...
Rejected hunk #1.
"
prereq-parallel-check-kKiAdn,pms-module-platform/pms-module-platform-api/src/main/java/cn/iocoder/yudao/module/pms/platform/api/collection/CollectionCallbackApi.java,NOOP_EXACT,same blob
prereq-parallel-check-kKiAdn,pms-module-platform/pms-module-platform-api/src/main/java/cn/iocoder/yudao/module/pms/platform/api/collection/CollectionTaskApi.java,NOOP_EXACT,same blob
prereq-parallel-check-kKiAdn,pms-module-platform/pms-module-platform-api/src/main/java/cn/iocoder/yudao/module/pms/platform/api/collection/DeviceCredentialApi.java,NOOP_EXACT,same blob
prereq-parallel-check-kKiAdn,pms-module-platform/pms-module-platform-api/src/main/java/cn/iocoder/yudao/module/pms/platform/api/collection/dto/CollectionBatchCreateCommand.java,NOOP_EXACT,same blob
prereq-parallel-check-kKiAdn,pms-module-platform/pms-module-platform-api/src/main/java/cn/iocoder/yudao/module/pms/platform/api/collection/dto/CollectionBatchDTO.java,NOOP_EXACT,same blob
prereq-parallel-check-kKiAdn,pms-module-platform/pms-module-platform-api/src/main/java/cn/iocoder/yudao/module/pms/platform/api/collection/dto/CollectionCallbackCommand.java,NOOP_EXACT,same blob
prereq-parallel-check-kKiAdn,pms-module-platform/pms-module-platform-api/src/main/java/cn/iocoder/yudao/module/pms/platform/api/collection/dto/CollectionCallbackResultDTO.java,NOOP_EXACT,same blob
prereq-parallel-check-kKiAdn,pms-module-platform/pms-module-platform-api/src/main/java/cn/iocoder/yudao/module/pms/platform/api/collection/dto/CollectionConsumptionCommand.java,NOOP_EXACT,same blob
prereq-parallel-check-kKiAdn,pms-module-platform/pms-module-platform-api/src/main/java/cn/iocoder/yudao/module/pms/platform/api/collection/dto/CollectionConsumptionResultDTO.java,NOOP_EXACT,same blob
prereq-parallel-check-kKiAdn,pms-module-platform/pms-module-platform-api/src/main/java/cn/iocoder/yudao/module/pms/platform/api/collection/dto/CollectionTaskCreateItem.java,NOOP_EXACT,same blob
prereq-parallel-check-kKiAdn,pms-module-platform/pms-module-platform-api/src/main/java/cn/iocoder/yudao/module/pms/platform/api/collection/dto/CollectionTaskDTO.java,NOOP_EXACT,same blob
prereq-parallel-check-kKiAdn,pms-module-platform/pms-module-platform-api/src/main/java/cn/iocoder/yudao/module/pms/platform/api/collection/dto/DeviceCredentialCreateCommand.java,NOOP_EXACT,same blob
prereq-parallel-check-kKiAdn,pms-module-platform/pms-module-platform-api/src/main/java/cn/iocoder/yudao/module/pms/platform/api/collection/dto/DeviceCredentialDTO.java,NOOP_EXACT,same blob
prereq-parallel-check-kKiAdn,pms-module-platform/pom.xml,CONFLICT_ADAPT_REQUIRED,"iled: pms-module-platform/pom.xml:18
error: while searching for:
            <scope>test</scope>
        </dependency>
    </dependencies>
</project>

error: patch failed: pms-module-platform/pom.xml:32
Applying patch pms-module-platform/pom.xml with 2 rejects...
Rejected hunk #1.
Rejected hunk #2.
"
prereq-parallel-check-kKiAdn,pms-module-platform/src/main/java/cn/iocoder/yudao/module/pms/platform/controller/admin/collection/DeviceCredentialController.java,CONFLICT_ADAPT_REQUIRED,"e-platform/src/main/java/cn/iocoder/yudao/module/pms/platform/controller/admin/collection/DeviceCredentialController.java...
error: pms-module-platform/src/main/java/cn/iocoder/yudao/module/pms/platform/controller/admin/collection/DeviceCredentialController.java: already exists in working directory
"
prereq-parallel-check-kKiAdn,pms-module-platform/src/main/java/cn/iocoder/yudao/module/pms/platform/controller/admin/collection/vo/DeviceCredentialCreateReqVO.java,NOOP_EXACT,same blob
prereq-parallel-check-kKiAdn,pms-module-platform/src/main/java/cn/iocoder/yudao/module/pms/platform/dal/dataobject/collection/CollectionBatchDO.java,NOOP_EXACT,same blob
prereq-parallel-check-kKiAdn,pms-module-platform/src/main/java/cn/iocoder/yudao/module/pms/platform/dal/dataobject/collection/CollectionCallbackRecordDO.java,NOOP_EXACT,same blob
prereq-parallel-check-kKiAdn,pms-module-platform/src/main/java/cn/iocoder/yudao/module/pms/platform/dal/dataobject/collection/CollectionResultConsumptionDO.java,NOOP_EXACT,same blob
prereq-parallel-check-kKiAdn,pms-module-platform/src/main/java/cn/iocoder/yudao/module/pms/platform/dal/dataobject/collection/CollectionTaskDO.java,NOOP_EXACT,same blob
prereq-parallel-check-kKiAdn,pms-module-platform/src/main/java/cn/iocoder/yudao/module/pms/platform/dal/dataobject/collection/CredentialGrantDO.java,NOOP_EXACT,same blob
prereq-parallel-check-kKiAdn,pms-module-platform/src/main/java/cn/iocoder/yudao/module/pms/platform/dal/dataobject/collection/DeviceCredentialDO.java,NOOP_EXACT,same blob
prereq-parallel-check-kKiAdn,pms-module-platform/src/main/java/cn/iocoder/yudao/module/pms/platform/dal/mysql/collection/CollectionBatchMapper.java,NOOP_EXACT,same blob
prereq-parallel-check-kKiAdn,pms-module-platform/src/main/java/cn/iocoder/yudao/module/pms/platform/dal/mysql/collection/CollectionCallbackRecordMapper.java,NOOP_EXACT,same blob
prereq-parallel-check-kKiAdn,pms-module-platform/src/main/java/cn/iocoder/yudao/module/pms/platform/dal/mysql/collection/CollectionResultConsumptionMapper.java,NOOP_EXACT,same blob
prereq-parallel-check-kKiAdn,pms-module-platform/src/main/java/cn/iocoder/yudao/module/pms/platform/dal/mysql/collection/CollectionTaskMapper.java,NOOP_EXACT,same blob
prereq-parallel-check-kKiAdn,pms-module-platform/src/main/java/cn/iocoder/yudao/module/pms/platform/dal/mysql/collection/CredentialGrantMapper.java,NOOP_EXACT,same blob
prereq-parallel-check-kKiAdn,pms-module-platform/src/main/java/cn/iocoder/yudao/module/pms/platform/dal/mysql/collection/DeviceCredentialMapper.java,NOOP_EXACT,same blob
prereq-parallel-check-kKiAdn,pms-module-platform/src/main/java/cn/iocoder/yudao/module/pms/platform/dal/mysql/collection/query/CollectionBatchProjectionUpdate.java,NOOP_EXACT,same blob
prereq-parallel-check-kKiAdn,pms-module-platform/src/main/java/cn/iocoder/yudao/module/pms/platform/dal/mysql/collection/query/CollectionTaskCallbackUpdate.java,NOOP_EXACT,same blob
prereq-parallel-check-kKiAdn,pms-module-platform/src/main/java/cn/iocoder/yudao/module/pms/platform/dal/mysql/collection/query/CollectionTaskConsumptionUpdate.java,NOOP_EXACT,same blob
prereq-parallel-check-kKiAdn,pms-module-platform/src/main/java/cn/iocoder/yudao/module/pms/platform/dal/mysql/collection/query/CollectionTaskReconciliationUpdate.java,NOOP_EXACT,same blob
prereq-parallel-check-kKiAdn,pms-module-platform/src/main/java/cn/iocoder/yudao/module/pms/platform/dal/mysql/collection/query/EffectiveCredentialGrantQuery.java,NOOP_EXACT,same blob
prereq-parallel-check-kKiAdn,pms-module-platform/src/main/java/cn/iocoder/yudao/module/pms/platform/dal/mysql/collection/query/ExistingCollectionConsumptionQuery.java,NOOP_EXACT,same blob
prereq-parallel-check-kKiAdn,pms-module-platform/src/main/java/cn/iocoder/yudao/module/pms/platform/service/collection/CollectionCallbackService.java,NOOP_EXACT,same blob
prereq-parallel-check-kKiAdn,pms-module-platform/src/main/java/cn/iocoder/yudao/module/pms/platform/service/collection/CollectionCredentialConfiguration.java,NOOP_EXACT,same blob
prereq-parallel-check-kKiAdn,pms-module-platform/src/main/java/cn/iocoder/yudao/module/pms/platform/service/collection/CollectionTaskDispatchUpdate.java,NOOP_EXACT,same blob
prereq-parallel-check-kKiAdn,pms-module-platform/src/main/java/cn/iocoder/yudao/module/pms/platform/service/collection/CollectionTaskService.java,NOOP_EXACT,same blob
prereq-parallel-check-kKiAdn,pms-module-platform/src/main/java/cn/iocoder/yudao/module/pms/platform/service/collection/CollectionTaskStateMachine.java,NOOP_EXACT,same blob
prereq-parallel-check-kKiAdn,pms-module-platform/src/main/java/cn/iocoder/yudao/module/pms/platform/service/collection/CredentialSecretProtector.java,NOOP_EXACT,same blob
prereq-parallel-check-kKiAdn,pms-module-platform/src/main/java/cn/iocoder/yudao/module/pms/platform/service/collection/CredentialTokenService.java,NOOP_EXACT,same blob
prereq-parallel-check-kKiAdn,pms-module-platform/src/main/java/cn/iocoder/yudao/module/pms/platform/service/collection/DeviceCredentialService.java,NOOP_EXACT,same blob
prereq-parallel-check-kKiAdn,pms-module-platform/src/main/java/cn/iocoder/yudao/module/pms/platform/service/collection/MybatisCredentialSecretProtector.java,NOOP_EXACT,same blob
prereq-parallel-check-kKiAdn,pms-module-platform/src/main/java/cn/iocoder/yudao/module/pms/platform/service/collection/RedisCredentialTokenStore.java,NOOP_EXACT,same blob
prereq-parallel-check-kKiAdn,pms-module-platform/src/main/java/cn/iocoder/yudao/module/pms/platform/service/collection/TemporaryCollectionDispatchService.java,NOOP_EXACT,same blob
prereq-parallel-check-kKiAdn,pms-module-platform/src/main/resources/mapper/collection/CollectionBatchMapper.xml,NOOP_EXACT,same blob
prereq-parallel-check-kKiAdn,pms-module-platform/src/main/resources/mapper/collection/CollectionCallbackRecordMapper.xml,NOOP_EXACT,same blob
prereq-parallel-check-kKiAdn,pms-module-platform/src/main/resources/mapper/collection/CollectionResultConsumptionMapper.xml,NOOP_EXACT,same blob
prereq-parallel-check-kKiAdn,pms-module-platform/src/main/resources/mapper/collection/CollectionTaskMapper.xml,NOOP_EXACT,same blob
prereq-parallel-check-kKiAdn,pms-module-platform/src/main/resources/mapper/collection/CredentialGrantMapper.xml,NOOP_EXACT,same blob
prereq-parallel-check-kKiAdn,pms-module-platform/src/main/resources/mapper/collection/DeviceCredentialMapper.xml,NOOP_EXACT,same blob
prereq-parallel-check-kKiAdn,pms-module-platform/src/test/java/cn/iocoder/yudao/module/pms/platform/controller/admin/collection/DeviceCredentialControllerContractTest.java,CONFLICT_ADAPT_REQUIRED,"/cn/iocoder/yudao/module/pms/platform/controller/admin/collection/DeviceCredentialControllerContractTest.java...
error: pms-module-platform/src/test/java/cn/iocoder/yudao/module/pms/platform/controller/admin/collection/DeviceCredentialControllerContractTest.java: already exists in working directory
"
prereq-parallel-check-kKiAdn,pms-module-platform/src/test/java/cn/iocoder/yudao/module/pms/platform/service/collection/CollectionCallbackMySqlTest.java,NOOP_EXACT,same blob
prereq-parallel-check-kKiAdn,pms-module-platform/src/test/java/cn/iocoder/yudao/module/pms/platform/service/collection/CollectionCallbackServiceTest.java,NOOP_EXACT,same blob
prereq-parallel-check-kKiAdn,pms-module-platform/src/test/java/cn/iocoder/yudao/module/pms/platform/service/collection/CollectionCredentialConfigurationTest.java,NOOP_EXACT,same blob
prereq-parallel-check-kKiAdn,pms-module-platform/src/test/java/cn/iocoder/yudao/module/pms/platform/service/collection/CollectionTaskMySqlTest.java,NOOP_EXACT,same blob
prereq-parallel-check-kKiAdn,pms-module-platform/src/test/java/cn/iocoder/yudao/module/pms/platform/service/collection/CollectionTaskServiceTest.java,NOOP_EXACT,same blob
prereq-parallel-check-kKiAdn,pms-module-platform/src/test/java/cn/iocoder/yudao/module/pms/platform/service/collection/CollectionTaskStateMachineTest.java,NOOP_EXACT,same blob
prereq-parallel-check-kKiAdn,pms-module-platform/src/test/java/cn/iocoder/yudao/module/pms/platform/service/collection/CredentialTokenServiceTest.java,NOOP_EXACT,same blob
prereq-parallel-check-kKiAdn,pms-module-platform/src/test/java/cn/iocoder/yudao/module/pms/platform/service/collection/DeviceCredentialMySqlTest.java,NOOP_EXACT,same blob
prereq-parallel-check-kKiAdn,pms-module-platform/src/test/java/cn/iocoder/yudao/module/pms/platform/service/collection/DeviceCredentialServiceTest.java,NOOP_EXACT,same blob
prereq-parallel-check-kKiAdn,pms-module-platform/src/test/java/cn/iocoder/yudao/module/pms/platform/service/collection/RedisCredentialTokenStoreTest.java,NOOP_EXACT,same blob
prereq-parallel-check-kKiAdn,pms-module-platform/src/test/java/cn/iocoder/yudao/module/pms/platform/service/collection/TemporaryCollectionDispatchServiceTest.java,NOOP_EXACT,same blob
prereq-parallel-check-kKiAdn,pom.xml,APPLIED_THREE_WAY,clean file merge
prereq-parallel-check-kKiAdn,scripts/tests/test_specification_baseline.py,NOOP_EXACT,same blob
prereq-parallel-check-kKiAdn,sql/migrations/V104__device_ops_integration_foundation.sql,MIGRATION_ADAPT_REQUIRED,old source version; existing received migrations remain authoritative
prereq-parallel-check-kKiAdn,sql/migrations/V105__device_ops_credentials_and_dispatch.sql,MIGRATION_ADAPT_REQUIRED,old source version; existing received migrations remain authoritative
prereq-parallel-check-kKiAdn,sql/migrations/V106__device_ops_callback_consumption.sql,MIGRATION_ADAPT_REQUIRED,old source version; existing received migrations remain authoritative
prereq-parallel-check-kKiAdn,yudao-module-infra/pom.xml,CONFLICT_ADAPT_REQUIRED,"infra/pom.xml...
error: while searching for:
            <artifactId>tika-core</artifactId> <!-- 文件客户端：文件类型的识别 -->
        </dependency>

    </dependencies>

</project>

error: patch failed: yudao-module-infra/pom.xml:108
Applying patch yudao-module-infra/pom.xml with 1 reject...
Rejected hunk #1.
"
prereq-parallel-check-kKiAdn,yudao-module-infra/src/main/java/cn/iocoder/yudao/module/infra/api/file/ArtifactFileApi.java,EXCLUDED_DUPLICATE_OWNER,current PLT owner retained
prereq-parallel-check-kKiAdn,yudao-module-infra/src/main/java/cn/iocoder/yudao/module/infra/api/file/dto/ArtifactFileCreateCommand.java,EXCLUDED_DUPLICATE_OWNER,current PLT owner retained
prereq-parallel-check-kKiAdn,yudao-module-infra/src/main/java/cn/iocoder/yudao/module/infra/api/file/dto/ArtifactFileVersionDTO.java,EXCLUDED_DUPLICATE_OWNER,current PLT owner retained
prereq-parallel-check-kKiAdn,yudao-module-infra/src/main/java/cn/iocoder/yudao/module/infra/dal/dataobject/file/FileArtifactDO.java,EXCLUDED_DUPLICATE_OWNER,current PLT owner retained
prereq-parallel-check-kKiAdn,yudao-module-infra/src/main/java/cn/iocoder/yudao/module/infra/dal/dataobject/file/FileVersionDO.java,EXCLUDED_DUPLICATE_OWNER,current PLT owner retained
prereq-parallel-check-kKiAdn,yudao-module-infra/src/main/java/cn/iocoder/yudao/module/infra/dal/mysql/file/FileArtifactMapper.java,EXCLUDED_DUPLICATE_OWNER,current PLT owner retained
prereq-parallel-check-kKiAdn,yudao-module-infra/src/main/java/cn/iocoder/yudao/module/infra/dal/mysql/file/FileVersionMapper.java,EXCLUDED_DUPLICATE_OWNER,current PLT owner retained
prereq-parallel-check-kKiAdn,yudao-module-infra/src/main/java/cn/iocoder/yudao/module/infra/framework/file/core/client/FileClient.java,NOOP_EXACT,same blob
prereq-parallel-check-kKiAdn,yudao-module-infra/src/main/java/cn/iocoder/yudao/module/infra/framework/file/core/client/db/DBFileClient.java,NOOP_EXACT,same blob
prereq-parallel-check-kKiAdn,yudao-module-infra/src/main/java/cn/iocoder/yudao/module/infra/framework/file/core/client/ftp/FtpFileClient.java,NOOP_EXACT,same blob
prereq-parallel-check-kKiAdn,yudao-module-infra/src/main/java/cn/iocoder/yudao/module/infra/framework/file/core/client/local/LocalFileClient.java,NOOP_EXACT,same blob
prereq-parallel-check-kKiAdn,yudao-module-infra/src/main/java/cn/iocoder/yudao/module/infra/framework/file/core/client/s3/S3FileClient.java,NOOP_EXACT,same blob
prereq-parallel-check-kKiAdn,yudao-module-infra/src/main/java/cn/iocoder/yudao/module/infra/framework/file/core/client/sftp/SftpFileClient.java,NOOP_EXACT,same blob
prereq-parallel-check-kKiAdn,yudao-module-infra/src/main/java/cn/iocoder/yudao/module/infra/service/file/ArtifactFileApiImpl.java,EXCLUDED_DUPLICATE_OWNER,current PLT owner retained
prereq-parallel-check-kKiAdn,yudao-module-infra/src/main/java/cn/iocoder/yudao/module/infra/service/file/ArtifactFileService.java,EXCLUDED_DUPLICATE_OWNER,current PLT owner retained
prereq-parallel-check-kKiAdn,yudao-module-infra/src/test/java/cn/iocoder/yudao/module/infra/service/file/ArtifactFileServiceTest.java,EXCLUDED_DUPLICATE_OWNER,current PLT owner retained
codex/f-cut-001-matrices,pms-module-asset/pms-module-asset-api/src/main/java/cn/iocoder/yudao/module/pms/asset/api/device/DeviceScopeFactApi.java,NOOP_EXACT,same blob
codex/f-cut-001-matrices,pms-module-asset/pms-module-asset-api/src/main/java/cn/iocoder/yudao/module/pms/asset/api/device/DeviceScopeFactException.java,NOOP_EXACT,same blob
codex/f-cut-001-matrices,pms-module-asset/pms-module-asset-api/src/main/java/cn/iocoder/yudao/module/pms/asset/api/device/dto/DeviceScopeFact.java,NOOP_EXACT,same blob
codex/f-cut-001-matrices,pms-module-asset/pms-module-asset-api/src/main/java/cn/iocoder/yudao/module/pms/asset/api/device/dto/DeviceScopeInvalidItem.java,NOOP_EXACT,same blob
codex/f-cut-001-matrices,pms-module-asset/pms-module-asset-api/src/main/java/cn/iocoder/yudao/module/pms/asset/api/device/dto/DeviceScopeResolutionResult.java,NOOP_EXACT,same blob
codex/f-cut-001-matrices,pms-module-asset/pms-module-asset-api/src/main/java/cn/iocoder/yudao/module/pms/asset/api/device/dto/DeviceScopeResolveQuery.java,NOOP_EXACT,same blob
codex/f-cut-001-matrices,pms-module-asset/pms-module-asset-api/src/main/java/cn/iocoder/yudao/module/pms/asset/api/device/dto/DeviceScopeRevalidationQuery.java,NOOP_EXACT,same blob
codex/f-cut-001-matrices,pms-module-asset/pms-module-asset-api/src/main/java/cn/iocoder/yudao/module/pms/asset/api/device/dto/DeviceScopeRevalidationResult.java,NOOP_EXACT,same blob
codex/f-cut-001-matrices,pms-module-asset/src/main/java/cn/iocoder/yudao/module/pms/asset/api/device/DeviceScopeFactApiImpl.java,NOOP_EXACT,same blob
codex/f-cut-001-matrices,pms-module-asset/src/main/java/cn/iocoder/yudao/module/pms/asset/api/device/DeviceScopeFactTransactionExecutor.java,NOOP_EXACT,same blob
codex/f-cut-001-matrices,pms-module-asset/src/main/java/cn/iocoder/yudao/module/pms/asset/dal/mysql/device/DeviceMapper.java,NOOP_EXACT,same blob
codex/f-cut-001-matrices,pms-module-asset/src/main/java/cn/iocoder/yudao/module/pms/asset/dal/mysql/device/query/DeviceScopeLockQuery.java,NOOP_EXACT,same blob
codex/f-cut-001-matrices,pms-module-asset/src/main/java/cn/iocoder/yudao/module/pms/asset/dal/mysql/device/query/DeviceScopeSerialListQuery.java,NOOP_EXACT,same blob
codex/f-cut-001-matrices,pms-module-asset/src/main/resources/mapper/device/DeviceCommandMapper.xml,NOOP_EXACT,same blob
codex/f-cut-001-matrices,pms-module-asset/src/main/resources/mapper/device/DeviceQueryMapper.xml,NOOP_EXACT,same blob
codex/f-cut-001-matrices,pms-module-asset/src/test/java/cn/iocoder/yudao/module/pms/asset/api/device/DeviceScopeFactApiContractTest.java,NOOP_EXACT,same blob
codex/f-cut-001-matrices,pms-module-asset/src/test/java/cn/iocoder/yudao/module/pms/asset/api/device/DeviceScopeFactApiImplTest.java,NOOP_EXACT,same blob
codex/f-cut-001-matrices,pms-module-asset/src/test/java/cn/iocoder/yudao/module/pms/asset/api/device/DeviceScopeFactApiMySqlTest.java,NOOP_EXACT,same blob
codex/f-cut-001-matrices,pms-module-asset/src/test/java/cn/iocoder/yudao/module/pms/asset/api/device/DeviceScopeFactTransactionBoundaryTest.java,NOOP_EXACT,same blob
codex/f-cut-001-matrices,pms-module-asset/src/test/java/cn/iocoder/yudao/module/pms/asset/dal/DeviceScopeFactMapperContractTest.java,NOOP_EXACT,same blob
codex/f-cut-001-matrices,pms-module-commerce/pms-module-commerce-api/src/main/java/cn/iocoder/yudao/module/pms/commerce/api/authority/CommerceAuthorityIngestApi.java,NOOP_EXACT,same blob
codex/f-cut-001-matrices,pms-module-commerce/pms-module-commerce-api/src/main/java/cn/iocoder/yudao/module/pms/commerce/api/authority/CommerceAuthorityIngestException.java,NOOP_EXACT,same blob
codex/f-cut-001-matrices,pms-module-commerce/pms-module-commerce-api/src/main/java/cn/iocoder/yudao/module/pms/commerce/api/authority/dto/CommerceAuthorityBatchCommand.java,CONFLICT_ADAPT_REQUIRED,"/src/main/java/cn/iocoder/yudao/module/pms/commerce/api/authority/dto/CommerceAuthorityBatchCommand.java...
error: pms-module-commerce/pms-module-commerce-api/src/main/java/cn/iocoder/yudao/module/pms/commerce/api/authority/dto/CommerceAuthorityBatchCommand.java: already exists in working directory
"
codex/f-cut-001-matrices,pms-module-commerce/pms-module-commerce-api/src/main/java/cn/iocoder/yudao/module/pms/commerce/api/authority/dto/CommerceAuthorityBatchResult.java,NOOP_EXACT,same blob
codex/f-cut-001-matrices,pms-module-commerce/pms-module-commerce-api/src/main/java/cn/iocoder/yudao/module/pms/commerce/api/authority/dto/CommerceAuthorityContractRules.java,NOOP_EXACT,same blob
codex/f-cut-001-matrices,pms-module-commerce/pms-module-commerce-api/src/main/java/cn/iocoder/yudao/module/pms/commerce/api/authority/dto/CommerceContractFact.java,CONFLICT_ADAPT_REQUIRED,"odule-commerce-api/src/main/java/cn/iocoder/yudao/module/pms/commerce/api/authority/dto/CommerceContractFact.java...
error: pms-module-commerce/pms-module-commerce-api/src/main/java/cn/iocoder/yudao/module/pms/commerce/api/authority/dto/CommerceContractFact.java: already exists in working directory
"
codex/f-cut-001-matrices,pms-module-commerce/pms-module-commerce-api/src/main/java/cn/iocoder/yudao/module/pms/commerce/api/authority/dto/CommerceOrderContractRelationFact.java,NOOP_EXACT,same blob
codex/f-cut-001-matrices,pms-module-commerce/pms-module-commerce-api/src/main/java/cn/iocoder/yudao/module/pms/commerce/api/authority/dto/CommerceOrderLineFact.java,CONFLICT_ADAPT_REQUIRED,"ule-commerce-api/src/main/java/cn/iocoder/yudao/module/pms/commerce/api/authority/dto/CommerceOrderLineFact.java...
error: pms-module-commerce/pms-module-commerce-api/src/main/java/cn/iocoder/yudao/module/pms/commerce/api/authority/dto/CommerceOrderLineFact.java: already exists in working directory
"
codex/f-cut-001-matrices,pms-module-commerce/pms-module-commerce-api/src/main/java/cn/iocoder/yudao/module/pms/commerce/api/authority/dto/CommerceSalesOrderFact.java,CONFLICT_ADAPT_REQUIRED,"e-commerce-api/src/main/java/cn/iocoder/yudao/module/pms/commerce/api/authority/dto/CommerceSalesOrderFact.java...
error: pms-module-commerce/pms-module-commerce-api/src/main/java/cn/iocoder/yudao/module/pms/commerce/api/authority/dto/CommerceSalesOrderFact.java: already exists in working directory
"
codex/f-cut-001-matrices,pms-module-commerce/pms-module-commerce-api/src/main/java/cn/iocoder/yudao/module/pms/commerce/api/authority/dto/CommerceSourceLifecycleStatus.java,NOOP_EXACT,same blob
codex/f-cut-001-matrices,pms-module-commerce/pms-module-commerce-api/src/main/java/cn/iocoder/yudao/module/pms/commerce/api/scope/DeliveryScopeApi.java,NOOP_EXACT,same blob
codex/f-cut-001-matrices,pms-module-commerce/pms-module-commerce-api/src/main/java/cn/iocoder/yudao/module/pms/commerce/api/scope/DeliveryScopeFactException.java,NOOP_EXACT,same blob
codex/f-cut-001-matrices,pms-module-commerce/pms-module-commerce-api/src/main/java/cn/iocoder/yudao/module/pms/commerce/api/scope/dto/AssignedDeliveryScopeLine.java,NOOP_EXACT,same blob
codex/f-cut-001-matrices,pms-module-commerce/pms-module-commerce-api/src/main/java/cn/iocoder/yudao/module/pms/commerce/api/scope/dto/AssignedDeliveryScopeResult.java,NOOP_EXACT,same blob
codex/f-cut-001-matrices,pms-module-commerce/pom.xml,APPLIED_THREE_WAY,clean file merge
codex/f-cut-001-matrices,pms-module-commerce/src/main/java/cn/iocoder/yudao/module/pms/commerce/api/authority/CommerceAuthorityIngestApiImpl.java,NOOP_EXACT,same blob
codex/f-cut-001-matrices,pms-module-commerce/src/main/java/cn/iocoder/yudao/module/pms/commerce/dal/dataobject/authority/AuthorityCandidateDO.java,CONFLICT_ADAPT_REQUIRED,"ng patch pms-module-commerce/src/main/java/cn/iocoder/yudao/module/pms/commerce/dal/dataobject/authority/AuthorityCandidateDO.java...
error: pms-module-commerce/src/main/java/cn/iocoder/yudao/module/pms/commerce/dal/dataobject/authority/AuthorityCandidateDO.java: already exists in working directory
"
codex/f-cut-001-matrices,pms-module-commerce/src/main/java/cn/iocoder/yudao/module/pms/commerce/dal/dataobject/authority/ContractDO.java,NOOP_EXACT,same blob
codex/f-cut-001-matrices,pms-module-commerce/src/main/java/cn/iocoder/yudao/module/pms/commerce/dal/dataobject/authority/SalesOrderContractRelationDO.java,CONFLICT_ADAPT_REQUIRED,"ule-commerce/src/main/java/cn/iocoder/yudao/module/pms/commerce/dal/dataobject/authority/SalesOrderContractRelationDO.java...
error: pms-module-commerce/src/main/java/cn/iocoder/yudao/module/pms/commerce/dal/dataobject/authority/SalesOrderContractRelationDO.java: already exists in working directory
"
codex/f-cut-001-matrices,pms-module-commerce/src/main/java/cn/iocoder/yudao/module/pms/commerce/dal/dataobject/authority/SalesOrderDO.java,NOOP_EXACT,same blob
codex/f-cut-001-matrices,pms-module-commerce/src/main/java/cn/iocoder/yudao/module/pms/commerce/dal/dataobject/scope/DeliveryScopeDetailDO.java,APPLIED_THREE_WAY,clean file merge
codex/f-cut-001-matrices,pms-module-commerce/src/main/java/cn/iocoder/yudao/module/pms/commerce/dal/dataobject/scope/DeliveryScopeProjectVersionDO.java,NOOP_EXACT,same blob
codex/f-cut-001-matrices,pms-module-commerce/src/main/java/cn/iocoder/yudao/module/pms/commerce/dal/dataobject/scope/OrderLineDO.java,APPLIED_THREE_WAY,clean file merge
codex/f-cut-001-matrices,pms-module-commerce/src/main/java/cn/iocoder/yudao/module/pms/commerce/dal/dataobject/scope/ProjectContractRelationDO.java,NOOP_EXACT,same blob
codex/f-cut-001-matrices,pms-module-commerce/src/main/java/cn/iocoder/yudao/module/pms/commerce/dal/mysql/authority/AuthorityCandidateMapper.java,NOOP_EXACT,same blob
codex/f-cut-001-matrices,pms-module-commerce/src/main/java/cn/iocoder/yudao/module/pms/commerce/dal/mysql/authority/AuthorityCandidateOwnerFact.java,CONFLICT_ADAPT_REQUIRED,"atch pms-module-commerce/src/main/java/cn/iocoder/yudao/module/pms/commerce/dal/mysql/authority/AuthorityCandidateOwnerFact.java...
error: pms-module-commerce/src/main/java/cn/iocoder/yudao/module/pms/commerce/dal/mysql/authority/AuthorityCandidateOwnerFact.java: already exists in working directory
"
codex/f-cut-001-matrices,pms-module-commerce/src/main/java/cn/iocoder/yudao/module/pms/commerce/dal/mysql/authority/AuthorityScopeImpactMapper.java,NOOP_EXACT,same blob
codex/f-cut-001-matrices,pms-module-commerce/src/main/java/cn/iocoder/yudao/module/pms/commerce/dal/mysql/authority/ContractAuthorityMapper.java,CONFLICT_ADAPT_REQUIRED,"ecking patch pms-module-commerce/src/main/java/cn/iocoder/yudao/module/pms/commerce/dal/mysql/authority/ContractAuthorityMapper.java...
error: pms-module-commerce/src/main/java/cn/iocoder/yudao/module/pms/commerce/dal/mysql/authority/ContractAuthorityMapper.java: already exists in working directory
"
codex/f-cut-001-matrices,pms-module-commerce/src/main/java/cn/iocoder/yudao/module/pms/commerce/dal/mysql/authority/OrderContractRelationAuthorityMapper.java,NOOP_EXACT,same blob
codex/f-cut-001-matrices,pms-module-commerce/src/main/java/cn/iocoder/yudao/module/pms/commerce/dal/mysql/authority/OrderLineAuthorityMapper.java,CONFLICT_ADAPT_REQUIRED,"king patch pms-module-commerce/src/main/java/cn/iocoder/yudao/module/pms/commerce/dal/mysql/authority/OrderLineAuthorityMapper.java...
error: pms-module-commerce/src/main/java/cn/iocoder/yudao/module/pms/commerce/dal/mysql/authority/OrderLineAuthorityMapper.java: already exists in working directory
"
codex/f-cut-001-matrices,pms-module-commerce/src/main/java/cn/iocoder/yudao/module/pms/commerce/dal/mysql/authority/SalesOrderAuthorityMapper.java,CONFLICT_ADAPT_REQUIRED,"ng patch pms-module-commerce/src/main/java/cn/iocoder/yudao/module/pms/commerce/dal/mysql/authority/SalesOrderAuthorityMapper.java...
error: pms-module-commerce/src/main/java/cn/iocoder/yudao/module/pms/commerce/dal/mysql/authority/SalesOrderAuthorityMapper.java: already exists in working directory
"
codex/f-cut-001-matrices,pms-module-commerce/src/main/java/cn/iocoder/yudao/module/pms/commerce/dal/mysql/authority/query/AuthorityCandidateDecisionUpdate.java,CONFLICT_ADAPT_REQUIRED,"ce/src/main/java/cn/iocoder/yudao/module/pms/commerce/dal/mysql/authority/query/AuthorityCandidateDecisionUpdate.java...
error: pms-module-commerce/src/main/java/cn/iocoder/yudao/module/pms/commerce/dal/mysql/authority/query/AuthorityCandidateDecisionUpdate.java: already exists in working directory
"
codex/f-cut-001-matrices,pms-module-commerce/src/main/java/cn/iocoder/yudao/module/pms/commerce/dal/mysql/authority/query/AuthorityCandidateIdQuery.java,NOOP_EXACT,same blob
codex/f-cut-001-matrices,pms-module-commerce/src/main/java/cn/iocoder/yudao/module/pms/commerce/dal/mysql/authority/query/AuthorityCandidateIdentityQuery.java,NOOP_EXACT,same blob
codex/f-cut-001-matrices,pms-module-commerce/src/main/java/cn/iocoder/yudao/module/pms/commerce/dal/mysql/authority/query/AuthorityCandidateOwnerQuery.java,NOOP_EXACT,same blob
codex/f-cut-001-matrices,pms-module-commerce/src/main/java/cn/iocoder/yudao/module/pms/commerce/dal/mysql/authority/query/AuthorityCandidateVisibleQuery.java,NOOP_EXACT,same blob
codex/f-cut-001-matrices,pms-module-commerce/src/main/java/cn/iocoder/yudao/module/pms/commerce/dal/mysql/authority/query/AuthorityProjectVersionQuery.java,NOOP_EXACT,same blob
codex/f-cut-001-matrices,pms-module-commerce/src/main/java/cn/iocoder/yudao/module/pms/commerce/dal/mysql/authority/query/AuthorityRelationQuery.java,NOOP_EXACT,same blob
codex/f-cut-001-matrices,pms-module-commerce/src/main/java/cn/iocoder/yudao/module/pms/commerce/dal/mysql/authority/query/AuthorityScopeDetailsQuery.java,NOOP_EXACT,same blob
codex/f-cut-001-matrices,pms-module-commerce/src/main/java/cn/iocoder/yudao/module/pms/commerce/dal/mysql/authority/query/AuthorityScopeImpactQuery.java,NOOP_EXACT,same blob
codex/f-cut-001-matrices,pms-module-commerce/src/main/java/cn/iocoder/yudao/module/pms/commerce/dal/mysql/authority/query/AuthorityScopeReleaseUpdate.java,NOOP_EXACT,same blob
codex/f-cut-001-matrices,pms-module-commerce/src/main/java/cn/iocoder/yudao/module/pms/commerce/dal/mysql/authority/query/AuthoritySourceQuery.java,NOOP_EXACT,same blob
codex/f-cut-001-matrices,pms-module-commerce/src/main/java/cn/iocoder/yudao/module/pms/commerce/dal/mysql/authority/query/ContractAuthorityUpdate.java,CONFLICT_ADAPT_REQUIRED," pms-module-commerce/src/main/java/cn/iocoder/yudao/module/pms/commerce/dal/mysql/authority/query/ContractAuthorityUpdate.java...
error: pms-module-commerce/src/main/java/cn/iocoder/yudao/module/pms/commerce/dal/mysql/authority/query/ContractAuthorityUpdate.java: already exists in working directory
"
codex/f-cut-001-matrices,pms-module-commerce/src/main/java/cn/iocoder/yudao/module/pms/commerce/dal/mysql/authority/query/OrderLineAuthorityUpdate.java,CONFLICT_ADAPT_REQUIRED,"ms-module-commerce/src/main/java/cn/iocoder/yudao/module/pms/commerce/dal/mysql/authority/query/OrderLineAuthorityUpdate.java...
error: pms-module-commerce/src/main/java/cn/iocoder/yudao/module/pms/commerce/dal/mysql/authority/query/OrderLineAuthorityUpdate.java: already exists in working directory
"
codex/f-cut-001-matrices,pms-module-commerce/src/main/java/cn/iocoder/yudao/module/pms/commerce/dal/mysql/authority/query/SalesOrderAuthorityUpdate.java,CONFLICT_ADAPT_REQUIRED,"-module-commerce/src/main/java/cn/iocoder/yudao/module/pms/commerce/dal/mysql/authority/query/SalesOrderAuthorityUpdate.java...
error: pms-module-commerce/src/main/java/cn/iocoder/yudao/module/pms/commerce/dal/mysql/authority/query/SalesOrderAuthorityUpdate.java: already exists in working directory
"
codex/f-cut-001-matrices,pms-module-commerce/src/main/java/cn/iocoder/yudao/module/pms/commerce/dal/mysql/scope/CommerceDeliveryScopeCommandMapper.java,NOOP_EXACT,same blob
codex/f-cut-001-matrices,pms-module-commerce/src/main/java/cn/iocoder/yudao/module/pms/commerce/dal/mysql/scope/query/CommerceDeliveryScopeCommandQuery.java,NOOP_EXACT,same blob
codex/f-cut-001-matrices,pms-module-commerce/src/main/java/cn/iocoder/yudao/module/pms/commerce/domain/scope/DeliveryScopeStateMachine.java,NOOP_EXACT,same blob
codex/f-cut-001-matrices,pms-module-commerce/src/main/java/cn/iocoder/yudao/module/pms/commerce/domain/scope/DeliveryScopeValidationRules.java,NOOP_EXACT,same blob
codex/f-cut-001-matrices,pms-module-commerce/src/main/java/cn/iocoder/yudao/module/pms/commerce/service/authority/AuthorityPayloadCanonicalizer.java,CONFLICT_ADAPT_REQUIRED,"atch pms-module-commerce/src/main/java/cn/iocoder/yudao/module/pms/commerce/service/authority/AuthorityPayloadCanonicalizer.java...
error: pms-module-commerce/src/main/java/cn/iocoder/yudao/module/pms/commerce/service/authority/AuthorityPayloadCanonicalizer.java: already exists in working directory
"
codex/f-cut-001-matrices,pms-module-commerce/src/main/java/cn/iocoder/yudao/module/pms/commerce/service/authority/CommerceAuthorityCandidateService.java,CONFLICT_ADAPT_REQUIRED,"-module-commerce/src/main/java/cn/iocoder/yudao/module/pms/commerce/service/authority/CommerceAuthorityCandidateService.java...
error: pms-module-commerce/src/main/java/cn/iocoder/yudao/module/pms/commerce/service/authority/CommerceAuthorityCandidateService.java: already exists in working directory
"
codex/f-cut-001-matrices,pms-module-commerce/src/main/java/cn/iocoder/yudao/module/pms/commerce/service/authority/CommerceAuthorityIngestService.java,CONFLICT_ADAPT_REQUIRED,"ch pms-module-commerce/src/main/java/cn/iocoder/yudao/module/pms/commerce/service/authority/CommerceAuthorityIngestService.java...
error: pms-module-commerce/src/main/java/cn/iocoder/yudao/module/pms/commerce/service/authority/CommerceAuthorityIngestService.java: already exists in working directory
"
codex/f-cut-001-matrices,pms-module-commerce/src/main/java/cn/iocoder/yudao/module/pms/commerce/service/authorization/CompanyScopeGuard.java,NOOP_EXACT,same blob
codex/f-cut-001-matrices,pms-module-commerce/src/main/java/cn/iocoder/yudao/module/pms/commerce/service/scope/CommerceDeliveryScopeCommandException.java,NOOP_EXACT,same blob
codex/f-cut-001-matrices,pms-module-commerce/src/main/java/cn/iocoder/yudao/module/pms/commerce/service/scope/CommerceDeliveryScopeCommandService.java,CONFLICT_ADAPT_REQUIRED," pms-module-commerce/src/main/java/cn/iocoder/yudao/module/pms/commerce/service/scope/CommerceDeliveryScopeCommandService.java...
error: pms-module-commerce/src/main/java/cn/iocoder/yudao/module/pms/commerce/service/scope/CommerceDeliveryScopeCommandService.java: already exists in working directory
"
codex/f-cut-001-matrices,pms-module-commerce/src/main/java/cn/iocoder/yudao/module/pms/commerce/service/scope/CommerceDeliveryScopeCommands.java,NOOP_EXACT,same blob
codex/f-cut-001-matrices,pms-module-commerce/src/main/java/cn/iocoder/yudao/module/pms/commerce/service/scope/DeviceAndLocationFactAdapter.java,NOOP_EXACT,same blob
codex/f-cut-001-matrices,pms-module-commerce/src/main/java/cn/iocoder/yudao/module/pms/commerce/service/scope/ProjectScopeQualificationAdapter.java,NOOP_EXACT,same blob
codex/f-cut-001-matrices,pms-module-commerce/src/main/resources/mapper/authority/AuthorityCandidateMapper.xml,CONFLICT_ADAPT_REQUIRED,"Checking patch pms-module-commerce/src/main/resources/mapper/authority/AuthorityCandidateMapper.xml...
error: pms-module-commerce/src/main/resources/mapper/authority/AuthorityCandidateMapper.xml: already exists in working directory
"
codex/f-cut-001-matrices,pms-module-commerce/src/main/resources/mapper/authority/AuthorityScopeImpactMapper.xml,CONFLICT_ADAPT_REQUIRED,"Checking patch pms-module-commerce/src/main/resources/mapper/authority/AuthorityScopeImpactMapper.xml...
error: pms-module-commerce/src/main/resources/mapper/authority/AuthorityScopeImpactMapper.xml: already exists in working directory
"
codex/f-cut-001-matrices,pms-module-commerce/src/main/resources/mapper/authority/ContractAuthorityMapper.xml,CONFLICT_ADAPT_REQUIRED,"Checking patch pms-module-commerce/src/main/resources/mapper/authority/ContractAuthorityMapper.xml...
error: pms-module-commerce/src/main/resources/mapper/authority/ContractAuthorityMapper.xml: already exists in working directory
"
codex/f-cut-001-matrices,pms-module-commerce/src/main/resources/mapper/authority/OrderContractRelationAuthorityMapper.xml,CONFLICT_ADAPT_REQUIRED,"Checking patch pms-module-commerce/src/main/resources/mapper/authority/OrderContractRelationAuthorityMapper.xml...
error: pms-module-commerce/src/main/resources/mapper/authority/OrderContractRelationAuthorityMapper.xml: already exists in working directory
"
codex/f-cut-001-matrices,pms-module-commerce/src/main/resources/mapper/authority/OrderLineAuthorityMapper.xml,CONFLICT_ADAPT_REQUIRED,"Checking patch pms-module-commerce/src/main/resources/mapper/authority/OrderLineAuthorityMapper.xml...
error: pms-module-commerce/src/main/resources/mapper/authority/OrderLineAuthorityMapper.xml: already exists in working directory
"
codex/f-cut-001-matrices,pms-module-commerce/src/main/resources/mapper/authority/SalesOrderAuthorityMapper.xml,CONFLICT_ADAPT_REQUIRED,"Checking patch pms-module-commerce/src/main/resources/mapper/authority/SalesOrderAuthorityMapper.xml...
error: pms-module-commerce/src/main/resources/mapper/authority/SalesOrderAuthorityMapper.xml: already exists in working directory
"
codex/f-cut-001-matrices,pms-module-commerce/src/main/resources/mapper/scope/CommerceDeliveryScopeCommandMapper.xml,NOOP_EXACT,same blob
codex/f-cut-001-matrices,pms-module-commerce/src/test/java/cn/iocoder/yudao/module/pms/commerce/FCom001MigrationContractTest.java,NOOP_EXACT,same blob
codex/f-cut-001-matrices,pms-module-commerce/src/test/java/cn/iocoder/yudao/module/pms/commerce/FCom001MigrationMySqlTest.java,NOOP_EXACT,same blob
codex/f-cut-001-matrices,pms-module-commerce/src/test/java/cn/iocoder/yudao/module/pms/commerce/FCom001RelationIdentityMigrationContractTest.java,NOOP_EXACT,same blob
codex/f-cut-001-matrices,pms-module-commerce/src/test/java/cn/iocoder/yudao/module/pms/commerce/api/CommercePublicContractTest.java,CONFLICT_ADAPT_REQUIRED,"Checking patch pms-module-commerce/src/test/java/cn/iocoder/yudao/module/pms/commerce/api/CommercePublicContractTest.java...
error: pms-module-commerce/src/test/java/cn/iocoder/yudao/module/pms/commerce/api/CommercePublicContractTest.java: already exists in working directory
"
codex/f-cut-001-matrices,pms-module-commerce/src/test/java/cn/iocoder/yudao/module/pms/commerce/dal/mysql/scope/CommerceDeliveryScopeCommandMapperContractTest.java,NOOP_EXACT,same blob
codex/f-cut-001-matrices,pms-module-commerce/src/test/java/cn/iocoder/yudao/module/pms/commerce/service/authority/CommerceAuthorityCandidateMySqlTest.java,CONFLICT_ADAPT_REQUIRED,"ule-commerce/src/test/java/cn/iocoder/yudao/module/pms/commerce/service/authority/CommerceAuthorityCandidateMySqlTest.java...
error: pms-module-commerce/src/test/java/cn/iocoder/yudao/module/pms/commerce/service/authority/CommerceAuthorityCandidateMySqlTest.java: already exists in working directory
"
codex/f-cut-001-matrices,pms-module-commerce/src/test/java/cn/iocoder/yudao/module/pms/commerce/service/authority/CommerceAuthorityCandidateServiceTest.java,CONFLICT_ADAPT_REQUIRED,"commerce/src/test/java/cn/iocoder/yudao/module/pms/commerce/service/authority/CommerceAuthorityCandidateServiceTest.java...
error: pms-module-commerce/src/test/java/cn/iocoder/yudao/module/pms/commerce/service/authority/CommerceAuthorityCandidateServiceTest.java: already exists in working directory
"
codex/f-cut-001-matrices,pms-module-commerce/src/test/java/cn/iocoder/yudao/module/pms/commerce/service/authority/CommerceAuthorityIngestMySqlTest.java,CONFLICT_ADAPT_REQUIRED,"ms-module-commerce/src/test/java/cn/iocoder/yudao/module/pms/commerce/service/authority/CommerceAuthorityIngestMySqlTest.java...
error: pms-module-commerce/src/test/java/cn/iocoder/yudao/module/pms/commerce/service/authority/CommerceAuthorityIngestMySqlTest.java: already exists in working directory
"
codex/f-cut-001-matrices,pms-module-commerce/src/test/java/cn/iocoder/yudao/module/pms/commerce/service/authority/CommerceAuthorityIngestServiceTest.java,CONFLICT_ADAPT_REQUIRED,"odule-commerce/src/test/java/cn/iocoder/yudao/module/pms/commerce/service/authority/CommerceAuthorityIngestServiceTest.java...
error: pms-module-commerce/src/test/java/cn/iocoder/yudao/module/pms/commerce/service/authority/CommerceAuthorityIngestServiceTest.java: already exists in working directory
"
codex/f-cut-001-matrices,pms-module-commerce/src/test/java/cn/iocoder/yudao/module/pms/commerce/service/scope/CommerceDeliveryScopeAuditContractTest.java,NOOP_EXACT,same blob
codex/f-cut-001-matrices,pms-module-commerce/src/test/java/cn/iocoder/yudao/module/pms/commerce/service/scope/CommerceDeliveryScopeCommandMySqlTest.java,NOOP_EXACT,same blob
codex/f-cut-001-matrices,pms-module-commerce/src/test/java/cn/iocoder/yudao/module/pms/commerce/service/scope/CommerceDeliveryScopeCommandServiceTest.java,CONFLICT_ADAPT_REQUIRED,"ule-commerce/src/test/java/cn/iocoder/yudao/module/pms/commerce/service/scope/CommerceDeliveryScopeCommandServiceTest.java...
error: pms-module-commerce/src/test/java/cn/iocoder/yudao/module/pms/commerce/service/scope/CommerceDeliveryScopeCommandServiceTest.java: already exists in working directory
"
codex/f-cut-001-matrices,pms-module-commerce/src/test/java/cn/iocoder/yudao/module/pms/commerce/service/scope/DeviceAndLocationFactAdapterTest.java,NOOP_EXACT,same blob
codex/f-cut-001-matrices,pms-module-customer/pms-module-customer-api/src/main/java/cn/iocoder/yudao/module/pms/customer/api/servicelevel/CustomerServiceLevelFactApi.java,NOOP_EXACT,same blob
codex/f-cut-001-matrices,pms-module-customer/pms-module-customer-api/src/main/java/cn/iocoder/yudao/module/pms/customer/api/servicelevel/CustomerServiceLevelFactException.java,NOOP_EXACT,same blob
codex/f-cut-001-matrices,pms-module-customer/pms-module-customer-api/src/main/java/cn/iocoder/yudao/module/pms/customer/api/servicelevel/dto/CustomerServiceLevelFact.java,NOOP_EXACT,same blob
codex/f-cut-001-matrices,pms-module-customer/pms-module-customer-api/src/main/java/cn/iocoder/yudao/module/pms/customer/api/servicelevel/dto/CustomerServiceLevelFactQuery.java,NOOP_EXACT,same blob
codex/f-cut-001-matrices,pms-module-customer/pms-module-customer-api/src/main/java/cn/iocoder/yudao/module/pms/customer/api/servicelevel/dto/CustomerServiceLevelFactResult.java,NOOP_EXACT,same blob
codex/f-cut-001-matrices,pms-module-customer/pms-module-customer-api/src/main/java/cn/iocoder/yudao/module/pms/customer/api/servicelevel/dto/CustomerServiceLevelFactRevalidationQuery.java,NOOP_EXACT,same blob
codex/f-cut-001-matrices,pms-module-customer/pms-module-customer-api/src/main/java/cn/iocoder/yudao/module/pms/customer/api/servicelevel/dto/ExpectedCustomerServiceLevelFact.java,NOOP_EXACT,same blob
codex/f-cut-001-matrices,pms-module-customer/src/test/java/cn/iocoder/yudao/module/pms/customer/api/servicelevel/CustomerServiceLevelFactApiContractTest.java,NOOP_EXACT,same blob
codex/f-cut-001-matrices,pms-module-cutover-api/pom.xml,NOOP_EXACT,same blob
codex/f-cut-001-matrices,pms-module-cutover-api/src/main/java/cn/iocoder/yudao/module/pms/cutover/api/approval/CutoverApprovalFactApi.java,NOOP_EXACT,same blob
codex/f-cut-001-matrices,pms-module-cutover-api/src/main/java/cn/iocoder/yudao/module/pms/cutover/api/approval/CutoverApprovalFactException.java,NOOP_EXACT,same blob
codex/f-cut-001-matrices,pms-module-cutover-api/src/main/java/cn/iocoder/yudao/module/pms/cutover/api/approval/dto/ApprovalContractRules.java,NOOP_EXACT,same blob
codex/f-cut-001-matrices,pms-module-cutover-api/src/main/java/cn/iocoder/yudao/module/pms/cutover/api/approval/dto/ApprovalStatus.java,NOOP_EXACT,same blob
codex/f-cut-001-matrices,pms-module-cutover-api/src/main/java/cn/iocoder/yudao/module/pms/cutover/api/approval/dto/CommandOutcome.java,NOOP_EXACT,same blob
codex/f-cut-001-matrices,pms-module-cutover-api/src/main/java/cn/iocoder/yudao/module/pms/cutover/api/approval/dto/CutoverApprovalCommandResult.java,NOOP_EXACT,same blob
codex/f-cut-001-matrices,pms-module-cutover-api/src/main/java/cn/iocoder/yudao/module/pms/cutover/api/approval/dto/CutoverApprovalFact.java,NOOP_EXACT,same blob
codex/f-cut-001-matrices,pms-module-cutover-api/src/main/java/cn/iocoder/yudao/module/pms/cutover/api/approval/dto/CutoverApprovalFactQuery.java,NOOP_EXACT,same blob
codex/f-cut-001-matrices,pms-module-cutover-api/src/main/java/cn/iocoder/yudao/module/pms/cutover/api/approval/dto/CutoverApprovalInspectResult.java,NOOP_EXACT,same blob
codex/f-cut-001-matrices,pms-module-cutover-api/src/main/java/cn/iocoder/yudao/module/pms/cutover/api/approval/dto/CutoverApprovalPauseCommand.java,NOOP_EXACT,same blob
codex/f-cut-001-matrices,pms-module-cutover-api/src/main/java/cn/iocoder/yudao/module/pms/cutover/api/approval/dto/CutoverApprovalRevalidationQuery.java,NOOP_EXACT,same blob
codex/f-cut-001-matrices,pms-module-cutover-api/src/main/java/cn/iocoder/yudao/module/pms/cutover/api/approval/dto/CutoverApprovalRevalidationResult.java,NOOP_EXACT,same blob
codex/f-cut-001-matrices,pms-module-cutover-api/src/main/java/cn/iocoder/yudao/module/pms/cutover/api/approval/dto/CutoverApprovalStartCommand.java,NOOP_EXACT,same blob
codex/f-cut-001-matrices,pms-module-cutover-api/src/main/java/cn/iocoder/yudao/module/pms/cutover/api/approval/dto/CutoverApprovalStartResult.java,NOOP_EXACT,same blob
codex/f-cut-001-matrices,pms-module-cutover-api/src/main/java/cn/iocoder/yudao/module/pms/cutover/api/approval/dto/ExpectedCutoverApprovalFact.java,NOOP_EXACT,same blob
codex/f-cut-001-matrices,pms-module-cutover-api/src/main/java/cn/iocoder/yudao/module/pms/cutover/api/approval/dto/InspectStatus.java,NOOP_EXACT,same blob
codex/f-cut-001-matrices,pms-module-cutover-api/src/main/java/cn/iocoder/yudao/module/pms/cutover/api/approval/dto/RevalidationStatus.java,NOOP_EXACT,same blob
codex/f-cut-001-matrices,pms-module-cutover-api/src/main/java/cn/iocoder/yudao/module/pms/cutover/api/approval/dto/StartOutcome.java,NOOP_EXACT,same blob
codex/f-cut-001-matrices,pms-module-cutover-api/src/main/java/cn/iocoder/yudao/module/pms/cutover/api/spare/CutoverSpareCallbackApi.java,NOOP_EXACT,same blob
codex/f-cut-001-matrices,pms-module-cutover-api/src/main/java/cn/iocoder/yudao/module/pms/cutover/api/spare/CutoverSpareCallbackException.java,NOOP_EXACT,same blob
codex/f-cut-001-matrices,pms-module-cutover-api/src/main/java/cn/iocoder/yudao/module/pms/cutover/api/spare/dto/SpareCallbackContractRules.java,NOOP_EXACT,same blob
codex/f-cut-001-matrices,pms-module-cutover-api/src/main/java/cn/iocoder/yudao/module/pms/cutover/api/spare/dto/SpareExternalReferenceBindingCommand.java,NOOP_EXACT,same blob
codex/f-cut-001-matrices,pms-module-cutover-api/src/main/java/cn/iocoder/yudao/module/pms/cutover/api/spare/dto/SpareExternalReferenceBindingResult.java,NOOP_EXACT,same blob
codex/f-cut-001-matrices,pms-module-cutover-api/src/main/java/cn/iocoder/yudao/module/pms/cutover/api/spare/dto/SpareReferenceBindingOutcome.java,NOOP_EXACT,same blob
codex/f-cut-001-matrices,pms-module-cutover-api/src/main/java/cn/iocoder/yudao/module/pms/cutover/api/spare/dto/SpareStatusCallbackCommand.java,NOOP_EXACT,same blob
codex/f-cut-001-matrices,pms-module-cutover-api/src/main/java/cn/iocoder/yudao/module/pms/cutover/api/spare/dto/SpareStatusCallbackOutcome.java,NOOP_EXACT,same blob
codex/f-cut-001-matrices,pms-module-cutover-api/src/main/java/cn/iocoder/yudao/module/pms/cutover/api/spare/dto/SpareStatusCallbackResult.java,NOOP_EXACT,same blob
codex/f-cut-001-matrices,pms-module-cutover-api/src/main/java/cn/iocoder/yudao/module/pms/cutover/api/spare/dto/SpareStatusSnapshotNormalizer.java,NOOP_EXACT,same blob
codex/f-cut-001-matrices,pms-module-cutover-api/src/main/java/cn/iocoder/yudao/module/pms/cutover/api/task/CutoverTaskIntakeApi.java,NOOP_EXACT,same blob
codex/f-cut-001-matrices,pms-module-cutover-api/src/main/java/cn/iocoder/yudao/module/pms/cutover/api/task/CutoverTaskIntakeException.java,NOOP_EXACT,same blob
codex/f-cut-001-matrices,pms-module-cutover-api/src/main/java/cn/iocoder/yudao/module/pms/cutover/api/task/dto/CutoverTaskIntakeCommand.java,NOOP_EXACT,same blob
codex/f-cut-001-matrices,pms-module-cutover-api/src/main/java/cn/iocoder/yudao/module/pms/cutover/api/task/dto/CutoverTaskIntakeResult.java,NOOP_EXACT,same blob
codex/f-cut-001-matrices,pms-module-cutover-api/src/test/java/cn/iocoder/yudao/module/pms/cutover/api/spare/CutoverSpareCallbackApiContractTest.java,NOOP_EXACT,same blob
codex/f-cut-001-matrices,pms-module-cutover/pom.xml,NOOP_EXACT,same blob
codex/f-cut-001-matrices,pms-module-cutover/src/main/java/cn/iocoder/yudao/module/pms/cutover/api/approval/CutoverApprovalFactApiImpl.java,NOOP_EXACT,same blob
codex/f-cut-001-matrices,pms-module-cutover/src/main/java/cn/iocoder/yudao/module/pms/cutover/api/approval/CutoverApprovalFactTransactionExecutor.java,NOOP_EXACT,same blob
codex/f-cut-001-matrices,pms-module-cutover/src/main/java/cn/iocoder/yudao/module/pms/cutover/api/task/CutoverTaskIntakeApiImpl.java,NOOP_EXACT,same blob
codex/f-cut-001-matrices,pms-module-cutover/src/main/java/cn/iocoder/yudao/module/pms/cutover/controller/admin/configuration/CutoverConfigurationController.java,NOOP_EXACT,same blob
codex/f-cut-001-matrices,pms-module-cutover/src/main/java/cn/iocoder/yudao/module/pms/cutover/controller/admin/configuration/vo/CutoverConfigurationRespVO.java,NOOP_EXACT,same blob
codex/f-cut-001-matrices,pms-module-cutover/src/main/java/cn/iocoder/yudao/module/pms/cutover/controller/admin/configuration/vo/CutoverConfigurationSaveReqVO.java,NOOP_EXACT,same blob
codex/f-cut-001-matrices,pms-module-cutover/src/main/java/cn/iocoder/yudao/module/pms/cutover/controller/admin/configuration/vo/CutoverConfigurationValidationRespVO.java,NOOP_EXACT,same blob
codex/f-cut-001-matrices,pms-module-cutover/src/main/java/cn/iocoder/yudao/module/pms/cutover/controller/admin/dashboard/CutoverDashboardController.java,NOOP_EXACT,same blob
codex/f-cut-001-matrices,pms-module-cutover/src/main/java/cn/iocoder/yudao/module/pms/cutover/controller/admin/dashboard/CutoverDashboardErrorData.java,NOOP_EXACT,same blob
codex/f-cut-001-matrices,pms-module-cutover/src/main/java/cn/iocoder/yudao/module/pms/cutover/controller/admin/dashboard/CutoverDashboardKpiData.java,NOOP_EXACT,same blob
codex/f-cut-001-matrices,pms-module-cutover/src/main/java/cn/iocoder/yudao/module/pms/cutover/controller/admin/dashboard/CutoverDashboardRequestContext.java,NOOP_EXACT,same blob
codex/f-cut-001-matrices,pms-module-cutover/src/main/java/cn/iocoder/yudao/module/pms/cutover/controller/admin/taskv2/CutoverApprovalContractException.java,NOOP_EXACT,same blob
codex/f-cut-001-matrices,pms-module-cutover/src/main/java/cn/iocoder/yudao/module/pms/cutover/controller/admin/taskv2/CutoverApprovalController.java,NOOP_EXACT,same blob
codex/f-cut-001-matrices,pms-module-cutover/src/main/java/cn/iocoder/yudao/module/pms/cutover/controller/admin/taskv2/CutoverApprovalRequestCodec.java,NOOP_EXACT,same blob
codex/f-cut-001-matrices,pms-module-cutover/src/main/java/cn/iocoder/yudao/module/pms/cutover/controller/admin/taskv2/CutoverApprovalRequestContext.java,NOOP_EXACT,same blob
codex/f-cut-001-matrices,pms-module-cutover/src/main/java/cn/iocoder/yudao/module/pms/cutover/controller/admin/taskv2/CutoverApprovalRequestException.java,NOOP_EXACT,same blob
codex/f-cut-001-matrices,pms-module-cutover/src/main/java/cn/iocoder/yudao/module/pms/cutover/controller/admin/taskv2/CutoverChecklistController.java,NOOP_EXACT,same blob
codex/f-cut-001-matrices,pms-module-cutover/src/main/java/cn/iocoder/yudao/module/pms/cutover/controller/admin/taskv2/CutoverChecklistRequestContext.java,NOOP_EXACT,same blob
codex/f-cut-001-matrices,pms-module-cutover/src/main/java/cn/iocoder/yudao/module/pms/cutover/controller/admin/taskv2/CutoverClosureContractException.java,NOOP_EXACT,same blob
codex/f-cut-001-matrices,pms-module-cutover/src/main/java/cn/iocoder/yudao/module/pms/cutover/controller/admin/taskv2/CutoverClosureController.java,NOOP_EXACT,same blob
codex/f-cut-001-matrices,pms-module-cutover/src/main/java/cn/iocoder/yudao/module/pms/cutover/controller/admin/taskv2/CutoverClosureRequestCodec.java,NOOP_EXACT,same blob
codex/f-cut-001-matrices,pms-module-cutover/src/main/java/cn/iocoder/yudao/module/pms/cutover/controller/admin/taskv2/CutoverClosureRequestContext.java,NOOP_EXACT,same blob
codex/f-cut-001-matrices,pms-module-cutover/src/main/java/cn/iocoder/yudao/module/pms/cutover/controller/admin/taskv2/CutoverClosureRequestException.java,NOOP_EXACT,same blob
codex/f-cut-001-matrices,pms-module-cutover/src/main/java/cn/iocoder/yudao/module/pms/cutover/controller/admin/taskv2/CutoverPlanContractException.java,NOOP_EXACT,same blob
codex/f-cut-001-matrices,pms-module-cutover/src/main/java/cn/iocoder/yudao/module/pms/cutover/controller/admin/taskv2/CutoverPlanController.java,NOOP_EXACT,same blob
codex/f-cut-001-matrices,pms-module-cutover/src/main/java/cn/iocoder/yudao/module/pms/cutover/controller/admin/taskv2/CutoverPlanRequestCodec.java,NOOP_EXACT,same blob
codex/f-cut-001-matrices,pms-module-cutover/src/main/java/cn/iocoder/yudao/module/pms/cutover/controller/admin/taskv2/CutoverPlanRequestContext.java,NOOP_EXACT,same blob
codex/f-cut-001-matrices,pms-module-cutover/src/main/java/cn/iocoder/yudao/module/pms/cutover/controller/admin/taskv2/CutoverPlanRequestException.java,NOOP_EXACT,same blob
codex/f-cut-001-matrices,pms-module-cutover/src/main/java/cn/iocoder/yudao/module/pms/cutover/controller/admin/taskv2/CutoverTaskController.java,NOOP_EXACT,same blob
codex/f-cut-001-matrices,pms-module-cutover/src/main/java/cn/iocoder/yudao/module/pms/cutover/controller/admin/taskv2/CutoverTaskErrorData.java,NOOP_EXACT,same blob
codex/f-cut-001-matrices,pms-module-cutover/src/main/java/cn/iocoder/yudao/module/pms/cutover/controller/admin/taskv2/CutoverTaskRequestCodec.java,NOOP_EXACT,same blob
codex/f-cut-001-matrices,pms-module-cutover/src/main/java/cn/iocoder/yudao/module/pms/cutover/controller/admin/taskv2/CutoverTaskRequestContext.java,NOOP_EXACT,same blob
codex/f-cut-001-matrices,pms-module-cutover/src/main/java/cn/iocoder/yudao/module/pms/cutover/controller/admin/taskv2/vo/CutoverCreateContextRespVO.java,NOOP_EXACT,same blob
codex/f-cut-001-matrices,pms-module-cutover/src/main/java/cn/iocoder/yudao/module/pms/cutover/controller/admin/taskv2/vo/CutoverTaskReqVO.java,NOOP_EXACT,same blob
codex/f-cut-001-matrices,pms-module-cutover/src/main/java/cn/iocoder/yudao/module/pms/cutover/controller/admin/taskv2/vo/approval/CutoverApprovalRequests.java,NOOP_EXACT,same blob
codex/f-cut-001-matrices,pms-module-cutover/src/main/java/cn/iocoder/yudao/module/pms/cutover/controller/admin/taskv2/vo/approval/CutoverApprovalResponses.java,NOOP_EXACT,same blob
codex/f-cut-001-matrices,pms-module-cutover/src/main/java/cn/iocoder/yudao/module/pms/cutover/controller/admin/taskv2/vo/checklist/CutoverChecklistReqVO.java,NOOP_EXACT,same blob
codex/f-cut-001-matrices,pms-module-cutover/src/main/java/cn/iocoder/yudao/module/pms/cutover/controller/admin/taskv2/vo/closure/CutoverClosureResponse.java,NOOP_EXACT,same blob
codex/f-cut-001-matrices,pms-module-cutover/src/main/java/cn/iocoder/yudao/module/pms/cutover/dal/dataobject/approval/CutoverApprovalInstanceDO.java,NOOP_EXACT,same blob
codex/f-cut-001-matrices,pms-module-cutover/src/main/java/cn/iocoder/yudao/module/pms/cutover/dal/dataobject/approval/CutoverApprovalNodeDO.java,NOOP_EXACT,same blob
codex/f-cut-001-matrices,pms-module-cutover/src/main/java/cn/iocoder/yudao/module/pms/cutover/dal/dataobject/approval/CutoverApprovalNotificationDO.java,NOOP_EXACT,same blob
codex/f-cut-001-matrices,pms-module-cutover/src/main/java/cn/iocoder/yudao/module/pms/cutover/dal/dataobject/approval/CutoverApprovalReassignmentDO.java,NOOP_EXACT,same blob
codex/f-cut-001-matrices,pms-module-cutover/src/main/java/cn/iocoder/yudao/module/pms/cutover/dal/dataobject/approval/CutoverApprovalReviewItemDO.java,NOOP_EXACT,same blob
codex/f-cut-001-matrices,pms-module-cutover/src/main/java/cn/iocoder/yudao/module/pms/cutover/dal/dataobject/checklist/CutoverChecklistDO.java,NOOP_EXACT,same blob
codex/f-cut-001-matrices,pms-module-cutover/src/main/java/cn/iocoder/yudao/module/pms/cutover/dal/dataobject/checklist/CutoverChecklistItemDO.java,NOOP_EXACT,same blob
codex/f-cut-001-matrices,pms-module-cutover/src/main/java/cn/iocoder/yudao/module/pms/cutover/dal/dataobject/checklist/CutoverChecklistItemResultDO.java,NOOP_EXACT,same blob
codex/f-cut-001-matrices,pms-module-cutover/src/main/java/cn/iocoder/yudao/module/pms/cutover/dal/dataobject/closure/CutoverClosureAttachmentDO.java,NOOP_EXACT,same blob
codex/f-cut-001-matrices,pms-module-cutover/src/main/java/cn/iocoder/yudao/module/pms/cutover/dal/dataobject/closure/CutoverClosureDO.java,NOOP_EXACT,same blob
codex/f-cut-001-matrices,pms-module-cutover/src/main/java/cn/iocoder/yudao/module/pms/cutover/dal/dataobject/closure/CutoverCollectionEvidenceDO.java,NOOP_EXACT,same blob
codex/f-cut-001-matrices,pms-module-cutover/src/main/java/cn/iocoder/yudao/module/pms/cutover/dal/dataobject/configuration/CutoverChecklistBindingRuleRevisionDO.java,NOOP_EXACT,same blob
codex/f-cut-001-matrices,pms-module-cutover/src/main/java/cn/iocoder/yudao/module/pms/cutover/dal/dataobject/configuration/CutoverChecklistItemDefinitionRevisionDO.java,NOOP_EXACT,same blob
codex/f-cut-001-matrices,pms-module-cutover/src/main/java/cn/iocoder/yudao/module/pms/cutover/dal/dataobject/configuration/CutoverConfigurationRevisionDO.java,NOOP_EXACT,same blob
codex/f-cut-001-matrices,pms-module-cutover/src/main/java/cn/iocoder/yudao/module/pms/cutover/dal/dataobject/planv2/CutoverPlanRevisionDO.java,NOOP_EXACT,same blob
codex/f-cut-001-matrices,pms-module-cutover/src/main/java/cn/iocoder/yudao/module/pms/cutover/dal/dataobject/planv2/CutoverPlanStepDO.java,NOOP_EXACT,same blob
codex/f-cut-001-matrices,pms-module-cutover/src/main/java/cn/iocoder/yudao/module/pms/cutover/dal/dataobject/planv2/CutoverSupportArrangementDO.java,NOOP_EXACT,same blob
codex/f-cut-001-matrices,pms-module-cutover/src/main/java/cn/iocoder/yudao/module/pms/cutover/dal/dataobject/spare/CutoverSpareApplicationReferenceDO.java,NOOP_EXACT,same blob
codex/f-cut-001-matrices,pms-module-cutover/src/main/java/cn/iocoder/yudao/module/pms/cutover/dal/dataobject/spare/CutoverSpareManualEvidenceDO.java,NOOP_EXACT,same blob
codex/f-cut-001-matrices,pms-module-cutover/src/main/java/cn/iocoder/yudao/module/pms/cutover/dal/dataobject/spare/CutoverSpareStatusRevisionDO.java,NOOP_EXACT,same blob
codex/f-cut-001-matrices,pms-module-cutover/src/main/java/cn/iocoder/yudao/module/pms/cutover/dal/dataobject/taskv2/CutoverAssessmentDO.java,NOOP_EXACT,same blob
codex/f-cut-001-matrices,pms-module-cutover/src/main/java/cn/iocoder/yudao/module/pms/cutover/dal/dataobject/taskv2/CutoverTaskDO.java,NOOP_EXACT,same blob
codex/f-cut-001-matrices,pms-module-cutover/src/main/java/cn/iocoder/yudao/module/pms/cutover/dal/dataobject/taskv2/CutoverTaskDeviceScopeDO.java,NOOP_EXACT,same blob
codex/f-cut-001-matrices,pms-module-cutover/src/main/java/cn/iocoder/yudao/module/pms/cutover/dal/dataobject/taskv2/CutoverTaskStageHistoryDO.java,NOOP_EXACT,same blob
codex/f-cut-001-matrices,pms-module-cutover/src/main/java/cn/iocoder/yudao/module/pms/cutover/dal/mysql/approval/CutoverApprovalInstanceMapper.java,NOOP_EXACT,same blob
codex/f-cut-001-matrices,pms-module-cutover/src/main/java/cn/iocoder/yudao/module/pms/cutover/dal/mysql/approval/CutoverApprovalNodeMapper.java,NOOP_EXACT,same blob
codex/f-cut-001-matrices,pms-module-cutover/src/main/java/cn/iocoder/yudao/module/pms/cutover/dal/mysql/approval/CutoverApprovalNotificationMapper.java,NOOP_EXACT,same blob
codex/f-cut-001-matrices,pms-module-cutover/src/main/java/cn/iocoder/yudao/module/pms/cutover/dal/mysql/approval/CutoverApprovalReassignmentMapper.java,NOOP_EXACT,same blob
codex/f-cut-001-matrices,pms-module-cutover/src/main/java/cn/iocoder/yudao/module/pms/cutover/dal/mysql/approval/CutoverApprovalReviewItemMapper.java,NOOP_EXACT,same blob
codex/f-cut-001-matrices,pms-module-cutover/src/main/java/cn/iocoder/yudao/module/pms/cutover/dal/mysql/approval/projection/ApprovalReassignmentPageRow.java,NOOP_EXACT,same blob
codex/f-cut-001-matrices,pms-module-cutover/src/main/java/cn/iocoder/yudao/module/pms/cutover/dal/mysql/approval/projection/ApprovalTodoPageRow.java,NOOP_EXACT,same blob
codex/f-cut-001-matrices,pms-module-cutover/src/main/java/cn/iocoder/yudao/module/pms/cutover/dal/mysql/approval/query/ApprovalInstanceLockQuery.java,NOOP_EXACT,same blob
codex/f-cut-001-matrices,pms-module-cutover/src/main/java/cn/iocoder/yudao/module/pms/cutover/dal/mysql/approval/query/ApprovalInstanceReassignmentUpdate.java,NOOP_EXACT,same blob
codex/f-cut-001-matrices,pms-module-cutover/src/main/java/cn/iocoder/yudao/module/pms/cutover/dal/mysql/approval/query/ApprovalInstanceStateUpdate.java,NOOP_EXACT,same blob
codex/f-cut-001-matrices,pms-module-cutover/src/main/java/cn/iocoder/yudao/module/pms/cutover/dal/mysql/approval/query/ApprovalNodeLockQuery.java,NOOP_EXACT,same blob
codex/f-cut-001-matrices,pms-module-cutover/src/main/java/cn/iocoder/yudao/module/pms/cutover/dal/mysql/approval/query/ApprovalNodeStatusUpdate.java,NOOP_EXACT,same blob
codex/f-cut-001-matrices,pms-module-cutover/src/main/java/cn/iocoder/yudao/module/pms/cutover/dal/mysql/approval/query/ApprovalNotificationClaimQuery.java,NOOP_EXACT,same blob
codex/f-cut-001-matrices,pms-module-cutover/src/main/java/cn/iocoder/yudao/module/pms/cutover/dal/mysql/approval/query/ApprovalNotificationDeliveryUpdate.java,NOOP_EXACT,same blob
codex/f-cut-001-matrices,pms-module-cutover/src/main/java/cn/iocoder/yudao/module/pms/cutover/dal/mysql/approval/query/ApprovalReassignmentPageQuery.java,NOOP_EXACT,same blob
codex/f-cut-001-matrices,pms-module-cutover/src/main/java/cn/iocoder/yudao/module/pms/cutover/dal/mysql/approval/query/ApprovalTaskQuery.java,NOOP_EXACT,same blob
codex/f-cut-001-matrices,pms-module-cutover/src/main/java/cn/iocoder/yudao/module/pms/cutover/dal/mysql/approval/query/ApprovalTodoPageQuery.java,NOOP_EXACT,same blob
codex/f-cut-001-matrices,pms-module-cutover/src/main/java/cn/iocoder/yudao/module/pms/cutover/dal/mysql/approval/query/ExternalApprovalNotificationClaimQuery.java,NOOP_EXACT,same blob
codex/f-cut-001-matrices,pms-module-cutover/src/main/java/cn/iocoder/yudao/module/pms/cutover/dal/mysql/approval/query/ExternalApprovalNotificationDeliveryUpdate.java,NOOP_EXACT,same blob
codex/f-cut-001-matrices,pms-module-cutover/src/main/java/cn/iocoder/yudao/module/pms/cutover/dal/mysql/checklist/CutoverChecklistItemMapper.java,NOOP_EXACT,same blob
codex/f-cut-001-matrices,pms-module-cutover/src/main/java/cn/iocoder/yudao/module/pms/cutover/dal/mysql/checklist/CutoverChecklistItemResultMapper.java,NOOP_EXACT,same blob
codex/f-cut-001-matrices,pms-module-cutover/src/main/java/cn/iocoder/yudao/module/pms/cutover/dal/mysql/checklist/CutoverChecklistMapper.java,NOOP_EXACT,same blob
codex/f-cut-001-matrices,pms-module-cutover/src/main/java/cn/iocoder/yudao/module/pms/cutover/dal/mysql/checklist/query/CutoverChecklistCurrentResultQuery.java,NOOP_EXACT,same blob
codex/f-cut-001-matrices,pms-module-cutover/src/main/java/cn/iocoder/yudao/module/pms/cutover/dal/mysql/checklist/query/CutoverChecklistCustomRemoveUpdate.java,NOOP_EXACT,same blob
codex/f-cut-001-matrices,pms-module-cutover/src/main/java/cn/iocoder/yudao/module/pms/cutover/dal/mysql/checklist/query/CutoverChecklistDraftTouchUpdate.java,NOOP_EXACT,same blob
codex/f-cut-001-matrices,pms-module-cutover/src/main/java/cn/iocoder/yudao/module/pms/cutover/dal/mysql/checklist/query/CutoverChecklistItemApplicabilityUpdate.java,NOOP_EXACT,same blob
codex/f-cut-001-matrices,pms-module-cutover/src/main/java/cn/iocoder/yudao/module/pms/cutover/dal/mysql/checklist/query/CutoverChecklistItemsQuery.java,NOOP_EXACT,same blob
codex/f-cut-001-matrices,pms-module-cutover/src/main/java/cn/iocoder/yudao/module/pms/cutover/dal/mysql/checklist/query/CutoverChecklistRematchUpdate.java,NOOP_EXACT,same blob
codex/f-cut-001-matrices,pms-module-cutover/src/main/java/cn/iocoder/yudao/module/pms/cutover/dal/mysql/checklist/query/CutoverChecklistResultCloseUpdate.java,NOOP_EXACT,same blob
codex/f-cut-001-matrices,pms-module-cutover/src/main/java/cn/iocoder/yudao/module/pms/cutover/dal/mysql/checklist/query/CutoverChecklistResultsQuery.java,NOOP_EXACT,same blob
codex/f-cut-001-matrices,pms-module-cutover/src/main/java/cn/iocoder/yudao/module/pms/cutover/dal/mysql/checklist/query/CutoverChecklistRowQuery.java,NOOP_EXACT,same blob
codex/f-cut-001-matrices,pms-module-cutover/src/main/java/cn/iocoder/yudao/module/pms/cutover/dal/mysql/checklist/query/CutoverChecklistSubmitUpdate.java,NOOP_EXACT,same blob
codex/f-cut-001-matrices,pms-module-cutover/src/main/java/cn/iocoder/yudao/module/pms/cutover/dal/mysql/closure/CutoverClosureAttachmentMapper.java,NOOP_EXACT,same blob
codex/f-cut-001-matrices,pms-module-cutover/src/main/java/cn/iocoder/yudao/module/pms/cutover/dal/mysql/closure/CutoverClosureMapper.java,NOOP_EXACT,same blob
codex/f-cut-001-matrices,pms-module-cutover/src/main/java/cn/iocoder/yudao/module/pms/cutover/dal/mysql/closure/CutoverCollectionEvidenceMapper.java,NOOP_EXACT,same blob
codex/f-cut-001-matrices,pms-module-cutover/src/main/java/cn/iocoder/yudao/module/pms/cutover/dal/mysql/closure/query/CutoverClosureChildrenQuery.java,NOOP_EXACT,same blob
codex/f-cut-001-matrices,pms-module-cutover/src/main/java/cn/iocoder/yudao/module/pms/cutover/dal/mysql/closure/query/CutoverClosureDraftUpdate.java,NOOP_EXACT,same blob
codex/f-cut-001-matrices,pms-module-cutover/src/main/java/cn/iocoder/yudao/module/pms/cutover/dal/mysql/closure/query/CutoverClosureRowQuery.java,NOOP_EXACT,same blob
codex/f-cut-001-matrices,pms-module-cutover/src/main/java/cn/iocoder/yudao/module/pms/cutover/dal/mysql/closure/query/CutoverClosureSubmitUpdate.java,NOOP_EXACT,same blob
codex/f-cut-001-matrices,pms-module-cutover/src/main/java/cn/iocoder/yudao/module/pms/cutover/dal/mysql/closure/query/CutoverClosureVersionUpdate.java,NOOP_EXACT,same blob
codex/f-cut-001-matrices,pms-module-cutover/src/main/java/cn/iocoder/yudao/module/pms/cutover/dal/mysql/configuration/CutoverConfigurationRevisionMapper.java,NOOP_EXACT,same blob
codex/f-cut-001-matrices,pms-module-cutover/src/main/java/cn/iocoder/yudao/module/pms/cutover/dal/mysql/configuration/query/CutoverEffectiveConfigurationListQuery.java,NOOP_EXACT,same blob
codex/f-cut-001-matrices,pms-module-cutover/src/main/java/cn/iocoder/yudao/module/pms/cutover/dal/mysql/configuration/query/CutoverEffectivePublishedConfigurationQuery.java,NOOP_EXACT,same blob
codex/f-cut-001-matrices,pms-module-cutover/src/main/java/cn/iocoder/yudao/module/pms/cutover/dal/mysql/configuration/query/CutoverFrozenConfigurationQuery.java,NOOP_EXACT,same blob
codex/f-cut-001-matrices,pms-module-cutover/src/main/java/cn/iocoder/yudao/module/pms/cutover/dal/mysql/dashboard/CutoverDashboardCandidateMapper.java,NOOP_EXACT,same blob
codex/f-cut-001-matrices,pms-module-cutover/src/main/java/cn/iocoder/yudao/module/pms/cutover/dal/mysql/dashboard/CutoverDashboardCandidateRow.java,NOOP_EXACT,same blob
codex/f-cut-001-matrices,pms-module-cutover/src/main/java/cn/iocoder/yudao/module/pms/cutover/dal/mysql/dashboard/query/CutoverDashboardCandidateQuery.java,NOOP_EXACT,same blob
codex/f-cut-001-matrices,pms-module-cutover/src/main/java/cn/iocoder/yudao/module/pms/cutover/dal/mysql/planv2/CutoverPlanRevisionMapper.java,NOOP_EXACT,same blob
codex/f-cut-001-matrices,pms-module-cutover/src/main/java/cn/iocoder/yudao/module/pms/cutover/dal/mysql/planv2/CutoverPlanStepMapper.java,NOOP_EXACT,same blob
codex/f-cut-001-matrices,pms-module-cutover/src/main/java/cn/iocoder/yudao/module/pms/cutover/dal/mysql/planv2/CutoverSupportArrangementMapper.java,NOOP_EXACT,same blob
codex/f-cut-001-matrices,pms-module-cutover/src/main/java/cn/iocoder/yudao/module/pms/cutover/dal/mysql/planv2/migration/LegacyCutoverPlanReconciliationMapper.java,NOOP_EXACT,same blob
codex/f-cut-001-matrices,pms-module-cutover/src/main/java/cn/iocoder/yudao/module/pms/cutover/dal/mysql/planv2/migration/query/LegacyCutoverPlanTargetQuery.java,NOOP_EXACT,same blob
codex/f-cut-001-matrices,pms-module-cutover/src/main/java/cn/iocoder/yudao/module/pms/cutover/dal/mysql/planv2/query/CutoverApprovedContactVersionUpdate.java,NOOP_EXACT,same blob
codex/f-cut-001-matrices,pms-module-cutover/src/main/java/cn/iocoder/yudao/module/pms/cutover/dal/mysql/planv2/query/CutoverPlanChildrenQuery.java,NOOP_EXACT,same blob
codex/f-cut-001-matrices,pms-module-cutover/src/main/java/cn/iocoder/yudao/module/pms/cutover/dal/mysql/planv2/query/CutoverPlanDraftUpdate.java,NOOP_EXACT,same blob
codex/f-cut-001-matrices,pms-module-cutover/src/main/java/cn/iocoder/yudao/module/pms/cutover/dal/mysql/planv2/query/CutoverPlanHistoryQuery.java,NOOP_EXACT,same blob
codex/f-cut-001-matrices,pms-module-cutover/src/main/java/cn/iocoder/yudao/module/pms/cutover/dal/mysql/planv2/query/CutoverPlanInvalidationUpdate.java,NOOP_EXACT,same blob
codex/f-cut-001-matrices,pms-module-cutover/src/main/java/cn/iocoder/yudao/module/pms/cutover/dal/mysql/planv2/query/CutoverPlanReplacementUpdate.java,NOOP_EXACT,same blob
codex/f-cut-001-matrices,pms-module-cutover/src/main/java/cn/iocoder/yudao/module/pms/cutover/dal/mysql/planv2/query/CutoverPlanRevisionQuery.java,NOOP_EXACT,same blob
codex/f-cut-001-matrices,pms-module-cutover/src/main/java/cn/iocoder/yudao/module/pms/cutover/dal/mysql/planv2/query/CutoverPlanSubmitUpdate.java,NOOP_EXACT,same blob
codex/f-cut-001-matrices,pms-module-cutover/src/main/java/cn/iocoder/yudao/module/pms/cutover/dal/mysql/planv2/query/CutoverPlanSuccessorQuery.java,NOOP_EXACT,same blob
codex/f-cut-001-matrices,pms-module-cutover/src/main/java/cn/iocoder/yudao/module/pms/cutover/dal/mysql/planv2/query/CutoverPlanVersionUpdate.java,NOOP_EXACT,same blob
codex/f-cut-001-matrices,pms-module-cutover/src/main/java/cn/iocoder/yudao/module/pms/cutover/dal/mysql/planv2/query/CutoverSupportContactUpdate.java,NOOP_EXACT,same blob
codex/f-cut-001-matrices,pms-module-cutover/src/main/java/cn/iocoder/yudao/module/pms/cutover/dal/mysql/spare/CutoverSpareApplicationReferenceMapper.java,NOOP_EXACT,same blob
codex/f-cut-001-matrices,pms-module-cutover/src/main/java/cn/iocoder/yudao/module/pms/cutover/dal/mysql/spare/CutoverSpareManualEvidenceMapper.java,NOOP_EXACT,same blob
codex/f-cut-001-matrices,pms-module-cutover/src/main/java/cn/iocoder/yudao/module/pms/cutover/dal/mysql/spare/CutoverSpareStatusRevisionMapper.java,NOOP_EXACT,same blob
codex/f-cut-001-matrices,pms-module-cutover/src/main/java/cn/iocoder/yudao/module/pms/cutover/dal/mysql/spare/query/SpareApplicationQueries.java,NOOP_EXACT,same blob
codex/f-cut-001-matrices,pms-module-cutover/src/main/java/cn/iocoder/yudao/module/pms/cutover/dal/mysql/taskv2/CutoverAssessmentMapper.java,NOOP_EXACT,same blob
codex/f-cut-001-matrices,pms-module-cutover/src/main/java/cn/iocoder/yudao/module/pms/cutover/dal/mysql/taskv2/CutoverTaskDeviceScopeMapper.java,NOOP_EXACT,same blob
codex/f-cut-001-matrices,pms-module-cutover/src/main/java/cn/iocoder/yudao/module/pms/cutover/dal/mysql/taskv2/CutoverTaskMapper.java,NOOP_EXACT,same blob
codex/f-cut-001-matrices,pms-module-cutover/src/main/java/cn/iocoder/yudao/module/pms/cutover/dal/mysql/taskv2/CutoverTaskStageHistoryMapper.java,NOOP_EXACT,same blob
codex/f-cut-001-matrices,pms-module-cutover/src/main/java/cn/iocoder/yudao/module/pms/cutover/dal/mysql/taskv2/migration/LegacyCutoverReconciliationMapper.java,NOOP_EXACT,same blob
codex/f-cut-001-matrices,pms-module-cutover/src/main/java/cn/iocoder/yudao/module/pms/cutover/dal/mysql/taskv2/migration/query/LegacyCutoverReconciliationQuery.java,NOOP_EXACT,same blob
codex/f-cut-001-matrices,pms-module-cutover/src/main/java/cn/iocoder/yudao/module/pms/cutover/dal/mysql/taskv2/query/CutoverActiveDeviceQuery.java,NOOP_EXACT,same blob
codex/f-cut-001-matrices,pms-module-cutover/src/main/java/cn/iocoder/yudao/module/pms/cutover/dal/mysql/taskv2/query/CutoverAssessmentDraftUpdate.java,NOOP_EXACT,same blob
codex/f-cut-001-matrices,pms-module-cutover/src/main/java/cn/iocoder/yudao/module/pms/cutover/dal/mysql/taskv2/query/CutoverAssessmentRowQuery.java,NOOP_EXACT,same blob
codex/f-cut-001-matrices,pms-module-cutover/src/main/java/cn/iocoder/yudao/module/pms/cutover/dal/mysql/taskv2/query/CutoverAssessmentSubmitUpdate.java,NOOP_EXACT,same blob
codex/f-cut-001-matrices,pms-module-cutover/src/main/java/cn/iocoder/yudao/module/pms/cutover/dal/mysql/taskv2/query/CutoverTaskApprovalTransitionUpdate.java,NOOP_EXACT,same blob
codex/f-cut-001-matrices,pms-module-cutover/src/main/java/cn/iocoder/yudao/module/pms/cutover/dal/mysql/taskv2/query/CutoverTaskArchiveUpdate.java,NOOP_EXACT,same blob
codex/f-cut-001-matrices,pms-module-cutover/src/main/java/cn/iocoder/yudao/module/pms/cutover/dal/mysql/taskv2/query/CutoverTaskAssessmentLinkUpdate.java,NOOP_EXACT,same blob
codex/f-cut-001-matrices,pms-module-cutover/src/main/java/cn/iocoder/yudao/module/pms/cutover/dal/mysql/taskv2/query/CutoverTaskChecklistSubmitUpdate.java,NOOP_EXACT,same blob
codex/f-cut-001-matrices,pms-module-cutover/src/main/java/cn/iocoder/yudao/module/pms/cutover/dal/mysql/taskv2/query/CutoverTaskDeviceListQuery.java,NOOP_EXACT,same blob
codex/f-cut-001-matrices,pms-module-cutover/src/main/java/cn/iocoder/yudao/module/pms/cutover/dal/mysql/taskv2/query/CutoverTaskDeviceReleaseUpdate.java,NOOP_EXACT,same blob
codex/f-cut-001-matrices,pms-module-cutover/src/main/java/cn/iocoder/yudao/module/pms/cutover/dal/mysql/taskv2/query/CutoverTaskPageQuery.java,NOOP_EXACT,same blob
codex/f-cut-001-matrices,pms-module-cutover/src/main/java/cn/iocoder/yudao/module/pms/cutover/dal/mysql/taskv2/query/CutoverTaskPlanSubmitUpdate.java,NOOP_EXACT,same blob
codex/f-cut-001-matrices,pms-module-cutover/src/main/java/cn/iocoder/yudao/module/pms/cutover/dal/mysql/taskv2/query/CutoverTaskRowQuery.java,NOOP_EXACT,same blob
codex/f-cut-001-matrices,pms-module-cutover/src/main/java/cn/iocoder/yudao/module/pms/cutover/dal/mysql/taskv2/query/CutoverTaskSourceInvalidationUpdate.java,NOOP_EXACT,same blob
codex/f-cut-001-matrices,pms-module-cutover/src/main/java/cn/iocoder/yudao/module/pms/cutover/dal/mysql/taskv2/query/CutoverTaskTransitionUpdate.java,NOOP_EXACT,same blob
codex/f-cut-001-matrices,pms-module-cutover/src/main/java/cn/iocoder/yudao/module/pms/cutover/domain/configuration/CutoverConfigurationRules.java,NOOP_EXACT,same blob
codex/f-cut-001-matrices,pms-module-cutover/src/main/java/cn/iocoder/yudao/module/pms/cutover/domain/configuration/CutoverMatrixValidationContext.java,NOOP_EXACT,same blob
codex/f-cut-001-matrices,pms-module-cutover/src/main/java/cn/iocoder/yudao/module/pms/cutover/domain/configuration/CutoverRiskMatrixRules.java,NOOP_EXACT,same blob
codex/f-cut-001-matrices,pms-module-cutover/src/main/java/cn/iocoder/yudao/module/pms/cutover/domain/configuration/CutoverSurveyMatrixRules.java,NOOP_EXACT,same blob
codex/f-cut-001-matrices,pms-module-cutover/src/main/java/cn/iocoder/yudao/module/pms/cutover/enums/ErrorCodeConstants.java,NOOP_EXACT,same blob
codex/f-cut-001-matrices,pms-module-cutover/src/main/java/cn/iocoder/yudao/module/pms/cutover/job/CutoverApprovalNotificationJob.java,NOOP_EXACT,same blob
codex/f-cut-001-matrices,pms-module-cutover/src/main/java/cn/iocoder/yudao/module/pms/cutover/job/CutoverExternalApprovalNotificationJob.java,NOOP_EXACT,same blob
codex/f-cut-001-matrices,pms-module-cutover/src/main/java/cn/iocoder/yudao/module/pms/cutover/job/LegacyCutoverClosureReconciliationJob.java,NOOP_EXACT,same blob
codex/f-cut-001-matrices,pms-module-cutover/src/main/java/cn/iocoder/yudao/module/pms/cutover/job/LegacyCutoverPlanReconciliationJob.java,NOOP_EXACT,same blob
codex/f-cut-001-matrices,pms-module-cutover/src/main/java/cn/iocoder/yudao/module/pms/cutover/service/approval/CutoverApprovalApplicationException.java,NOOP_EXACT,same blob
codex/f-cut-001-matrices,pms-module-cutover/src/main/java/cn/iocoder/yudao/module/pms/cutover/service/approval/CutoverApprovalApplicationService.java,NOOP_EXACT,same blob
codex/f-cut-001-matrices,pms-module-cutover/src/main/java/cn/iocoder/yudao/module/pms/cutover/service/approval/CutoverApprovalQueryService.java,NOOP_EXACT,same blob
codex/f-cut-001-matrices,pms-module-cutover/src/main/java/cn/iocoder/yudao/module/pms/cutover/service/approval/CutoverApprovalSourceAssembler.java,NOOP_EXACT,same blob
codex/f-cut-001-matrices,pms-module-cutover/src/main/java/cn/iocoder/yudao/module/pms/cutover/service/approval/command/ApproveCutoverApprovalCommand.java,NOOP_EXACT,same blob
codex/f-cut-001-matrices,pms-module-cutover/src/main/java/cn/iocoder/yudao/module/pms/cutover/service/approval/command/AssessmentReviewInput.java,NOOP_EXACT,same blob
codex/f-cut-001-matrices,pms-module-cutover/src/main/java/cn/iocoder/yudao/module/pms/cutover/service/approval/command/ReassignCutoverApprovalCommand.java,NOOP_EXACT,same blob
codex/f-cut-001-matrices,pms-module-cutover/src/main/java/cn/iocoder/yudao/module/pms/cutover/service/approval/command/RejectCutoverApprovalCommand.java,NOOP_EXACT,same blob
codex/f-cut-001-matrices,pms-module-cutover/src/main/java/cn/iocoder/yudao/module/pms/cutover/service/approval/command/ReviewItemInput.java,NOOP_EXACT,same blob
codex/f-cut-001-matrices,pms-module-cutover/src/main/java/cn/iocoder/yudao/module/pms/cutover/service/approval/domain/CutoverApprovalEligibilityPolicy.java,NOOP_EXACT,same blob
codex/f-cut-001-matrices,pms-module-cutover/src/main/java/cn/iocoder/yudao/module/pms/cutover/service/approval/domain/CutoverApprovalRules.java,NOOP_EXACT,same blob
codex/f-cut-001-matrices,pms-module-cutover/src/main/java/cn/iocoder/yudao/module/pms/cutover/service/approval/domain/CutoverApprovalSourceSnapshotCodec.java,NOOP_EXACT,same blob
codex/f-cut-001-matrices,pms-module-cutover/src/main/java/cn/iocoder/yudao/module/pms/cutover/service/approval/leadtime/CutoverLeadTimeCalculator.java,NOOP_EXACT,same blob
codex/f-cut-001-matrices,pms-module-cutover/src/main/java/cn/iocoder/yudao/module/pms/cutover/service/approval/leadtime/CutoverLeadTimeCompliance.java,NOOP_EXACT,same blob
codex/f-cut-001-matrices,pms-module-cutover/src/main/java/cn/iocoder/yudao/module/pms/cutover/service/approval/leadtime/CutoverLeadTimeSnapshotCodec.java,NOOP_EXACT,same blob
codex/f-cut-001-matrices,pms-module-cutover/src/main/java/cn/iocoder/yudao/module/pms/cutover/service/approval/notification/CutoverApprovalNotificationProviderExecutor.java,NOOP_EXACT,same blob
codex/f-cut-001-matrices,pms-module-cutover/src/main/java/cn/iocoder/yudao/module/pms/cutover/service/approval/notification/CutoverApprovalNotificationService.java,NOOP_EXACT,same blob
codex/f-cut-001-matrices,pms-module-cutover/src/main/java/cn/iocoder/yudao/module/pms/cutover/service/approval/notification/CutoverExternalNotificationRequestFactory.java,NOOP_EXACT,same blob
codex/f-cut-001-matrices,pms-module-cutover/src/main/java/cn/iocoder/yudao/module/pms/cutover/service/approval/notification/external/CutoverExternalApprovalNotificationPort.java,NOOP_EXACT,same blob
codex/f-cut-001-matrices,pms-module-cutover/src/main/java/cn/iocoder/yudao/module/pms/cutover/service/approval/notification/external/CutoverExternalApprovalNotificationService.java,NOOP_EXACT,same blob
codex/f-cut-001-matrices,pms-module-cutover/src/main/java/cn/iocoder/yudao/module/pms/cutover/service/approval/notification/external/CutoverExternalApprovalNotificationTransactionExecutor.java,NOOP_EXACT,same blob
codex/f-cut-001-matrices,pms-module-cutover/src/main/java/cn/iocoder/yudao/module/pms/cutover/service/approval/notification/external/ExternalApprovalNotificationRequest.java,NOOP_EXACT,same blob
codex/f-cut-001-matrices,pms-module-cutover/src/main/java/cn/iocoder/yudao/module/pms/cutover/service/approval/notification/external/ExternalApprovalNotificationResult.java,NOOP_EXACT,same blob
codex/f-cut-001-matrices,pms-module-cutover/src/main/java/cn/iocoder/yudao/module/pms/cutover/service/approval/port/CutoverApprovalOwnerFactException.java,NOOP_EXACT,same blob
codex/f-cut-001-matrices,pms-module-cutover/src/main/java/cn/iocoder/yudao/module/pms/cutover/service/approval/port/CutoverApprovalProjectScopePort.java,NOOP_EXACT,same blob
codex/f-cut-001-matrices,pms-module-cutover/src/main/java/cn/iocoder/yudao/module/pms/cutover/service/approval/port/CutoverApprovalRoleCandidatePort.java,NOOP_EXACT,same blob
codex/f-cut-001-matrices,pms-module-cutover/src/main/java/cn/iocoder/yudao/module/pms/cutover/service/approval/port/ProjectCutoverServiceManagerPort.java,NOOP_EXACT,same blob
codex/f-cut-001-matrices,pms-module-cutover/src/main/java/cn/iocoder/yudao/module/pms/cutover/service/approval/result/CutoverApprovalDecisionResult.java,NOOP_EXACT,same blob
codex/f-cut-001-matrices,pms-module-cutover/src/main/java/cn/iocoder/yudao/module/pms/cutover/service/approval/view/CutoverApprovalViews.java,NOOP_EXACT,same blob
codex/f-cut-001-matrices,pms-module-cutover/src/main/java/cn/iocoder/yudao/module/pms/cutover/service/checklist/CutoverChecklistApplicationService.java,NOOP_EXACT,same blob
codex/f-cut-001-matrices,pms-module-cutover/src/main/java/cn/iocoder/yudao/module/pms/cutover/service/checklist/CutoverChecklistConfigurationQueryService.java,NOOP_EXACT,same blob
codex/f-cut-001-matrices,pms-module-cutover/src/main/java/cn/iocoder/yudao/module/pms/cutover/service/checklist/CutoverChecklistException.java,NOOP_EXACT,same blob
codex/f-cut-001-matrices,pms-module-cutover/src/main/java/cn/iocoder/yudao/module/pms/cutover/service/checklist/CutoverChecklistExportException.java,NOOP_EXACT,same blob
codex/f-cut-001-matrices,pms-module-cutover/src/main/java/cn/iocoder/yudao/module/pms/cutover/service/checklist/CutoverChecklistExportService.java,NOOP_EXACT,same blob
codex/f-cut-001-matrices,pms-module-cutover/src/main/java/cn/iocoder/yudao/module/pms/cutover/service/checklist/CutoverChecklistMatcher.java,NOOP_EXACT,same blob
codex/f-cut-001-matrices,pms-module-cutover/src/main/java/cn/iocoder/yudao/module/pms/cutover/service/checklist/CutoverChecklistWorkbookWriter.java,NOOP_EXACT,same blob
codex/f-cut-001-matrices,pms-module-cutover/src/main/java/cn/iocoder/yudao/module/pms/cutover/service/checklist/CutoverFrozenConfiguration.java,NOOP_EXACT,same blob
codex/f-cut-001-matrices,pms-module-cutover/src/main/java/cn/iocoder/yudao/module/pms/cutover/service/checklist/CutoverNavigationDecisionPolicy.java,NOOP_EXACT,same blob
codex/f-cut-001-matrices,pms-module-cutover/src/main/java/cn/iocoder/yudao/module/pms/cutover/service/checklist/CutoverNavigationDecisionQueryService.java,NOOP_EXACT,same blob
codex/f-cut-001-matrices,pms-module-cutover/src/main/java/cn/iocoder/yudao/module/pms/cutover/service/checklist/command/AddCustomItemCommand.java,NOOP_EXACT,same blob
codex/f-cut-001-matrices,pms-module-cutover/src/main/java/cn/iocoder/yudao/module/pms/cutover/service/checklist/command/GenerateChecklistCommand.java,NOOP_EXACT,same blob
codex/f-cut-001-matrices,pms-module-cutover/src/main/java/cn/iocoder/yudao/module/pms/cutover/service/checklist/command/RematchChecklistCommand.java,NOOP_EXACT,same blob
codex/f-cut-001-matrices,pms-module-cutover/src/main/java/cn/iocoder/yudao/module/pms/cutover/service/checklist/command/RemoveCustomItemCommand.java,NOOP_EXACT,same blob
codex/f-cut-001-matrices,pms-module-cutover/src/main/java/cn/iocoder/yudao/module/pms/cutover/service/checklist/command/RequestCollectionCommand.java,NOOP_EXACT,same blob
codex/f-cut-001-matrices,pms-module-cutover/src/main/java/cn/iocoder/yudao/module/pms/cutover/service/checklist/command/SaveChecklistCommand.java,NOOP_EXACT,same blob
codex/f-cut-001-matrices,pms-module-cutover/src/main/java/cn/iocoder/yudao/module/pms/cutover/service/checklist/command/SelectManualResultCommand.java,NOOP_EXACT,same blob
codex/f-cut-001-matrices,pms-module-cutover/src/main/java/cn/iocoder/yudao/module/pms/cutover/service/checklist/command/SubmitChecklistCommand.java,NOOP_EXACT,same blob
codex/f-cut-001-matrices,pms-module-cutover/src/main/java/cn/iocoder/yudao/module/pms/cutover/service/checklist/port/CutoverChecklistFilePort.java,NOOP_EXACT,same blob
codex/f-cut-001-matrices,pms-module-cutover/src/main/java/cn/iocoder/yudao/module/pms/cutover/service/checklist/port/CutoverCollectionPort.java,NOOP_EXACT,same blob
codex/f-cut-001-matrices,pms-module-cutover/src/main/java/cn/iocoder/yudao/module/pms/cutover/service/checklist/port/CutoverExternalDataPort.java,NOOP_EXACT,same blob
codex/f-cut-001-matrices,pms-module-cutover/src/main/java/cn/iocoder/yudao/module/pms/cutover/service/checklist/result/ChecklistCommandResult.java,NOOP_EXACT,same blob
codex/f-cut-001-matrices,pms-module-cutover/src/main/java/cn/iocoder/yudao/module/pms/cutover/service/checklist/result/ChecklistItemCommandResult.java,NOOP_EXACT,same blob
codex/f-cut-001-matrices,pms-module-cutover/src/main/java/cn/iocoder/yudao/module/pms/cutover/service/checklist/result/ChecklistSubmissionFacts.java,NOOP_EXACT,same blob
codex/f-cut-001-matrices,pms-module-cutover/src/main/java/cn/iocoder/yudao/module/pms/cutover/service/checklist/result/CollectionRequestCommandResult.java,NOOP_EXACT,same blob
codex/f-cut-001-matrices,pms-module-cutover/src/main/java/cn/iocoder/yudao/module/pms/cutover/service/checklist/result/CutoverChecklistExportResult.java,NOOP_EXACT,same blob
codex/f-cut-001-matrices,pms-module-cutover/src/main/java/cn/iocoder/yudao/module/pms/cutover/service/checklist/result/CutoverChecklistView.java,NOOP_EXACT,same blob
codex/f-cut-001-matrices,pms-module-cutover/src/main/java/cn/iocoder/yudao/module/pms/cutover/service/checklist/result/NavigationDecision.java,NOOP_EXACT,same blob
codex/f-cut-001-matrices,pms-module-cutover/src/main/java/cn/iocoder/yudao/module/pms/cutover/service/closure/CutoverClosureApplicationException.java,NOOP_EXACT,same blob
codex/f-cut-001-matrices,pms-module-cutover/src/main/java/cn/iocoder/yudao/module/pms/cutover/service/closure/CutoverClosureApplicationService.java,NOOP_EXACT,same blob
codex/f-cut-001-matrices,pms-module-cutover/src/main/java/cn/iocoder/yudao/module/pms/cutover/service/closure/CutoverClosureQueryService.java,NOOP_EXACT,same blob
codex/f-cut-001-matrices,pms-module-cutover/src/main/java/cn/iocoder/yudao/module/pms/cutover/service/closure/command/HandleClosureCollectionCallbackCommand.java,NOOP_EXACT,same blob
codex/f-cut-001-matrices,pms-module-cutover/src/main/java/cn/iocoder/yudao/module/pms/cutover/service/closure/command/LinkClosureManualResultCommand.java,NOOP_EXACT,same blob
codex/f-cut-001-matrices,pms-module-cutover/src/main/java/cn/iocoder/yudao/module/pms/cutover/service/closure/command/RequestClosureCollectionCommand.java,NOOP_EXACT,same blob
codex/f-cut-001-matrices,pms-module-cutover/src/main/java/cn/iocoder/yudao/module/pms/cutover/service/closure/command/SaveCutoverClosureCommand.java,NOOP_EXACT,same blob
codex/f-cut-001-matrices,pms-module-cutover/src/main/java/cn/iocoder/yudao/module/pms/cutover/service/closure/command/SubmitCutoverClosureCommand.java,NOOP_EXACT,same blob
codex/f-cut-001-matrices,pms-module-cutover/src/main/java/cn/iocoder/yudao/module/pms/cutover/service/closure/domain/CutoverClosureRules.java,NOOP_EXACT,same blob
codex/f-cut-001-matrices,pms-module-cutover/src/main/java/cn/iocoder/yudao/module/pms/cutover/service/closure/migration/LegacyCutoverClosureReconciliationService.java,NOOP_EXACT,same blob
codex/f-cut-001-matrices,pms-module-cutover/src/main/java/cn/iocoder/yudao/module/pms/cutover/service/closure/migration/LegacyCutoverClosureRowClassifier.java,NOOP_EXACT,same blob
codex/f-cut-001-matrices,pms-module-cutover/src/main/java/cn/iocoder/yudao/module/pms/cutover/service/closure/port/CutoverClosureCollectionPort.java,NOOP_EXACT,same blob
codex/f-cut-001-matrices,pms-module-cutover/src/main/java/cn/iocoder/yudao/module/pms/cutover/service/closure/port/CutoverClosureFilePort.java,NOOP_EXACT,same blob
codex/f-cut-001-matrices,pms-module-cutover/src/main/java/cn/iocoder/yudao/module/pms/cutover/service/closure/port/CutoverClosureOwnerFactException.java,NOOP_EXACT,same blob
codex/f-cut-001-matrices,pms-module-cutover/src/main/java/cn/iocoder/yudao/module/pms/cutover/service/closure/result/CutoverClosureCommandResult.java,NOOP_EXACT,same blob
codex/f-cut-001-matrices,pms-module-cutover/src/main/java/cn/iocoder/yudao/module/pms/cutover/service/closure/view/CutoverClosureView.java,NOOP_EXACT,same blob
codex/f-cut-001-matrices,pms-module-cutover/src/main/java/cn/iocoder/yudao/module/pms/cutover/service/configuration/CutoverConfigurationServiceImpl.java,NOOP_EXACT,same blob
codex/f-cut-001-matrices,pms-module-cutover/src/main/java/cn/iocoder/yudao/module/pms/cutover/service/configuration/CutoverNavigationRuleCodec.java,NOOP_EXACT,same blob
codex/f-cut-001-matrices,pms-module-cutover/src/main/java/cn/iocoder/yudao/module/pms/cutover/service/configuration/CutoverNavigationRuleException.java,NOOP_EXACT,same blob
codex/f-cut-001-matrices,pms-module-cutover/src/main/java/cn/iocoder/yudao/module/pms/cutover/service/dashboard/CutoverDashboardQueryService.java,NOOP_EXACT,same blob
codex/f-cut-001-matrices,pms-module-cutover/src/main/java/cn/iocoder/yudao/module/pms/cutover/service/dashboard/model/CutoverDashboardActionFacts.java,NOOP_EXACT,same blob
codex/f-cut-001-matrices,pms-module-cutover/src/main/java/cn/iocoder/yudao/module/pms/cutover/service/dashboard/model/CutoverDashboardCandidate.java,NOOP_EXACT,same blob
codex/f-cut-001-matrices,pms-module-cutover/src/main/java/cn/iocoder/yudao/module/pms/cutover/service/dashboard/policy/CutoverP2P3ActionPolicy.java,NOOP_EXACT,same blob
codex/f-cut-001-matrices,pms-module-cutover/src/main/java/cn/iocoder/yudao/module/pms/cutover/service/dashboard/policy/CutoverP4ActionPolicy.java,NOOP_EXACT,same blob
codex/f-cut-001-matrices,pms-module-cutover/src/main/java/cn/iocoder/yudao/module/pms/cutover/service/dashboard/policy/CutoverP5ActionPolicy.java,NOOP_EXACT,same blob
codex/f-cut-001-matrices,pms-module-cutover/src/main/java/cn/iocoder/yudao/module/pms/cutover/service/dashboard/policy/CutoverP6ActionPolicy.java,NOOP_EXACT,same blob
codex/f-cut-001-matrices,pms-module-cutover/src/main/java/cn/iocoder/yudao/module/pms/cutover/service/dashboard/port/CutoverDashboardActionFactPort.java,NOOP_EXACT,same blob
codex/f-cut-001-matrices,pms-module-cutover/src/main/java/cn/iocoder/yudao/module/pms/cutover/service/dashboard/port/CutoverDashboardOwnerFactException.java,NOOP_EXACT,same blob
codex/f-cut-001-matrices,pms-module-cutover/src/main/java/cn/iocoder/yudao/module/pms/cutover/service/dashboard/view/CutoverDashboardKpiView.java,NOOP_EXACT,same blob
codex/f-cut-001-matrices,pms-module-cutover/src/main/java/cn/iocoder/yudao/module/pms/cutover/service/plan/CutoverPlanApplicationException.java,NOOP_EXACT,same blob
codex/f-cut-001-matrices,pms-module-cutover/src/main/java/cn/iocoder/yudao/module/pms/cutover/service/plan/CutoverPlanApplicationService.java,NOOP_EXACT,same blob
codex/f-cut-001-matrices,pms-module-cutover/src/main/java/cn/iocoder/yudao/module/pms/cutover/service/plan/CutoverPlanQueryService.java,NOOP_EXACT,same blob
codex/f-cut-001-matrices,pms-module-cutover/src/main/java/cn/iocoder/yudao/module/pms/cutover/service/plan/command/CreateCutoverPlanDraftCommand.java,NOOP_EXACT,same blob
codex/f-cut-001-matrices,pms-module-cutover/src/main/java/cn/iocoder/yudao/module/pms/cutover/service/plan/command/DownloadCutoverPlanDraftCommand.java,NOOP_EXACT,same blob
codex/f-cut-001-matrices,pms-module-cutover/src/main/java/cn/iocoder/yudao/module/pms/cutover/service/plan/command/InvalidateCutoverPlanSourceCommand.java,NOOP_EXACT,same blob
codex/f-cut-001-matrices,pms-module-cutover/src/main/java/cn/iocoder/yudao/module/pms/cutover/service/plan/command/PatchApprovedContactCommand.java,NOOP_EXACT,same blob
codex/f-cut-001-matrices,pms-module-cutover/src/main/java/cn/iocoder/yudao/module/pms/cutover/service/plan/command/ReviseCutoverPlanCommand.java,NOOP_EXACT,same blob
codex/f-cut-001-matrices,pms-module-cutover/src/main/java/cn/iocoder/yudao/module/pms/cutover/service/plan/command/SaveCutoverPlanDraftCommand.java,NOOP_EXACT,same blob
codex/f-cut-001-matrices,pms-module-cutover/src/main/java/cn/iocoder/yudao/module/pms/cutover/service/plan/command/SubmitCutoverPlanCommand.java,NOOP_EXACT,same blob
codex/f-cut-001-matrices,pms-module-cutover/src/main/java/cn/iocoder/yudao/module/pms/cutover/service/plan/domain/CutoverPlanContentCodec.java,NOOP_EXACT,same blob
codex/f-cut-001-matrices,pms-module-cutover/src/main/java/cn/iocoder/yudao/module/pms/cutover/service/plan/domain/CutoverPlanRules.java,NOOP_EXACT,same blob
codex/f-cut-001-matrices,pms-module-cutover/src/main/java/cn/iocoder/yudao/module/pms/cutover/service/plan/migration/LegacyCutoverPlanMigrationException.java,NOOP_EXACT,same blob
codex/f-cut-001-matrices,pms-module-cutover/src/main/java/cn/iocoder/yudao/module/pms/cutover/service/plan/migration/LegacyCutoverPlanReconciliationResult.java,NOOP_EXACT,same blob
codex/f-cut-001-matrices,pms-module-cutover/src/main/java/cn/iocoder/yudao/module/pms/cutover/service/plan/migration/LegacyCutoverPlanReconciliationService.java,NOOP_EXACT,same blob
codex/f-cut-001-matrices,pms-module-cutover/src/main/java/cn/iocoder/yudao/module/pms/cutover/service/plan/migration/LegacyCutoverPlanRowConverter.java,NOOP_EXACT,same blob
codex/f-cut-001-matrices,pms-module-cutover/src/main/java/cn/iocoder/yudao/module/pms/cutover/service/plan/migration/LegacyCutoverTaskMappingPort.java,NOOP_EXACT,same blob
codex/f-cut-001-matrices,pms-module-cutover/src/main/java/cn/iocoder/yudao/module/pms/cutover/service/plan/port/CutoverPlanFilePort.java,NOOP_EXACT,same blob
codex/f-cut-001-matrices,pms-module-cutover/src/main/java/cn/iocoder/yudao/module/pms/cutover/service/plan/port/CutoverPlanFilePortException.java,NOOP_EXACT,same blob
codex/f-cut-001-matrices,pms-module-cutover/src/main/java/cn/iocoder/yudao/module/pms/cutover/service/plan/port/CutoverPlanOwnerFactException.java,NOOP_EXACT,same blob
codex/f-cut-001-matrices,pms-module-cutover/src/main/java/cn/iocoder/yudao/module/pms/cutover/service/plan/port/CutoverPlanSourcePort.java,NOOP_EXACT,same blob
codex/f-cut-001-matrices,pms-module-cutover/src/main/java/cn/iocoder/yudao/module/pms/cutover/service/plan/result/CutoverPlanCommandResult.java,NOOP_EXACT,same blob
codex/f-cut-001-matrices,pms-module-cutover/src/main/java/cn/iocoder/yudao/module/pms/cutover/service/plan/result/DownloadCutoverPlanDraftResult.java,NOOP_EXACT,same blob
codex/f-cut-001-matrices,pms-module-cutover/src/main/java/cn/iocoder/yudao/module/pms/cutover/service/plan/result/InvalidateCutoverPlanSourceResult.java,NOOP_EXACT,same blob
codex/f-cut-001-matrices,pms-module-cutover/src/main/java/cn/iocoder/yudao/module/pms/cutover/service/plan/result/PatchApprovedContactResult.java,NOOP_EXACT,same blob
codex/f-cut-001-matrices,pms-module-cutover/src/main/java/cn/iocoder/yudao/module/pms/cutover/service/plan/result/SubmitCutoverPlanResult.java,NOOP_EXACT,same blob
codex/f-cut-001-matrices,pms-module-cutover/src/main/java/cn/iocoder/yudao/module/pms/cutover/service/plan/view/CutoverPlanView.java,NOOP_EXACT,same blob
codex/f-cut-001-matrices,pms-module-cutover/src/main/java/cn/iocoder/yudao/module/pms/cutover/service/spare/CutoverSpareNeedAssembler.java,NOOP_EXACT,same blob
codex/f-cut-001-matrices,pms-module-cutover/src/main/java/cn/iocoder/yudao/module/pms/cutover/service/spare/CutoverSpareQueryService.java,NOOP_EXACT,same blob
codex/f-cut-001-matrices,pms-module-cutover/src/main/java/cn/iocoder/yudao/module/pms/cutover/service/spare/SpareNeedSnapshotCodec.java,NOOP_EXACT,same blob
codex/f-cut-001-matrices,pms-module-cutover/src/main/java/cn/iocoder/yudao/module/pms/cutover/service/spare/model/SpareNeedSnapshot.java,NOOP_EXACT,same blob
codex/f-cut-001-matrices,pms-module-cutover/src/main/java/cn/iocoder/yudao/module/pms/cutover/service/spare/port/CutoverSpareFilePort.java,NOOP_EXACT,same blob
codex/f-cut-001-matrices,pms-module-cutover/src/main/java/cn/iocoder/yudao/module/pms/cutover/service/spare/port/SpareApplicationGateway.java,NOOP_EXACT,same blob
codex/f-cut-001-matrices,pms-module-cutover/src/main/java/cn/iocoder/yudao/module/pms/cutover/service/spare/port/SpareApplicationGatewayException.java,NOOP_EXACT,same blob
codex/f-cut-001-matrices,pms-module-cutover/src/main/java/cn/iocoder/yudao/module/pms/cutover/service/spare/view/CutoverSpareViews.java,NOOP_EXACT,same blob
codex/f-cut-001-matrices,pms-module-cutover/src/main/java/cn/iocoder/yudao/module/pms/cutover/service/taskv2/CutoverTaskApplicationException.java,NOOP_EXACT,same blob
codex/f-cut-001-matrices,pms-module-cutover/src/main/java/cn/iocoder/yudao/module/pms/cutover/service/taskv2/CutoverTaskApplicationService.java,NOOP_EXACT,same blob
codex/f-cut-001-matrices,pms-module-cutover/src/main/java/cn/iocoder/yudao/module/pms/cutover/service/taskv2/CutoverTaskQueryService.java,NOOP_EXACT,same blob
codex/f-cut-001-matrices,pms-module-cutover/src/main/java/cn/iocoder/yudao/module/pms/cutover/service/taskv2/command/CreateCutoverTaskCommand.java,NOOP_EXACT,same blob
codex/f-cut-001-matrices,pms-module-cutover/src/main/java/cn/iocoder/yudao/module/pms/cutover/service/taskv2/command/SaveCutoverAssessmentCommand.java,NOOP_EXACT,same blob
codex/f-cut-001-matrices,pms-module-cutover/src/main/java/cn/iocoder/yudao/module/pms/cutover/service/taskv2/command/SubmitCutoverAssessmentCommand.java,NOOP_EXACT,same blob
codex/f-cut-001-matrices,pms-module-cutover/src/main/java/cn/iocoder/yudao/module/pms/cutover/service/taskv2/domain/CutoverAssessmentAnswers.java,NOOP_EXACT,same blob
codex/f-cut-001-matrices,pms-module-cutover/src/main/java/cn/iocoder/yudao/module/pms/cutover/service/taskv2/domain/CutoverTaskRules.java,NOOP_EXACT,same blob
codex/f-cut-001-matrices,pms-module-cutover/src/main/java/cn/iocoder/yudao/module/pms/cutover/service/taskv2/migration/LegacyCutoverMigrationException.java,NOOP_EXACT,same blob
codex/f-cut-001-matrices,pms-module-cutover/src/main/java/cn/iocoder/yudao/module/pms/cutover/service/taskv2/migration/LegacyCutoverReconciliationResult.java,NOOP_EXACT,same blob
codex/f-cut-001-matrices,pms-module-cutover/src/main/java/cn/iocoder/yudao/module/pms/cutover/service/taskv2/migration/LegacyCutoverReconciliationService.java,NOOP_EXACT,same blob
codex/f-cut-001-matrices,pms-module-cutover/src/main/java/cn/iocoder/yudao/module/pms/cutover/service/taskv2/migration/LegacyCutoverRowConverter.java,NOOP_EXACT,same blob
codex/f-cut-001-matrices,pms-module-cutover/src/main/java/cn/iocoder/yudao/module/pms/cutover/service/taskv2/port/CutoverCustomerLevelPort.java,NOOP_EXACT,same blob
codex/f-cut-001-matrices,pms-module-cutover/src/main/java/cn/iocoder/yudao/module/pms/cutover/service/taskv2/port/CutoverDeviceProductTypePort.java,NOOP_EXACT,same blob
codex/f-cut-001-matrices,pms-module-cutover/src/main/java/cn/iocoder/yudao/module/pms/cutover/service/taskv2/port/CutoverDeviceScopePort.java,NOOP_EXACT,same blob
codex/f-cut-001-matrices,pms-module-cutover/src/main/java/cn/iocoder/yudao/module/pms/cutover/service/taskv2/port/CutoverOwnerFactException.java,NOOP_EXACT,same blob
codex/f-cut-001-matrices,pms-module-cutover/src/main/java/cn/iocoder/yudao/module/pms/cutover/service/taskv2/port/CutoverProjectContextPort.java,NOOP_EXACT,same blob
codex/f-cut-001-matrices,pms-module-cutover/src/main/java/cn/iocoder/yudao/module/pms/cutover/service/taskv2/port/CutoverProjectScopePort.java,NOOP_EXACT,same blob
codex/f-cut-001-matrices,pms-module-cutover/src/main/java/cn/iocoder/yudao/module/pms/cutover/service/taskv2/port/CutoverReadinessPort.java,NOOP_EXACT,same blob
codex/f-cut-001-matrices,pms-module-cutover/src/main/java/cn/iocoder/yudao/module/pms/cutover/service/taskv2/result/CutoverAssessmentCommandResult.java,NOOP_EXACT,same blob
codex/f-cut-001-matrices,pms-module-cutover/src/main/java/cn/iocoder/yudao/module/pms/cutover/service/taskv2/result/CutoverTaskCommandResult.java,NOOP_EXACT,same blob
codex/f-cut-001-matrices,pms-module-cutover/src/main/java/cn/iocoder/yudao/module/pms/cutover/service/taskv2/view/CutoverTaskViews.java,NOOP_EXACT,same blob
codex/f-cut-001-matrices,pms-module-cutover/src/main/resources/mapper/approval/CutoverApprovalInstanceMapper.xml,NOOP_EXACT,same blob
codex/f-cut-001-matrices,pms-module-cutover/src/main/resources/mapper/approval/CutoverApprovalNodeMapper.xml,NOOP_EXACT,same blob
codex/f-cut-001-matrices,pms-module-cutover/src/main/resources/mapper/approval/CutoverApprovalNotificationMapper.xml,NOOP_EXACT,same blob
codex/f-cut-001-matrices,pms-module-cutover/src/main/resources/mapper/approval/CutoverApprovalReassignmentMapper.xml,NOOP_EXACT,same blob
codex/f-cut-001-matrices,pms-module-cutover/src/main/resources/mapper/checklist/CutoverChecklistItemMapper.xml,NOOP_EXACT,same blob
codex/f-cut-001-matrices,pms-module-cutover/src/main/resources/mapper/checklist/CutoverChecklistItemResultMapper.xml,NOOP_EXACT,same blob
codex/f-cut-001-matrices,pms-module-cutover/src/main/resources/mapper/checklist/CutoverChecklistMapper.xml,NOOP_EXACT,same blob
codex/f-cut-001-matrices,pms-module-cutover/src/main/resources/mapper/closure/CutoverClosureAttachmentMapper.xml,NOOP_EXACT,same blob
codex/f-cut-001-matrices,pms-module-cutover/src/main/resources/mapper/closure/CutoverClosureMapper.xml,NOOP_EXACT,same blob
codex/f-cut-001-matrices,pms-module-cutover/src/main/resources/mapper/closure/CutoverCollectionEvidenceMapper.xml,NOOP_EXACT,same blob
codex/f-cut-001-matrices,pms-module-cutover/src/main/resources/mapper/configuration/CutoverConfigurationRevisionMapper.xml,NOOP_EXACT,same blob
codex/f-cut-001-matrices,pms-module-cutover/src/main/resources/mapper/dashboard/CutoverDashboardCandidateMapper.xml,NOOP_EXACT,same blob
codex/f-cut-001-matrices,pms-module-cutover/src/main/resources/mapper/planv2/CutoverPlanRevisionMapper.xml,NOOP_EXACT,same blob
codex/f-cut-001-matrices,pms-module-cutover/src/main/resources/mapper/planv2/CutoverPlanStepMapper.xml,NOOP_EXACT,same blob
codex/f-cut-001-matrices,pms-module-cutover/src/main/resources/mapper/planv2/CutoverSupportArrangementMapper.xml,NOOP_EXACT,same blob
codex/f-cut-001-matrices,pms-module-cutover/src/main/resources/mapper/planv2/LegacyCutoverPlanReconciliationMapper.xml,NOOP_EXACT,same blob
codex/f-cut-001-matrices,pms-module-cutover/src/main/resources/mapper/spare/CutoverSpareApplicationReferenceMapper.xml,NOOP_EXACT,same blob
codex/f-cut-001-matrices,pms-module-cutover/src/main/resources/mapper/spare/CutoverSpareManualEvidenceMapper.xml,NOOP_EXACT,same blob
codex/f-cut-001-matrices,pms-module-cutover/src/main/resources/mapper/spare/CutoverSpareStatusRevisionMapper.xml,NOOP_EXACT,same blob
codex/f-cut-001-matrices,pms-module-cutover/src/main/resources/mapper/taskv2/CutoverAssessmentMapper.xml,NOOP_EXACT,same blob
codex/f-cut-001-matrices,pms-module-cutover/src/main/resources/mapper/taskv2/CutoverTaskDeviceScopeMapper.xml,NOOP_EXACT,same blob
codex/f-cut-001-matrices,pms-module-cutover/src/main/resources/mapper/taskv2/CutoverTaskMapper.xml,NOOP_EXACT,same blob
codex/f-cut-001-matrices,pms-module-cutover/src/main/resources/mapper/taskv2/LegacyCutoverReconciliationMapper.xml,NOOP_EXACT,same blob
codex/f-cut-001-matrices,pms-module-cutover/src/test/java/cn/iocoder/yudao/module/pms/cutover/api/approval/ControlledCutoverApprovalFactApi.java,NOOP_EXACT,same blob
codex/f-cut-001-matrices,pms-module-cutover/src/test/java/cn/iocoder/yudao/module/pms/cutover/api/approval/CutoverApprovalFactApiContractTest.java,NOOP_EXACT,same blob
codex/f-cut-001-matrices,pms-module-cutover/src/test/java/cn/iocoder/yudao/module/pms/cutover/api/approval/CutoverApprovalFactApiImplTest.java,NOOP_EXACT,same blob
codex/f-cut-001-matrices,pms-module-cutover/src/test/java/cn/iocoder/yudao/module/pms/cutover/controller/admin/dashboard/CutoverDashboardControllerContractTest.java,NOOP_EXACT,same blob
codex/f-cut-001-matrices,pms-module-cutover/src/test/java/cn/iocoder/yudao/module/pms/cutover/controller/admin/dashboard/CutoverDashboardControllerMockMvcTest.java,NOOP_EXACT,same blob
codex/f-cut-001-matrices,pms-module-cutover/src/test/java/cn/iocoder/yudao/module/pms/cutover/controller/admin/taskv2/CutoverApprovalControllerContractTest.java,NOOP_EXACT,same blob
codex/f-cut-001-matrices,pms-module-cutover/src/test/java/cn/iocoder/yudao/module/pms/cutover/controller/admin/taskv2/CutoverApprovalRequestCodecTest.java,NOOP_EXACT,same blob
codex/f-cut-001-matrices,pms-module-cutover/src/test/java/cn/iocoder/yudao/module/pms/cutover/controller/admin/taskv2/CutoverChecklistControllerContractTest.java,NOOP_EXACT,same blob
codex/f-cut-001-matrices,pms-module-cutover/src/test/java/cn/iocoder/yudao/module/pms/cutover/controller/admin/taskv2/CutoverClosureControllerContractTest.java,NOOP_EXACT,same blob
codex/f-cut-001-matrices,pms-module-cutover/src/test/java/cn/iocoder/yudao/module/pms/cutover/controller/admin/taskv2/CutoverClosureRequestCodecTest.java,NOOP_EXACT,same blob
codex/f-cut-001-matrices,pms-module-cutover/src/test/java/cn/iocoder/yudao/module/pms/cutover/controller/admin/taskv2/CutoverPlanControllerContractTest.java,NOOP_EXACT,same blob
codex/f-cut-001-matrices,pms-module-cutover/src/test/java/cn/iocoder/yudao/module/pms/cutover/controller/admin/taskv2/CutoverPlanRequestCodecTest.java,NOOP_EXACT,same blob
codex/f-cut-001-matrices,pms-module-cutover/src/test/java/cn/iocoder/yudao/module/pms/cutover/controller/admin/taskv2/CutoverTaskControllerContractTest.java,NOOP_EXACT,same blob
codex/f-cut-001-matrices,pms-module-cutover/src/test/java/cn/iocoder/yudao/module/pms/cutover/controller/admin/taskv2/CutoverTaskRequestCodecTest.java,NOOP_EXACT,same blob
codex/f-cut-001-matrices,pms-module-cutover/src/test/java/cn/iocoder/yudao/module/pms/cutover/dal/mysql/approval/CutoverApprovalMapperContractTest.java,NOOP_EXACT,same blob
codex/f-cut-001-matrices,pms-module-cutover/src/test/java/cn/iocoder/yudao/module/pms/cutover/dal/mysql/checklist/CutoverChecklistMapperContractTest.java,NOOP_EXACT,same blob
codex/f-cut-001-matrices,pms-module-cutover/src/test/java/cn/iocoder/yudao/module/pms/cutover/dal/mysql/closure/CutoverClosureMapperContractTest.java,NOOP_EXACT,same blob
codex/f-cut-001-matrices,pms-module-cutover/src/test/java/cn/iocoder/yudao/module/pms/cutover/dal/mysql/dashboard/CutoverDashboardMapperContractTest.java,NOOP_EXACT,same blob
codex/f-cut-001-matrices,pms-module-cutover/src/test/java/cn/iocoder/yudao/module/pms/cutover/dal/mysql/planv2/CutoverPlanMapperContractTest.java,NOOP_EXACT,same blob
codex/f-cut-001-matrices,pms-module-cutover/src/test/java/cn/iocoder/yudao/module/pms/cutover/dal/mysql/spare/CutoverSpareMapperContractTest.java,NOOP_EXACT,same blob
codex/f-cut-001-matrices,pms-module-cutover/src/test/java/cn/iocoder/yudao/module/pms/cutover/dal/mysql/taskv2/LegacyCutoverMapperContractTest.java,NOOP_EXACT,same blob
codex/f-cut-001-matrices,pms-module-cutover/src/test/java/cn/iocoder/yudao/module/pms/cutover/domain/configuration/CutoverConfigurationRulesTest.java,NOOP_EXACT,same blob
codex/f-cut-001-matrices,pms-module-cutover/src/test/java/cn/iocoder/yudao/module/pms/cutover/domain/configuration/CutoverMatrixFixtures.java,NOOP_EXACT,same blob
codex/f-cut-001-matrices,pms-module-cutover/src/test/java/cn/iocoder/yudao/module/pms/cutover/domain/configuration/CutoverRiskMatrixRulesTest.java,NOOP_EXACT,same blob
codex/f-cut-001-matrices,pms-module-cutover/src/test/java/cn/iocoder/yudao/module/pms/cutover/domain/configuration/CutoverSurveyMatrixRulesTest.java,NOOP_EXACT,same blob
codex/f-cut-001-matrices,pms-module-cutover/src/test/java/cn/iocoder/yudao/module/pms/cutover/job/CutoverApprovalNotificationJobTest.java,NOOP_EXACT,same blob
codex/f-cut-001-matrices,pms-module-cutover/src/test/java/cn/iocoder/yudao/module/pms/cutover/job/CutoverExternalApprovalNotificationJobTest.java,NOOP_EXACT,same blob
codex/f-cut-001-matrices,pms-module-cutover/src/test/java/cn/iocoder/yudao/module/pms/cutover/migration/FCut002PhysicalConstraintMigrationContractTest.java,CONFLICT_ADAPT_REQUIRED,"e-cutover/src/test/java/cn/iocoder/yudao/module/pms/cutover/migration/FCut002PhysicalConstraintMigrationContractTest.java...
error: pms-module-cutover/src/test/java/cn/iocoder/yudao/module/pms/cutover/migration/FCut002PhysicalConstraintMigrationContractTest.java: already exists in working directory
"
codex/f-cut-001-matrices,pms-module-cutover/src/test/java/cn/iocoder/yudao/module/pms/cutover/migration/FCut003MigrationContractTest.java,CONFLICT_ADAPT_REQUIRED,"Checking patch pms-module-cutover/src/test/java/cn/iocoder/yudao/module/pms/cutover/migration/FCut003MigrationContractTest.java...
error: pms-module-cutover/src/test/java/cn/iocoder/yudao/module/pms/cutover/migration/FCut003MigrationContractTest.java: already exists in working directory
"
codex/f-cut-001-matrices,pms-module-cutover/src/test/java/cn/iocoder/yudao/module/pms/cutover/migration/FCutDeviceTypeSnapshotMigrationContractTest.java,CONFLICT_ADAPT_REQUIRED,"-module-cutover/src/test/java/cn/iocoder/yudao/module/pms/cutover/migration/FCutDeviceTypeSnapshotMigrationContractTest.java...
error: pms-module-cutover/src/test/java/cn/iocoder/yudao/module/pms/cutover/migration/FCutDeviceTypeSnapshotMigrationContractTest.java: already exists in working directory
"
codex/f-cut-001-matrices,pms-module-cutover/src/test/java/cn/iocoder/yudao/module/pms/cutover/migration/Fcut004LegacyPlanMigrationContractTest.java,CONFLICT_ADAPT_REQUIRED," patch pms-module-cutover/src/test/java/cn/iocoder/yudao/module/pms/cutover/migration/Fcut004LegacyPlanMigrationContractTest.java...
error: pms-module-cutover/src/test/java/cn/iocoder/yudao/module/pms/cutover/migration/Fcut004LegacyPlanMigrationContractTest.java: already exists in working directory
"
codex/f-cut-001-matrices,pms-module-cutover/src/test/java/cn/iocoder/yudao/module/pms/cutover/migration/Fcut004MigrationContractTest.java,CONFLICT_ADAPT_REQUIRED,"Checking patch pms-module-cutover/src/test/java/cn/iocoder/yudao/module/pms/cutover/migration/Fcut004MigrationContractTest.java...
error: pms-module-cutover/src/test/java/cn/iocoder/yudao/module/pms/cutover/migration/Fcut004MigrationContractTest.java: already exists in working directory
"
codex/f-cut-001-matrices,pms-module-cutover/src/test/java/cn/iocoder/yudao/module/pms/cutover/migration/Fcut005MigrationContractTest.java,CONFLICT_ADAPT_REQUIRED,"Checking patch pms-module-cutover/src/test/java/cn/iocoder/yudao/module/pms/cutover/migration/Fcut005MigrationContractTest.java...
error: pms-module-cutover/src/test/java/cn/iocoder/yudao/module/pms/cutover/migration/Fcut005MigrationContractTest.java: already exists in working directory
"
codex/f-cut-001-matrices,pms-module-cutover/src/test/java/cn/iocoder/yudao/module/pms/cutover/migration/Fcut006MigrationContractTest.java,CONFLICT_ADAPT_REQUIRED,"Checking patch pms-module-cutover/src/test/java/cn/iocoder/yudao/module/pms/cutover/migration/Fcut006MigrationContractTest.java...
error: pms-module-cutover/src/test/java/cn/iocoder/yudao/module/pms/cutover/migration/Fcut006MigrationContractTest.java: already exists in working directory
"
codex/f-cut-001-matrices,pms-module-cutover/src/test/java/cn/iocoder/yudao/module/pms/cutover/migration/Fcut008MigrationContractTest.java,CONFLICT_ADAPT_REQUIRED,"Checking patch pms-module-cutover/src/test/java/cn/iocoder/yudao/module/pms/cutover/migration/Fcut008MigrationContractTest.java...
error: pms-module-cutover/src/test/java/cn/iocoder/yudao/module/pms/cutover/migration/Fcut008MigrationContractTest.java: already exists in working directory
"
codex/f-cut-001-matrices,pms-module-cutover/src/test/java/cn/iocoder/yudao/module/pms/cutover/migration/Fcut009MigrationContractTest.java,CONFLICT_ADAPT_REQUIRED,"Checking patch pms-module-cutover/src/test/java/cn/iocoder/yudao/module/pms/cutover/migration/Fcut009MigrationContractTest.java...
error: pms-module-cutover/src/test/java/cn/iocoder/yudao/module/pms/cutover/migration/Fcut009MigrationContractTest.java: already exists in working directory
"
codex/f-cut-001-matrices,pms-module-cutover/src/test/java/cn/iocoder/yudao/module/pms/cutover/migration/Fcut010MigrationContractTest.java,CONFLICT_ADAPT_REQUIRED,"Checking patch pms-module-cutover/src/test/java/cn/iocoder/yudao/module/pms/cutover/migration/Fcut010MigrationContractTest.java...
error: pms-module-cutover/src/test/java/cn/iocoder/yudao/module/pms/cutover/migration/Fcut010MigrationContractTest.java: already exists in working directory
"
codex/f-cut-001-matrices,pms-module-cutover/src/test/java/cn/iocoder/yudao/module/pms/cutover/service/approval/CutoverApprovalControlledPorts.java,NOOP_EXACT,same blob
codex/f-cut-001-matrices,pms-module-cutover/src/test/java/cn/iocoder/yudao/module/pms/cutover/service/approval/CutoverApprovalDecisionServiceTest.java,NOOP_EXACT,same blob
codex/f-cut-001-matrices,pms-module-cutover/src/test/java/cn/iocoder/yudao/module/pms/cutover/service/approval/CutoverApprovalExternalNotificationCreationTest.java,NOOP_EXACT,same blob
codex/f-cut-001-matrices,pms-module-cutover/src/test/java/cn/iocoder/yudao/module/pms/cutover/service/approval/CutoverApprovalPositiveLoopMySqlTest.java,NOOP_EXACT,same blob
codex/f-cut-001-matrices,pms-module-cutover/src/test/java/cn/iocoder/yudao/module/pms/cutover/service/approval/CutoverApprovalQueryServiceTest.java,NOOP_EXACT,same blob
codex/f-cut-001-matrices,pms-module-cutover/src/test/java/cn/iocoder/yudao/module/pms/cutover/service/approval/CutoverApprovalReassignmentTest.java,NOOP_EXACT,same blob
codex/f-cut-001-matrices,pms-module-cutover/src/test/java/cn/iocoder/yudao/module/pms/cutover/service/approval/CutoverApprovalStartServiceTest.java,NOOP_EXACT,same blob
codex/f-cut-001-matrices,pms-module-cutover/src/test/java/cn/iocoder/yudao/module/pms/cutover/service/approval/CutoverFullFlowPositiveLoopMySqlTest.java,NOOP_EXACT,same blob
codex/f-cut-001-matrices,pms-module-cutover/src/test/java/cn/iocoder/yudao/module/pms/cutover/service/approval/CutoverLeadTimeExternalNotificationPositiveLoopMySqlTest.java,NOOP_EXACT,same blob
codex/f-cut-001-matrices,pms-module-cutover/src/test/java/cn/iocoder/yudao/module/pms/cutover/service/approval/domain/CutoverApprovalSourceSnapshotCodecTest.java,NOOP_EXACT,same blob
codex/f-cut-001-matrices,pms-module-cutover/src/test/java/cn/iocoder/yudao/module/pms/cutover/service/approval/leadtime/CutoverLeadTimeCalculatorTest.java,NOOP_EXACT,same blob
codex/f-cut-001-matrices,pms-module-cutover/src/test/java/cn/iocoder/yudao/module/pms/cutover/service/approval/leadtime/CutoverLeadTimeSnapshotCodecTest.java,NOOP_EXACT,same blob
codex/f-cut-001-matrices,pms-module-cutover/src/test/java/cn/iocoder/yudao/module/pms/cutover/service/approval/notification/CutoverApprovalNotificationServiceTest.java,NOOP_EXACT,same blob
codex/f-cut-001-matrices,pms-module-cutover/src/test/java/cn/iocoder/yudao/module/pms/cutover/service/approval/notification/CutoverApprovalNotificationTransactionBoundaryTest.java,NOOP_EXACT,same blob
codex/f-cut-001-matrices,pms-module-cutover/src/test/java/cn/iocoder/yudao/module/pms/cutover/service/approval/notification/external/ControlledCutoverExternalApprovalNotificationPort.java,NOOP_EXACT,same blob
codex/f-cut-001-matrices,pms-module-cutover/src/test/java/cn/iocoder/yudao/module/pms/cutover/service/approval/notification/external/ControlledExternalNotificationTransactionConfiguration.java,NOOP_EXACT,same blob
codex/f-cut-001-matrices,pms-module-cutover/src/test/java/cn/iocoder/yudao/module/pms/cutover/service/approval/notification/external/CutoverExternalApprovalNotificationServiceTest.java,NOOP_EXACT,same blob
codex/f-cut-001-matrices,pms-module-cutover/src/test/java/cn/iocoder/yudao/module/pms/cutover/service/checklist/CutoverChecklistApplicationServiceTest.java,NOOP_EXACT,same blob
codex/f-cut-001-matrices,pms-module-cutover/src/test/java/cn/iocoder/yudao/module/pms/cutover/service/checklist/CutoverChecklistConfigurationQueryServiceTest.java,NOOP_EXACT,same blob
codex/f-cut-001-matrices,pms-module-cutover/src/test/java/cn/iocoder/yudao/module/pms/cutover/service/checklist/CutoverChecklistExportServiceTest.java,NOOP_EXACT,same blob
codex/f-cut-001-matrices,pms-module-cutover/src/test/java/cn/iocoder/yudao/module/pms/cutover/service/checklist/CutoverChecklistMatcherTest.java,NOOP_EXACT,same blob
codex/f-cut-001-matrices,pms-module-cutover/src/test/java/cn/iocoder/yudao/module/pms/cutover/service/checklist/CutoverChecklistPositiveLoopMySqlTest.java,NOOP_EXACT,same blob
codex/f-cut-001-matrices,pms-module-cutover/src/test/java/cn/iocoder/yudao/module/pms/cutover/service/checklist/CutoverChecklistWorkbookWriterTest.java,NOOP_EXACT,same blob
codex/f-cut-001-matrices,pms-module-cutover/src/test/java/cn/iocoder/yudao/module/pms/cutover/service/checklist/CutoverNavigationDecisionQueryServiceTest.java,NOOP_EXACT,same blob
codex/f-cut-001-matrices,pms-module-cutover/src/test/java/cn/iocoder/yudao/module/pms/cutover/service/closure/CutoverClosureApplicationMySqlTest.java,NOOP_EXACT,same blob
codex/f-cut-001-matrices,pms-module-cutover/src/test/java/cn/iocoder/yudao/module/pms/cutover/service/closure/CutoverClosureApplicationServiceTest.java,NOOP_EXACT,same blob
codex/f-cut-001-matrices,pms-module-cutover/src/test/java/cn/iocoder/yudao/module/pms/cutover/service/closure/CutoverClosureControlledPorts.java,NOOP_EXACT,same blob
codex/f-cut-001-matrices,pms-module-cutover/src/test/java/cn/iocoder/yudao/module/pms/cutover/service/closure/CutoverClosurePortContractTest.java,NOOP_EXACT,same blob
codex/f-cut-001-matrices,pms-module-cutover/src/test/java/cn/iocoder/yudao/module/pms/cutover/service/closure/CutoverClosurePositiveLoopMySqlTest.java,NOOP_EXACT,same blob
codex/f-cut-001-matrices,pms-module-cutover/src/test/java/cn/iocoder/yudao/module/pms/cutover/service/closure/CutoverClosureQueryServiceTest.java,NOOP_EXACT,same blob
codex/f-cut-001-matrices,pms-module-cutover/src/test/java/cn/iocoder/yudao/module/pms/cutover/service/closure/migration/LegacyCutoverClosureReconciliationMySqlTest.java,NOOP_EXACT,same blob
codex/f-cut-001-matrices,pms-module-cutover/src/test/java/cn/iocoder/yudao/module/pms/cutover/service/closure/migration/LegacyCutoverClosureRowClassifierTest.java,NOOP_EXACT,same blob
codex/f-cut-001-matrices,pms-module-cutover/src/test/java/cn/iocoder/yudao/module/pms/cutover/service/configuration/CutoverConfigurationServiceImplTest.java,NOOP_EXACT,same blob
codex/f-cut-001-matrices,pms-module-cutover/src/test/java/cn/iocoder/yudao/module/pms/cutover/service/configuration/CutoverNavigationRuleCodecTest.java,NOOP_EXACT,same blob
codex/f-cut-001-matrices,pms-module-cutover/src/test/java/cn/iocoder/yudao/module/pms/cutover/service/dashboard/ControlledCutoverDashboardActionFactPort.java,NOOP_EXACT,same blob
codex/f-cut-001-matrices,pms-module-cutover/src/test/java/cn/iocoder/yudao/module/pms/cutover/service/dashboard/CutoverDashboardPolicyTest.java,NOOP_EXACT,same blob
codex/f-cut-001-matrices,pms-module-cutover/src/test/java/cn/iocoder/yudao/module/pms/cutover/service/dashboard/CutoverDashboardPositiveLoopMySqlTest.java,NOOP_EXACT,same blob
codex/f-cut-001-matrices,pms-module-cutover/src/test/java/cn/iocoder/yudao/module/pms/cutover/service/dashboard/CutoverDashboardQueryServiceTest.java,NOOP_EXACT,same blob
codex/f-cut-001-matrices,pms-module-cutover/src/test/java/cn/iocoder/yudao/module/pms/cutover/service/plan/CutoverPlanApplicationMySqlTest.java,NOOP_EXACT,same blob
codex/f-cut-001-matrices,pms-module-cutover/src/test/java/cn/iocoder/yudao/module/pms/cutover/service/plan/CutoverPlanApplicationServiceTest.java,NOOP_EXACT,same blob
codex/f-cut-001-matrices,pms-module-cutover/src/test/java/cn/iocoder/yudao/module/pms/cutover/service/plan/CutoverPlanControlledPorts.java,NOOP_EXACT,same blob
codex/f-cut-001-matrices,pms-module-cutover/src/test/java/cn/iocoder/yudao/module/pms/cutover/service/plan/CutoverPlanQueryServiceTest.java,NOOP_EXACT,same blob
codex/f-cut-001-matrices,pms-module-cutover/src/test/java/cn/iocoder/yudao/module/pms/cutover/service/plan/CutoverPlanRevisionLifecycleTest.java,NOOP_EXACT,same blob
codex/f-cut-001-matrices,pms-module-cutover/src/test/java/cn/iocoder/yudao/module/pms/cutover/service/plan/CutoverPlanSubmissionTest.java,NOOP_EXACT,same blob
codex/f-cut-001-matrices,pms-module-cutover/src/test/java/cn/iocoder/yudao/module/pms/cutover/service/plan/domain/CutoverPlanContentCodecTest.java,NOOP_EXACT,same blob
codex/f-cut-001-matrices,pms-module-cutover/src/test/java/cn/iocoder/yudao/module/pms/cutover/service/plan/migration/LegacyCutoverPlanReconciliationMySqlTest.java,NOOP_EXACT,same blob
codex/f-cut-001-matrices,pms-module-cutover/src/test/java/cn/iocoder/yudao/module/pms/cutover/service/plan/migration/LegacyCutoverPlanReconciliationServiceTest.java,NOOP_EXACT,same blob
codex/f-cut-001-matrices,pms-module-cutover/src/test/java/cn/iocoder/yudao/module/pms/cutover/service/plan/migration/LegacyCutoverPlanRowConverterTest.java,NOOP_EXACT,same blob
codex/f-cut-001-matrices,pms-module-cutover/src/test/java/cn/iocoder/yudao/module/pms/cutover/service/spare/CutoverSpareQueryServiceTest.java,NOOP_EXACT,same blob
codex/f-cut-001-matrices,pms-module-cutover/src/test/java/cn/iocoder/yudao/module/pms/cutover/service/spare/SpareNeedSnapshotCodecTest.java,NOOP_EXACT,same blob
codex/f-cut-001-matrices,pms-module-cutover/src/test/java/cn/iocoder/yudao/module/pms/cutover/service/taskv2/CutoverTaskApplicationServiceTest.java,NOOP_EXACT,same blob
codex/f-cut-001-matrices,pms-module-cutover/src/test/java/cn/iocoder/yudao/module/pms/cutover/service/taskv2/CutoverTaskPositiveLoopMySqlTest.java,NOOP_EXACT,same blob
codex/f-cut-001-matrices,pms-module-cutover/src/test/java/cn/iocoder/yudao/module/pms/cutover/service/taskv2/CutoverTaskQueryServiceTest.java,NOOP_EXACT,same blob
codex/f-cut-001-matrices,pms-module-cutover/src/test/java/cn/iocoder/yudao/module/pms/cutover/service/taskv2/migration/LegacyCutoverReconciliationServiceTest.java,NOOP_EXACT,same blob
codex/f-cut-001-matrices,pms-module-cutover/src/test/java/cn/iocoder/yudao/module/pms/cutover/service/taskv2/migration/LegacyCutoverRowConverterTest.java,NOOP_EXACT,same blob
codex/f-cut-001-matrices,pms-module-engineering-api/src/main/java/cn/iocoder/yudao/module/pms/engineering/api/arrival/ArrivalAcceptanceFactApi.java,NOOP_EXACT,same blob
codex/f-cut-001-matrices,pms-module-engineering-api/src/main/java/cn/iocoder/yudao/module/pms/engineering/api/arrival/dto/ArrivalAcceptanceFact.java,NOOP_EXACT,same blob
codex/f-cut-001-matrices,pms-module-engineering-api/src/main/java/cn/iocoder/yudao/module/pms/engineering/api/arrival/dto/ArrivalAcceptanceFactQuery.java,NOOP_EXACT,same blob
codex/f-cut-001-matrices,pms-module-engineering-api/src/main/java/cn/iocoder/yudao/module/pms/engineering/api/arrival/dto/ArrivalAcceptanceFactRevalidationQuery.java,NOOP_EXACT,same blob
codex/f-cut-001-matrices,pms-module-engineering-api/src/main/java/cn/iocoder/yudao/module/pms/engineering/api/arrival/dto/ArrivalQuantityScopeFact.java,NOOP_EXACT,same blob
codex/f-cut-001-matrices,pms-module-engineering-api/src/main/java/cn/iocoder/yudao/module/pms/engineering/api/arrival/dto/ArrivalScopeWatermark.java,NOOP_EXACT,same blob
codex/f-cut-001-matrices,pms-module-engineering-api/src/main/java/cn/iocoder/yudao/module/pms/engineering/api/arrival/event/ArtifactAcceptedMessage.java,NOOP_EXACT,same blob
codex/f-cut-001-matrices,pms-module-engineering-api/src/main/java/cn/iocoder/yudao/module/pms/engineering/api/arrival/event/ArtifactArchivedMessage.java,NOOP_EXACT,same blob
codex/f-cut-001-matrices,pms-module-engineering-api/src/main/java/cn/iocoder/yudao/module/pms/engineering/api/arrival/event/ArtifactCallbackConflictException.java,NOOP_EXACT,same blob
codex/f-cut-001-matrices,pms-module-engineering-api/src/main/java/cn/iocoder/yudao/module/pms/engineering/api/arrival/event/ArtifactCallbackInProgressException.java,NOOP_EXACT,same blob
codex/f-cut-001-matrices,pms-module-engineering-api/src/main/java/cn/iocoder/yudao/module/pms/engineering/api/arrival/event/ImplementationEvidencePublishedMessage.java,NOOP_EXACT,same blob
codex/f-cut-001-matrices,pms-module-engineering-api/src/main/java/cn/iocoder/yudao/module/pms/engineering/api/implementationreadiness/ImplementationReadinessApi.java,NOOP_EXACT,same blob
codex/f-cut-001-matrices,pms-module-engineering-api/src/main/java/cn/iocoder/yudao/module/pms/engineering/api/implementationreadiness/ImplementationReadinessException.java,NOOP_EXACT,same blob
codex/f-cut-001-matrices,pms-module-engineering-api/src/main/java/cn/iocoder/yudao/module/pms/engineering/api/implementationreadiness/dto/ImplementationReadinessContextFact.java,NOOP_EXACT,same blob
codex/f-cut-001-matrices,pms-module-engineering-api/src/main/java/cn/iocoder/yudao/module/pms/engineering/api/implementationreadiness/dto/ImplementationReadinessQuery.java,NOOP_EXACT,same blob
codex/f-cut-001-matrices,pms-module-engineering-api/src/main/java/cn/iocoder/yudao/module/pms/engineering/api/implementationreadiness/dto/ImplementationReadinessResult.java,NOOP_EXACT,same blob
codex/f-cut-001-matrices,pms-module-engineering-api/src/main/java/cn/iocoder/yudao/module/pms/engineering/api/implementationreadiness/dto/ImplementationReadinessRevalidationQuery.java,NOOP_EXACT,same blob
codex/f-cut-001-matrices,pms-module-engineering-api/src/main/java/cn/iocoder/yudao/module/pms/engineering/api/implementationreadiness/dto/ImplementationReadinessSnapshotFact.java,NOOP_EXACT,same blob
codex/f-cut-001-matrices,pms-module-engineering/src/main/java/cn/iocoder/yudao/module/pms/engineering/api/arrival/ArrivalAcceptanceFactApiImpl.java,NOOP_EXACT,same blob
codex/f-cut-001-matrices,pms-module-engineering/src/main/java/cn/iocoder/yudao/module/pms/engineering/controller/admin/arrivalacceptance/ArrivalAcceptanceController.java,NOOP_EXACT,same blob
codex/f-cut-001-matrices,pms-module-engineering/src/main/java/cn/iocoder/yudao/module/pms/engineering/controller/admin/arrivalacceptance/ArrivalAcceptanceRequestCodec.java,NOOP_EXACT,same blob
codex/f-cut-001-matrices,pms-module-engineering/src/main/java/cn/iocoder/yudao/module/pms/engineering/controller/admin/arrivalacceptance/ArrivalAcceptanceRequestContext.java,NOOP_EXACT,same blob
codex/f-cut-001-matrices,pms-module-engineering/src/main/java/cn/iocoder/yudao/module/pms/engineering/controller/admin/arrivalacceptance/vo/ArrivalAcceptanceReqVO.java,NOOP_EXACT,same blob
codex/f-cut-001-matrices,pms-module-engineering/src/main/java/cn/iocoder/yudao/module/pms/engineering/controller/admin/arrivalacceptance/vo/ArrivalAcceptanceRespVO.java,NOOP_EXACT,same blob
codex/f-cut-001-matrices,pms-module-engineering/src/main/java/cn/iocoder/yudao/module/pms/engineering/dal/dataobject/arrivalacceptance/ArrivalAcceptanceDO.java,NOOP_EXACT,same blob
codex/f-cut-001-matrices,pms-module-engineering/src/main/java/cn/iocoder/yudao/module/pms/engineering/dal/dataobject/arrivalacceptance/ArrivalDifferenceDO.java,NOOP_EXACT,same blob
codex/f-cut-001-matrices,pms-module-engineering/src/main/java/cn/iocoder/yudao/module/pms/engineering/dal/dataobject/arrivalacceptance/ArrivalLineDO.java,NOOP_EXACT,same blob
codex/f-cut-001-matrices,pms-module-engineering/src/main/java/cn/iocoder/yudao/module/pms/engineering/dal/dataobject/arrivalacceptance/DeliveryEvidenceDO.java,NOOP_EXACT,same blob
codex/f-cut-001-matrices,pms-module-engineering/src/main/java/cn/iocoder/yudao/module/pms/engineering/dal/dataobject/arrivalacceptance/DeliveryEvidenceRevisionDO.java,NOOP_EXACT,same blob
codex/f-cut-001-matrices,pms-module-engineering/src/main/java/cn/iocoder/yudao/module/pms/engineering/dal/mysql/arrivalacceptance/ArrivalAcceptanceMapper.java,NOOP_EXACT,same blob
codex/f-cut-001-matrices,pms-module-engineering/src/main/java/cn/iocoder/yudao/module/pms/engineering/dal/mysql/arrivalacceptance/ArrivalDifferenceMapper.java,NOOP_EXACT,same blob
codex/f-cut-001-matrices,pms-module-engineering/src/main/java/cn/iocoder/yudao/module/pms/engineering/dal/mysql/arrivalacceptance/ArrivalLineMapper.java,NOOP_EXACT,same blob
codex/f-cut-001-matrices,pms-module-engineering/src/main/java/cn/iocoder/yudao/module/pms/engineering/dal/mysql/arrivalacceptance/DeliveryEvidenceMapper.java,NOOP_EXACT,same blob
codex/f-cut-001-matrices,pms-module-engineering/src/main/java/cn/iocoder/yudao/module/pms/engineering/dal/mysql/arrivalacceptance/DeliveryEvidenceRevisionMapper.java,NOOP_EXACT,same blob
codex/f-cut-001-matrices,pms-module-engineering/src/main/java/cn/iocoder/yudao/module/pms/engineering/dal/mysql/arrivalacceptance/projection/ArrivalProjectFactAllocation.java,NOOP_EXACT,same blob
codex/f-cut-001-matrices,pms-module-engineering/src/main/java/cn/iocoder/yudao/module/pms/engineering/dal/mysql/arrivalacceptance/query/ArrivalBatchQuery.java,NOOP_EXACT,same blob
codex/f-cut-001-matrices,pms-module-engineering/src/main/java/cn/iocoder/yudao/module/pms/engineering/dal/mysql/arrivalacceptance/query/ArrivalChildRevisionMutation.java,NOOP_EXACT,same blob
codex/f-cut-001-matrices,pms-module-engineering/src/main/java/cn/iocoder/yudao/module/pms/engineering/dal/mysql/arrivalacceptance/query/ArrivalChildrenBatchQuery.java,NOOP_EXACT,same blob
codex/f-cut-001-matrices,pms-module-engineering/src/main/java/cn/iocoder/yudao/module/pms/engineering/dal/mysql/arrivalacceptance/query/ArrivalChildrenQuery.java,NOOP_EXACT,same blob
codex/f-cut-001-matrices,pms-module-engineering/src/main/java/cn/iocoder/yudao/module/pms/engineering/dal/mysql/arrivalacceptance/query/ArrivalConfirmationUpdate.java,NOOP_EXACT,same blob
codex/f-cut-001-matrices,pms-module-engineering/src/main/java/cn/iocoder/yudao/module/pms/engineering/dal/mysql/arrivalacceptance/query/ArrivalDraftMutation.java,NOOP_EXACT,same blob
codex/f-cut-001-matrices,pms-module-engineering/src/main/java/cn/iocoder/yudao/module/pms/engineering/dal/mysql/arrivalacceptance/query/ArrivalDueExemptionQuery.java,NOOP_EXACT,same blob
codex/f-cut-001-matrices,pms-module-engineering/src/main/java/cn/iocoder/yudao/module/pms/engineering/dal/mysql/arrivalacceptance/query/ArrivalPageQuery.java,NOOP_EXACT,same blob
codex/f-cut-001-matrices,pms-module-engineering/src/main/java/cn/iocoder/yudao/module/pms/engineering/dal/mysql/arrivalacceptance/query/ArrivalPredecessorQuery.java,NOOP_EXACT,same blob
codex/f-cut-001-matrices,pms-module-engineering/src/main/java/cn/iocoder/yudao/module/pms/engineering/dal/mysql/arrivalacceptance/query/ArrivalProjectFactAllocationQuery.java,NOOP_EXACT,same blob
codex/f-cut-001-matrices,pms-module-engineering/src/main/java/cn/iocoder/yudao/module/pms/engineering/dal/mysql/arrivalacceptance/query/ArrivalProjectFactQuery.java,NOOP_EXACT,same blob
codex/f-cut-001-matrices,pms-module-engineering/src/main/java/cn/iocoder/yudao/module/pms/engineering/dal/mysql/arrivalacceptance/query/ArrivalProjectFactVersionQuery.java,NOOP_EXACT,same blob
codex/f-cut-001-matrices,pms-module-engineering/src/main/java/cn/iocoder/yudao/module/pms/engineering/dal/mysql/arrivalacceptance/query/ArrivalResolutionMutation.java,NOOP_EXACT,same blob
codex/f-cut-001-matrices,pms-module-engineering/src/main/java/cn/iocoder/yudao/module/pms/engineering/dal/mysql/arrivalacceptance/query/ArrivalRowQuery.java,NOOP_EXACT,same blob
codex/f-cut-001-matrices,pms-module-engineering/src/main/java/cn/iocoder/yudao/module/pms/engineering/dal/mysql/arrivalacceptance/query/ArrivalSubmissionUpdate.java,NOOP_EXACT,same blob
codex/f-cut-001-matrices,pms-module-engineering/src/main/java/cn/iocoder/yudao/module/pms/engineering/dal/mysql/arrivalacceptance/query/DeliveryEvidenceAcceptedUpdate.java,NOOP_EXACT,same blob
codex/f-cut-001-matrices,pms-module-engineering/src/main/java/cn/iocoder/yudao/module/pms/engineering/dal/mysql/arrivalacceptance/query/DeliveryEvidenceArchivedUpdate.java,NOOP_EXACT,same blob
codex/f-cut-001-matrices,pms-module-engineering/src/main/java/cn/iocoder/yudao/module/pms/engineering/dal/mysql/arrivalacceptance/query/DeliveryEvidenceFirstWatermarkUpdate.java,NOOP_EXACT,same blob
codex/f-cut-001-matrices,pms-module-engineering/src/main/java/cn/iocoder/yudao/module/pms/engineering/dal/mysql/arrivalacceptance/query/DeliveryEvidenceIdentityQuery.java,NOOP_EXACT,same blob
codex/f-cut-001-matrices,pms-module-engineering/src/main/java/cn/iocoder/yudao/module/pms/engineering/dal/mysql/arrivalacceptance/query/DeliveryEvidencePublishUpdate.java,NOOP_EXACT,same blob
codex/f-cut-001-matrices,pms-module-engineering/src/main/java/cn/iocoder/yudao/module/pms/engineering/dal/mysql/arrivalacceptance/query/DeliveryEvidenceRetryClaimQuery.java,NOOP_EXACT,same blob
codex/f-cut-001-matrices,pms-module-engineering/src/main/java/cn/iocoder/yudao/module/pms/engineering/dal/mysql/arrivalacceptance/query/DeliveryEvidenceRetryStateUpdate.java,NOOP_EXACT,same blob
codex/f-cut-001-matrices,pms-module-engineering/src/main/java/cn/iocoder/yudao/module/pms/engineering/dal/mysql/arrivalacceptance/query/DeliveryEvidenceRetryUpdate.java,NOOP_EXACT,same blob
codex/f-cut-001-matrices,pms-module-engineering/src/main/java/cn/iocoder/yudao/module/pms/engineering/dal/mysql/arrivalacceptance/query/DeliveryEvidenceRevisionAdvance.java,NOOP_EXACT,same blob
codex/f-cut-001-matrices,pms-module-engineering/src/main/java/cn/iocoder/yudao/module/pms/engineering/dal/mysql/arrivalacceptance/query/DeliveryEvidenceRevisionQuery.java,NOOP_EXACT,same blob
codex/f-cut-001-matrices,pms-module-engineering/src/main/java/cn/iocoder/yudao/module/pms/engineering/dal/mysql/arrivalacceptance/query/DeliveryEvidenceSourceQuery.java,NOOP_EXACT,same blob
codex/f-cut-001-matrices,pms-module-engineering/src/main/java/cn/iocoder/yudao/module/pms/engineering/domain/arrivalacceptance/ArrivalAcceptanceRules.java,NOOP_EXACT,same blob
codex/f-cut-001-matrices,pms-module-engineering/src/main/java/cn/iocoder/yudao/module/pms/engineering/domain/arrivalacceptance/ArrivalAcceptanceStateMachine.java,NOOP_EXACT,same blob
codex/f-cut-001-matrices,pms-module-engineering/src/main/java/cn/iocoder/yudao/module/pms/engineering/domain/arrivalacceptance/ArrivalDifferenceScopeCodec.java,NOOP_EXACT,same blob
codex/f-cut-001-matrices,pms-module-engineering/src/main/java/cn/iocoder/yudao/module/pms/engineering/domain/arrivalacceptance/ArrivalFactCalculator.java,NOOP_EXACT,same blob
codex/f-cut-001-matrices,pms-module-engineering/src/main/java/cn/iocoder/yudao/module/pms/engineering/enums/ErrorCodeConstants.java,NOOP_EXACT,same blob
codex/f-cut-001-matrices,pms-module-engineering/src/main/java/cn/iocoder/yudao/module/pms/engineering/service/arrivalacceptance/ArrivalAcceptanceApplicationService.java,NOOP_EXACT,same blob
codex/f-cut-001-matrices,pms-module-engineering/src/main/java/cn/iocoder/yudao/module/pms/engineering/service/arrivalacceptance/ArrivalAcceptanceCommandService.java,NOOP_EXACT,same blob
codex/f-cut-001-matrices,pms-module-engineering/src/main/java/cn/iocoder/yudao/module/pms/engineering/service/arrivalacceptance/ArrivalAcceptanceCommands.java,NOOP_EXACT,same blob
codex/f-cut-001-matrices,pms-module-engineering/src/main/java/cn/iocoder/yudao/module/pms/engineering/service/arrivalacceptance/ArrivalAcceptanceContractException.java,NOOP_EXACT,same blob
codex/f-cut-001-matrices,pms-module-engineering/src/main/java/cn/iocoder/yudao/module/pms/engineering/service/arrivalacceptance/ArrivalAcceptanceQueryService.java,NOOP_EXACT,same blob
codex/f-cut-001-matrices,pms-module-engineering/src/main/java/cn/iocoder/yudao/module/pms/engineering/service/arrivalacceptance/ArrivalAcceptanceViews.java,NOOP_EXACT,same blob
codex/f-cut-001-matrices,pms-module-engineering/src/main/java/cn/iocoder/yudao/module/pms/engineering/service/arrivalacceptance/adapter/DeviceScopeFactApiAdapter.java,NOOP_EXACT,same blob
codex/f-cut-001-matrices,pms-module-engineering/src/main/java/cn/iocoder/yudao/module/pms/engineering/service/arrivalacceptance/adapter/FileArtifactApiAdapter.java,NOOP_EXACT,same blob
codex/f-cut-001-matrices,pms-module-engineering/src/main/java/cn/iocoder/yudao/module/pms/engineering/service/arrivalacceptance/adapter/ProjectQualificationApiAdapter.java,NOOP_EXACT,same blob
codex/f-cut-001-matrices,pms-module-engineering/src/main/java/cn/iocoder/yudao/module/pms/engineering/service/arrivalacceptance/adapter/ProjectSystemQualificationApiAdapter.java,NOOP_EXACT,same blob
codex/f-cut-001-matrices,pms-module-engineering/src/main/java/cn/iocoder/yudao/module/pms/engineering/service/arrivalacceptance/evidence/ArrivalEvidenceDeliveryFinalizer.java,NOOP_EXACT,same blob
codex/f-cut-001-matrices,pms-module-engineering/src/main/java/cn/iocoder/yudao/module/pms/engineering/service/arrivalacceptance/evidence/ArrivalEvidenceEventFactory.java,NOOP_EXACT,same blob
codex/f-cut-001-matrices,pms-module-engineering/src/main/java/cn/iocoder/yudao/module/pms/engineering/service/arrivalacceptance/evidence/ArrivalEvidenceOutboxDeliveryJob.java,NOOP_EXACT,same blob
codex/f-cut-001-matrices,pms-module-engineering/src/main/java/cn/iocoder/yudao/module/pms/engineering/service/arrivalacceptance/evidence/ArrivalEvidenceRetryJob.java,NOOP_EXACT,same blob
codex/f-cut-001-matrices,pms-module-engineering/src/main/java/cn/iocoder/yudao/module/pms/engineering/service/arrivalacceptance/evidence/ArrivalEvidenceRetryService.java,NOOP_EXACT,same blob
codex/f-cut-001-matrices,pms-module-engineering/src/main/java/cn/iocoder/yudao/module/pms/engineering/service/arrivalacceptance/evidence/ArtifactCallbackAuditDetail.java,NOOP_EXACT,same blob
codex/f-cut-001-matrices,pms-module-engineering/src/main/java/cn/iocoder/yudao/module/pms/engineering/service/arrivalacceptance/evidence/ArtifactCallbackEventListener.java,NOOP_EXACT,same blob
codex/f-cut-001-matrices,pms-module-engineering/src/main/java/cn/iocoder/yudao/module/pms/engineering/service/arrivalacceptance/evidence/ArtifactCallbackHandler.java,NOOP_EXACT,same blob
codex/f-cut-001-matrices,pms-module-engineering/src/main/java/cn/iocoder/yudao/module/pms/engineering/service/arrivalacceptance/evidence/ArtifactCallbackProcessing.java,NOOP_EXACT,same blob
codex/f-cut-001-matrices,pms-module-engineering/src/main/java/cn/iocoder/yudao/module/pms/engineering/service/arrivalacceptance/evidence/ArtifactCallbackResult.java,NOOP_EXACT,same blob
codex/f-cut-001-matrices,pms-module-engineering/src/main/java/cn/iocoder/yudao/module/pms/engineering/service/arrivalacceptance/port/ArrivalDifferenceTypePort.java,NOOP_EXACT,same blob
codex/f-cut-001-matrices,pms-module-engineering/src/main/java/cn/iocoder/yudao/module/pms/engineering/service/arrivalacceptance/port/DeliveryScopePort.java,NOOP_EXACT,same blob
codex/f-cut-001-matrices,pms-module-engineering/src/main/java/cn/iocoder/yudao/module/pms/engineering/service/arrivalacceptance/port/DeviceScopeFactPort.java,NOOP_EXACT,same blob
codex/f-cut-001-matrices,pms-module-engineering/src/main/java/cn/iocoder/yudao/module/pms/engineering/service/arrivalacceptance/port/FileArtifactFactPort.java,NOOP_EXACT,same blob
codex/f-cut-001-matrices,pms-module-engineering/src/main/java/cn/iocoder/yudao/module/pms/engineering/service/arrivalacceptance/port/OwnerFactVersionMismatchException.java,NOOP_EXACT,same blob
codex/f-cut-001-matrices,pms-module-engineering/src/main/java/cn/iocoder/yudao/module/pms/engineering/service/arrivalacceptance/port/ProjectQualificationPort.java,NOOP_EXACT,same blob
codex/f-cut-001-matrices,pms-module-engineering/src/main/java/cn/iocoder/yudao/module/pms/engineering/service/arrivalacceptance/port/ProjectSystemQualificationPort.java,NOOP_EXACT,same blob
codex/f-cut-001-matrices,pms-module-engineering/src/main/resources/mapper/arrivalacceptance/ArrivalAcceptanceMapper.xml,NOOP_EXACT,same blob
codex/f-cut-001-matrices,pms-module-engineering/src/main/resources/mapper/arrivalacceptance/ArrivalDifferenceMapper.xml,NOOP_EXACT,same blob
codex/f-cut-001-matrices,pms-module-engineering/src/main/resources/mapper/arrivalacceptance/ArrivalLineMapper.xml,CONFLICT_ADAPT_REQUIRED,"Checking patch pms-module-engineering/src/main/resources/mapper/arrivalacceptance/ArrivalLineMapper.xml...
error: pms-module-engineering/src/main/resources/mapper/arrivalacceptance/ArrivalLineMapper.xml: already exists in working directory
"
codex/f-cut-001-matrices,pms-module-engineering/src/main/resources/mapper/arrivalacceptance/DeliveryEvidenceMapper.xml,NOOP_EXACT,same blob
codex/f-cut-001-matrices,pms-module-engineering/src/main/resources/mapper/arrivalacceptance/DeliveryEvidenceRevisionMapper.xml,NOOP_EXACT,same blob
codex/f-cut-001-matrices,pms-module-engineering/src/test/java/cn/iocoder/yudao/module/pms/engineering/api/arrival/ArrivalAcceptanceFactApiImplTest.java,NOOP_EXACT,same blob
codex/f-cut-001-matrices,pms-module-engineering/src/test/java/cn/iocoder/yudao/module/pms/engineering/api/arrival/ArrivalAcceptanceFactApiMySqlTest.java,NOOP_EXACT,same blob
codex/f-cut-001-matrices,pms-module-engineering/src/test/java/cn/iocoder/yudao/module/pms/engineering/api/arrival/ArrivalAcceptanceFactContractTest.java,NOOP_EXACT,same blob
codex/f-cut-001-matrices,pms-module-engineering/src/test/java/cn/iocoder/yudao/module/pms/engineering/api/implementationreadiness/ImplementationReadinessApiContractTest.java,NOOP_EXACT,same blob
codex/f-cut-001-matrices,pms-module-engineering/src/test/java/cn/iocoder/yudao/module/pms/engineering/arrivalacceptance/ArrivalAcceptanceApplicationMySqlTest.java,NOOP_EXACT,same blob
codex/f-cut-001-matrices,pms-module-engineering/src/test/java/cn/iocoder/yudao/module/pms/engineering/arrivalacceptance/ArrivalAcceptanceConcurrencyMySqlTest.java,NOOP_EXACT,same blob
codex/f-cut-001-matrices,pms-module-engineering/src/test/java/cn/iocoder/yudao/module/pms/engineering/arrivalacceptance/ArrivalAcceptanceMigrationContractTest.java,CONFLICT_ADAPT_REQUIRED,"c/test/java/cn/iocoder/yudao/module/pms/engineering/arrivalacceptance/ArrivalAcceptanceMigrationContractTest.java...
error: pms-module-engineering/src/test/java/cn/iocoder/yudao/module/pms/engineering/arrivalacceptance/ArrivalAcceptanceMigrationContractTest.java: already exists in working directory
"
codex/f-cut-001-matrices,pms-module-engineering/src/test/java/cn/iocoder/yudao/module/pms/engineering/controller/admin/arrivalacceptance/ArrivalAcceptanceControllerContractTest.java,NOOP_EXACT,same blob
codex/f-cut-001-matrices,pms-module-engineering/src/test/java/cn/iocoder/yudao/module/pms/engineering/dal/mysql/arrivalacceptance/ArrivalAcceptanceMapperContractTest.java,NOOP_EXACT,same blob
codex/f-cut-001-matrices,pms-module-engineering/src/test/java/cn/iocoder/yudao/module/pms/engineering/domain/arrivalacceptance/ArrivalAcceptanceRulesTest.java,NOOP_EXACT,same blob
codex/f-cut-001-matrices,pms-module-engineering/src/test/java/cn/iocoder/yudao/module/pms/engineering/domain/arrivalacceptance/ArrivalAcceptanceStateMachineTest.java,NOOP_EXACT,same blob
codex/f-cut-001-matrices,pms-module-engineering/src/test/java/cn/iocoder/yudao/module/pms/engineering/domain/arrivalacceptance/ArrivalDifferenceScopeCodecTest.java,NOOP_EXACT,same blob
codex/f-cut-001-matrices,pms-module-engineering/src/test/java/cn/iocoder/yudao/module/pms/engineering/domain/arrivalacceptance/ArrivalFactCalculatorTest.java,NOOP_EXACT,same blob
codex/f-cut-001-matrices,pms-module-engineering/src/test/java/cn/iocoder/yudao/module/pms/engineering/service/arrivalacceptance/ArrivalAcceptanceApplicationServiceTest.java,NOOP_EXACT,same blob
codex/f-cut-001-matrices,pms-module-engineering/src/test/java/cn/iocoder/yudao/module/pms/engineering/service/arrivalacceptance/ArrivalAcceptanceCommandServiceTest.java,NOOP_EXACT,same blob
codex/f-cut-001-matrices,pms-module-engineering/src/test/java/cn/iocoder/yudao/module/pms/engineering/service/arrivalacceptance/ArrivalAcceptanceQueryServiceTest.java,NOOP_EXACT,same blob
codex/f-cut-001-matrices,pms-module-engineering/src/test/java/cn/iocoder/yudao/module/pms/engineering/service/arrivalacceptance/ArrivalAcceptanceSuccessorMySqlTest.java,NOOP_EXACT,same blob
codex/f-cut-001-matrices,pms-module-engineering/src/test/java/cn/iocoder/yudao/module/pms/engineering/service/arrivalacceptance/adapter/ArrivalAcceptanceOwnerAdapterTest.java,NOOP_EXACT,same blob
codex/f-cut-001-matrices,pms-module-engineering/src/test/java/cn/iocoder/yudao/module/pms/engineering/service/arrivalacceptance/adapter/DeviceScopeFactApiAdapterTest.java,NOOP_EXACT,same blob
codex/f-cut-001-matrices,pms-module-engineering/src/test/java/cn/iocoder/yudao/module/pms/engineering/service/arrivalacceptance/adapter/ProjectSystemQualificationApiAdapterTest.java,NOOP_EXACT,same blob
codex/f-cut-001-matrices,pms-module-engineering/src/test/java/cn/iocoder/yudao/module/pms/engineering/service/arrivalacceptance/evidence/ArrivalEvidenceDeliveryFinalizerTest.java,NOOP_EXACT,same blob
codex/f-cut-001-matrices,pms-module-engineering/src/test/java/cn/iocoder/yudao/module/pms/engineering/service/arrivalacceptance/evidence/ArrivalEvidenceOutboxDeliveryJobTest.java,NOOP_EXACT,same blob
codex/f-cut-001-matrices,pms-module-engineering/src/test/java/cn/iocoder/yudao/module/pms/engineering/service/arrivalacceptance/evidence/ArrivalEvidenceRetryJobTest.java,NOOP_EXACT,same blob
codex/f-cut-001-matrices,pms-module-engineering/src/test/java/cn/iocoder/yudao/module/pms/engineering/service/arrivalacceptance/evidence/ArrivalEvidenceRetryServiceTest.java,NOOP_EXACT,same blob
codex/f-cut-001-matrices,pms-module-engineering/src/test/java/cn/iocoder/yudao/module/pms/engineering/service/arrivalacceptance/evidence/ArtifactCallbackEventListenerTest.java,NOOP_EXACT,same blob
codex/f-cut-001-matrices,pms-module-engineering/src/test/java/cn/iocoder/yudao/module/pms/engineering/service/arrivalacceptance/evidence/ArtifactCallbackHandlerTest.java,NOOP_EXACT,same blob
codex/f-cut-001-matrices,pms-module-platform/pms-module-platform-api/src/main/java/cn/iocoder/yudao/module/pms/platform/api/migration/PlatformMigrationEvidenceApi.java,NOOP_EXACT,same blob
codex/f-cut-001-matrices,pms-module-platform/pms-module-platform-api/src/main/java/cn/iocoder/yudao/module/pms/platform/api/migration/PlatformMigrationEvidenceException.java,NOOP_EXACT,same blob
codex/f-cut-001-matrices,pms-module-platform/pms-module-platform-api/src/main/java/cn/iocoder/yudao/module/pms/platform/api/migration/dto/AppendExternalMappingCommand.java,NOOP_EXACT,same blob
codex/f-cut-001-matrices,pms-module-platform/pms-module-platform-api/src/main/java/cn/iocoder/yudao/module/pms/platform/api/migration/dto/AppendMigrationIssueCommand.java,NOOP_EXACT,same blob
codex/f-cut-001-matrices,pms-module-platform/pms-module-platform-api/src/main/java/cn/iocoder/yudao/module/pms/platform/api/migration/dto/AppendMigrationSourceRecordCommand.java,NOOP_EXACT,same blob
codex/f-cut-001-matrices,pms-module-platform/pms-module-platform-api/src/main/java/cn/iocoder/yudao/module/pms/platform/api/migration/dto/ClaimStagedBatchCommand.java,NOOP_EXACT,same blob
codex/f-cut-001-matrices,pms-module-platform/pms-module-platform-api/src/main/java/cn/iocoder/yudao/module/pms/platform/api/migration/dto/CloseMigrationIssueCommand.java,NOOP_EXACT,same blob
codex/f-cut-001-matrices,pms-module-platform/pms-module-platform-api/src/main/java/cn/iocoder/yudao/module/pms/platform/api/migration/dto/CompleteReconciliationCommand.java,NOOP_EXACT,same blob
codex/f-cut-001-matrices,pms-module-platform/pms-module-platform-api/src/main/java/cn/iocoder/yudao/module/pms/platform/api/migration/dto/CreateImportBatchCommand.java,NOOP_EXACT,same blob
codex/f-cut-001-matrices,pms-module-platform/pms-module-platform-api/src/main/java/cn/iocoder/yudao/module/pms/platform/api/migration/dto/ExternalTargetMapping.java,NOOP_EXACT,same blob
codex/f-cut-001-matrices,pms-module-platform/pms-module-platform-api/src/main/java/cn/iocoder/yudao/module/pms/platform/api/migration/dto/ImportStagingDecision.java,NOOP_EXACT,same blob
codex/f-cut-001-matrices,pms-module-platform/pms-module-platform-api/src/main/java/cn/iocoder/yudao/module/pms/platform/api/migration/dto/MarkStagedReadyCommand.java,NOOP_EXACT,same blob
codex/f-cut-001-matrices,pms-module-platform/pms-module-platform-api/src/main/java/cn/iocoder/yudao/module/pms/platform/api/migration/dto/MigrationBatchClaimResult.java,NOOP_EXACT,same blob
codex/f-cut-001-matrices,pms-module-platform/pms-module-platform-api/src/main/java/cn/iocoder/yudao/module/pms/platform/api/migration/dto/MigrationBatchFact.java,NOOP_EXACT,same blob
codex/f-cut-001-matrices,pms-module-platform/pms-module-platform-api/src/main/java/cn/iocoder/yudao/module/pms/platform/api/migration/dto/MigrationBatchStatus.java,NOOP_EXACT,same blob
codex/f-cut-001-matrices,pms-module-platform/pms-module-platform-api/src/main/java/cn/iocoder/yudao/module/pms/platform/api/migration/dto/MigrationEvidenceContractRules.java,NOOP_EXACT,same blob
codex/f-cut-001-matrices,pms-module-platform/pms-module-platform-api/src/main/java/cn/iocoder/yudao/module/pms/platform/api/migration/dto/MigrationImportFailureCode.java,NOOP_EXACT,same blob
codex/f-cut-001-matrices,pms-module-platform/pms-module-platform-api/src/main/java/cn/iocoder/yudao/module/pms/platform/api/migration/dto/MigrationIssueFact.java,NOOP_EXACT,same blob
codex/f-cut-001-matrices,pms-module-platform/pms-module-platform-api/src/main/java/cn/iocoder/yudao/module/pms/platform/api/migration/dto/MigrationIssueStatus.java,NOOP_EXACT,same blob
codex/f-cut-001-matrices,pms-module-platform/pms-module-platform-api/src/main/java/cn/iocoder/yudao/module/pms/platform/api/migration/dto/MigrationSourceRecordFact.java,NOOP_EXACT,same blob
codex/f-cut-001-matrices,pms-module-platform/pms-module-platform-api/src/main/java/cn/iocoder/yudao/module/pms/platform/api/migration/dto/MigrationSourceRecordPage.java,NOOP_EXACT,same blob
codex/f-cut-001-matrices,pms-module-platform/pms-module-platform-api/src/main/java/cn/iocoder/yudao/module/pms/platform/api/migration/dto/MigrationSourceRecordPageQuery.java,NOOP_EXACT,same blob
codex/f-cut-001-matrices,pms-module-platform/pms-module-platform-api/src/main/java/cn/iocoder/yudao/module/pms/platform/api/migration/dto/SourceReconciliationResult.java,NOOP_EXACT,same blob
codex/f-cut-001-matrices,pms-module-platform/pms-module-platform-api/src/main/java/cn/iocoder/yudao/module/pms/platform/api/migration/dto/SourceReconciliationType.java,NOOP_EXACT,same blob
codex/f-cut-001-matrices,pms-module-platform/src/main/java/cn/iocoder/yudao/module/pms/platform/dal/dataobject/migration/ExternalKeyMappingDO.java,NOOP_EXACT,same blob
codex/f-cut-001-matrices,pms-module-platform/src/main/java/cn/iocoder/yudao/module/pms/platform/dal/dataobject/migration/MigrationBatchDO.java,NOOP_EXACT,same blob
codex/f-cut-001-matrices,pms-module-platform/src/main/java/cn/iocoder/yudao/module/pms/platform/dal/dataobject/migration/MigrationIssueDO.java,NOOP_EXACT,same blob
codex/f-cut-001-matrices,pms-module-platform/src/main/java/cn/iocoder/yudao/module/pms/platform/dal/dataobject/migration/MigrationSourceRecordDO.java,NOOP_EXACT,same blob
codex/f-cut-001-matrices,pms-module-platform/src/main/java/cn/iocoder/yudao/module/pms/platform/dal/mysql/migration/ExternalKeyMappingMapper.java,NOOP_EXACT,same blob
codex/f-cut-001-matrices,pms-module-platform/src/main/java/cn/iocoder/yudao/module/pms/platform/dal/mysql/migration/MigrationBatchMapper.java,NOOP_EXACT,same blob
codex/f-cut-001-matrices,pms-module-platform/src/main/java/cn/iocoder/yudao/module/pms/platform/dal/mysql/migration/MigrationIssueMapper.java,NOOP_EXACT,same blob
codex/f-cut-001-matrices,pms-module-platform/src/main/java/cn/iocoder/yudao/module/pms/platform/dal/mysql/migration/MigrationSourceRecordMapper.java,NOOP_EXACT,same blob
codex/f-cut-001-matrices,pms-module-platform/src/main/java/cn/iocoder/yudao/module/pms/platform/dal/mysql/migration/query/MigrationBatchClaimQuery.java,NOOP_EXACT,same blob
codex/f-cut-001-matrices,pms-module-platform/src/main/java/cn/iocoder/yudao/module/pms/platform/dal/mysql/migration/query/MigrationBatchClassificationSummary.java,NOOP_EXACT,same blob
codex/f-cut-001-matrices,pms-module-platform/src/main/java/cn/iocoder/yudao/module/pms/platform/dal/mysql/migration/query/MigrationBatchCompletionUpdate.java,NOOP_EXACT,same blob
codex/f-cut-001-matrices,pms-module-platform/src/main/java/cn/iocoder/yudao/module/pms/platform/dal/mysql/migration/query/MigrationBatchIdQuery.java,NOOP_EXACT,same blob
codex/f-cut-001-matrices,pms-module-platform/src/main/java/cn/iocoder/yudao/module/pms/platform/dal/mysql/migration/query/MigrationBatchIdentityQuery.java,NOOP_EXACT,same blob
codex/f-cut-001-matrices,pms-module-platform/src/main/java/cn/iocoder/yudao/module/pms/platform/dal/mysql/migration/query/MigrationBatchTransitionUpdate.java,NOOP_EXACT,same blob
codex/f-cut-001-matrices,pms-module-platform/src/main/java/cn/iocoder/yudao/module/pms/platform/dal/mysql/migration/query/MigrationIssueCloseUpdate.java,NOOP_EXACT,same blob
codex/f-cut-001-matrices,pms-module-platform/src/main/java/cn/iocoder/yudao/module/pms/platform/dal/mysql/migration/query/MigrationIssueIdQuery.java,NOOP_EXACT,same blob
codex/f-cut-001-matrices,pms-module-platform/src/main/java/cn/iocoder/yudao/module/pms/platform/dal/mysql/migration/query/MigrationSourceCursorQuery.java,NOOP_EXACT,same blob
codex/f-cut-001-matrices,pms-module-platform/src/main/java/cn/iocoder/yudao/module/pms/platform/dal/mysql/migration/query/MigrationSourceIdQuery.java,NOOP_EXACT,same blob
codex/f-cut-001-matrices,pms-module-platform/src/main/java/cn/iocoder/yudao/module/pms/platform/dal/mysql/migration/query/MigrationSourceIdentityQuery.java,NOOP_EXACT,same blob
codex/f-cut-001-matrices,pms-module-platform/src/main/java/cn/iocoder/yudao/module/pms/platform/dal/mysql/migration/query/MigrationSourceOnlyQuery.java,NOOP_EXACT,same blob
codex/f-cut-001-matrices,pms-module-platform/src/main/java/cn/iocoder/yudao/module/pms/platform/service/migration/PlatformMigrationEvidenceApiImpl.java,NOOP_EXACT,same blob
codex/f-cut-001-matrices,pms-module-platform/src/main/java/cn/iocoder/yudao/module/pms/platform/service/migration/PlatformMigrationEvidenceTransactionExecutor.java,NOOP_EXACT,same blob
codex/f-cut-001-matrices,pms-module-platform/src/main/java/cn/iocoder/yudao/module/pms/platform/service/outbox/PlatformOutboxDeliveryApiImpl.java,CONFLICT_ADAPT_REQUIRED,"led: pms-module-platform/src/main/java/cn/iocoder/yudao/module/pms/platform/service/outbox/PlatformOutboxDeliveryApiImpl.java:23
Applying patch pms-module-platform/src/main/java/cn/iocoder/yudao/module/pms/platform/service/outbox/PlatformOutboxDeliveryApiImpl.java with 1 reject...
Rejected hunk #1.
"
codex/f-cut-001-matrices,pms-module-platform/src/main/resources/mapper/migration/MigrationBatchMapper.xml,NOOP_EXACT,same blob
codex/f-cut-001-matrices,pms-module-platform/src/main/resources/mapper/migration/MigrationIssueMapper.xml,NOOP_EXACT,same blob
codex/f-cut-001-matrices,pms-module-platform/src/main/resources/mapper/migration/MigrationSourceRecordMapper.xml,NOOP_EXACT,same blob
codex/f-cut-001-matrices,pms-module-platform/src/test/java/cn/iocoder/yudao/module/pms/platform/api/migration/PlatformMigrationEvidenceContractTest.java,NOOP_EXACT,same blob
codex/f-cut-001-matrices,pms-module-platform/src/test/java/cn/iocoder/yudao/module/pms/platform/migration/PlatformMigrationEvidenceMigrationContractTest.java,CONFLICT_ADAPT_REQUIRED,"atform/src/test/java/cn/iocoder/yudao/module/pms/platform/migration/PlatformMigrationEvidenceMigrationContractTest.java...
error: pms-module-platform/src/test/java/cn/iocoder/yudao/module/pms/platform/migration/PlatformMigrationEvidenceMigrationContractTest.java: already exists in working directory
"
codex/f-cut-001-matrices,pms-module-platform/src/test/java/cn/iocoder/yudao/module/pms/platform/service/migration/PlatformMigrationEvidenceMapperContractTest.java,NOOP_EXACT,same blob
codex/f-cut-001-matrices,pms-module-platform/src/test/java/cn/iocoder/yudao/module/pms/platform/service/migration/PlatformMigrationEvidenceMySqlTest.java,NOOP_EXACT,same blob
codex/f-cut-001-matrices,pms-module-platform/src/test/java/cn/iocoder/yudao/module/pms/platform/service/migration/PlatformMigrationEvidenceTransactionExecutorTest.java,NOOP_EXACT,same blob
codex/f-cut-001-matrices,pms-module-platform/src/test/java/cn/iocoder/yudao/module/pms/platform/service/outbox/PlatformOutboxDeliveryApiImplTest.java,APPLIED_THREE_WAY,clean file merge
codex/f-cut-001-matrices,pms-module-project/pms-module-project-api/src/main/java/cn/iocoder/yudao/module/pms/project/api/deliveryscope/ProjectDeliveryScopeQualificationFactApi.java,NOOP_EXACT,same blob
codex/f-cut-001-matrices,pms-module-project/pms-module-project-api/src/main/java/cn/iocoder/yudao/module/pms/project/api/deliveryscope/ProjectDeliveryScopeQualificationFactException.java,NOOP_EXACT,same blob
codex/f-cut-001-matrices,pms-module-project/pms-module-project-api/src/main/java/cn/iocoder/yudao/module/pms/project/api/deliveryscope/dto/ProjectDeliveryScopeQualificationFact.java,NOOP_EXACT,same blob
codex/f-cut-001-matrices,pms-module-project/pms-module-project-api/src/main/java/cn/iocoder/yudao/module/pms/project/api/deliveryscope/dto/ProjectDeliveryScopeQualificationQuery.java,NOOP_EXACT,same blob
codex/f-cut-001-matrices,pms-module-project/pms-module-project-api/src/main/java/cn/iocoder/yudao/module/pms/project/api/deliveryscope/dto/ProjectDeliveryScopeQualificationRevalidationQuery.java,NOOP_EXACT,same blob
codex/f-cut-001-matrices,pms-module-project/pms-module-project-api/src/main/java/cn/iocoder/yudao/module/pms/project/api/systemqualification/ProjectSystemQualificationFactApi.java,NOOP_EXACT,same blob
codex/f-cut-001-matrices,pms-module-project/pms-module-project-api/src/main/java/cn/iocoder/yudao/module/pms/project/api/systemqualification/dto/ProjectSystemQualificationFact.java,NOOP_EXACT,same blob
codex/f-cut-001-matrices,pms-module-project/pms-module-project-api/src/main/java/cn/iocoder/yudao/module/pms/project/api/systemqualification/dto/ProjectSystemQualificationLockQuery.java,NOOP_EXACT,same blob
codex/f-cut-001-matrices,pms-module-project/src/main/java/cn/iocoder/yudao/module/pms/project/api/systemqualification/ProjectSystemQualificationFactApiImpl.java,NOOP_EXACT,same blob
codex/f-cut-001-matrices,pms-module-project/src/test/java/cn/iocoder/yudao/module/pms/project/api/deliveryscope/ProjectDeliveryScopeQualificationFactApiContractTest.java,NOOP_EXACT,same blob
codex/f-cut-001-matrices,pms-module-project/src/test/java/cn/iocoder/yudao/module/pms/project/api/systemqualification/ProjectSystemQualificationFactApiContractTest.java,NOOP_EXACT,same blob
codex/f-cut-001-matrices,pms-module-project/src/test/java/cn/iocoder/yudao/module/pms/project/api/systemqualification/ProjectSystemQualificationFactApiImplTest.java,NOOP_EXACT,same blob
codex/f-cut-001-matrices,pms-module-project/src/test/java/cn/iocoder/yudao/module/pms/project/api/systemqualification/ProjectSystemQualificationFactApiMySqlTest.java,NOOP_EXACT,same blob
codex/f-cut-001-matrices,pom.xml,CONFLICT_ADAPT_REQUIRED,"-commerce-api</module>
        <module>pms-module-engineering-api</module>
        <module>pms-module-platform</module>
        <module>pms-module-customer</module>
        <module>pms-module-project</module>

error: patch failed: pom.xml:23
Applying patch pom.xml with 1 reject...
Rejected hunk #1.
"
codex/f-cut-001-matrices,scripts/generate_domain_entity_migration_contract.py,APPLIED_THREE_WAY,clean file merge
codex/f-cut-001-matrices,scripts/generate_phase2_contract_map.py,APPLIED_THREE_WAY,clean file merge
codex/f-cut-001-matrices,scripts/generate_requirement_traceability.py,CONFLICT_ADAPT_REQUIRED,"-04"",
    ""EXE-05"", ""EXE-06"", ""IMP-01"", ""INS-02"", ""INS-04"", ""INT-01"", ""INT-02"", ""INT-03"",
    ""INT-06"", ""INT-12"", ""SRV-01"", ""SUB-03"",

error: patch failed: scripts/generate_requirement_traceability.py:383
Applying patch scripts/generate_requirement_traceability.py with 1 reject...
Rejected hunk #1.
"
codex/f-cut-001-matrices,scripts/tests/test_fcut002_migration_contract.py,NOOP_EXACT,same blob
codex/f-cut-001-matrices,scripts/tests/test_fcut003_feature_contract.py,NOOP_EXACT,same blob
codex/f-cut-001-matrices,scripts/tests/test_fcut004_feature_contract.py,NOOP_EXACT,same blob
codex/f-cut-001-matrices,scripts/tests/test_validate_domain_entity_migration_alignment.py,CONFLICT_ADAPT_REQUIRED,"ct_name):
                self.assertEqual(tables, self.records[object_name][""targetTables""])

error: patch failed: scripts/tests/test_validate_domain_entity_migration_alignment.py:479
Applying patch scripts/tests/test_validate_domain_entity_migration_alignment.py with 1 reject...
Rejected hunk #1.
"
codex/f-cut-001-matrices,scripts/tests/test_validate_sds_phase2.py,CONFLICT_ADAPT_REQUIRED,"  ""93对象/104来源绑定/1排除源"",
                    ""92对象/103来源绑定/1排除源"",
                    1,
                ),
                encoding=""utf-8"",

error: patch failed: scripts/tests/test_validate_sds_phase2.py:649
Applying patch scripts/tests/test_validate_sds_phase2.py with 1 reject...
Rejected hunk #1.
"
codex/f-cut-001-matrices,scripts/validate_sds_phase3.py,NOOP_EXACT,same blob
codex/f-cut-001-matrices,sql/migrations/V132__fcut001_matrix_contract.sql,NOOP_EXACT,same blob
codex/f-cut-001-matrices,sql/migrations/V133__fimp002_arrival_acceptance.sql,MIGRATION_ADAPT_REQUIRED,old source version; existing received migrations remain authoritative
codex/f-cut-001-matrices,sql/migrations/V134__fimp002_project_qualification_versions.sql,MIGRATION_ADAPT_REQUIRED,old source version; existing received migrations remain authoritative
codex/f-cut-001-matrices,sql/migrations/V135__fimp002_file_fact_versions.sql,MIGRATION_ADAPT_REQUIRED,old source version; existing received migrations remain authoritative
codex/f-cut-001-matrices,sql/migrations/V136__fimp002_nullable_difference_fact_version.sql,MIGRATION_ADAPT_REQUIRED,old source version; existing received migrations remain authoritative
codex/f-cut-001-matrices,sql/migrations/V137__fimp002_arrival_evidence_outbox_job.sql,MIGRATION_ADAPT_REQUIRED,old source version; existing received migrations remain authoritative
codex/f-cut-001-matrices,sql/migrations/V138__fimp002_evidence_correlation.sql,MIGRATION_ADAPT_REQUIRED,old source version; existing received migrations remain authoritative
codex/f-cut-001-matrices,sql/migrations/V139__fimp002_arrival_evidence_retry_job.sql,MIGRATION_ADAPT_REQUIRED,old source version; existing received migrations remain authoritative
codex/f-cut-001-matrices,sql/migrations/V140__fimp002_task5b_successor_fact_impact.sql,MIGRATION_ADAPT_REQUIRED,old source version; existing received migrations remain authoritative
codex/f-cut-001-matrices,sql/migrations/V141__fimp002_successor_batch_identity.sql,MIGRATION_ADAPT_REQUIRED,old source version; existing received migrations remain authoritative
codex/f-cut-001-matrices,sql/migrations/V142__fimp002_arrival_acceptance_seed.sql,MIGRATION_ADAPT_REQUIRED,old source version; existing received migrations remain authoritative
codex/f-cut-001-matrices,sql/migrations/V143__fcom001_contract_order_scope_schema.sql,MIGRATION_ADAPT_REQUIRED,old source version; existing received migrations remain authoritative
codex/f-cut-001-matrices,sql/migrations/V144__platform_migration_evidence.sql,MIGRATION_ADAPT_REQUIRED,old source version; existing received migrations remain authoritative
codex/f-cut-001-matrices,sql/migrations/V145__fcom001_order_contract_relation_source_identity.sql,MIGRATION_ADAPT_REQUIRED,old source version; existing received migrations remain authoritative
codex/f-cut-001-matrices,sql/migrations/V146__fcut002_cutover_task_intake.sql,MIGRATION_ADAPT_REQUIRED,old source version; existing received migrations remain authoritative
codex/f-cut-001-matrices,sql/migrations/V147__fcut003_p3_dynamic_checklist.sql,MIGRATION_ADAPT_REQUIRED,old source version; existing received migrations remain authoritative
codex/f-cut-001-matrices,sql/migrations/V148__fcut_device_product_type_snapshot.sql,MIGRATION_ADAPT_REQUIRED,old source version; existing received migrations remain authoritative
codex/f-cut-001-matrices,sql/migrations/V149__fcut002_task_origin_assessment_checks.sql,MIGRATION_ADAPT_REQUIRED,old source version; existing received migrations remain authoritative
codex/f-cut-001-matrices,sql/migrations/V150__fcut004_p4_cutover_plan.sql,MIGRATION_ADAPT_REQUIRED,old source version; existing received migrations remain authoritative
codex/f-cut-001-matrices,sql/migrations/V151__fcut004_legacy_plan_job.sql,MIGRATION_ADAPT_REQUIRED,old source version; existing received migrations remain authoritative
codex/f-cut-001-matrices,sql/migrations/V152__fcut004_plan_seed.sql,MIGRATION_ADAPT_REQUIRED,old source version; existing received migrations remain authoritative
codex/f-cut-001-matrices,sql/migrations/V153__fcut005_p5_graded_approval.sql,MIGRATION_ADAPT_REQUIRED,old source version; existing received migrations remain authoritative
codex/f-cut-001-matrices,sql/migrations/V154__fcut005_p5_approval_seed.sql,MIGRATION_ADAPT_REQUIRED,old source version; existing received migrations remain authoritative
codex/f-cut-001-matrices,sql/migrations/V155__fcut006_p6_cutover_closure.sql,MIGRATION_ADAPT_REQUIRED,old source version; existing received migrations remain authoritative
codex/f-cut-001-matrices,sql/migrations/V156__fcut006_legacy_closure_job.sql,MIGRATION_ADAPT_REQUIRED,old source version; existing received migrations remain authoritative
codex/f-cut-001-matrices,sql/migrations/V157__fcut008_p5_lead_time_notification.sql,MIGRATION_ADAPT_REQUIRED,old source version; existing received migrations remain authoritative
codex/f-cut-001-matrices,sql/migrations/V158__fcut008_notification_correlation_provenance.sql,MIGRATION_ADAPT_REQUIRED,old source version; existing received migrations remain authoritative
codex/f-cut-001-matrices,sql/migrations/V159__fcut008_external_notification_job_seed.sql,MIGRATION_ADAPT_REQUIRED,old source version; existing received migrations remain authoritative
codex/f-cut-001-matrices,sql/migrations/V160__fcut009_navigation_rule.sql,MIGRATION_ADAPT_REQUIRED,old source version; existing received migrations remain authoritative
codex/f-cut-001-matrices,sql/migrations/V161__fcut010_spare_system_coordination.sql,MIGRATION_ADAPT_REQUIRED,old source version; existing received migrations remain authoritative
codex/f-cut-001-matrices,tests/e2e/fcut001_browser_acceptance.py,NOOP_EXACT,same blob
codex/f-cut-001-matrices,yudao-ui/yudao-ui-admin-vue3/src/api/pms/cutover/cutover-config/index.ts,NOOP_EXACT,same blob
codex/f-cut-001-matrices,yudao-ui/yudao-ui-admin-vue3/src/api/pms/cutover/cutover-task/index.ts,NOOP_EXACT,same blob
codex/f-cut-001-matrices,yudao-ui/yudao-ui-admin-vue3/src/api/pms/engineering/arrival-acceptance/index.ts,NOOP_EXACT,same blob
codex/f-cut-001-matrices,yudao-ui/yudao-ui-admin-vue3/src/views/pms/cutover/cutover-config/components/CutoverConfigurationEditor.vue,NOOP_EXACT,same blob
codex/f-cut-001-matrices,yudao-ui/yudao-ui-admin-vue3/src/views/pms/cutover/cutover-config/components/CutoverRiskMatrixEditor.vue,NOOP_EXACT,same blob
codex/f-cut-001-matrices,yudao-ui/yudao-ui-admin-vue3/src/views/pms/cutover/cutover-config/components/CutoverSurveyMatrixEditor.vue,NOOP_EXACT,same blob
codex/f-cut-001-matrices,yudao-ui/yudao-ui-admin-vue3/src/views/pms/cutover/cutover-config/components/cutoverMatrix.spec.ts,NOOP_EXACT,same blob
codex/f-cut-001-matrices,yudao-ui/yudao-ui-admin-vue3/src/views/pms/cutover/cutover-config/components/cutoverMatrix.ts,NOOP_EXACT,same blob
codex/f-cut-001-matrices,yudao-ui/yudao-ui-admin-vue3/src/views/pms/cutover/cutover-config/index.vue,NOOP_EXACT,same blob
codex/f-cut-001-matrices,yudao-ui/yudao-ui-admin-vue3/src/views/pms/cutover/cutover-task/components/CutoverApprovalDecisionForm.vue,NOOP_EXACT,same blob
codex/f-cut-001-matrices,yudao-ui/yudao-ui-admin-vue3/src/views/pms/cutover/cutover-task/components/CutoverApprovalPanel.vue,NOOP_EXACT,same blob
codex/f-cut-001-matrices,yudao-ui/yudao-ui-admin-vue3/src/views/pms/cutover/cutover-task/components/CutoverApprovalReassignmentPanel.vue,NOOP_EXACT,same blob
codex/f-cut-001-matrices,yudao-ui/yudao-ui-admin-vue3/src/views/pms/cutover/cutover-task/components/CutoverAssessmentPanel.vue,NOOP_EXACT,same blob
codex/f-cut-001-matrices,yudao-ui/yudao-ui-admin-vue3/src/views/pms/cutover/cutover-task/components/CutoverChecklistField.vue,NOOP_EXACT,same blob
codex/f-cut-001-matrices,yudao-ui/yudao-ui-admin-vue3/src/views/pms/cutover/cutover-task/components/CutoverChecklistPanel.vue,NOOP_EXACT,same blob
codex/f-cut-001-matrices,yudao-ui/yudao-ui-admin-vue3/src/views/pms/cutover/cutover-task/components/CutoverClosureEvidencePanel.vue,NOOP_EXACT,same blob
codex/f-cut-001-matrices,yudao-ui/yudao-ui-admin-vue3/src/views/pms/cutover/cutover-task/components/CutoverClosureForm.vue,NOOP_EXACT,same blob
codex/f-cut-001-matrices,yudao-ui/yudao-ui-admin-vue3/src/views/pms/cutover/cutover-task/components/CutoverClosurePanel.vue,NOOP_EXACT,same blob
codex/f-cut-001-matrices,yudao-ui/yudao-ui-admin-vue3/src/views/pms/cutover/cutover-task/components/CutoverCreateWizard.vue,NOOP_EXACT,same blob
codex/f-cut-001-matrices,yudao-ui/yudao-ui-admin-vue3/src/views/pms/cutover/cutover-task/components/CutoverDashboardKpis.vue,NOOP_EXACT,same blob
codex/f-cut-001-matrices,yudao-ui/yudao-ui-admin-vue3/src/views/pms/cutover/cutover-task/components/CutoverLeadTimeComplianceCard.vue,NOOP_EXACT,same blob
codex/f-cut-001-matrices,yudao-ui/yudao-ui-admin-vue3/src/views/pms/cutover/cutover-task/components/CutoverPlanEditor.vue,NOOP_EXACT,same blob
codex/f-cut-001-matrices,yudao-ui/yudao-ui-admin-vue3/src/views/pms/cutover/cutover-task/components/CutoverPlanPanel.vue,NOOP_EXACT,same blob
codex/f-cut-001-matrices,yudao-ui/yudao-ui-admin-vue3/src/views/pms/cutover/cutover-task/components/CutoverSupportArrangements.vue,NOOP_EXACT,same blob
codex/f-cut-001-matrices,yudao-ui/yudao-ui-admin-vue3/src/views/pms/cutover/cutover-task/components/CutoverWorkbenchSteps.vue,NOOP_EXACT,same blob
codex/f-cut-001-matrices,yudao-ui/yudao-ui-admin-vue3/src/views/pms/cutover/cutover-task/cutoverApprovalComponents.spec.ts,NOOP_EXACT,same blob
codex/f-cut-001-matrices,yudao-ui/yudao-ui-admin-vue3/src/views/pms/cutover/cutover-task/cutoverChecklistComponents.spec.ts,NOOP_EXACT,same blob
codex/f-cut-001-matrices,yudao-ui/yudao-ui-admin-vue3/src/views/pms/cutover/cutover-task/cutoverClosureComponents.spec.ts,NOOP_EXACT,same blob
codex/f-cut-001-matrices,yudao-ui/yudao-ui-admin-vue3/src/views/pms/cutover/cutover-task/cutoverControlledUiIntegration.spec.ts,NOOP_EXACT,same blob
codex/f-cut-001-matrices,yudao-ui/yudao-ui-admin-vue3/src/views/pms/cutover/cutover-task/cutoverDashboardComponents.spec.ts,NOOP_EXACT,same blob
codex/f-cut-001-matrices,yudao-ui/yudao-ui-admin-vue3/src/views/pms/cutover/cutover-task/cutoverDashboardIntegration.spec.ts,NOOP_EXACT,same blob
codex/f-cut-001-matrices,yudao-ui/yudao-ui-admin-vue3/src/views/pms/cutover/cutover-task/cutoverFcut009Components.spec.ts,NOOP_EXACT,same blob
codex/f-cut-001-matrices,yudao-ui/yudao-ui-admin-vue3/src/views/pms/cutover/cutover-task/cutoverPlanComponents.spec.ts,NOOP_EXACT,same blob
codex/f-cut-001-matrices,yudao-ui/yudao-ui-admin-vue3/src/views/pms/cutover/cutover-task/cutoverTaskInteraction.spec.ts,CONFLICT_ADAPT_REQUIRED,"Checking patch yudao-ui/yudao-ui-admin-vue3/src/views/pms/cutover/cutover-task/cutoverTaskInteraction.spec.ts...
error: yudao-ui/yudao-ui-admin-vue3/src/views/pms/cutover/cutover-task/cutoverTaskInteraction.spec.ts: already exists in working directory
"
codex/f-cut-001-matrices,yudao-ui/yudao-ui-admin-vue3/src/views/pms/cutover/cutover-task/cutoverTaskInteraction.ts,NOOP_EXACT,same blob
codex/f-cut-001-matrices,yudao-ui/yudao-ui-admin-vue3/src/views/pms/cutover/cutover-task/cutoverTestEnvironment.mjs,NOOP_EXACT,same blob
codex/f-cut-001-matrices,yudao-ui/yudao-ui-admin-vue3/src/views/pms/cutover/cutover-task/index.vue,CONFLICT_ADAPT_REQUIRED,"Checking patch yudao-ui/yudao-ui-admin-vue3/src/views/pms/cutover/cutover-task/index.vue...
error: yudao-ui/yudao-ui-admin-vue3/src/views/pms/cutover/cutover-task/index.vue: already exists in working directory
"
codex/f-cut-001-matrices,yudao-ui/yudao-ui-admin-vue3/src/views/pms/cutover/cutover-task/vitest.config.mjs,NOOP_EXACT,same blob
codex/f-cut-001-matrices,yudao-ui/yudao-ui-admin-vue3/src/views/pms/engineering/arrival-acceptance/arrivalAcceptanceComponents.spec.ts,NOOP_EXACT,same blob
codex/f-cut-001-matrices,yudao-ui/yudao-ui-admin-vue3/src/views/pms/engineering/arrival-acceptance/arrivalAcceptanceInteraction.spec.ts,NOOP_EXACT,same blob
codex/f-cut-001-matrices,yudao-ui/yudao-ui-admin-vue3/src/views/pms/engineering/arrival-acceptance/arrivalAcceptanceInteraction.ts,NOOP_EXACT,same blob
codex/f-cut-001-matrices,yudao-ui/yudao-ui-admin-vue3/src/views/pms/engineering/arrival-acceptance/arrivalTestEnvironment.mjs,NOOP_EXACT,same blob
codex/f-cut-001-matrices,yudao-ui/yudao-ui-admin-vue3/src/views/pms/engineering/arrival-acceptance/components/ArrivalAcceptanceForm.vue,NOOP_EXACT,same blob
codex/f-cut-001-matrices,yudao-ui/yudao-ui-admin-vue3/src/views/pms/engineering/arrival-acceptance/components/ArrivalDifferencePanel.vue,NOOP_EXACT,same blob
codex/f-cut-001-matrices,yudao-ui/yudao-ui-admin-vue3/src/views/pms/engineering/arrival-acceptance/components/ArrivalEvidencePanel.vue,NOOP_EXACT,same blob
codex/f-cut-001-matrices,yudao-ui/yudao-ui-admin-vue3/src/views/pms/engineering/arrival-acceptance/components/ArrivalLineEditor.vue,NOOP_EXACT,same blob
codex/f-cut-001-matrices,yudao-ui/yudao-ui-admin-vue3/src/views/pms/engineering/arrival-acceptance/index.vue,NOOP_EXACT,same blob
codex/f-cut-001-matrices,yudao-ui/yudao-ui-admin-vue3/src/views/pms/engineering/arrival-acceptance/vitest.config.mjs,NOOP_EXACT,same blob
integration-fix,pms-module-cutover/src/test/java/cn/iocoder/yudao/module/pms/cutover/migration/Fcut004MigrationContractTest.java,APPLIED_REMOVE_DUPLICATE_HELPER,readSeedMigration
integration-fix,pms-module-cutover/src/test/java/cn/iocoder/yudao/module/pms/cutover/migration/Fcut005MigrationContractTest.java,APPLIED_REMOVE_DUPLICATE_HELPER,readSeedMigration
integration-fix,pms-module-cutover/src/test/java/cn/iocoder/yudao/module/pms/cutover/migration/Fcut006MigrationContractTest.java,APPLIED_REMOVE_DUPLICATE_HELPER,readJobMigration
integration-fix,pms-module-cutover/src/test/java/cn/iocoder/yudao/module/pms/cutover/migration/Fcut008MigrationContractTest.java,APPLIED_REMOVE_DUPLICATE_HELPER,readExternalJobMigration
