sequence,sourceCommit,sourceDate,sourceBranches,subject,changedPaths,codePathsConsidered,appliedDecisions,conflictDecisions,replayCommit,parentBeforeReplay
1,c5d4550a826567e42289929b8652df9d0b73d6a3,2026-08-28T01:21:56+08:00,prereq-parallel-check-kKiAdn,feat: auto committed,1,0,0,0,2250594938cf46d260b845f3eecd23c7f49c3724,dfac70ec2bd32781ac3090302de850eb3ef2138d
2,8425805911703c3c75387ba7e9bea75dedd6f076,2026-08-28T09:53:22+08:00,prereq-parallel-check-kKiAdn,feat(integration): 建立 Device Ops 集成基础能力,58,45,18,2,97eaca66cfe345b54f3cf90f873c6524cb13801a,2250594938cf46d260b845f3eecd23c7f49c3724
3,d2d1765ffe14233d8041d4b10c871d246c4a9183,2026-08-28T11:17:11+08:00,prereq-parallel-check-kKiAdn,feat(platform): 实现设备凭证授权与一次性取密,31,31,1,2,48b8ae93fbe6dedbcc573616013ebb533d33984b,97eaca66cfe345b54f3cf90f873c6524cb13801a
4,cdfbd71a1722f9696c1dbb8713566de9e88ff97c,2026-08-28T19:40:33+08:00,prereq-parallel-check-kKiAdn,feat(platform): 实现采集回调与结果消费确认,33,26,2,0,f3519fcd1f79af36359c2e4de689a535f4c709d2,48b8ae93fbe6dedbcc573616013ebb533d33984b
5,57a87430a6c0e723078647b5327d76718b6a5c0f,2026-08-29T13:21:25+08:00,codex/f-acc-001-sds,docs(commerce): 新增 COM-01 Feature Ready 候选,6,0,0,0,6f86a1789d1d3879e09e189da6b930adc24f7a53,f3519fcd1f79af36359c2e4de689a535f4c709d2
6,770c91b777382e391658e0d13c704ffa3c130d37,2026-08-29T14:13:32+08:00,codex/f-acc-001-sds,docs(prd): 基线化COM订单范围办事处语义,7,0,0,0,f4ec77e57af2dac0b45d83cef5f438ce25d20050,6f86a1789d1d3879e09e189da6b930adc24f7a53
7,26531772ea6fe59befdbda4461fdb242c3c807a4,2026-08-29T14:33:37+08:00,codex/f-acc-001-sds,docs(sds): 锁定COM办事处与验收守卫差量,23,4,4,0,ef80d590e743ae1f14ae6414406f27df96eb4462,f4ec77e57af2dac0b45d83cef5f438ce25d20050
8,20f03ba316ca431a55f96aa9c3c97be54d08b4e0,2026-08-29T14:49:07+08:00,codex/f-acc-001-sds,docs(sds): 补齐COM V70必填字段转换,11,4,3,1,b2fc3cf5a5dba7ba043f8a8db990f2e6946a7f89,ef80d590e743ae1f14ae6414406f27df96eb4462
9,f50f3365fd0c672877aca69714ebe8ba23e285ac,2026-08-29T14:52:52+08:00,codex/f-acc-001-sds,docs(sds): 回写COM物理差量裁决,2,0,0,0,0ff113842f7b232b5721d82f49e89008472e052a,b2fc3cf5a5dba7ba043f8a8db990f2e6946a7f89
10,c714c38330f70d7fb77c72be51b885d385d482b2,2026-08-29T15:06:05+08:00,codex/f-acc-001-sds,docs(prd): 锁定验收阶段进入范围语义,9,1,1,0,cb290353042c1a96156896d68c34288764fedb9a,0ff113842f7b232b5721d82f49e89008472e052a
11,42c20d8707bf43d6837826d861ee8347db4dedea,2026-08-29T15:13:01+08:00,codex/f-acc-001-sds,docs(prd): 登记验收退出绑定阻断,10,1,1,0,4d471f2dec71b874668de561f8a6bdd27638c0bb,cb290353042c1a96156896d68c34288764fedb9a
12,d67112d7b9b9a1ffd84faee3acccbc0ef30faa12,2026-08-29T15:25:59+08:00,codex/f-acc-001-sds,docs(prd): 补充验收阶段与报告时序,9,1,1,0,39ab04d3c9ab870f7a48fc73d4b922de50a617c9,4d471f2dec71b874668de561f8a6bdd27638c0bb
13,b17ae89f92b01488378aeb8c36a77a5b2d46ad29,2026-08-29T15:39:41+08:00,codex/f-acc-001-sds,docs(sds): 锁定验收阶段范围绑定时序,22,4,4,0,c45926e70e9849e578e8475e54f14c470291c134,39ab04d3c9ab870f7a48fc73d4b922de50a617c9
14,54b7af0db67fe79e4511674bd1eab1636cc1358a,2026-08-29T15:50:17+08:00,codex/f-acc-001-sds,docs(sds): 回写验收范围差量裁决,3,0,0,0,37caec8594e9605272cd981578afd2cbc567b99c,c45926e70e9849e578e8475e54f14c470291c134
15,bcbeffd60804fe82b22a5be38daf91a23819df4f,2026-08-29T16:01:50+08:00,codex/f-acc-001-sds,docs(commerce): 整改COM Feature物理契约,5,1,0,1,72575b7faa337738fe254ef23adb842e7e755376,37caec8594e9605272cd981578afd2cbc567b99c
16,7ed8801a536f8f78795537d016a17d55c7e4ce2f,2026-08-29T16:10:36+08:00,codex/f-acc-001-sds,docs(commerce): 补齐真实Provider复用审计,2,1,0,1,a1ad6ef12dd7e3967a3c8cc243b4346f7bba9970,72575b7faa337738fe254ef23adb842e7e755376
17,dbfc8e5571852350d98e75da1bf0b3692df2b00d,2026-08-29T16:24:44+08:00,codex/f-acc-001-sds,docs(commerce): 锁定冲突通知与序列号校验,4,1,1,0,8fddd26eddfb9b6078551a8c8441844cf1623550,a1ad6ef12dd7e3967a3c8cc243b4346f7bba9970
18,1a9ca704422b275be9d19629d2d61af1782138c4,2026-08-29T17:06:31+08:00,codex/f-acc-001-sds,docs(prd): 锁定合同管理员公司范围,9,1,1,0,8b16b6dadb7728cecef0b65f17498a94e1acc09f,8fddd26eddfb9b6078551a8c8441844cf1623550
19,2cf427d6ccb6e0cef0cef3b1460eeaa95ddced53,2026-08-29T17:16:46+08:00,codex/f-acc-001-sds,docs(sds): 锁定合同管理员公司授权范围,15,3,3,0,39530ac65ba8b87dc2ecd6ee726e48f814a18273,8b16b6dadb7728cecef0b65f17498a94e1acc09f
20,887273ef675502795377770625121e445caecfc0,2026-08-29T17:16:55+08:00,codex/f-acc-001-sds,docs(engineering): 明确权限审核与正向闭环原则,1,0,0,0,4eb5df402293415caf16cec0771ad097bad9ca9d,39530ac65ba8b87dc2ecd6ee726e48f814a18273
21,518ef2f7c7774a5fc49bc834c1c18ce507f879c4,2026-08-29T17:22:48+08:00,codex/f-acc-001-sds,docs(sds): 回写合同授权差量裁决,4,1,0,0,9b419380e28a415223552bc63f022b819d7b864c,4eb5df402293415caf16cec0771ad097bad9ca9d
22,ba329cce134a0fe40e8043c1f9afb2de1c79726c,2026-08-29T17:24:56+08:00,codex/f-acc-001-sds,docs(engineering): 明确权限实施与验收原则,1,0,0,0,dd2e290d1b2f73b465d30932c41c049939f9e07d,9b419380e28a415223552bc63f022b819d7b864c
23,c57ee7b5f5226f5dc902d817c034ff1a8f6618c3,2026-08-29T17:27:50+08:00,codex/f-acc-001-sds,docs(commerce): 提交合同订单Feature完整复审,5,1,1,0,9ae3ad932ba6222bb4a8123c67e878d787039fa9,dd2e290d1b2f73b465d30932c41c049939f9e07d
24,ead6c8bf3eca721a221564ac13c6f656aeb44f9e,2026-08-29T17:33:35+08:00,codex/f-acc-001-sds,docs(commerce): 回写合同订单Feature Ready裁决,4,1,0,1,10254a6f06287eae21c946a759b0f2a81b0cf986,9ae3ad932ba6222bb4a8123c67e878d787039fa9
25,3412e38397776d471c6ea3867def2001609d5b46,2026-08-29T17:47:19+08:00,codex/f-acc-001-sds,docs(commerce): 隔离V72受管种子转换,4,1,1,0,f411b0c2fa4401ff73846a3a969e3ee365675f5b,10254a6f06287eae21c946a759b0f2a81b0cf986
26,8e6db2d3e870de8610e106cf76acbeefa1b6a0d2,2026-08-29T17:51:19+08:00,codex/f-acc-001-sds,docs(commerce): 回写V72种子契约裁决,2,0,0,0,b752ef92dc6e6a8d28a8c1af31ec47456a0ef63f,f411b0c2fa4401ff73846a3a969e3ee365675f5b
27,1b698c5cf8315c0cb0dbc76558c40eebfa9262b6,2026-08-29T17:58:20+08:00,codex/f-acc-001-sds,docs(commerce): 形成合同订单实施计划,2,0,0,0,740c7438cc623851a7f07047f45573bf2c095f6a,b752ef92dc6e6a8d28a8c1af31ec47456a0ef63f
28,c33b0836f71e0875008a084ff360e7027d276ec9,2026-08-29T18:05:11+08:00,codex/f-acc-001-sds,docs(commerce): 闭合V124原子切换计划,2,0,0,0,ec0387a618aa9dc8ba6d0d5218c755ccc2eae8d5,740c7438cc623851a7f07047f45573bf2c095f6a
29,281b2355d59b29508116b8fb21a0ed4272f878b9,2026-08-29T18:09:11+08:00,codex/f-acc-001-sds,docs(commerce): 进入合同订单实施阶段,5,0,0,0,0ada797af744391caad2550605b4c9fdc7cb1ee5,ec0387a618aa9dc8ba6d0d5218c755ccc2eae8d5
30,c541126b644ff28d72ad8735534a6b63f859c729,2026-08-29T18:14:40+08:00,codex/f-acc-001-sds,feat(commerce): 新增合同范围协作契约,24,24,0,1,560d89b1796bc62957efe7b168d50b2de8b4343c,0ada797af744391caad2550605b4c9fdc7cb1ee5
31,3b9e680a0ede81dd20c1075d8c0ad7982afc5073,2026-08-29T18:23:11+08:00,codex/f-acc-001-sds,feat(project): 提供合同范围项目事实,8,7,0,1,4fe34e3adf6a7cbaddc74eb0b21c1c143819ecc7,560d89b1796bc62957efe7b168d50b2de8b4343c
32,6490d44c035b74ec5b9e06377c2b32a1619a69ae,2026-08-29T18:29:49+08:00,codex/f-acc-001-sds,feat(acceptance): 新增验收范围锁定事实,9,9,0,1,ea3cef16279b56ca3334c3adbf44ce6afbf9fb2a,4fe34e3adf6a7cbaddc74eb0b21c1c143819ecc7
33,9fd37981611e926ff8bce2c39c13685e14f28499,2026-08-29T18:33:00+08:00,codex/f-acc-001-sds,feat(commerce): 提供验收范围稳定锁读,7,6,0,1,c94a1063acef884616ff39f2bca404709dbaecd9,ea3cef16279b56ca3334c3adbf44ce6afbf9fb2a
34,43d63dcd50b65d62ce6ec3a35de55ee7a9e22bc1,2026-08-29T18:54:24+08:00,codex/f-acc-001-sds,feat(commerce): 实现V124原子前向切换,3,2,1,1,c16e77b570e6af5df9c447e3717879f7b222fec1,c94a1063acef884616ff39f2bca404709dbaecd9
35,aabf19d7009779dbd9e07c1581935390f4d56bc7,2026-08-29T19:09:28+08:00,codex/f-acc-001-sds,feat(commerce): 实现权威副本与合同公司范围,29,28,0,12,9822592706a806734f7bb6bedc8b7c5bc22d4944,c16e77b570e6af5df9c447e3717879f7b222fec1
36,6bd13e416a4c914e08851cf40f2a161daa0b9f6a,2026-08-29T19:19:31+08:00,codex/f-acc-001-sds,feat(project): 补齐范围项目编码事实,7,4,0,0,e4a9678543e7859e0a16ab467fe1ecc28a5eef46,9822592706a806734f7bb6bedc8b7c5bc22d4944
37,cc03787ec9c761358756da6320728928b47eaa39,2026-08-29T19:33:27+08:00,codex/f-acc-001-sds,feat(commerce): 补齐无SN范围产品事实,13,6,2,2,206202fa7c6aee35b1f08a6c2fa60c58bd8834cd,e4a9678543e7859e0a16ab467fe1ecc28a5eef46
38,05af6f3685ce5db5a13df0ec2cc3428e789d700c,2026-08-29T19:51:01+08:00,codex/f-acc-001-sds,feat(commerce): 接通范围Owner版本与兼容分配,21,18,2,2,146effdd54f634b8fe48c0892720b9dfe94cee5b,206202fa7c6aee35b1f08a6c2fa60c58bd8834cd
39,63b6efc0a149bf713da6fbd9717ab6648f4cea79,2026-08-29T19:57:55+08:00,codex/f-acc-001-sds,feat(commerce): 冻结ERP减量冲突范围,5,5,1,1,f3384d32b08b44f0004b654efa4e0f5e24e6267d,146effdd54f634b8fe48c0892720b9dfe94cee5b
40,b6c0176c9ad0f4c130ab4ece83e42d7595dd3c52,2026-08-29T20:08:46+08:00,codex/f-acc-001-sds,feat(commerce): 实现范围调整与释放命令,8,8,0,2,6f248f898de820ab8a7562da06a1cd34b04a78c8,f3384d32b08b44f0004b654efa4e0f5e24e6267d
41,c48f70f008bdf3cba5aec1f38586089fe63596bd,2026-08-29T20:10:22+08:00,codex/f-acc-001-sds,docs: 切换F-COM-001至验收范围绑定实施,1,0,0,0,95d083b062e002ab01e8b53cc4b17770f70c7384,6f248f898de820ab8a7562da06a1cd34b04a78c8
42,f25e0ebfd38c78e80937de4100a6564b35533da5,2026-08-29T20:15:53+08:00,codex/f-acc-001-sds,feat(commerce): 原子绑定验收阶段内新范围,6,6,1,3,0e34aa33310fb64e330a3b09d43a77ef4b343da1,95d083b062e002ab01e8b53cc4b17770f70c7384
43,21c07181b6667f47e18a81ca3dee2114ab3d5074,2026-08-29T20:25:56+08:00,codex/f-acc-001-sds,feat(project): 原子进入项目验收阶段,10,10,0,0,c9d026cb8b7a10ae799e16ee86de316f8731142e,0e34aa33310fb64e330a3b09d43a77ef4b343da1
44,16ef0f465a0f08ddd7cc90c4b23e5fea11f54975,2026-08-29T20:27:46+08:00,codex/f-acc-001-sds,docs: 切换F-COM-001至接口与页面实施,1,0,0,0,b48e963302da13cb60292fdc84b63b69cfda4fd3,c9d026cb8b7a10ae799e16ee86de316f8731142e
45,a8418dbb6800fe892ddb1a51b9380d149574b4a5,2026-08-29T20:34:51+08:00,codex/f-acc-001-sds,feat(commerce): 收紧合同访问与关系范围,10,10,1,4,9c3e71cfa0e69404f7f602b54ff40168335f5ddd,b48e963302da13cb60292fdc84b63b69cfda4fd3
46,06593a42796076cb67392dcd71e4ab5ad29de665,2026-08-29T20:36:58+08:00,codex/f-acc-001-sds,feat(commerce): 新增交付范围授权查询,9,9,0,1,8294915d1dd7e66ffd374a2913a6bb7f6b524380,9c3e71cfa0e69404f7f602b54ff40168335f5ddd
47,76a3dfc7721e427dbf0e80e89dd26aab6c87701c,2026-08-29T20:44:59+08:00,codex/f-acc-001-sds,feat(commerce): 接通商务与验收阶段REST,19,19,1,5,c93e9ac7f362fc8056a06601897ff7da0407a0d8,8294915d1dd7e66ffd374a2913a6bb7f6b524380
48,65639c9c913cf506430fb74fec88ba59be0c2501,2026-08-29T20:51:17+08:00,codex/f-acc-001-sds,feat(commerce): 完成V125权限与验收种子,2,2,1,1,d29e176061207cd63c042c1af85c726b388a8f47,c93e9ac7f362fc8056a06601897ff7da0407a0d8
49,835a1a57f17b483068cbd841b4861d153ef24147,2026-08-29T21:03:44+08:00,codex/f-acc-001-sds,feat(commerce): 新增合同与交付范围工作台,9,9,0,5,dd8e5a10aef2e61011db21fc02e3bce4fd2fbe77,d29e176061207cd63c042c1af85c726b388a8f47
50,fd9f2a5d5d52496ccbdf698700af5b4e9b65cb40,2026-08-29T21:04:35+08:00,codex/f-acc-001-sds,docs: 切换F-COM-001至聚焦回归,1,0,0,0,f5809313cd98b0d519c91ff259a88e5b0c8ac7e1,dd8e5a10aef2e61011db21fc02e3bce4fd2fbe77
51,a0acdf87c717edb75283d53f18108e4c579a21a8,2026-08-29T21:07:06+08:00,codex/f-acc-001-sds,docs: 切换F-COM-001至整体验证,1,0,0,0,23cd2ac4822d10c82d2688b3ba7c1cfca69e5e0c,f5809313cd98b0d519c91ff259a88e5b0c8ac7e1
52,ac8a6c9a39ed6abd35b3885fbaddd601ba26868c,2026-08-29T21:17:50+08:00,codex/f-acc-001-sds,fix(commerce): 修复V125并补全真实事务验证,2,2,1,1,a0145ac2f9c3641ee77cbf59f3300ff185f16659,23cd2ac4822d10c82d2688b3ba7c1cfca69e5e0c
53,2566bfe0e16985820c4577c642e51274d8d9d79f,2026-08-29T21:18:25+08:00,codex/f-acc-001-sds,docs: 切换F-COM-001至前端验证,1,0,0,0,9f69451977ca3e4a0eb6ed050f895c1fc6aa69ca,a0145ac2f9c3641ee77cbf59f3300ff185f16659
54,8c2feeff72fe452cbb81bde305826002066c7aaf,2026-08-29T21:22:55+08:00,codex/f-acc-001-sds,test(commerce): 兼容规范化媒体查询,1,1,0,0,6f70c455b244e79e6c64b9b326e6257f1c7032b5,9f69451977ca3e4a0eb6ed050f895c1fc6aa69ca
55,9d01d95316ffddb1763a4c67f9461f2bf8e3256d,2026-08-29T21:23:21+08:00,codex/f-acc-001-sds,docs: 切换F-COM-001至全仓验证,1,0,0,0,fb1b6fbbc0750347d15ce9e1ae74906a0febcac7,6f70c455b244e79e6c64b9b326e6257f1c7032b5
56,57eb41ea0cc72413209b3ef5e94ff670537458e4,2026-08-29T21:35:50+08:00,codex/f-acc-001-sds,docs: 切换F-COM-001至浏览器验收,1,0,0,0,49e2e4caf25a92cb1ee964c3cc12cba108a2fe3b,fb1b6fbbc0750347d15ce9e1ae74906a0febcac7
57,505aaf78b749d86190df72440c4f0ddfca7c9cda,2026-08-29T21:47:49+08:00,codex/f-acc-001-sds,docs: 锁定商务权威受控导入接口,4,1,1,0,0848f1dcfc02803e30fe9b28b0aaa1645e20020d,49e2e4caf25a92cb1ee964c3cc12cba108a2fe3b
58,0eb01df12559deb3ad98dc33e25550fe3c53194a,2026-08-29T21:53:19+08:00,codex/f-acc-001-sds,feat(commerce): 新增权威批次受控导入,5,5,0,5,e8293b122b6543909c307e2eb32efef985b7e44a,0848f1dcfc02803e30fe9b28b0aaa1645e20020d
59,7d578e3749e8a1262e1589d1d3342c98872d91aa,2026-08-29T22:06:33+08:00,codex/f-acc-001-sds,feat(commerce): 新增验收阶段进入受管夹具,4,2,2,0,9364f052b97eb7576dcaa190a6d672d4c553a528,e8293b122b6543909c307e2eb32efef985b7e44a
60,32092b115a32262070d62b60bb3d429da3e496c6,2026-08-29T22:30:26+08:00,codex/f-acc-001-sds,fix(commerce): 修复验收身份与范围绑定写入,6,4,2,0,4e07e27df59b830e82d1c90d76660f8811dae743,9364f052b97eb7576dcaa190a6d672d4c553a528
61,3a78e2beee6ef574cb03734ab2235c8f7506cf11,2026-08-29T22:37:36+08:00,codex/f-acc-001-sds,fix(commerce): 隔离合同商务敏感字段,2,2,0,2,6a27d22dc412f6a63d9a0f1bba8c41b2258b6403,4e07e27df59b830e82d1c90d76660f8811dae743
62,a57c23c861d13097c67cb7c49f685db4a8996657,2026-08-29T23:10:59+08:00,codex/f-acc-001-sds,test(commerce): 完成真实浏览器验收,8,1,0,1,f783d10ff3df987f308aaec696975e6f8378a7a3,6a27d22dc412f6a63d9a0f1bba8c41b2258b6403
63,5e56728152f642302bfee63e641465ab29b4af36,2026-08-29T23:55:20+08:00,codex/f-acc-001-sds,fix(commerce): 闭合公开读取与业务拒绝语义,30,24,0,3,936be8b12e1e760d62e276847a55aa5455f10087,f783d10ff3df987f308aaec696975e6f8378a7a3
64,563daac11db0ce09027c62b602e56e9544fdd4f6,2026-08-30T00:32:13+08:00,codex/f-acc-001-sds,fix(commerce): 闭合项目范围与ACC错误分类,9,3,2,0,532d8667edb6f9e9e5b14ca32a4d16bce19b56c8,936be8b12e1e760d62e276847a55aa5455f10087
65,76d18f29bd6e3a04c1e7f65f0390f8f387ee52db,2026-08-30T00:36:43+08:00,codex/f-acc-001-sds,docs(commerce): 回写Implementation Done裁决,1,0,0,0,a3925dd3970e44543f3dc03a880f6f12e4647392,532d8667edb6f9e9e5b14ca32a4d16bce19b56c8
66,21423d9c17e1f67846558d031273e4d1398d6a3d,2026-08-30T00:39:02+08:00,codex/f-acc-001-sds,docs(traceability): 同步COM实施完成投影,2,0,0,0,ea2db735c8065baf00a7114d7ae6707c1b6eb8a6,a3925dd3970e44543f3dc03a880f6f12e4647392
67,20bca44b9aa1a4c083685673cfe8536308aca9c9,2026-08-30T01:03:42+08:00,codex/f-acc-001-sds,docs(acceptance): 形成验收报告版本SDS差量,24,4,3,0,6c8056797f307492ce613d0d4bee2f0eb71cfe90,ea2db735c8065baf00a7114d7ae6707c1b6eb8a6
68,5c1e1ff2498abf838310da607ae5d1426953b3ad,2026-08-30T01:21:35+08:00,codex/f-acc-001-sds,docs(acceptance): 闭合报告换版与撤销契约,21,3,2,0,2cf681d3f3aa4e9870c4b219c22815d5a359e91f,6c8056797f307492ce613d0d4bee2f0eb71cfe90
69,e3f8fe558f3ee5c4061fd68d910252e2285ce72a,2026-08-30T01:27:18+08:00,codex/f-acc-001-sds,docs(acceptance): 回写报告SDS差量裁决,6,1,0,0,e69fb1bd3a9f91975a56335cc76b872099978301,2cf681d3f3aa4e9870c4b219c22815d5a359e91f
70,b628ee3eb1899f7c7e83d84b860ae7fd648f2a83,2026-08-30T01:34:54+08:00,codex/f-acc-001-sds,docs(acceptance): 形成报告版本Feature候选,7,1,0,1,c4a69462090e13424bfd804e758abda5894e9039,e69fb1bd3a9f91975a56335cc76b872099978301
71,8cf0d9e6afbf0d481f70ed9d06caed6d9d4fcf88,2026-08-30T02:02:21+08:00,codex/f-acc-001-sds,docs(acceptance): 闭合文件事实与活动初始化契约,14,1,0,0,533ee6487cf225eae8443ce8e212d8cbc7f8048a,c4a69462090e13424bfd804e758abda5894e9039
72,6b51d9af700ac06d3261ec9c050ee81f0802bbd4,2026-08-30T02:14:28+08:00,codex/f-acc-001-sds,docs(acceptance): 闭合附件归档下载与存量切换,11,1,0,0,181efa3a65fe4655a661b11ed5f99fb4bbd41c64,533ee6487cf225eae8443ce8e212d8cbc7f8048a
73,eba78387b3a7cebcb5c5348d303ff0d23579f734,2026-08-30T02:18:20+08:00,codex/f-acc-001-sds,docs(acceptance): 回写文件与活动SDS裁决,4,1,0,0,6e011ed015b68d86f0a10f055a7e06e6b0f793c9,181efa3a65fe4655a661b11ed5f99fb4bbd41c64
74,bde0feac019baf820634ecc6a0e88272672b601d,2026-08-30T02:23:37+08:00,codex/f-acc-001-sds,docs(acceptance): 闭合Feature文件与活动契约,4,1,0,1,676ece2d1da9ad340d13f9332654ddc5b5f380be,6e011ed015b68d86f0a10f055a7e06e6b0f793c9
75,9f3d31100c589ba3041e1d65b639066418e8c5a0,2026-08-30T02:28:29+08:00,codex/f-acc-001-sds,docs(acceptance): 回写Feature Ready裁决,4,1,0,1,fbdeb607d5fdc511d3222d68ff044ac78b4328e4,676ece2d1da9ad340d13f9332654ddc5b5f380be
76,c6e79550badc04de9972da70fe8446dfde57e867,2026-08-30T02:36:14+08:00,codex/f-acc-001-sds,docs(acceptance): 形成报告版本Technical Plan,2,0,0,0,a3c561d1cec83bf2f3f136fe49aadf7a1f385af5,fbdeb607d5fdc511d3222d68ff044ac78b4328e4
77,701bdf701539a0d65f3c67eb10aa0605de58c4a7,2026-08-30T02:52:50+08:00,codex/f-acc-001-sds,docs(acceptance): 闭合归档操作者与事件投递,13,1,0,0,030e7c9db2c24dd59c29e84700945bee4d49e15a,a3c561d1cec83bf2f3f136fe49aadf7a1f385af5
78,7f4cfa7aa137005daa637988f3319b0df7123bdc,2026-08-30T02:57:18+08:00,codex/f-acc-001-sds,docs(acceptance): 回写归档与投递SDS裁决,2,0,0,0,2b68786078d7da8340149123a1346977fb571dc2,030e7c9db2c24dd59c29e84700945bee4d49e15a
79,fca9626c4fce4ccf4b03efdebe997343ce7b5a42,2026-08-30T03:03:23+08:00,codex/f-acc-001-sds,docs(acceptance): 闭合报告Technical Plan执行边界,4,1,0,1,c67786963ed8e9afd0bbfd8d014d86e68e96bc1f,2b68786078d7da8340149123a1346977fb571dc2
80,993fb99a5c9ebf1702f6845c1619ce493597261c,2026-08-30T03:07:37+08:00,codex/f-acc-001-sds,docs(acceptance): 进入报告版本实施阶段,3,0,0,0,31808ec4d7d619ad233da62b62497eeb875efa6e,c67786963ed8e9afd0bbfd8d014d86e68e96bc1f
81,fec7c69e3892115c8a402d78f223462c3ca81fa4,2026-08-30T03:25:04+08:00,codex/f-acc-001-sds,feat(acceptance): 建立报告文件与活动Owner基础,31,31,0,6,e988431a62737f27973bc5915466863567acb1c7,31808ec4d7d619ad233da62b62497eeb875efa6e
82,3fe25ae32eea5605dff73fdce5327e8b9eec0b78,2026-08-30T03:25:27+08:00,codex/f-cut-001-matrices,feat(cutover): 增加风险与调研矩阵发布规则,8,8,0,0,35eaf0dded6c5996ca4ca3d61aefe6a5ca68f95e,e988431a62737f27973bc5915466863567acb1c7
83,e08898b57e6c7c81e43139881b53ac9d50b4154e,2026-08-30T03:30:54+08:00,codex/f-cut-001-matrices,feat(cutover): 扩展矩阵类别与绑定必填契约,6,6,1,1,9e86dda7079b77276455a3b85207867812a81515,35eaf0dded6c5996ca4ca3d61aefe6a5ca68f95e
84,c0dcf2051a0e5d135375ad1dd9cb1f268b87cc38,2026-08-30T03:37:13+08:00,codex/f-cut-001-matrices,feat(cutover): 联合校验风险与调研矩阵发布,3,3,0,0,ef15ddcdfa2315e66fd00d3a4c617c984ce340ea,9e86dda7079b77276455a3b85207867812a81515
85,45bd0c45f453077d39063d9fcd65381912c16362,2026-08-30T03:42:51+08:00,codex/f-cut-001-matrices,docs(cutover): 登记双机种子名称缺口,1,0,0,0,4f686abc103f6dc9d8c4f52665bec5f4d4413cfb,ef15ddcdfa2315e66fd00d3a4c617c984ce340ea
86,8d582aea1aa4e226fe483c58c83b70995c4801e4,2026-08-30T03:45:10+08:00,codex/f-acc-001-sds,feat(acceptance): 实现报告版本与归档补偿,38,38,0,9,d371ea4bb3238e2ab73d75b62c50445711320926,4f686abc103f6dc9d8c4f52665bec5f4d4413cfb
87,e31f08b31fe20ee9bf80b2b65d4495a6d4410940,2026-08-30T03:50:34+08:00,codex/f-acc-001-sds,feat(project): 接入验收活动执行契约,7,7,0,3,89c60946ef1907a191f3ed4e28ec05447e6519b5,d371ea4bb3238e2ab73d75b62c50445711320926
88,1a61ea895a2d798a55946427b1b7c291b3a7b98e,2026-08-30T04:01:11+08:00,codex/f-cut-001-matrices,feat(cutover): 增加风险与调研矩阵编辑界面,7,7,0,0,55abcc7a58b6315307b849f579adcd9e33585450,89c60946ef1907a191f3ed4e28ec05447e6519b5
89,229e9f4b946c3933405b43ca2cd11e519d7d921c,2026-08-30T04:08:42+08:00,codex/f-acc-001-sds,feat(acceptance): 建立报告版本前向迁移,3,2,1,1,1232761d2b6cfbcb1cdfd30ee5987ce0a0466f5a,55abcc7a58b6315307b849f579adcd9e33585450
90,ba8a4def8583ee29da3652472eae3f0660c4ad9f,2026-08-30T04:19:21+08:00,codex/f-acc-001-sds,feat(acceptance): 开放验收报告管理接口,14,13,1,2,34fa1efb5f0d666ad4823f1a0fa5087d01b607af,1232761d2b6cfbcb1cdfd30ee5987ce0a0466f5a
91,26b61c4a809dcebec2138f8089b19aa66462b9d7,2026-08-30T04:37:47+08:00,codex/f-cut-001-matrices,docs(cutover): 纠正矩阵参考资料边界,2,0,0,0,3af83bda5befc0b3b4e1999b9b0993f087cdea66,34fa1efb5f0d666ad4823f1a0fa5087d01b607af
92,0b1671cb93a81a6a5c9dbee774b2d32a7950a4c5,2026-08-30T04:46:38+08:00,codex/f-acc-001-sds,feat(acceptance): 建立报告页面与真实验收准备,16,15,0,2,6d840670d7cd80d030a62120fe709a875daa25b4,3af83bda5befc0b3b4e1999b9b0993f087cdea66
93,f8a83538cd033a6795770f1e1de76d8a518976de,2026-08-30T04:59:49+08:00,codex/f-cut-001-matrices,feat(test): 添加f-cut-001端到端浏览器验收测试,5,1,0,1,94c3bf4543bb7c539d298f8451891643b0ccb80a,6d840670d7cd80d030a62120fe709a875daa25b4
94,8ff1193db6bee7997a063ec8d7f8bfb04e05aa15,2026-08-30T05:01:49+08:00,codex/f-cut-001-matrices,fix(test): update e2e test to enable vsm item via api instead of ui,3,1,1,0,ec15d014fe2f64992f2f65cd42381ec2dabb5515,94c3bf4543bb7c539d298f8451891643b0ccb80a
95,72ccb83f8052758e70fc585b1226403b6a825311,2026-08-30T05:15:26+08:00,codex/f-cut-001-matrices,test(cutover): 完成矩阵验收与Feature收口,19,1,0,0,7fc1cc08c33eef10d208a5281e295468e3d8cc8c,ec15d014fe2f64992f2f65cd42381ec2dabb5515
96,76d4156ac1cf554ab508186196c4f17a845d7cec,2026-08-30T05:29:28+08:00,codex/f-cut-001-matrices,fix(traceability): 纠正EXE-06物理Owner契约,4,2,2,0,ee873b8fbff9ac1ecedf7434e4ffef792ac1f627,7fc1cc08c33eef10d208a5281e295468e3d8cc8c
97,7550e43487099dc56230e4928c8bf99c0a01cf1f,2026-08-30T05:35:02+08:00,codex/f-cut-001-matrices,docs(cutover): 登记任务接入与就绪快照边界,9,0,0,0,05355e41e0d495016488b54c9725d6eb37d683a8,ee873b8fbff9ac1ecedf7434e4ffef792ac1f627
98,33d282e4bc4ad395f561d7bf2c7ecbac22655c19,2026-08-30T05:46:00+08:00,codex/f-cut-001-matrices,docs(cutover): 收敛任务迁移与旧实现边界,4,0,0,0,211d450ec3f76a5c81ce9f8ec8e58b20a5709795,05355e41e0d495016488b54c9725d6eb37d683a8
99,03a53732361dc08f2793293658a956a68e9b5810,2026-08-30T05:57:01+08:00,codex/f-cut-001-matrices,docs(imp): 登记就绪快照Owner契约边界,26,0,0,0,447efa6bac18049ad9785fa6f9114636b926c3e6,211d450ec3f76a5c81ce9f8ec8e58b20a5709795
100,3a27eeffb1f081a0a70842b6326b66d90b9c95cf,2026-08-30T06:07:47+08:00,codex/f-acc-001-sds,fix(acceptance): 收口正式验收迁移与调度,16,10,4,2,37385588a3706910fd808adbd2522909262c8034,447efa6bac18049ad9785fa6f9114636b926c3e6
101,e55f6ae6f3d8cf4608f2374e32623de0ddff7aef,2026-08-30T06:15:44+08:00,codex/f-cut-001-matrices,docs(imp): 收敛到货签收Feature Ready输入,23,0,0,0,ba5a0051ee4b1305667d1525170e7169c7051503,37385588a3706910fd808adbd2522909262c8034
102,fdd4537b912bfd9753b8cb18a2e7dd28c90cd91d,2026-08-30T06:28:46+08:00,codex/f-cut-001-matrices,docs(imp): 闭合签收证据与状态契约,13,1,1,0,1664f6be79deaf3de0ddd1af43d5486d1dcdfb82,ba5a0051ee4b1305667d1525170e7169c7051503
103,4b5a2ac96aa92be766412a3c8fefb5e338206b97,2026-08-30T06:33:42+08:00,codex/f-cut-001-matrices,docs(imp): 补齐归档回执超时重试路径,5,0,0,0,f24f11ee3e132e4656b9daf1af9ee3eef5c2896f,1664f6be79deaf3de0ddd1af43d5486d1dcdfb82
104,6c18f794cfb440a7a3efed638f5ce6a09871a002,2026-08-30T06:37:55+08:00,codex/f-cut-001-matrices,docs(imp): 晋级到货签收Feature Ready,7,0,0,0,d6e9a3f524933f9d259324932ccdce38360f7d75,f24f11ee3e132e4656b9daf1af9ee3eef5c2896f
105,e0b44970c82c6992089e706f4f97bd418090e73b,2026-08-30T06:43:15+08:00,codex/f-cut-001-matrices,docs(imp): 生成到货签收Technical Plan,3,0,0,0,43f336002aa75ee7ae5453b825c679b3497476ff,d6e9a3f524933f9d259324932ccdce38360f7d75
106,41a71649420edb7034b31b503eff8a6906c4d08d,2026-08-30T06:56:50+08:00,codex/f-acc-001-sds,fix(acceptance): 闭合归档补偿与正式验收证据,10,6,1,2,7b2d8a7f9c85ec5e3ba444926a8c12a44813ff97,43f336002aa75ee7ae5453b825c679b3497476ff
107,5805db7f4b2bdadd39f158864267ed507f2d3f10,2026-08-30T06:58:13+08:00,codex/f-cut-001-matrices,docs(imp): 闭合到货签收计划执行路径,2,0,0,0,9ae53468e3571e04a34e5f8a44d18626e9f82a80,7b2d8a7f9c85ec5e3ba444926a8c12a44813ff97
108,e0184ac4f6f17da364e2d43738be909e03853edf,2026-08-30T07:02:04+08:00,codex/f-cut-001-matrices,docs(imp): 锁定应到范围生产依赖,2,0,0,0,3af878a7e726ef3dbddfcdf4754bedd2091eb2c5,9ae53468e3571e04a34e5f8a44d18626e9f82a80
109,e8d7728832013b37690bb7f6d6eb2ece6cedeca6,2026-08-30T07:03:52+08:00,codex/f-cut-001-matrices,docs(imp): 通过到货签收Technical Plan Gate,3,0,0,0,bc1aca4bd33b52c8747242790e1a8340d4f14ed3,3af878a7e726ef3dbddfcdf4754bedd2091eb2c5
110,d5d8e978170bedd36a86de5f29696b5304bddc39,2026-08-30T07:09:59+08:00,codex/f-cut-001-matrices,feat(engineering): 新增到货签收事实契约,8,7,0,0,0308bf9068ae30db80abb34a6f70df923d3ddbae,bc1aca4bd33b52c8747242790e1a8340d4f14ed3
111,fea30001c9872a8a94185add4291d1a3d3f75fb8,2026-08-30T07:10:25+08:00,codex/f-acc-001-sds,test(acceptance): 补齐跨范围下载验收证据,3,1,0,1,74048faf13ded7e4bedec7c204b4bc338533a25b,0308bf9068ae30db80abb34a6f70df923d3ddbae
112,54383436951d4afa0a8b884b4718406e774ee619,2026-08-30T07:14:48+08:00,codex/f-cut-001-matrices,feat(engineering): 接入到货签收项目与文件事实,6,5,0,3,c0aeedba0c11f1193079831f10a322be3b754b6b,74048faf13ded7e4bedec7c204b4bc338533a25b
113,ad5b401f0a0ff378bda7b03a5268437d3462f3ce,2026-08-30T07:17:50+08:00,codex/f-acc-001-sds,test(acceptance): 收紧无权项目范围验收,3,1,0,0,676bf846bfdf5f2dce0e5213dd67705bea5add84,c0aeedba0c11f1193079831f10a322be3b754b6b
114,7f3e3c62b524f15e9408888763c85a6ebbe45362,2026-08-30T07:20:27+08:00,codex/f-acc-001-sds,docs(acceptance): 回写实施完成状态,4,0,0,0,1d02d335e0bc302cbbdcdafa938d0be963806cb1,676bf846bfdf5f2dce0e5213dd67705bea5add84
115,2bb1dbc0b34a4ec1b758bf839da9824ed0322529,2026-08-30T07:20:57+08:00,codex/f-cut-001-matrices,feat(engineering): 建立到货签收Owner表,3,2,0,1,e51ba7651ab84dd1ca3737afad4e8fe1a98c14df,1d02d335e0bc302cbbdcdafa938d0be963806cb1
116,c071450250a7bb65110ba2ed12ebac4d011a2253,2026-08-30T07:26:53+08:00,codex/f-cut-001-matrices,feat(engineering): 建立到货签收持久化映射,23,22,0,6,6810c7906e77dd6424befff5f2da1e18d697f727,e51ba7651ab84dd1ca3737afad4e8fe1a98c14df
117,8370d0f19be603dc6429d7a0cb4ffff80262cab8,2026-08-30T07:29:22+08:00,codex/f-cut-001-matrices,feat(engineering): 补齐到货签收项目事实查询,9,8,1,3,3164e3392af52cf3eeb1dd46b92156a338f0078b,6810c7906e77dd6424befff5f2da1e18d697f727
118,c3bde6fe599b327e9dc8bf2a3ac315ef294c8ed7,2026-08-30T07:34:30+08:00,codex/f-cut-001-matrices,feat(engineering): 实现到货签收正向领域规则,7,6,0,0,d1ab7e021dcc3a6bd1aab4cfaff08828f1a1b3d2,3164e3392af52cf3eeb1dd46b92156a338f0078b
119,b563913fad5c8fd6966bd47dbe294b7380ecee94,2026-08-30T07:40:52+08:00,codex/f-cut-001-matrices,fix(engineering): 分离签收经理事实与操作范围,3,3,0,3,e9b0484f570322bd14e898c1dd545baedf67e0ec,d1ab7e021dcc3a6bd1aab4cfaff08828f1a1b3d2
120,a3099280c782be16b891ce4cbe4c13d69cda6347,2026-08-30T07:46:16+08:00,codex/f-cut-001-matrices,feat(engineering): 持久化签收项目资格版本,6,3,0,1,bfa8d23d2d62f1e520b73d0223d7a90d485719e9,e9b0484f570322bd14e898c1dd545baedf67e0ec
121,54ec4e00789bc676d6569de65c99e0f3db82ac70,2026-08-30T07:48:58+08:00,codex/f-acc-001-sds,docs(acceptance): 锁定满意度问卷与归档来源契约,26,4,3,0,a1c5d9b834706539e8a28b551000bbf1f051d41e,bfa8d23d2d62f1e520b73d0223d7a90d485719e9
122,08ee613b59ea88e04c51cb2dc9671c4a6be552ec,2026-08-30T07:51:42+08:00,codex/f-cut-001-matrices,feat(engineering): 实现到货签收草稿创建核心,5,4,0,3,331dde7f638d60f94f95eef95c78714be766056c,a1c5d9b834706539e8a28b551000bbf1f051d41e
123,0cf2ba79aea969689696aac962c9a53b9fa65ab1,2026-08-30T07:54:36+08:00,codex/f-cut-001-matrices,fix(engineering): 补全签收资格版本重验投影,4,4,0,3,8c2c7545884cc5f3dd1ae6b9f8875f058cbad762,331dde7f638d60f94f95eef95c78714be766056c
124,dd374c5f8ae494d6b775809dd69a4a2c3f655603,2026-08-30T07:58:13+08:00,codex/f-cut-001-matrices,feat(engineering): 冻结签收证据文件事实版本,7,4,0,1,cad913f6a0e1fe668aba1d829ec452f767e7aaa5,8c2c7545884cc5f3dd1ae6b9f8875f058cbad762
125,774aeb11bd663645a6f29e32624a00073979bcc5,2026-08-30T08:00:30+08:00,codex/f-cut-001-matrices,feat(engineering): 建立签收提交锁定支撑,8,7,1,2,b164259f235c48b0360941356ee71e14953b435f,cad913f6a0e1fe668aba1d829ec452f767e7aaa5
126,b98d0caafb724a13433aec382bafa30c02d30091,2026-08-30T08:04:45+08:00,codex/f-acc-001-sds,docs(acceptance): 闭合满意度应交根与整改身份,19,4,3,0,893751385327beaf89d4ffe547fa060181204554,b164259f235c48b0360941356ee71e14953b435f
127,0a56196a3864dd996da3a5d6df77cfc18003182f,2026-08-30T08:09:09+08:00,codex/f-cut-001-matrices,feat(engineering): 实现到货签收提交核心,3,2,0,2,df36e1ede5e5097408f1178d990d84b995723596,893751385327beaf89d4ffe547fa060181204554
128,00afc3549a7e5e001569a65938ca007baffb71f9,2026-08-30T08:09:16+08:00,codex/f-acc-001-sds,docs(acceptance): 回写满意度SDS裁决状态,5,0,0,0,86b1019310251f4d8426fae4550ec4b96d1524a7,df36e1ede5e5097408f1178d990d84b995723596
129,0267ef4d0d4f9d91a64fd09caaabc18c12819954,2026-08-30T08:13:31+08:00,codex/f-cut-001-matrices,feat(engineering): 累计签收历史确认范围,3,2,1,1,3f13569207342012f8aacbc36b0266e56d823a47,86b1019310251f4d8426fae4550ec4b96d1524a7
130,084ee75338534fb3e6d7a836370891fb092e3aed,2026-08-30T08:16:13+08:00,codex/f-cut-001-matrices,docs(engineering): 锁定签收差异范围快照,2,0,0,0,10c819d127598cd5291b156feb931d4e0b17c341,3f13569207342012f8aacbc36b0266e56d823a47
131,38901259fd595799a3fd40f470e78119ea89d595,2026-08-30T08:18:38+08:00,codex/f-acc-001-sds,docs(acceptance): 形成满意度Feature契约,7,1,0,1,0b944063adb413c4118fba3d094aeaa4e02f4346,10c819d127598cd5291b156feb931d4e0b17c341
132,65a6b395e692b463f070ffc784a9e9fc4461e431,2026-08-30T08:27:12+08:00,codex/f-cut-001-matrices,feat(engineering): 校正签收差异事实版本契约,7,4,0,1,7f0032c76b82255e07c9cd05fac15b12d000c5db,0b944063adb413c4118fba3d094aeaa4e02f4346
133,d8b847e018bf756ad6c05ff4d8c79bb5d9197026,2026-08-30T08:31:31+08:00,codex/f-acc-001-sds,docs(acceptance): 锁定满意度结果失效命令,15,3,2,0,7621342db698acacf303a5c3feedba030dc72155,7f0032c76b82255e07c9cd05fac15b12d000c5db
134,f1ecb73d7a7532789e56c3795655a805c3bec9cd,2026-08-30T08:32:00+08:00,codex/f-cut-001-matrices,feat(engineering): 累计签收有效豁免范围,3,2,1,1,3ed860a4450f08ce38113613735a9b2122d7158d,7621342db698acacf303a5c3feedba030dc72155
135,6ce766596c819dea691478cc20479464a809633c,2026-08-30T08:34:49+08:00,codex/f-cut-001-matrices,feat(engineering): 建立签收事实版本分配集合,5,4,0,2,63f8e7958f5754a7fe38848e1fa9d12b998e9076,3ed860a4450f08ce38113613735a9b2122d7158d
136,c1e7354c4738be42d2792b70222f1a369b82583b,2026-08-30T08:38:46+08:00,codex/f-acc-001-sds,docs(acceptance): 闭合满意度来源双向乱序,8,2,1,0,61574f6c124c500dc2bcf0b9a75b11d83b050f1c,63f8e7958f5754a7fe38848e1fa9d12b998e9076
137,44fec02baa51fb58923089b9f726958e8c68acac,2026-08-30T08:43:45+08:00,codex/f-acc-001-sds,docs(acceptance): 回写满意度失效SDS裁决,4,0,0,0,190438c63f2520bdf5c68b247d1d6dd55ce2ceea,61574f6c124c500dc2bcf0b9a75b11d83b050f1c
138,18c2b0ec569f10174817e3c23a22abe264a90bda,2026-08-30T08:44:58+08:00,codex/f-cut-001-matrices,feat(engineering): 实现到货签收确认事务,12,11,1,4,7865ad7cf208881130aa995f50543ee86f373d02,190438c63f2520bdf5c68b247d1d6dd55ce2ceea
139,145e4a61ea936d0679f2ec41a7d412975572e5a3,2026-08-30T08:47:58+08:00,codex/f-acc-001-sds,docs(acceptance): 闭合满意度Feature契约边界,4,1,0,1,579054a1c6477252962276b680cd2c4fa5e5aad7,7865ad7cf208881130aa995f50543ee86f373d02
140,27f5bcb2c451fb224fce3bc70376af0cf07b6882,2026-08-30T08:53:07+08:00,codex/f-acc-001-sds,docs(acceptance): 回写满意度Feature Ready裁决,4,1,0,1,327e79f3304a5574a6a9bb54880f4ec4fe462e79,579054a1c6477252962276b680cd2c4fa5e5aad7
141,7ea868e86cb5df7c93517a7e40e50a97d5ba8006,2026-08-30T09:01:06+08:00,codex/f-cut-001-matrices,feat(engineering): 实现签收证据暂停投递任务,6,4,0,3,b565688ac6be790b466d8502b7055d08c493c1e8,327e79f3304a5574a6a9bb54880f4ec4fe462e79
142,a55567ce12c91ce086a8923e28e8ba6dd387f415,2026-08-30T09:09:31+08:00,codex/f-acc-001-sds,docs(acceptance): 锁定满意度结果生成文件契约,13,3,1,1,96e9be0c1a4ef5db1cff17d12383c78ce64ac91f,b565688ac6be790b466d8502b7055d08c493c1e8
143,afa37d66eb3478c8a915a6dbe723723d9ca249b8,2026-08-30T09:17:52+08:00,codex/f-acc-001-sds,docs(acceptance): 统一结果文档失败事务语义,3,2,1,0,c7dd5dd7d053978ac96bebd9b725668e09231153,96e9be0c1a4ef5db1cff17d12383c78ce64ac91f
144,ddc928d02f19f244fbb3c167046d2f8b45bf8d36,2026-08-30T09:18:11+08:00,codex/f-cut-001-matrices,feat(engineering): 实现签收证据回执消费,14,13,1,3,7436403c3b4aa50d69fac79846d2b8351558ec69,c7dd5dd7d053978ac96bebd9b725668e09231153
145,131a52286d1be48806bdce615d15f8ccdbdf4457,2026-08-30T09:20:51+08:00,codex/f-acc-001-sds,docs(acceptance): 回写结果生成文件契约裁决,3,0,0,0,ace062ceb2a9369a6f830dd372254b40a26fa633,7436403c3b4aa50d69fac79846d2b8351558ec69
146,878697ef67f6fd1bacb08467cc1d54f39e4367b0,2026-08-30T09:28:58+08:00,codex/f-acc-001-sds,docs(acceptance): 形成满意度纵向实施计划,2,0,0,0,2622c2fee473a8ac68dce50b162732b3d8886561,ace062ceb2a9369a6f830dd372254b40a26fa633
147,b943461c9f59714f02260e34f78505c8f091a037,2026-08-30T09:29:33+08:00,codex/f-cut-001-matrices,fix(engineering): 收敛签收回执消费边界,7,6,0,0,5aba1778880e97118cd757cf534a7a250debac90,2622c2fee473a8ac68dce50b162732b3d8886561
148,47c2daeb9101e46ad6add0d3475c669e4846a70d,2026-08-30T09:32:54+08:00,codex/f-cut-001-matrices,docs(engineering): 记录签收回执消费评审通过,1,0,0,0,c50ecb4f90c6a2212563d3001d86da133d710b48,5aba1778880e97118cd757cf534a7a250debac90
149,1927cb2e5d8ccc148e0bda6efdd607d2c8f6396c,2026-08-30T09:39:54+08:00,codex/f-acc-001-sds,docs(acceptance): 闭合满意度实施计划接线,2,0,0,0,f15482cd9ecc327542d04ef783fe1aa770ac89d1,c50ecb4f90c6a2212563d3001d86da133d710b48
150,351d8bbb0aa4ef5cb8dd3ac2bee3463cd38265c4,2026-08-30T09:48:17+08:00,codex/f-cut-001-matrices,feat(engineering): 冻结签收证据发布关联链,6,2,1,1,a898da4da681e6fb4daee876876b41df5d02db23,f15482cd9ecc327542d04ef783fe1aa770ac89d1
151,700b659d7e11e6fbcbe88c05b02269a35b82084f,2026-08-30T09:51:43+08:00,codex/f-acc-001-sds,docs(platform): 锁定统一异步导出公共契约,20,3,2,0,24e07bba5c9f2c6797cd9cf4b729a066338828d7,a898da4da681e6fb4daee876876b41df5d02db23
152,e34930bc2c2c84196d1d0a755d879d3ddd22ec18,2026-08-30T09:54:58+08:00,codex/f-cut-001-matrices,fix(engineering): 修复签收关联迁移重跑约束,2,2,0,1,7a6b5f8075fa22c45e6aeed0483f8685583f66fe,24e07bba5c9f2c6797cd9cf4b729a066338828d7
153,553dbec0fdf612534153810e1f7015c4fa5493df,2026-08-30T10:00:28+08:00,codex/f-acc-001-sds,docs(platform): 闭合统一导出任务重试状态,9,2,1,0,5a870984b5dcb16484986bd142df7f387d833f80,7a6b5f8075fa22c45e6aeed0483f8685583f66fe
154,1df9b3922a5c0a0ad5150cc5e33c14c7585c564c,2026-08-30T10:05:36+08:00,codex/f-acc-001-sds,docs(platform): 唯一化导出失败分类,3,2,1,0,839a8b5f9da44310603dfc5c920761b6c7f08fc1,5a870984b5dcb16484986bd142df7f387d833f80
155,9ab20d99ca3524f0506560654cc7c2614cd9f79a,2026-08-30T10:08:39+08:00,codex/f-acc-001-sds,docs(platform): 回写统一导出契约裁决,4,0,0,0,8cc881ed4725ee16fa40eb1d0e31efcde7400652,839a8b5f9da44310603dfc5c920761b6c7f08fc1
156,1eec2fbc12fc97862952888b4f44b6508d2c736c,2026-08-30T10:10:41+08:00,codex/f-cut-001-matrices,feat(engineering): 实现签收证据双阶段重试,23,22,3,5,624573caa4a3ff1a69b924d4ddd4c02e2c4229e8,8cc881ed4725ee16fa40eb1d0e31efcde7400652
157,41f92526919e8c18b11c04f188365be2105240ac,2026-08-30T10:17:20+08:00,codex/f-acc-001-sds,docs(acceptance): 闭合满意度实施计划导出链,5,1,0,1,c465093b1ac47560297cea815ee3005ddb89c81f,624573caa4a3ff1a69b924d4ddd4c02e2c4229e8
158,6a552a288f94936eb71748c980fbc59ad1a04c4b,2026-08-30T10:22:31+08:00,codex/f-acc-001-sds,docs(acceptance): 启动满意度Feature实施,6,0,0,0,36248a53e425efceb4b2acd9594e41dd12646021,c465093b1ac47560297cea815ee3005ddb89c81f
159,9561384bda94cbc9ce0616434f301d1886977b74,2026-08-30T10:26:30+08:00,codex/f-cut-001-matrices,fix(engineering): 收敛签收证据重试事务,9,8,2,1,eb9e62b71632ace609244b9f795ed76f39d18edc,36248a53e425efceb4b2acd9594e41dd12646021
160,4f662853a2631ec4d63736f39c65e5a06dd42323,2026-08-30T10:31:17+08:00,codex/f-cut-001-matrices,docs(engineering): 记录签收证据重试评审通过,1,0,0,0,2c4dc46920ba602e09120fe6513b26015933fd16,eb9e62b71632ace609244b9f795ed76f39d18edc
161,a43ed4c1c7e7ecec2a2923aa3914fda566eb4e67,2026-08-30T10:52:11+08:00,codex/f-acc-001-sds,feat(platform): 实现统一异步导出基础能力,38,38,1,3,120cca1e0337c87864706e31f99fb0aa9a3b9e9d,2c4dc46920ba602e09120fe6513b26015933fd16
162,ce0447ecb867b5478b95440482d998d773e006be,2026-08-30T11:04:54+08:00,codex/f-cut-001-matrices,feat(engineering): 实现到货签收项目事实查询,18,12,3,4,391ebafdd42df1caec86ee33a95dcd87a3197129,120cca1e0337c87864706e31f99fb0aa9a3b9e9d
163,dfcc224c842a59addc0f0ddcc6373b49a664cb2a,2026-08-30T11:25:28+08:00,codex/f-cut-001-matrices,fix(engineering): 收敛到货事实范围与陈旧判定,8,5,1,3,36d62a69876958cc047792a60ea1eb9b7af63698,391ebafdd42df1caec86ee33a95dcd87a3197129
164,b45678d6f790020dde6fa21b2c0c0301c5d47975,2026-08-30T11:29:37+08:00,codex/f-cut-001-matrices,docs(engineering): 记录到货事实查询评审通过,1,0,0,0,348ee6eded4b6738801a9ed2aae19bfdb0f98e78,36d62a69876958cc047792a60ea1eb9b7af63698
165,1cb0461f3424a2ae7fd573d5dd43d0cd8252fe54,2026-08-30T11:37:37+08:00,codex/f-acc-001-sds,feat(acceptance): 初始化满意度采集任务,46,46,3,6,c7f7330a1403613ec732f67db8c4d0bdad1dce49,348ee6eded4b6738801a9ed2aae19bfdb0f98e78
166,fab9e06f98d446acc138499c14eae908037f3d9c,2026-08-30T11:41:30+08:00,codex/f-acc-001-sds,feat(acceptance): 提供满意度结果Owner事实,7,7,0,1,fbf7750610fe35580b20c9c780a1380b69d11bfe,c7f7330a1403613ec732f67db8c4d0bdad1dce49
167,a276347d44fa062ee6ee10d95a8e83e3e3a73d4d,2026-08-30T11:48:54+08:00,codex/f-acc-001-sds,feat(acceptance): 提供满意度受控访问链接,11,11,0,3,64e296fc3502191fa7cc66bd6454d83ac27c0253,fbf7750610fe35580b20c9c780a1380b69d11bfe
168,120605575c50667d93fa4b39fda200050f9ea19d,2026-08-30T11:54:12+08:00,codex/f-acc-001-sds,feat(acceptance): 持久化满意度不可变答卷,14,14,0,3,440dbc382654ad5b95ab8e5c9adb15e730c49467,64e296fc3502191fa7cc66bd6454d83ac27c0253
169,337757b39d38abc0493c1374b192ce8c000ed110,2026-08-30T11:54:38+08:00,codex/f-cut-001-matrices,docs(engineering): 补全到货签收 REST 机器契约,8,0,0,0,cddad68b7aa6d1604cf5b07e084f527522951777,440dbc382654ad5b95ab8e5c9adb15e730c49467
170,88c322fa2306a88c88e00903a85a9acfd51897fa,2026-08-30T12:05:57+08:00,codex/f-acc-001-sds,docs(acceptance): 锁定Result文件Owner身份,5,1,1,0,d9a8c4976762cc547abf2a63a056fec8ebf32aab,cddad68b7aa6d1604cf5b07e084f527522951777
171,b9c0686a161547a1610b9e48f26023303b8ef784,2026-08-30T12:11:34+08:00,codex/f-acc-001-sds,feat(acceptance): 实现Result文件Owner重验,10,10,1,1,72e7666d07c7fc16e61b799e232ed0f63e90abef,d9a8c4976762cc547abf2a63a056fec8ebf32aab
172,856f458b35e76c2bcd6bd6961fefb18cefcc1691,2026-08-30T12:15:20+08:00,codex/f-cut-001-matrices,docs(engineering): 收敛到货签收 Task 5B 契约,8,0,0,0,8152b9050672ad38d00473eff9f54032d3967665,72e7666d07c7fc16e61b799e232ed0f63e90abef
173,369c92bd21e9c14b94fc653c08d9070e535dce22,2026-08-30T12:21:42+08:00,codex/f-acc-001-sds,feat(platform): 支持Result生成文件原子持久化,13,13,0,2,9bd321515f4b29fd76a92fe188dd4fc0881c6c51,8152b9050672ad38d00473eff9f54032d3967665
174,dbf62b8fda6426976268c5c507ab7fa7e7b3dd39,2026-08-30T12:23:19+08:00,codex/f-cut-001-matrices,docs(engineering): 固化到货签收 wire 类型,4,0,0,0,fa7afa45d703def4d98b471629be20310455a94f,9bd321515f4b29fd76a92fe188dd4fc0881c6c51
175,bf904db177f0ab29372e8415aaf0de261e3b9c94,2026-08-30T12:27:17+08:00,codex/f-acc-001-sds,docs(acceptance): 登记满意度计分规格阻断,2,0,0,0,cd66c9f9b25051212f1751d8c51e49c2af7921c2,fa7afa45d703def4d98b471629be20310455a94f
176,f84b704878a78e7ced44e35a252e9ab6d866ba21,2026-08-30T12:27:45+08:00,codex/f-cut-001-matrices,docs(engineering): 记录 Task 5B 契约复审通过,4,0,0,0,4ab1c1dcdbad625056b08a9a413d06a0f37a564c,cd66c9f9b25051212f1751d8c51e49c2af7921c2
177,e2b321e4bdc79c3075f28ff9059b39542e7ee826,2026-08-30T12:59:03+08:00,codex/f-acc-001-sds,docs(prd): 基线化可配置问卷基础能力候选,12,1,1,0,b3447a7b340cbcb874702b77c8b6e44016166e22,4ab1c1dcdbad625056b08a9a413d06a0f37a564c
178,80a8d4221a2a7973295ca0e12b2e7283cf60ba59,2026-08-30T13:03:11+08:00,codex/f-cut-001-matrices,feat(engineering): 实现到货签收 Task 5B 基础命令,31,29,2,7,27bc0be640bece588612cf94facaa0c390c09935,b3447a7b340cbcb874702b77c8b6e44016166e22
179,c69a53a4e03566ebb4ec2e81d3e22bc73aad63f6,2026-08-30T13:04:10+08:00,codex/f-acc-001-sds,fix(prd): 修正修订010基线校验报告,1,0,0,0,0d320dc26adc56f518c062285012fd364d122ba4,27bc0be640bece588612cf94facaa0c390c09935
180,0564ec7e1194e9116058734e90430d4bfcb330e8,2026-08-30T13:14:47+08:00,codex/f-cut-001-matrices,fix(engineering): 修正到货后继批次唯一模型,9,2,1,1,db532f393cce5ecc2ebe15fdcff7e343a0dd2147,0d320dc26adc56f518c062285012fd364d122ba4
181,0750182e7a50a28e6fbff29196ed247c2d59808f,2026-08-30T13:20:45+08:00,codex/f-cut-001-matrices,fix(engineering): 拒绝空批次根标记,2,2,0,1,d8645471359614462e875c2b2ef9f673b4cb2111,db532f393cce5ecc2ebe15fdcff7e343a0dd2147
182,9f178dc322dbcd7412e6b6570ad7d9a7cc2ff26a,2026-08-30T13:21:48+08:00,codex/f-acc-001-sds,docs(acceptance): 锁定可配置问卷计分契约,24,5,4,0,4ef93d2168c4034b1e7107adfd2fcb9ca21dc183,d8645471359614462e875c2b2ef9f673b4cb2111
183,4ecc9d3bb3677ab7a7cbcd867b7ec29418479985,2026-08-30T13:30:25+08:00,codex/f-acc-001-sds,docs(acceptance): 闭合多选题可达分契约,6,2,1,0,ed54575ea257e92ed281efb6c86565b193d012bf,4ef93d2168c4034b1e7107adfd2fcb9ca21dc183
184,293293c5cc187bdf2405b9638406e0f97f4c7cb2,2026-08-30T13:37:28+08:00,codex/f-acc-001-sds,docs(acceptance): 同步可配置问卷实施契约,7,1,1,0,b300fa8e9be3c3a5b203793af17b73fcab3bf910,ed54575ea257e92ed281efb6c86565b193d012bf
185,935324cf381a7ef61404ad854039ec1142dc86f7,2026-08-30T13:39:30+08:00,codex/f-cut-001-matrices,feat(engineering): 实现到货签收后继链,14,13,4,3,9ee2ae9e134535a7927e9589c356b39ac38f4fb1,b300fa8e9be3c3a5b203793af17b73fcab3bf910
186,b7231e73eacd0697b7c597a9ed494a5bbfd407a4,2026-08-30T13:46:27+08:00,codex/f-acc-001-sds,feat(acceptance): 实现可配置问卷确定性计分,4,4,0,2,88309ac0788dcfa444cf752fb41a477cb813f310,9ee2ae9e134535a7927e9589c356b39ac38f4fb1
187,98feb4564a8c6cbdae37c4c340fc92fa6827958b,2026-08-30T13:55:33+08:00,codex/f-acc-001-sds,feat(acceptance): 形成满意度判定结果事务,8,8,0,2,240ecf1638ad22ee463200a3129f66eb4b375a10,88309ac0788dcfa444cf752fb41a477cb813f310
188,e83cda3ff05dc97bbaa145871adb8148faee5790,2026-08-30T13:58:55+08:00,codex/f-acc-001-sds,feat(acceptance): 接通公开满意度答卷判定,6,6,1,4,ad2b4e47bcb0c250fdbc8712524329ac2aa5bafa,240ecf1638ad22ee463200a3129f66eb4b375a10
189,b4f16bdf9248f71cfe7aea9724376742923b8bea,2026-08-30T14:00:28+08:00,codex/f-cut-001-matrices,feat(project): 定义内部项目资格锁契约,12,4,0,0,75a75ae0deb3f786b263c6c9f32784cbe5bac070,ad2b4e47bcb0c250fdbc8712524329ac2aa5bafa
190,f4aa1ad251abf058449da9ec3ec6e52b10de51ad,2026-08-30T14:17:16+08:00,codex/f-cut-001-matrices,feat(project): 实现内部项目资格锁,4,3,0,0,0961a2663e23631662e35314c3b2a0a35f3449b0,75a75ae0deb3f786b263c6c9f32784cbe5bac070
191,4f6d51bd67867c1acd2e4afa9b6bacd6cae33147,2026-08-30T14:18:28+08:00,codex/f-acc-001-sds,docs(acceptance): 锁定grant上传Response身份,9,1,0,1,9e4261222cb4db46787fac8da16139f865e0e479,0961a2663e23631662e35314c3b2a0a35f3449b0
192,1b2b6a752defe9ebf187521dd417c71e43699c0e,2026-08-30T14:37:26+08:00,codex/f-cut-001-matrices,fix(engineering): 收敛到货签收后继运行边界,9,8,3,2,ad864ec7a43995e15bd6a16969f6b30843e3b513,9e4261222cb4db46787fac8da16139f865e0e479
193,98e4ae22a7f2f7dd3056ce674cbadaf6f865eafe,2026-08-30T14:46:08+08:00,codex/f-acc-001-sds,feat(acceptance): 接通受控问卷文件上传,37,35,0,10,4243fbc1bbc57fb43d6998ce99c04989cc258a70,ad864ec7a43995e15bd6a16969f6b30843e3b513
194,808151ce4662c85b8ea1c5267bc52b4d4699fd1d,2026-08-30T14:52:51+08:00,codex/f-cut-001-matrices,fix(engineering): 补全到货命令关联事实,8,4,1,1,a978a3112739229a70d0a454d108b7d52125a249,4243fbc1bbc57fb43d6998ce99c04989cc258a70
195,29963bd50635316ee74584dbf88b10ce6ac85235,2026-08-30T14:56:03+08:00,codex/f-cut-001-matrices,docs(engineering): 回写到货命令整改通过,1,0,0,0,24bcf908a6aaf514906a904d280a3b38facf8d77,a978a3112739229a70d0a454d108b7d52125a249
196,f10454dcbe0dcb133b109a9d95aa4ac476294c68,2026-08-30T14:57:15+08:00,codex/f-cut-001-matrices,docs(engineering): 对齐到货签收收口状态,1,0,0,0,1b9d62c10c2aab97294c5d635c1ad64389f2eeae,24bcf908a6aaf514906a904d280a3b38facf8d77
197,57b2dcd223b9cf685e2aff648003b54f03e82de8,2026-08-30T15:01:53+08:00,codex/f-acc-001-sds,fix(acceptance): 绑定grant上传重放身份,7,6,0,2,7a198f4c70d40436792b34ac616750ca7c429b75,1b9d62c10c2aab97294c5d635c1ad64389f2eeae
198,c649c4245b3e13de39abdf89899d2a1195483a4d,2026-08-30T15:08:55+08:00,codex/f-cut-001-matrices,fix(engineering): 收口到货签收应用动作,9,7,2,1,36fde9d9c3c00e7edd9e493a6f658eb23b77151b,7a198f4c70d40436792b34ac616750ca7c429b75
199,88d507935eb587d0940474bcbc53ee8f1702ca69,2026-08-30T15:12:21+08:00,codex/f-cut-001-matrices,docs(engineering): 回写到货签收应用收口通过,1,0,0,0,0a82e18fd1d4ec795c3ee3ea7e55504cd81a3e3a,36fde9d9c3c00e7edd9e493a6f658eb23b77151b
200,fb69dbcc07c87324a63ec789df9e2bb977f29204,2026-08-30T15:33:34+08:00,codex/f-cut-001-matrices,feat(engineering): 实现到货签收REST契约,8,6,1,2,17601dfc118ea196d58df637963faa8247cf5da9,0a82e18fd1d4ec795c3ee3ea7e55504cd81a3e3a
201,0f3769755f59a7a76c0ceec715c67f3af3bf134c,2026-08-30T15:36:18+08:00,codex/f-acc-001-sds,feat(acceptance): 接通满意度结果来源投影,24,18,1,7,f6b1cf9d8381a7769d395e82065c880645a86b54,17601dfc118ea196d58df637963faa8247cf5da9
202,4a84f6f9e6491c621ff69e0b6b00edba8dfb5eda,2026-08-30T15:46:17+08:00,codex/f-acc-001-sds,fix(acceptance): 清理失效满意度来源指针,6,5,2,0,7174144cb2dd4686272eaaf8da38078ee86cddc8,f6b1cf9d8381a7769d395e82065c880645a86b54
203,b63b5a0c47818845eefd567c44cd9e1c3077d2db,2026-08-30T15:52:47+08:00,codex/f-cut-001-matrices,fix(engineering): 收敛到货签收REST边界,15,13,5,2,751fab9b029b6f9849123eeeccdda2c372304b30,7174144cb2dd4686272eaaf8da38078ee86cddc8
204,d71ced4091a1830fb8718db6c4eb1badaff4c203,2026-08-30T16:06:00+08:00,codex/f-cut-001-matrices,fix(engineering): 修复到货签收守卫分类,7,6,4,0,8bdfe6a45d9a5f11bc31322abbc726917c71ef6e,751fab9b029b6f9849123eeeccdda2c372304b30
205,47d6b7fd641f1eb2567fa053f34a9386ad8a6307,2026-08-30T16:08:11+08:00,codex/f-cut-001-matrices,docs(engineering): 回写到货签收REST审查通过,1,0,0,0,1d5705aecddffa3c0a742fbd5e03db5433a06c84,8bdfe6a45d9a5f11bc31322abbc726917c71ef6e
206,6ec1b2459a436f16d9a87bf03358ab98e0af4bfc,2026-08-30T16:12:32+08:00,codex/f-acc-001-sds,feat(acceptance): 接通满意度待办与归档补偿,32,27,0,6,f071f8ddade1019bf687459e582a62b1205573d0,1d5705aecddffa3c0a742fbd5e03db5433a06c84
207,871cfcbb5e5c532dd2b2ab8741b5c23d5d21445f,2026-08-30T16:14:30+08:00,codex/f-cut-001-matrices,feat(engineering): 初始化到货签收运行资源,3,2,0,1,c4e1e8f668979613f43a240eeb6b3debd8b3ee95,f071f8ddade1019bf687459e582a62b1205573d0
208,59c34505e7d3d5bfa49d03c165989f521c7d5c6c,2026-08-30T16:30:21+08:00,codex/f-acc-001-sds,fix(acceptance): 分离满意度来源附件序号,12,7,2,0,b5c9e342a90ac22ad7523dcdc78e466d37d2707d,c4e1e8f668979613f43a240eeb6b3debd8b3ee95
209,aa96b9393a2a048e258f7c8e81d3d2a366a6c383,2026-08-30T16:32:07+08:00,codex/f-cut-001-matrices,docs(engineering): 回写到货签收资源审查通过,1,0,0,0,eb121847f2b1cb13b28c662e3580067af160b382,b5c9e342a90ac22ad7523dcdc78e466d37d2707d
210,99a4b412ae259f7b06d5dd1a596b0bab8e38f5a7,2026-08-30T16:41:44+08:00,codex/f-acc-001-sds,chore(acceptance): 完成满意度后端任务,1,0,0,0,f345dc30db1587fbf926278994dc7b04dc5d61b8,eb121847f2b1cb13b28c662e3580067af160b382
211,0ffaebe3d1c32733abe9955f2733b6fe7cd02349,2026-08-30T16:49:46+08:00,codex/f-acc-001-sds,feat(acceptance): 接通满意度模板管理,8,8,0,1,e927439338ebb41c4a9329c05d8d734cbb6b3b5e,f345dc30db1587fbf926278994dc7b04dc5d61b8
212,9e42fbc3279d9a292bc4ac36bfeac75cfdd9a899,2026-08-30T16:52:04+08:00,codex/f-cut-001-matrices,feat(engineering): 实现到货签收前端工作台,9,8,0,8,cc264aba87b08e9d2650147e85d9347c751f9fb3,e927439338ebb41c4a9329c05d8d734cbb6b3b5e
213,e3cc9eed198272c8cc56291d81c73da6ac837835,2026-08-30T16:56:49+08:00,codex/f-acc-001-sds,feat(acceptance): 接通满意度任务管理,9,9,0,2,d8ee0db8d9867bf789d9e7399f5bcfb03490a0cf,cc264aba87b08e9d2650147e85d9347c751f9fb3
214,d00501f486afe5e3b8c73046eda64439ff496449,2026-08-30T17:02:14+08:00,codex/f-acc-001-sds,feat(acceptance): 接通满意度结果管理,9,9,0,1,6870bd10b79a4ef499ff2f6b7f5d211a812998a1,d8ee0db8d9867bf789d9e7399f5bcfb03490a0cf
215,5f4054e56799d3b0009b01e190c5648243e2f68f,2026-08-30T17:09:45+08:00,codex/f-acc-001-sds,feat(acceptance): 接通现场协助答卷,5,5,0,2,42abab9e9b5425fa7e51734799ea7266cdbb1487,6870bd10b79a4ef499ff2f6b7f5d211a812998a1
216,c1f7c74aeddbd92d885aaed70bcf1abf0126ae6e,2026-08-30T17:10:51+08:00,codex/f-acc-001-sds,chore(acceptance): 收口满意度后端任务,1,0,0,0,e612da5636780ac503f933f2378898373fff8d98,42abab9e9b5425fa7e51734799ea7266cdbb1487
217,35c0db90a3ad20cbdd864cd85c03e01f9469abb3,2026-08-30T17:15:45+08:00,codex/f-cut-001-matrices,fix(engineering): 收敛到货签收前端契约,12,11,0,1,ec1e59b6ec5696556b52437b823ec688c95fd077,e612da5636780ac503f933f2378898373fff8d98
218,99bc69ff4c0af15a2fc20178fc3eab6432417339,2026-08-30T17:22:09+08:00,codex/f-cut-001-matrices,fix(engineering): 统一到货签收写前刷新屏障,4,3,0,1,859c8a896e23ef28a34f14a076f32409776d0214,ec1e59b6ec5696556b52437b823ec688c95fd077
219,062d1e846cbdfe0d9588dbb7235e358861a4aeef,2026-08-30T17:26:25+08:00,codex/f-cut-001-matrices,fix(engineering): 保留到货签收成功刷新闭包,4,3,0,0,aeeef55d0df10b771a443d54ed3db640763ed405,859c8a896e23ef28a34f14a076f32409776d0214
220,0b832c37d0bf152af72e5a5012e46d39c97a2f4f,2026-08-30T17:27:10+08:00,codex/f-acc-001-sds,feat(acceptance): 接通满意度前端闭环,9,9,0,2,23e92f5102f3b178ae406be6b69305da915acbc4,aeeef55d0df10b771a443d54ed3db640763ed405
221,df96cfcfa3fb75309edeb3288c759df2493f050f,2026-08-30T17:28:13+08:00,codex/f-cut-001-matrices,docs(engineering): 回写到货签收前端审查通过,1,0,0,0,a591b5119ce9e90c2761838b6ddb5258c612af8b,23e92f5102f3b178ae406be6b69305da915acbc4
222,085015c1710d1f8b0d326e63994b18ff265e765f,2026-08-30T17:52:04+08:00,codex/f-cut-001-matrices,fix(engineering): 修复到货回执绑定并补全回归,6,5,0,0,a21f4be669d148665043190d02215563be1a6bb7,a591b5119ce9e90c2761838b6ddb5258c612af8b
223,8b1ffe49f7813e91c3ab879c3c6ca9e805dd65a6,2026-08-30T17:58:11+08:00,codex/f-cut-001-matrices,docs(engineering): 回写到货签收数据库审查通过,1,0,0,0,575d13fc8a19fbc19941dae7a4fafcea4d92cc51,a21f4be669d148665043190d02215563be1a6bb7
224,9edd1a41d1e55bcbb99807d2e21f976c9d2ff9d2,2026-08-30T18:13:23+08:00,codex/f-cut-001-matrices,feat(asset): 冻结设备范围事实公共契约,16,9,0,5,3fd0590c45f4c173169b0093d133738599118986,575d13fc8a19fbc19941dae7a4fafcea4d92cc51
225,c5f7ecdab176e9fe23e5868407207c39ca0f34c3,2026-08-30T18:21:37+08:00,codex/f-cut-001-matrices,fix(asset): 纠正设备范围契约错误归因,9,5,0,0,fc073366c9615377aad4735ce15b23c84a4e6f3b,3fd0590c45f4c173169b0093d133738599118986
226,bf73823e5f85dcd700fdb0fe244179da5ce454b2,2026-08-30T18:24:18+08:00,codex/f-cut-001-matrices,docs(engineering): 回写设备范围公共契约审查通过,3,0,0,0,1684c5d3032809d8cdf0a58fa66efae1703b5cf1,fc073366c9615377aad4735ce15b23c84a4e6f3b
227,4e558659d52457d8cd617e26a4daec655b76dabf,2026-08-30T18:36:31+08:00,codex/f-cut-001-matrices,feat(asset): 实现设备范围事实Provider,11,9,0,3,5124e359a79963a732981af5314c83a4b0503e05,1684c5d3032809d8cdf0a58fa66efae1703b5cf1
228,69d3740025420682a5b19a06138632b3ea86a48e,2026-08-30T18:47:04+08:00,codex/f-cut-001-matrices,fix(asset): 收敛设备范围事务失败边界,7,5,0,0,3da99b869a89948f27a84421cfac890972a4de8b,5124e359a79963a732981af5314c83a4b0503e05
229,b2763c0d55ccb3c62d359ff4002edc3b8c03ca60,2026-08-30T18:49:24+08:00,codex/f-cut-001-matrices,docs(engineering): 回写设备范围Provider审查通过,2,0,0,0,7ac546a96cfaf263eabdc07a15014255c2a88c42,3da99b869a89948f27a84421cfac890972a4de8b
230,36f44719fae6e287d39853ef337a1a74dcc86579,2026-08-30T18:54:24+08:00,codex/f-cut-001-matrices,docs(engineering): 锁定设备范围消费错误映射候选,5,0,0,0,11db0d267828aaf282d643bce78201e02eab80d9,7ac546a96cfaf263eabdc07a15014255c2a88c42
231,b04decabf9c17950466846bd88ad9ce93160e355,2026-08-30T18:57:54+08:00,codex/f-cut-001-matrices,docs(engineering): 回写设备范围消费映射审查通过,5,0,0,0,3d8b7e15ef5e5a9e6eca5cd09bf734bd292ea545,11db0d267828aaf282d643bce78201e02eab80d9
232,b20e817af3d92dc0ead823e46e7b820eab94493a,2026-08-30T19:07:40+08:00,codex/f-cut-001-matrices,docs(engineering): 锁定无SN设备事实适用边界候选,5,0,0,0,7e2f5d0f27462c495d7f615581f7b672dfe20591,3d8b7e15ef5e5a9e6eca5cd09bf734bd292ea545
233,ab7fcb2644f074e295931d48964a336c83eda07c,2026-08-30T19:11:42+08:00,codex/f-cut-001-matrices,docs(engineering): 回写无SN设备事实边界审查通过,3,0,0,0,4b6e7d99827de65c0cce6fef2977f9c65eb14264,7e2f5d0f27462c495d7f615581f7b672dfe20591
234,6793c1d96efc3e421085ecb539f307ca88b8d1e3,2026-08-30T19:20:29+08:00,codex/f-cut-001-matrices,feat(engineering): 接通设备范围事实消费适配,12,10,2,1,e388fa921fd595ac6fbabd992acc9d6c00812bef,4b6e7d99827de65c0cce6fef2977f9c65eb14264
235,9a4763e85d10d820f957eeec90a71be3d4914fae,2026-08-30T19:32:01+08:00,codex/f-cut-001-matrices,fix(engineering): 收敛设备范围身份与锁定语义,10,8,0,0,697432ec570c8e565b31ed206c60340c3c7c214d,e388fa921fd595ac6fbabd992acc9d6c00812bef
236,7fa32fc50ba4886a55379185682f357e01fc4e03,2026-08-30T19:37:52+08:00,codex/f-cut-001-matrices,test(engineering): 补充设备范围事实规范化回归,1,1,0,0,ccb203481b16657cfc26a7e8449328e6c398e6bc,697432ec570c8e565b31ed206c60340c3c7c214d
237,eda54bd0c911641c0d977288ee63b3a1df81e69d,2026-08-30T19:39:58+08:00,codex/f-cut-001-matrices,docs(engineering): 回写设备范围消费Gate通过,2,0,0,0,2a6c2653f7ffd197498eb807bf8943a7d6149d07,ccb203481b16657cfc26a7e8449328e6c398e6bc
238,c21745a9b28b35883b5453b0e3da0ed13292997c,2026-08-30T19:48:11+08:00,codex/f-cut-001-matrices,docs(commerce): 建立COM-01 Feature Ready候选,7,0,0,0,00b56d6ab3a1e3734eaebda4ce983f2670935eb7,2a6c2653f7ffd197498eb807bf8943a7d6149d07
239,ed96361def62cb85ee8631f2346e6b751ebcf17b,2026-08-30T20:02:59+08:00,codex/f-cut-001-matrices,docs(commerce): 收敛COM-01 Feature Ready契约,10,0,0,0,977530f9af2b3a6c3d008fd294849762d5a3f9ec,00b56d6ab3a1e3734eaebda4ce983f2670935eb7
240,862b47ec30adcdb8d846d5f9f15cc54e092b2a0a,2026-08-30T20:11:25+08:00,codex/f-cut-001-matrices,docs(commerce): 修正ERP版本与V70迁移契约,6,0,0,0,f706bb56eaa2bdb5c39a49990ceb0f33b163bb90,977530f9af2b3a6c3d008fd294849762d5a3f9ec
241,2fed46d4510aa6aa48abd0c777a8a621856e9d82,2026-08-30T20:14:40+08:00,codex/f-cut-001-matrices,docs(commerce): 修正来源对象重放判定,4,0,0,0,df1be33954e1ec7e03704c6597a54626ef6a5887,f706bb56eaa2bdb5c39a49990ceb0f33b163bb90
242,8ca365605fd57ff4f8c0a5cc8bb6ef9ed164acd2,2026-08-30T20:18:23+08:00,codex/f-cut-001-matrices,docs(commerce): 回写COM-01 Feature Ready通过,4,0,0,0,6e8e78b25dacbf5bffdfbdafff4f3e3fe77a135b,df1be33954e1ec7e03704c6597a54626ef6a5887
243,a0cf6d0658f03eb4ee0bdcbddaab8cf00bd8d3d7,2026-08-30T20:23:25+08:00,codex/f-cut-001-matrices,docs(commerce): 建立COM-01 Technical Plan候选,3,0,0,0,d29f90e9f7a6e346e9806ddcd512a262e247083b,6e8e78b25dacbf5bffdfbdafff4f3e3fe77a135b
244,4e86e5cff1a74663a8448b2dc1e6d386563297b7,2026-08-30T20:30:26+08:00,codex/f-cut-001-matrices,docs(commerce): 修正COM-01 Technical Plan边界,2,0,0,0,29168ab38f10cdb3edd540668ca44f98d1be7b3e,d29f90e9f7a6e346e9806ddcd512a262e247083b
245,6921a0dd1a8febf512e21b66d4cfe2e8e52a76fa,2026-08-30T20:35:00+08:00,codex/f-cut-001-matrices,docs(commerce): 收敛迁移批次两阶段生命周期,2,0,0,0,c4f0f96a7289e79c71fec559fc6f72c5630e3640,29168ab38f10cdb3edd540668ca44f98d1be7b3e
246,8f5ec1c104a18910f231d51d50b7bd526cf6c70b,2026-08-30T20:37:24+08:00,codex/f-cut-001-matrices,docs(commerce): 补齐迁移问题关闭路径,2,0,0,0,55d5124f01e86fd556c776d1bcbd01a9151133b0,c4f0f96a7289e79c71fec559fc6f72c5630e3640
247,f309c9f332d874d0b46a7f6fbc3c7220c488c25a,2026-08-30T20:39:23+08:00,codex/f-cut-001-matrices,docs(commerce): 回写COM-01 Technical Plan通过,3,0,0,0,32a8910698c53ec4b272656d3812ab0434453f22,55d5124f01e86fd556c776d1bcbd01a9151133b0
248,5abbc82ba866c4f3dafc3d5b186c0afdce1e9d0d,2026-08-30T20:48:19+08:00,codex/f-cut-001-matrices,feat(commerce): 建立COM公开事实合同,19,15,0,5,9b172f831c1ae656f278f1b267596184f0ed611d,32a8910698c53ec4b272656d3812ab0434453f22
249,550e3fefb8212fa8dc7a8b06a53e0daf94a175d7,2026-08-30T20:52:29+08:00,codex/f-cut-001-matrices,docs(commerce): 回写COM公开合同Gate通过,1,0,0,0,349f35c2476d649612be3c6c8f9ee396d4360753,9b172f831c1ae656f278f1b267596184f0ed611d
250,ae1968c63af614700bd586915e37c74ef1b0152b,2026-08-30T21:04:42+08:00,codex/f-cut-001-matrices,feat(commerce): 建立COM十表物理模型,12,11,8,2,b0fc57bb667a19ed0bc18976e8ec10352429a9cb,349f35c2476d649612be3c6c8f9ee396d4360753
251,4996c75465fd57599054a305e62cddea8fb75102,2026-08-30T21:12:55+08:00,codex/f-cut-001-matrices,fix(commerce): 收敛COM来源版本与迁移预检,5,3,3,0,b5c15ddda9437077617d4cbb7b592241147ee177,b0fc57bb667a19ed0bc18976e8ec10352429a9cb
252,b711389db0e16ccbf73d7e76747e5f88b5653c00,2026-08-30T21:16:03+08:00,codex/f-cut-001-matrices,docs(commerce): 回写COM十表Schema Gate通过,1,0,0,0,d4bef905646bb09cc110988ddb465dab6be9beee,b5c15ddda9437077617d4cbb7b592241147ee177
253,2141204dc257aa67a24a4fe57e7139bdd906c135,2026-08-30T21:31:54+08:00,codex/f-cut-001-matrices,feat(platform): 建立迁移证据公共合同,30,24,0,3,1e082397eca82c079a66aa6df7d07396a758c0f5,d4bef905646bb09cc110988ddb465dab6be9beee
254,bf85007f2ec90105acf3c3ffa4a2353dd233a5f8,2026-08-30T21:41:38+08:00,codex/f-cut-001-matrices,fix(platform): 收敛迁移证据合同阻断,11,6,0,0,42f84540f9baac2d591ec532765fbedc99cb8605,1e082397eca82c079a66aa6df7d07396a758c0f5
255,df27632e73b560e90847e86a1a37a6ad7b5d929e,2026-08-30T21:44:58+08:00,codex/f-cut-001-matrices,fix(platform): 关闭迁移暂存空值边界,3,2,0,0,9fbb441b279865a205ca907c87acb77c1402d552,42f84540f9baac2d591ec532765fbedc99cb8605
256,3c9b2a5a5a23ed4f5a0722a83be86dfb622ee957,2026-08-30T21:46:56+08:00,codex/f-cut-001-matrices,docs(platform): 回写迁移证据合同Gate通过,2,0,0,0,1a927dc26b1f37de12eab4169c14bc3253a798fa,9fbb441b279865a205ca907c87acb77c1402d552
257,58aedbb24134c43e0c0188097bc5a8c7e6f45644,2026-08-30T21:50:39+08:00,codex/f-cut-001-matrices,feat(platform): 建立迁移证据四表Schema,4,2,0,1,4fac92ea318428b94484d70e4564e189fb90abee,1a927dc26b1f37de12eab4169c14bc3253a798fa
258,8b41a096abb292a37d762c195b67685c4aab1902,2026-08-30T22:14:19+08:00,codex/f-cut-001-matrices,feat(platform): 实现迁移证据事务Provider,29,28,0,0,82c68308c207d6d1258e6d967060528f9f3c6d18,4fac92ea318428b94484d70e4564e189fb90abee
259,e507eae0aa2e4cdc3478849134c3b8a005914b46,2026-08-30T22:20:20+08:00,codex/f-cut-001-matrices,docs(platform): 回写迁移证据Provider Gate通过,1,0,0,0,2997ad3a1d0f64ce5d5ccca539be2beae5869f43,82c68308c207d6d1258e6d967060528f9f3c6d18
260,dd0a26eed23af025ef705d989d6f28d96cbd6ba4,2026-08-30T22:29:53+08:00,codex/f-cut-001-matrices,fix(commerce): 收敛订单合同关系来源身份,10,4,4,0,fc1d7e2952c821a5d1d854f7ac94a7d9d86f4ef4,2997ad3a1d0f64ce5d5ccca539be2beae5869f43
261,2991ae058cb4c1bdb10223620d80aa7923048c58,2026-08-30T22:32:17+08:00,codex/f-cut-001-matrices,docs(commerce): 回写关系来源身份Gate通过,2,0,0,0,3d18573e850cccd6fc7253c32c426dfeda50baed,fc1d7e2952c821a5d1d854f7ac94a7d9d86f4ef4
262,d8a275619ab20b2fa49e39f4bbb24be4ddc57a82,2026-08-30T22:59:49+08:00,codex/f-cut-001-matrices,feat(commerce): 实现ERP权威批次接收,26,25,1,15,29cf819dc305042b6bc2454b29499383bbb0e4ad,3d18573e850cccd6fc7253c32c426dfeda50baed
263,bf98b97a48bfa4937fd7c1c290c4652173b1e509,2026-08-30T23:06:41+08:00,codex/f-cut-001-matrices,docs(commerce): 回写ERP批次接收Gate通过,1,0,0,0,f4d2d9cadd423fa2bd7e70833572fe40f9f9c733,29cf819dc305042b6bc2454b29499383bbb0e4ad
264,7c8b11fec472fd430d5a465af551f5431655fa8e,2026-08-30T23:23:20+08:00,codex/f-cut-001-matrices,feat(commerce): 实现人工权威候选核对,14,13,0,6,b42b3ffe9f2deda57bf6ac7142a07286b759b39d,f4d2d9cadd423fa2bd7e70833572fe40f9f9c733
265,f76525efcb720df2c7de12a17c0741e6d73d98c7,2026-08-30T23:33:12+08:00,codex/f-cut-001-matrices,fix(commerce): 收敛候选载荷幂等边界,4,3,3,0,1637dc2aa5f94ae35533a7e11df025bfbef071fa,b42b3ffe9f2deda57bf6ac7142a07286b759b39d
266,3e26a5375de05612eeafcb86f4f1fff4f9801c09,2026-08-30T23:35:38+08:00,codex/f-cut-001-matrices,docs(commerce): 回写人工候选核对Gate通过,1,0,0,0,abd3c70c2b9efe1f8f1f65588823748b4d497baa,1637dc2aa5f94ae35533a7e11df025bfbef071fa
267,18237796431cbf779e6aabcef5563024cdd700fa,2026-08-31T00:04:37+08:00,codex/f-cut-001-matrices,feat(commerce): 实现项目交付范围命令,16,15,12,2,a79dd2644c262b1206fd1d8a2ec86914e6063c6b,abd3c70c2b9efe1f8f1f65588823748b4d497baa
268,9d029976fdeeeafc3a1e882ab47d883081da93e3,2026-08-31T00:24:25+08:00,codex/f-cut-001-matrices,feat(project): 新增交付范围资格公共契约,14,6,0,3,7bc03d0661779ff3a5dd1daf1a8f8f3fcc254ab7,a79dd2644c262b1206fd1d8a2ec86914e6063c6b
269,486727a3a856fe5de19683f3e7eef1d38b88f6a0,2026-08-31T00:34:58+08:00,codex/f-acc-001-sds,feat(acceptance): 完成满意度纵向闭环,74,64,4,1,fd6e96961cf3e9843c712721dc0f4c2bb6a63b1b,7bc03d0661779ff3a5dd1daf1a8f8f3fcc254ab7
270,319a616e0a135aadab8dcf675e5a81ffabe1c333,2026-08-31T00:41:40+08:00,codex/f-cut-001-matrices,fix(project): 收敛交付范围资格机器契约,13,4,1,1,bfbc891283e81fb79ec962c401e7ef78a37d41d9,fd6e96961cf3e9843c712721dc0f4c2bb6a63b1b
271,86ea27de4cf58d2b984c6c77cb7bab59c6729fd6,2026-08-31T00:49:17+08:00,codex/f-cut-001-matrices,fix(commerce): 消除交付范围合同判定冲突,9,2,1,0,162edcef61f96c5fd5101680c13d6e60a470b575,bfbc891283e81fb79ec962c401e7ef78a37d41d9
272,705f8b7ab5929c445fb9d43ef28420d9bd4d3c26,2026-08-31T00:51:36+08:00,codex/f-cut-001-matrices,docs(commerce): 回写交付范围机器合同Gate通过,3,0,0,0,a3296b2b5b2fb5992ca638c5c9a0d69db076991c,162edcef61f96c5fd5101680c13d6e60a470b575
273,e1c45b02038598b5e19709909728828dbc421596,2026-08-31T01:12:15+08:00,codex/f-cut-001-matrices,fix(cutover): 收敛旧割接任务迁移合同,10,2,1,1,9d1e44e2a77f77faabc48dffb958df009922a537,a3296b2b5b2fb5992ca638c5c9a0d69db076991c
274,338dcc978825436ac538d0e8c43282094d13d310,2026-08-31T01:15:41+08:00,codex/f-acc-001-sds,fix(acceptance): 接通现场协助工作台闭环,12,3,1,0,085d29a2e88c6ccd7812c40e3afc382f803b248f,9d1e44e2a77f77faabc48dffb958df009922a537
275,36d1b37ff73898907626fd61e78c8f62f605084b,2026-08-31T01:20:21+08:00,codex/f-cut-001-matrices,fix(cutover): 收紧旧任务迁移来源联合,10,2,1,1,d2970d344d4d1c119fbb0f9f87cc149827178384,085d29a2e88c6ccd7812c40e3afc382f803b248f
276,afe840732d3dfb552057b0cbd474db513eb2d959,2026-08-31T01:25:39+08:00,codex/f-cut-001-matrices,docs(cutover): 回写旧任务迁移合同Gate通过,8,2,1,1,c09f02e8a38bd289a262eeac778feb7e05928846,d2970d344d4d1c119fbb0f9f87cc149827178384
277,4f3d972dd3f789a6a9400211f86c3a12b1fbb405,2026-08-31T01:27:01+08:00,codex/f-cut-001-matrices,docs: 固化裁决正向收益优先规则,1,0,0,0,c7c3536a55e0ad819b63f2d7f1899f6826dc61d0,c09f02e8a38bd289a262eeac778feb7e05928846
278,1a0ceb98e804831ab847a9eedb7de23eb4e391e4,2026-08-31T01:47:23+08:00,codex/f-cut-001-matrices,docs(cutover): 收敛任务接入机器合同,6,0,0,0,749bd7fa97c811ae69bad4cedf4117995e25d7ff,c7c3536a55e0ad819b63f2d7f1899f6826dc61d0
279,02198211b900785f746522c7de05f777dbf1c164,2026-08-31T02:08:22+08:00,codex/f-cut-001-matrices,docs(cutover): 修正任务机器合同可达性,6,0,0,0,48d786c57b020f163c0e4a4f1d5afd02c8c62157,749bd7fa97c811ae69bad4cedf4117995e25d7ff
280,b7f49166fc8887092c8928c00685f7d99680ca24,2026-08-31T02:20:56+08:00,codex/f-cut-001-matrices,docs(cutover): 统一草稿就绪上下文语义,3,0,0,0,cb6b7286ba9a6d82b191b4814b081198a5aa2b6e,48d786c57b020f163c0e4a4f1d5afd02c8c62157
281,4cd088cf846c6b0b28fab564c2113d5b40f77177,2026-08-31T02:22:46+08:00,codex/f-cut-001-matrices,docs(cutover): 回写任务机器合同Gate通过,4,0,0,0,a1ddb1355320c6b6bf9b5d6ac0773df3f67bb323,cb6b7286ba9a6d82b191b4814b081198a5aa2b6e
282,891c6fa4feb595eecfd2752d807f1c11db07805b,2026-08-31T02:34:15+08:00,codex/f-cut-001-matrices,feat(engineering): 冻结实施就绪公开事实合同,15,8,8,0,279e04e662ed7e41400e81ff554294b731f37e12,a1ddb1355320c6b6bf9b5d6ac0773df3f67bb323
283,0c92f3fc1c8b50fa9b26c85bae8faa8f70bc9c92,2026-08-31T02:39:28+08:00,codex/f-cut-001-matrices,fix(engineering): 收紧实施就绪判定联合,5,3,3,0,0dd142219221e5bae6f4caefba73dc77844681ee,279e04e662ed7e41400e81ff554294b731f37e12
284,38fc0d9d6189f3860ce951174e04f3f3cdc4f162,2026-08-31T02:41:43+08:00,codex/f-cut-001-matrices,test(engineering): 正向验证重开就绪事实,1,1,1,0,0990738b9668b95f9b91ff101c3dfa51e0696183,0dd142219221e5bae6f4caefba73dc77844681ee
285,d13c522a1f9bbac0407dcc5d075337f63e69565f,2026-08-31T02:43:48+08:00,codex/f-cut-001-matrices,docs(engineering): 回写实施就绪合同Gate通过,5,0,0,0,33edc344bd6bb30c626f800a3bede148cdd636db,0990738b9668b95f9b91ff101c3dfa51e0696183
286,8771b141fee5cbde8dfa997fe8d23b40a43bf23d,2026-08-31T02:51:38+08:00,codex/f-cut-001-matrices,feat(customer): 冻结客户服务等级事实合同,16,8,8,0,7b8496bbba43586933514f40bb078a6ab75a54b1,33edc344bd6bb30c626f800a3bede148cdd636db
287,64e3dbbd169088956bf8d103f7adbfd634b0dcf4,2026-08-31T02:55:53+08:00,codex/f-cut-001-matrices,fix(customer): 收紧客户等级重验合同,4,2,2,0,3659dd7a0c7009e550b06ee396532ee5c63ff143,7b8496bbba43586933514f40bb078a6ab75a54b1
288,cad8088ac96a3c5c1ece669a4c08681e7bf819e9,2026-08-31T02:59:02+08:00,codex/f-cut-001-matrices,docs(cutover): 回写客户等级合同Gate通过,5,0,0,0,2aa4fdce05927220f785acf9f8c33c35a90cec38,3659dd7a0c7009e550b06ee396532ee5c63ff143
289,8ed75093f6ca63292388075e070fd1c7eb9babf7,2026-08-31T03:01:09+08:00,codex/f-acc-001-sds,fix(acceptance): 闭合满意度历史下载,11,3,0,0,48ab626f32512e3b01ee09bda8a6d2f3b3c8f969,2aa4fdce05927220f785acf9f8c33c35a90cec38
290,00af744c0eec2503fa4d0f715276beff89caa1a5,2026-08-31T03:04:05+08:00,codex/f-cut-001-matrices,docs(cutover): 回写任务接入Feature Ready,3,0,0,0,27c2aa1bd162ae51393c8e290313f3b5af8dc666,48ab626f32512e3b01ee09bda8a6d2f3b3c8f969
291,58576666af682bed1a5ea8e40043ff77dde4b2c7,2026-08-31T03:04:19+08:00,codex/f-acc-001-sds,chore(acceptance): 回写满意度实施完成状态,3,0,0,0,69e8fd88aa82fe2de985d1f9015613d005788a0f,27c2aa1bd162ae51393c8e290313f3b5af8dc666
292,2958e36646311dd506c655bd609859cef552af1f,2026-08-31T03:11:02+08:00,codex/f-cut-001-matrices,docs(cutover): 编制任务接入实施计划,4,0,0,0,d70b0bbc6cf4d33b2372eec2317ac50b83abb12a,69e8fd88aa82fe2de985d1f9015613d005788a0f
293,9cef17e4548b06a2507d0479c319b6073433847c,2026-08-31T03:14:16+08:00,codex/f-cut-001-matrices,docs(cutover): 收敛任务接入实施计划,2,0,0,0,3e170f4b8c4b2eb67d363eedc6a29a3f3dd6cddc,d70b0bbc6cf4d33b2372eec2317ac50b83abb12a
294,14440e458e42211196620c120d6385b20b1849b9,2026-08-31T03:18:27+08:00,codex/f-cut-001-matrices,docs(cutover): 修正任务接入计划执行边界,2,0,0,0,3da7d931a03bd45271f7ec6a7e7ec9f06e2aa696,3e170f4b8c4b2eb67d363eedc6a29a3f3dd6cddc
295,1875bb89c427e1d22e91be8f23440f45882cb8c8,2026-08-31T03:21:11+08:00,codex/f-cut-001-matrices,docs(cutover): 回写任务接入实施计划通过,4,0,0,0,23b0546656cb4f7d50960ecb0c6d1f3bb966eadd,3da7d931a03bd45271f7ec6a7e7ec9f06e2aa696
296,e68ad4e02234f718f3dc38feca9ec90d11b6a143,2026-08-31T03:33:42+08:00,codex/f-cut-001-matrices,docs(cutover): 冻结项目割接上下文合同,9,0,0,0,79f7e93dc3f327239346cd84f687edee2d19a654,23b0546656cb4f7d50960ecb0c6d1f3bb966eadd
297,f04650b61114ba65edb6c4215a5a643a551a61ec,2026-08-31T03:38:48+08:00,codex/f-cut-001-matrices,docs(cutover): 回写项目上下文合同通过,7,0,0,0,bee7de8e5a060995defb8cccee720b4674034188,79f7e93dc3f327239346cd84f687edee2d19a654
298,17c826e1f992e0cfafea3288d65422c21322c6fa,2026-08-31T03:43:19+08:00,codex/f-cut-001-matrices,docs(cutover): 明确项目上下文Provider归属,2,0,0,0,85a056970494db4394bba1424fdfbb60d25a0dc5,bee7de8e5a060995defb8cccee720b4674034188
299,5d33405086a1e21feff0a2dba15e954f05087141,2026-08-31T03:44:03+08:00,codex/f-cut-001-matrices,docs(cutover): 修正项目上下文重验合同,8,0,0,0,577e72c02947413150915025f35dc1ad19fa12a5,85a056970494db4394bba1424fdfbb60d25a0dc5
300,15c25e8928c2e050e0724dff32e90caa54466f11,2026-08-31T03:51:35+08:00,codex/f-cut-001-matrices,docs(cutover): 对齐项目上下文完整重验,1,0,0,0,2db8afadf6eb6e464683c6ae402d9105fd94f84a,577e72c02947413150915025f35dc1ad19fa12a5
301,8eb362225654b27ec1cdfb170e453286c827c34b,2026-08-31T03:53:04+08:00,codex/f-cut-001-matrices,docs(cutover): 收敛跨模块模拟实施边界,7,0,0,0,e0bb471335868c372a7a53c4c09deb9e260b68cb,2db8afadf6eb6e464683c6ae402d9105fd94f84a
302,efcddc33ad85cac25c52f127c12073fd19b87259,2026-08-31T03:57:12+08:00,codex/f-cut-001-matrices,docs(cutover): 回写模拟闭环计划通过,9,0,0,0,3501ede4bd84512c39aff0275a128c83f1a2f036,e0bb471335868c372a7a53c4c09deb9e260b68cb
303,93accdd2cda6ba10c0e5c3f8dffb8e412a3065dc,2026-08-31T04:06:13+08:00,codex/f-cut-001-matrices,feat(cutover): 建立任务接入与人工分级内核,45,44,0,5,e94ae0f2841dfddd00702d560f19c30dbbfd5f7e,3501ede4bd84512c39aff0275a128c83f1a2f036
304,9b3644d9e8eed22c93f5488fc9261a9d22ca7e1b,2026-08-31T04:19:47+08:00,codex/f-cut-001-matrices,feat(cutover): 新增割接任务工作台页面,8,7,0,5,ee73a52ac604eb2d9f8c4c99c12c132bc11e86ee,e94ae0f2841dfddd00702d560f19c30dbbfd5f7e
305,f7d2a39414a387d7dc95cea97726ab83932ac2dc,2026-08-31T04:27:50+08:00,codex/f-cut-001-matrices,feat(cutover): 补全任务查询与创建上下文,6,5,0,3,83d9ad97c0d5cc3be5511bd408d00f397a5710ef,ee73a52ac604eb2d9f8c4c99c12c132bc11e86ee
306,c477f5e672db64198e1338b59eb17553ec84fcf4,2026-08-31T04:30:01+08:00,codex/f-cut-001-matrices,docs(cutover): 形成动态采集清单Feature候选,5,1,1,0,9aa9158b523a7bf7e7c73ca44d202027a7fba524,83d9ad97c0d5cc3be5511bd408d00f397a5710ef
307,ea986d615ad497d0939dd3d551a000d0beaf15f7,2026-08-31T04:32:51+08:00,codex/f-cut-001-matrices,docs(cutover): 统一清单命令共享锁序,2,1,1,0,7be22e215c40375ce1d74c3540735bbe0fbb993a,9aa9158b523a7bf7e7c73ca44d202027a7fba524
308,96f9805baba58e515cc25f89de973074514695b7,2026-08-31T04:34:04+08:00,codex/f-cut-001-matrices,docs(cutover): 回写动态清单Feature通过,4,1,1,0,c4cca92493858b8bfa0b2329cfe62a2193080788,7be22e215c40375ce1d74c3540735bbe0fbb993a
309,a243345bacc9e7fc23585cfcb220160db1ff0c6a,2026-08-31T04:35:59+08:00,codex/f-cut-001-matrices,feat(cutover): 建立旧任务只读投影转换,6,3,0,0,65aab02545c9d198ab108b2d235678c973190c13,c4cca92493858b8bfa0b2329cfe62a2193080788
310,4d65d7369599125b286d085faa080fb521c46999,2026-08-31T04:39:17+08:00,codex/f-cut-001-matrices,docs(cutover): 形成P3动态清单实施计划,2,0,0,0,da36b450f79bfe6ac0bae02db33eb09aec46fdad,65aab02545c9d198ab108b2d235678c973190c13
311,93b2ff0422fb7b143d5c66990df4db296c2e281d,2026-08-31T04:40:28+08:00,codex/f-cut-001-matrices,test(cutover): 验证P2人工分级正向交互,2,1,0,1,5e5dddcc02c961e66e21c4014530afb886582a9d,da36b450f79bfe6ac0bae02db33eb09aec46fdad
312,9655336151af662c11e637e6d33fc8b4df62915d,2026-08-31T04:47:12+08:00,codex/f-cut-001-matrices,feat(cutover): 打通旧任务迁移正向批次,12,11,4,6,b52a540656e431bbe0b10e50f28a10a47e5aa629,5e5dddcc02c961e66e21c4014530afb886582a9d
313,4cf2d011970d033b0950b91923c28ad79092dcac,2026-08-31T04:51:31+08:00,codex/f-cut-001-matrices,docs(cutover): 冻结任务创建配置身份,8,0,0,0,45f33840b5d96836d140550d75cf99165da1a847,b52a540656e431bbe0b10e50f28a10a47e5aa629
314,3daef0f5a6561e9bf9a9cb4453b447881c9e17c5,2026-08-31T04:53:15+08:00,codex/f-cut-001-matrices,feat(cutover): 补齐旧任务确定性迁移分类,14,13,5,0,35a5022e8ec0b9741d157e9551787094505256c1,45f33840b5d96836d140550d75cf99165da1a847
315,b06061eb43b748f03ef7bef5e561be6085dad14d,2026-08-31T04:55:08+08:00,codex/f-cut-001-matrices,docs(cutover): 明确历史配置修订补齐范围,6,1,1,0,90c222f3baa3bb36ebc95a1a750540e09c852ea3,35a5022e8ec0b9741d157e9551787094505256c1
316,ac740458f3523d41f840b792e2407c2f88db39f0,2026-08-31T04:58:07+08:00,codex/f-cut-001-matrices,docs(cutover): 按冻结配置整改P3实施计划,2,0,0,0,841d0a2cfae532d7252492170f9b2361f216b6b8,90c222f3baa3bb36ebc95a1a750540e09c852ea3
317,28e6db2cfee200b5c5617ec5cf94c2e5ffb02a71,2026-08-31T05:00:39+08:00,codex/f-cut-001-matrices,docs(cutover): 启动P3动态清单实施任务,3,0,0,0,0a15e6c472e706e8fdf3cb1f1775d33b05c36d41,841d0a2cfae532d7252492170f9b2361f216b6b8
318,146254d8420199851de4145e77b51f0055ca9cad,2026-08-31T05:08:03+08:00,codex/f-cut-001-matrices,feat(cutover): 建立冻结配置匹配内核,10,9,0,3,e6281b0b84b78cbb6f058a310938abe8053249e2,0a15e6c472e706e8fdf3cb1f1775d33b05c36d41
319,799b01873210e04e1e3462a00b37dbf617030b66,2026-08-31T05:09:57+08:00,codex/f-cut-001-matrices,feat(cutover): 建立P3动态清单物理基础,15,14,0,0,919096157af1ce1a1a9327fc70da0f4725df21ad,e6281b0b84b78cbb6f058a310938abe8053249e2
320,7e47096840751a63966481fae55a74f3c0dab3d4,2026-08-31T05:11:35+08:00,codex/f-cut-001-matrices,test(cutover): 固定P3清单物理合同,2,2,0,1,0bd1440f5c86885bce977cacaa05c240a4099b26,919096157af1ce1a1a9327fc70da0f4725df21ad
321,76928bf8593cdbe9354a90686c2a292482f28364,2026-08-31T05:23:59+08:00,codex/f-cut-001-matrices,feat(cutover): 打通P3动态清单命令闭环,36,35,2,6,586252a25f938c88b8eb625da9874c282a9cc062,0bd1440f5c86885bce977cacaa05c240a4099b26
322,d9869165732f7c2371a48de926eac8b45c30cedf,2026-08-31T05:24:16+08:00,codex/f-cut-001-matrices,docs(cutover): 更新P3正向链检查点,1,0,0,0,9fff86d78e26c4264a2f72782ec61fc4afe6a3bf,586252a25f938c88b8eb625da9874c282a9cc062
323,aa29efcb1df31081949a1846ef9a965f16951e64,2026-08-31T05:35:24+08:00,codex/f-cut-001-matrices,feat(cutover): 完成P3清单重匹配与查询,13,12,1,2,52fba0ce5bc28d45fa245423ca1a4cea9f62a737,9fff86d78e26c4264a2f72782ec61fc4afe6a3bf
324,9156a1d86cbbe9ecf2671556c31c9c387468c678,2026-08-31T05:40:34+08:00,codex/f-cut-001-matrices,docs(cutover): 登记设备类型Owner阻断,2,0,0,0,973e540bb4192f010c89015a60587cd2aab311dd,52fba0ce5bc28d45fa245423ca1a4cea9f62a737
325,cc33c6ba172ce14b111c7b3787c12ca20133f2ed,2026-08-31T13:44:55+08:00,codex/f-cut-001-matrices,docs(cutover): 锁定设备类型预留接口边界,15,0,0,0,846d73c1472f07cd27344dc77181359fcc2abb4f,973e540bb4192f010c89015a60587cd2aab311dd
326,f767ffa8f1c6a010d67e13fa38f9e04ddf0a4036,2026-08-31T13:57:42+08:00,codex/f-cut-001-matrices,docs(cutover): 对齐既有产品类型公开契约,13,0,0,0,83f3d34f4a382730daea09e59eed457a8d44d56b,846d73c1472f07cd27344dc77181359fcc2abb4f
327,37723669b6dd457b1e779ba0cc505a7e21ca20ad,2026-08-31T14:04:50+08:00,codex/f-cut-001-matrices,feat(cutover): 冻结设备类型并驱动P3匹配,9,8,1,4,fbb7583c4818d77cd0f47ec875de7e3df88a4603,83f3d34f4a382730daea09e59eed457a8d44d56b
328,372f6895f614c15e592c71b235e0011cf617149a,2026-08-31T14:09:56+08:00,codex/f-cut-001-matrices,fix(cutover): 固定评估产品类型历史投影,2,2,0,2,f2369ab75f19f239a726c7629fe3355d738bc151,fbb7583c4818d77cd0f47ec875de7e3df88a4603
329,810e1b7dfdc155d28993e508bbb6af2986b6b012,2026-08-31T14:10:59+08:00,codex/f-cut-001-matrices,docs(cutover): 回写P3清单Task 1评审结果,1,0,0,0,c5344f5de0dc1becba5786322e7c470535bba807,f2369ab75f19f239a726c7629fe3355d738bc151
330,abc5b534edd6df8aba933f5f399a4c26aba8cddd,2026-08-31T14:21:41+08:00,codex/f-cut-001-matrices,feat(cutover): 接入P3清单正向工作台候选,12,11,1,7,014ec855f01d98739badcb63a879394c28c03b30,c5344f5de0dc1becba5786322e7c470535bba807
331,c8c75ce5f99219147799ded08af8ce11110cef09,2026-08-31T14:28:27+08:00,codex/f-cut-001-matrices,fix(cutover): 修复P3清单面板与答案往返,5,5,0,4,28c987d0f29ebc50809eb05e91de1c7fba5548c9,014ec855f01d98739badcb63a879394c28c03b30
332,587db48d18f5b5d075be1006d3edf748ddc8794c,2026-08-31T14:30:19+08:00,codex/f-cut-001-matrices,docs(cutover): 回写P3工作台候选评审状态,2,0,0,0,c1052ba706949be88a57a58ccb74689901db45dc,28c987d0f29ebc50809eb05e91de1c7fba5548c9
333,d5f220a99a59bc93712bd75608514e26270da3ac,2026-08-31T14:33:17+08:00,codex/f-cut-001-matrices,docs(cutover): 锁定P3采集消费端口闭环,3,0,0,0,8ee9121a1b19c3472ca00ce351b95dde8287f622,c1052ba706949be88a57a58ccb74689901db45dc
334,148af0e859d4fc4086052516e7a07527f26c6397,2026-08-31T14:44:52+08:00,codex/f-cut-001-matrices,feat(cutover): 补齐P3自定义项与采集闭环,19,19,1,7,cda36ca9b6c9a211f41962aebd274e061e0c9de3,8ee9121a1b19c3472ca00ce351b95dde8287f622
335,23dff6cdcd3c0d287bd0a26c03447522e5de257c,2026-08-31T14:56:02+08:00,codex/f-cut-001-matrices,fix(cutover): 收口P3采集异步结果链,9,9,3,3,d6c5ce1d8b35916bcad213e953b9c59bf9f44b65,cda36ca9b6c9a211f41962aebd274e061e0c9de3
336,ad2c854ce0ecab562fe06cd7f16e28c161713496,2026-08-31T14:59:20+08:00,codex/f-cut-001-matrices,docs(cutover): 回写P3采集整改评审结果,1,0,0,0,fb87fe254068a0fea2f92298dd842e1abba5b313,d6c5ce1d8b35916bcad213e953b9c59bf9f44b65
337,2c898d661abd405bb02249b3409e11ea017d813b,2026-08-31T15:11:28+08:00,codex/f-cut-001-matrices,feat(cutover): 接通任务创建六路由候选,19,19,3,7,c19b9dcaa75617bb2e2c2b14d154b3e42d4fb816,fb87fe254068a0fea2f92298dd842e1abba5b313
338,97ac132d20a6c42c9a1dbf888142a80a1ec0210e,2026-08-31T15:24:35+08:00,codex/f-cut-001-matrices,fix(cutover): 收口任务创建候选门禁,15,14,5,5,de855a5aceaf25e958300811bec1c014526eb7a2,c19b9dcaa75617bb2e2c2b14d154b3e42d4fb816
339,3ca73f0450b98c21a10d75fca56867cd952ce4f4,2026-08-31T15:29:29+08:00,codex/f-cut-001-matrices,fix(cutover): 收口六路由错误合同,7,7,0,0,90a16071d79f820e572f6a8c2e5ddc8383969263,de855a5aceaf25e958300811bec1c014526eb7a2
340,99dc9c66ba66490111b165176dba2ff38fb48e19,2026-08-31T15:32:11+08:00,codex/f-cut-001-matrices,docs(cutover): 回写六路由候选评审结果,1,0,0,0,0db4ca8ac1c0e84b9cd7b635a4208f5db5622292,90a16071d79f820e572f6a8c2e5ddc8383969263
341,a5734d00e8578a6b74f9b711f1ffea112f1ef72a,2026-08-31T15:52:30+08:00,codex/f-cut-001-matrices,fix(cutover): 收口任务动作与迁移归类,3,3,0,2,778bfb4ce544cad97f6427fa534b1a82b6eefc8a,0db4ca8ac1c0e84b9cd7b635a4208f5db5622292
342,744105da67652858801924e9189a3b5958c21cee,2026-08-31T15:55:25+08:00,codex/f-cut-001-matrices,fix(cutover): 归类项目事实业务异常,1,1,0,0,82d1b04cf57ac5a5b085aa39cf4d85cb670dbadf,778bfb4ce544cad97f6427fa534b1a82b6eefc8a
343,15ba476c4e74944d654e4c054c4029d4bf77d391,2026-08-31T15:56:25+08:00,codex/f-cut-001-matrices,docs(cutover): 回写任务一整改状态,1,0,0,0,df32ec79e0e64d52cb55f82d3f86aacfb3a5daef,82d1b04cf57ac5a5b085aa39cf4d85cb670dbadf
344,9b1a613ed54d2bfa58c332238bc11188ca90792f,2026-09-01T09:20:28+08:00,codex/f-cut-001-matrices,fix(cutover): 补齐任务来源与评估约束,2,2,0,1,638a66dfdbd05af71bdd80accf4638efdebb8ee3,df32ec79e0e64d52cb55f82d3f86aacfb3a5daef
345,f397f4bc9c9511d7f5ef17924c1e460e305d41ef,2026-09-01T09:25:02+08:00,codex/f-cut-001-matrices,docs(cutover): 关闭任务一实施状态,2,0,0,0,63e7feddec44e496353d2bf0b1f8492fce141ddf,638a66dfdbd05af71bdd80accf4638efdebb8ee3
346,9f791d64aa1e2350e7e7ef704c4270d8e4514a02,2026-09-01T09:32:00+08:00,codex/f-cut-001-matrices,feat(cutover): 收口任务工作台正向交互,8,6,1,2,f6c20932ea0d61c61c3c3cd6c3dc5c2f2d471726,63e7feddec44e496353d2bf0b1f8492fce141ddf
347,0c18ed0f33051f57c80b9578c655a285083cd6ee,2026-09-01T09:34:48+08:00,codex/f-cut-001-matrices,fix(cutover): 要求明确选择候选项目,1,1,1,0,855a56932a634e9aa90ed611facf1b5df7e3bebe,f6c20932ea0d61c61c3c3cd6c3dc5c2f2d471726
348,83cc20d73dcf5f21ad49d2bec63cb200cc5fae82,2026-09-01T09:35:43+08:00,codex/f-cut-001-matrices,docs(cutover): 回写任务二页面复审状态,1,0,0,0,00b19de1ceee15bef521434586f892eedd3dd51f,855a56932a634e9aa90ed611facf1b5df7e3bebe
349,04b650dfdabe364d6428c5ed7e249062f439d0e2,2026-09-01T09:48:08+08:00,codex/f-cut-001-matrices,docs(cutover): 建立P4方案Feature候选,20,3,3,0,90c2676b17f710fcce927ff2b4200ffd5d05fb4b,00b19de1ceee15bef521434586f892eedd3dd51f
350,a5334616852cad576297977846c9d579cbd3dd26,2026-09-01T10:07:52+08:00,codex/f-cut-001-matrices,docs(cutover): 收敛P4方案机器合同,20,3,3,0,5594e16074b3e20c518bbeb4a22c4f7bf20a8815,90c2676b17f710fcce927ff2b4200ffd5d05fb4b
351,9c13fcf3ae552247f5a17b322fdb33bfd61c9e74,2026-09-01T10:14:04+08:00,codex/f-cut-001-matrices,docs(cutover): 修正P4方案事实边界,7,1,1,0,6d445735adcb35aafbd4d5adc58993a9b6ab1896,5594e16074b3e20c518bbeb4a22c4f7bf20a8815
352,87b0b066da68840bd7ae172cf41d94cdbb44dee9,2026-09-01T10:16:22+08:00,codex/f-cut-001-matrices,docs(cutover): 统一联系人变更版本,6,1,1,0,600cc6f38cdbb741533c7fb491145fb788ceccd3,6d445735adcb35aafbd4d5adc58993a9b6ab1896
353,644816f244483e24b72f03d8bf7d242f64a5d8ca,2026-09-01T10:17:26+08:00,codex/f-cut-001-matrices,docs(cutover): 回写P4机器合同通过,6,0,0,0,ca42e623f0ec8ff3a31473df48cbe3211141a366,600cc6f38cdbb741533c7fb491145fb788ceccd3
354,55087b962165a6a0379641c452987ed05b73da6b,2026-09-01T10:19:06+08:00,codex/f-cut-001-matrices,docs(cutover): 基线化P4方案Feature,3,0,0,0,57f545db8d2b5d13c25bd738333de13caa328dbf,ca42e623f0ec8ff3a31473df48cbe3211141a366
355,90e181bb0258082d07609baeffc3988cda9537d2,2026-09-01T10:24:36+08:00,codex/f-cut-001-matrices,docs(cutover): 制定P4方案实施计划,3,0,0,0,5c022b8f35210d5152b263e7cb6c6e1d9c527ce7,57f545db8d2b5d13c25bd738333de13caa328dbf
356,9ef7545d9fabe7ff3f839988295c95c9fef4744d,2026-09-01T10:27:20+08:00,codex/f-cut-001-matrices,docs(cutover): 改为P4正向闭环实施顺序,1,0,0,0,0727c8e63463fa6cb1df9aaadbf1d12496674521,5c022b8f35210d5152b263e7cb6c6e1d9c527ce7
357,7b92358b380350051a3797d73b5f044275500b5a,2026-09-01T10:28:59+08:00,codex/f-cut-001-matrices,docs(cutover): 回写P4方案计划通过,6,0,0,0,ea343b3de5557d1d572c71f72ab08ec5df4eb39c,0727c8e63463fa6cb1df9aaadbf1d12496674521
358,38fd6cfd2c9e7e23fb132562ea293da68c3e96f8,2026-09-01T10:35:34+08:00,codex/f-cut-001-matrices,feat(cutover): 预留割接审批事实合同,21,20,0,2,66215f2239c130c60be2cae2d0f59f9b4c431fc3,ea343b3de5557d1d572c71f72ab08ec5df4eb39c
359,82164e22f01f631019175d10804855eb254ace84,2026-09-01T10:37:38+08:00,codex/f-cut-001-matrices,docs(cutover): 回写审批合同任务通过,1,0,0,0,d009b45aee3686cb5499b60a8d18e4e6c26ecb84,66215f2239c130c60be2cae2d0f59f9b4c431fc3
360,e2fa3cdd8440fed5e762e0e557771661eca4b510,2026-09-01T10:45:31+08:00,codex/f-cut-001-matrices,feat(cutover): 建立P4方案物理基础,19,18,1,3,2cea11e5d94a27483e301f0a62a27ce5bfd3ddca,d009b45aee3686cb5499b60a8d18e4e6c26ecb84
361,ddda602faadc72b6726ad20902b313acc84adc10,2026-09-01T10:49:29+08:00,codex/f-cut-001-matrices,fix(cutover): 收紧P4方案空值约束,2,2,1,1,e8fe14a6a4004485cad9259a64c6c3454f3454f6,2cea11e5d94a27483e301f0a62a27ce5bfd3ddca
362,627835ad9c4a10deda1a70cbcd64590c56dcc3b4,2026-09-01T10:50:33+08:00,codex/f-cut-001-matrices,docs(cutover): 回写P4物理基础通过,1,0,0,0,24a11f5d4a693ae03611ccad297601b52c9b7f90,e8fe14a6a4004485cad9259a64c6c3454f3454f6
363,3a32c4f7435accb061d99dc2fa98bce3af33a99b,2026-09-01T11:02:34+08:00,codex/f-cut-001-matrices,feat(cutover): 建立P4方案内容消费模型,8,7,0,4,ba5d32f411ce05c00505d9a517a00878e059d7c4,24a11f5d4a693ae03611ccad297601b52c9b7f90
364,6672440033ee22b5836739ef15611196f3509ccc,2026-09-01T11:05:41+08:00,codex/f-cut-001-matrices,docs: 收紧裁决负向测试禁令,1,0,0,0,e354bd74d92a6f646f72a554c612d9cd0a95a580,ba5d32f411ce05c00505d9a517a00878e059d7c4
365,b6ca8f7172e14878d630f643fae65240b7a64122,2026-09-01T11:09:08+08:00,codex/f-cut-001-matrices,fix(cutover): 分离P4草稿与提交完整性,8,3,0,1,dd815153be20cab8d56e168dbc198c8a2fda3b71,e354bd74d92a6f646f72a554c612d9cd0a95a580
366,d30544d111e06aafb6733f09d140b9de95a5705d,2026-09-01T11:11:26+08:00,codex/f-cut-001-matrices,docs(cutover): 回写P4内容模型通过,1,0,0,0,229355c9b77bf7d011671dc4b0084fa81da1fd90,dd815153be20cab8d56e168dbc198c8a2fda3b71
367,b903e730cd422f27515b127c1885810a8ea5c191,2026-09-01T11:19:44+08:00,codex/f-cut-001-matrices,docs(cutover): 补齐P4草稿可执行合同,6,0,0,0,f1f2fac858c50b965ac0ff6e6bbf0d0b8824116f,229355c9b77bf7d011671dc4b0084fa81da1fd90
368,94157db221b994552189f29a7a11f9756cb51e10,2026-09-01T11:21:41+08:00,codex/f-cut-001-matrices,docs(cutover): 闭合P4创建来源陈旧错误,4,0,0,0,317a113e6de53f7350c1e1d6b91045ed3001487f,f1f2fac858c50b965ac0ff6e6bbf0d0b8824116f
369,952e16482f47952305553252da645963e791ea28,2026-09-01T11:22:34+08:00,codex/f-cut-001-matrices,docs(cutover): 回写P4可执行合同通过,3,0,0,0,8d77c60b8daafad2c84d16cafa92554b3ab9735a,317a113e6de53f7350c1e1d6b91045ed3001487f
370,e81345864b7d39e28efe5961ec8ae76e4cbc10ab,2026-09-01T11:47:44+08:00,codex/f-cut-001-matrices,fix(cutover): 显式布尔化P4阶段迁移检查,3,2,0,1,6bb3091cacca9c45d7f046c109177fae004bcbe4,8d77c60b8daafad2c84d16cafa92554b3ab9735a
371,6ceaddc27a01ee5ff32c7c50731cac18834d1dde,2026-09-01T11:48:45+08:00,codex/f-cut-001-matrices,docs(cutover): 回写P4迁移整改通过,1,0,0,0,212d0d5310b6e542dafee27ed24453e66929b0d4,6bb3091cacca9c45d7f046c109177fae004bcbe4
372,f3e81acd231c476e754320a2621f0b0c7c320baa,2026-09-01T11:53:02+08:00,codex/f-cut-001-matrices,feat(cutover): 建立P4草稿正向闭环,19,18,1,11,f63a547d05c99c02d8bb16367548e7ef37460699,212d0d5310b6e542dafee27ed24453e66929b0d4
373,b2aba46255a8a7e7c2bc5f1faf499bfa36f1dbaf,2026-09-01T12:07:16+08:00,codex/f-cut-001-matrices,fix(cutover): 闭合P4草稿应用审查缺口,11,10,2,4,7604a4b16f1dcf22d27f2817dd9e31eb992a5bed,f63a547d05c99c02d8bb16367548e7ef37460699
374,c9de3fac88aaa328be34857aae91a07786fe1332,2026-09-01T12:11:30+08:00,codex/f-cut-001-matrices,fix(cutover): 收敛P4来源与legacy投影,6,5,3,1,760bb5e140fc88f08ce354cb50af036fbe4381a8,7604a4b16f1dcf22d27f2817dd9e31eb992a5bed
375,08d98e0b3146f8c5c449b61c67bc016597579146,2026-09-01T12:14:30+08:00,codex/f-cut-001-matrices,fix(cutover): 规范P4新平台来源投影,2,1,1,0,cff0572ce2e4c187ce07c77b7610365b68088417,760bb5e140fc88f08ce354cb50af036fbe4381a8
376,f7980df3be167a22019d7eee7a9f065c56b03ad5,2026-09-01T12:15:20+08:00,codex/f-cut-001-matrices,docs(cutover): 回写P4草稿应用门禁通过,1,0,0,0,82f72c7ded7f82acc215c5cf4de6d22936b997d9,cff0572ce2e4c187ce07c77b7610365b68088417
377,bd4ead05eb83c62d25999af830d5928ad2a22c47,2026-09-01T12:18:20+08:00,codex/f-cut-001-matrices,feat(cutover): 实现P4初稿下载闭环,4,4,0,2,c8d0fb42496023240f4363a62542897b84237a77,82f72c7ded7f82acc215c5cf4de6d22936b997d9
378,a9b87b4782317a5e164eb239a205a81491a4ee00,2026-09-01T12:24:47+08:00,codex/f-cut-001-matrices,feat(cutover): 实现P4方案提交至P5,12,12,1,2,a942b4f25076f6e20b434794e279eab8864e9397,c8d0fb42496023240f4363a62542897b84237a77
379,fe50aaf9ab9903e49589db88fb15c368a96c58b0,2026-09-01T12:31:51+08:00,codex/f-cut-001-matrices,feat(cutover): 实现P5来源失效回退,12,12,2,2,bbf0d4c95591f682eb2d5ca0d223dcba19602c02,a942b4f25076f6e20b434794e279eab8864e9397
380,5222816e2d9bbaac4da276276e67476b2fcd19ae,2026-09-01T12:32:13+08:00,codex/f-cut-001-matrices,docs(cutover): 记录Task 5实现候选,1,0,0,0,29610973694ede24ee7a49b7ae4923a6ef9d1bb4,bbf0d4c95591f682eb2d5ca0d223dcba19602c02
381,d559c02cdad024b18abeb2db8b29d8288c98cf08,2026-09-01T12:37:53+08:00,codex/f-cut-001-matrices,fix(cutover): 锁定重验P4初稿来源,2,2,2,0,af4e214432253442f3b04e1c82ef92dd43242b39,29610973694ede24ee7a49b7ae4923a6ef9d1bb4
382,221f8d54e5c728f458d9188164c10bf3ecf50f94,2026-09-01T12:38:59+08:00,codex/f-cut-001-matrices,docs(cutover): 回写Task 5门禁通过,1,0,0,0,322c01e2e4a6e06583bd47a9c1e0b7953ea65973,af4e214432253442f3b04e1c82ef92dd43242b39
383,937cacc6baecad7a0188b18f101dcb0d43ff1c3b,2026-09-01T12:51:24+08:00,codex/f-cut-001-matrices,docs(cutover): 锁定职责变化实施边界,8,0,0,0,5e9a9e365e7f2028571f7e411349c8bacacdad63,322c01e2e4a6e06583bd47a9c1e0b7953ea65973
384,6a1a362d65190acdb7b3f6c3a72ec4440192b631,2026-09-01T13:00:02+08:00,codex/f-cut-001-matrices,docs(cutover): 对齐Task 6职责变化阻断,1,0,0,0,29e85dd2c6f5e50f514a5091f719fbf3fbbdc3a8,5e9a9e365e7f2028571f7e411349c8bacacdad63
385,d4a827c0149f32b6f4e1d0a265ed77de5ad97e77,2026-09-01T13:00:27+08:00,codex/f-cut-001-matrices,feat(cutover): 实现方案修订与联系人变更,12,12,1,2,3366aeab79e4b0f0e753e147475ab6eeaf48b9d2,29e85dd2c6f5e50f514a5091f719fbf3fbbdc3a8
386,c6c295cb56f8c4ee4929e4d1acf4103824d34ab0,2026-09-01T13:14:56+08:00,codex/f-cut-001-matrices,fix(cutover): 重建修订草稿来源投影,9,5,2,1,72c8442868700f7d7d09e1e56e4b884e7c02d3bd,3366aeab79e4b0f0e753e147475ab6eeaf48b9d2
387,a075c37d83d2d7a7894cc5fb8141fab324109bbc,2026-09-01T13:17:49+08:00,codex/f-cut-001-matrices,docs(cutover): 回写Task 6门禁通过,1,0,0,0,8aa41808c738afa851a4e87cf23555371ca51994,72c8442868700f7d7d09e1e56e4b884e7c02d3bd
388,e38aaa8aad4d9e7d8b9d8af362c0dc1758155a34,2026-09-01T13:26:07+08:00,codex/f-cut-001-matrices,feat(cutover): 实现P4方案七路由候选,10,9,1,4,2f9ee7ca3987895967bae993c14d38583e0c74e7,8aa41808c738afa851a4e87cf23555371ca51994
389,7c0cba236053c32a1d50e1747152c28c1502d331,2026-09-01T13:38:45+08:00,codex/f-cut-001-matrices,fix(cutover): 收敛P4方案REST机器合同,9,8,4,2,d9213269d0b1b0ff153779068ce242dcdccc824a,2f9ee7ca3987895967bae993c14d38583e0c74e7
390,359be6bd75c59cff641704e6521f179c3decff09,2026-09-01T13:43:51+08:00,codex/f-cut-001-matrices,fix(cutover): 修正P4方案Owner错误分轴,5,3,1,0,63d8c0b36ad630ed6c2a0acbc73bb141f7a22c76,d9213269d0b1b0ff153779068ce242dcdccc824a
391,403d80e0c2d54b7dc0ee6e6f9367509f09e3ce56,2026-09-01T13:45:13+08:00,codex/f-cut-001-matrices,docs(cutover): 回写Task 7门禁通过,1,0,0,0,1d58a0ff24fa519d6ff94ec8aa3d0de792fbf1ba,63d8c0b36ad630ed6c2a0acbc73bb141f7a22c76
392,40dfd80c61daf6bf128baa38f2a936ef6762822a,2026-09-01T14:02:44+08:00,codex/f-cut-001-matrices,feat(cutover): 实现旧方案前向核对,15,14,0,4,d21f90e85db578c67bf35b1cac8fd8405fca394f,1d58a0ff24fa519d6ff94ec8aa3d0de792fbf1ba
393,258549d819ba8cbe791baa361e44ae4b6fe35763,2026-09-01T14:13:07+08:00,codex/f-cut-001-matrices,fix(cutover): 闭合旧方案目标映射身份,6,6,1,0,fedd55c0543a56d2d00b2e59be15d9a2475d8422,d21f90e85db578c67bf35b1cac8fd8405fca394f
394,dee5424133f23f670c21e32fca0e0f031bb51c4e,2026-09-01T14:14:10+08:00,codex/f-cut-001-matrices,docs(cutover): 回写Task 8门禁通过,1,0,0,0,b05c6a522afab414ea5e2b91cb8da225aa6e0866,fedd55c0543a56d2d00b2e59be15d9a2475d8422
395,5fee04d10cf3522f00ee056220fac7a1110d8682,2026-09-01T14:29:59+08:00,codex/f-cut-001-matrices,feat(cutover): project plan allowed actions,7,7,1,1,6c308d87a4de570b6a00cffb01cab09067413005,b05c6a522afab414ea5e2b91cb8da225aa6e0866
396,4734752e7e74d7adac9fdef4e8831c2348ffa022,2026-09-01T14:45:20+08:00,codex/f-cut-001-matrices,feat(cutover): add P4 plan workbench,10,9,1,6,525b210124a3e801af6ee2fb44864a5df246f64c,6c308d87a4de570b6a00cffb01cab09067413005
397,b51963ff56ee63fddf9dd267201af5e0e6c72124,2026-09-01T14:56:46+08:00,codex/f-cut-001-matrices,fix(cutover): complete plan workbench flows,4,4,0,0,b98c06faae58fdd74b9582588374345074a1d2f8,525b210124a3e801af6ee2fb44864a5df246f64c
398,65f5ee5fa1dd6607d31209521239422f84370800,2026-09-01T14:59:15+08:00,codex/f-cut-001-matrices,docs(cutover): 回写Task 9门禁通过,1,0,0,0,510f782c5adc68aef82fdd7619635929a4633967,b98c06faae58fdd74b9582588374345074a1d2f8
399,501cae2a11de9f8b16e6b6597a1cd4edf6a41f81,2026-09-01T15:04:16+08:00,codex/f-cut-001-matrices,feat(cutover): seed plan workbench metadata,3,2,1,0,775a9a600e1756e478bd4377509ae9bce9ae1066,510f782c5adc68aef82fdd7619635929a4633967
400,15f5fc8e5de4691c24890c8db6b5ad7098b548e7,2026-09-01T15:08:29+08:00,codex/f-cut-001-matrices,docs(cutover): 回写Task 10门禁通过,1,0,0,0,c4adc1d96b69f085422aa816c618011ae5c25045,775a9a600e1756e478bd4377509ae9bce9ae1066
401,1b461a54a6aa38a07d9d34e2b37436632fb15590,2026-09-01T15:16:25+08:00,codex/f-cut-001-matrices,test(cutover): cover controlled plan loops,2,1,0,0,e7cc207f4ba9bf03e18b2599b1b2e4c6faf85589,c4adc1d96b69f085422aa816c618011ae5c25045
402,0e9065fae76513a2746f3670ddf5f40536c9bef2,2026-09-01T15:22:26+08:00,codex/f-cut-001-matrices,test(cutover): verify rejected plan replacement,2,1,0,0,b8640b8c1c0a7ac61a66f0c8149a03ced6db4f36,e7cc207f4ba9bf03e18b2599b1b2e4c6faf85589
403,b058edb3d0540163d6d020cc3564189fdeb2601e,2026-09-01T15:23:49+08:00,codex/f-cut-001-matrices,docs(cutover): 回写Task 11受控闭环,1,0,0,0,4f367b979d83b7efce76faa09dd1cd4982459ff1,b8640b8c1c0a7ac61a66f0c8149a03ced6db4f36
404,f4ecbfdd72362732cb0673d223633906b4e4c411,2026-09-01T15:26:47+08:00,codex/f-cut-001-matrices,docs(cutover): 记录Task 12依赖阻断,1,0,0,0,8d85efce671928df37ccfef82d8ada058063a3cb,4f367b979d83b7efce76faa09dd1cd4982459ff1
405,5e3ce44c98b8968be6d9dbd5f98f1d2a3b36494d,2026-09-01T15:46:07+08:00,codex/f-cut-001-matrices,docs(cutover): 建立P5分级审批规格候选,20,0,0,0,482f90ae4dd6a04fe739eb4ad69aa073c9219697,8d85efce671928df37ccfef82d8ada058063a3cb
406,2efad8cee892b1d1c7f2eedb03ff4d61baba999b,2026-09-01T16:00:48+08:00,codex/f-cut-001-matrices,docs(cutover): 收敛P5审批机器合同,13,0,0,0,40b93cbe2aff236c95dc935b7cf383001a993b6a,482f90ae4dd6a04fe739eb4ad69aa073c9219697
407,2e3fdba3b795da153da3ab332b9eb0cb15c2cf14,2026-09-01T16:04:36+08:00,codex/f-cut-001-matrices,docs(cutover): 补齐P5改派投影,6,0,0,0,b03d6eea050ba5563e4bdd2e9f1a069a0de46d29,40b93cbe2aff236c95dc935b7cf383001a993b6a
408,5c49bbb52570a3d8907e05205688cf580b952c69,2026-09-01T16:06:54+08:00,codex/f-cut-001-matrices,docs(cutover): 回写P5审批Ready状态,7,0,0,0,f7def7472bb57b89b8a58d4925d659e4836fe51f,b03d6eea050ba5563e4bdd2e9f1a069a0de46d29
409,1a45569ff663a59317d6454dd468725faebd99f5,2026-09-01T16:13:21+08:00,codex/f-cut-001-matrices,docs(cutover): 制定P5审批技术计划,3,0,0,0,2a450f7dab8ec1bc3630900640438b63ff2329d1,f7def7472bb57b89b8a58d4925d659e4836fe51f
410,d990c205568db636f8596949bd6ffd1d8280768a,2026-09-01T16:19:11+08:00,codex/f-cut-001-matrices,docs(cutover): 修正P5审批计划依赖,2,0,0,0,22cb82d601a3b90beadd276e7f3e8d06f86c6097,2a450f7dab8ec1bc3630900640438b63ff2329d1
411,912d0cdbf4db3bb461ebf0b044fdaa1fa9aebfca,2026-09-01T16:23:00+08:00,codex/f-cut-001-matrices,docs(cutover): 对齐P5审批Owner合同,2,0,0,0,2bdee4ecb03bf1ac948041c0461e5e8f5374de25,22cb82d601a3b90beadd276e7f3e8d06f86c6097
412,121c9d9fd0aa079c7a8409ef3b43d52f9aadadea,2026-09-01T16:24:32+08:00,codex/f-cut-001-matrices,docs(cutover): 回写P5审批计划Gate,3,0,0,0,d86650fd80efaac16d45e7b2b932376497aa7295,2bdee4ecb03bf1ac948041c0461e5e8f5374de25
413,b78120e99f21a7fe650715d953d8dbec617ee92e,2026-09-01T16:35:20+08:00,codex/f-cut-001-matrices,feat(cutover): 建立P5审批领域合同,12,9,0,3,c846b7dd8eb45551a4d3a9e86f0756c4cc36f4b3,d86650fd80efaac16d45e7b2b932376497aa7295
414,e6dac9fe14ad6fade916b8ca18c2464560ea19a6,2026-09-01T16:39:08+08:00,codex/f-cut-001-matrices,fix(cutover): 收敛P5快照身份校验,2,2,0,0,9311f4d49799f6f051a1807cdd487573158b8eb6,c846b7dd8eb45551a4d3a9e86f0756c4cc36f4b3
415,c9ba7a869212533a1e813bebf65ba52a3dbaa200,2026-09-01T16:40:37+08:00,codex/f-cut-001-matrices,docs(cutover): 回写P5审批Task1 Gate,1,0,0,0,36f6c49bd256731b2ee777ee6c2967c1d32320d5,9311f4d49799f6f051a1807cdd487573158b8eb6
416,73a4f4aba31c8d674caa323f8446ed2915474aa3,2026-09-01T16:48:01+08:00,codex/f-cut-001-matrices,feat(cutover): 建立P5审批物理基础,25,24,0,5,5832b0bef0b294080a9bf6ae36fde3edae6676ed,36f6c49bd256731b2ee777ee6c2967c1d32320d5
417,367438e602d01b5fbf07232804950cf26ecff52d,2026-09-01T16:53:24+08:00,codex/f-cut-001-matrices,fix(cutover): 对齐P5审批审计类型与排序,5,4,1,1,622584ea283afd66058b0fb1df7d395c6e3bdd72,5832b0bef0b294080a9bf6ae36fde3edae6676ed
418,85b93828eb041db3b21611edf52b9180b673a5e0,2026-09-01T16:54:17+08:00,codex/f-cut-001-matrices,docs(cutover): 回写P5审批Task2 Gate,1,0,0,0,29addeff2bd3a315c903787f0dcacb3cd9cde3ac,622584ea283afd66058b0fb1df7d395c6e3bdd72
419,f3177ec606a8f764586e36490d913720847d221c,2026-09-02T00:31:20+08:00,codex/f-cut-001-matrices,feat(cutover): 实现P5审批启动与事实Provider,6,6,0,5,787c91c4054e876561ce154f84411d467c710f06,29addeff2bd3a315c903787f0dcacb3cd9cde3ac
420,df406b0c6ec231cc41cd45c7d6b05e7a1d6accb0,2026-09-02T00:40:00+08:00,codex/f-cut-001-matrices,fix(cutover): 收敛P5审批启动运行契约,5,5,1,2,d03de80293861b14e97cbebcb9b15c14c3adf9da,787c91c4054e876561ce154f84411d467c710f06
421,d3cdd9da3f111cdae3cb2859a0713c17b8872714,2026-09-02T00:44:08+08:00,codex/f-cut-001-matrices,docs(cutover): 回写P5审批Task3 Gate,1,0,0,0,cf5ae3aecff67960ecb97179e8b24e3034bcb3d5,d03de80293861b14e97cbebcb9b15c14c3adf9da
422,8791b4cc169d5a5b8c19212a257c3cb9e56ee88a,2026-09-02T00:54:29+08:00,codex/f-cut-001-matrices,feat(cutover): 实现P5审批决定闭环,11,11,0,5,1efaae659944545f56f639272570853937fdd0f2,cf5ae3aecff67960ecb97179e8b24e3034bcb3d5
423,3e022c68e8ef04788f29b63373b441344d804197,2026-09-02T01:03:07+08:00,codex/f-cut-001-matrices,fix(cutover): 收敛P5审批决定运行契约,3,3,0,3,c104c568a7fed795cd8ce58e74833da323d44203,1efaae659944545f56f639272570853937fdd0f2
424,6dae8751bb34a36074cab6515b60bfd4b70beb67,2026-09-02T01:06:23+08:00,codex/f-cut-001-matrices,fix(cutover): 完成审批候选交集重验,2,2,1,1,5039d6e59dbbf8a23b8123d974b019e65d4407bb,c104c568a7fed795cd8ce58e74833da323d44203
425,f8b4d8e2488afdc15f095b145556fbc11bdc9d08,2026-09-02T01:07:39+08:00,codex/f-cut-001-matrices,docs(cutover): 回写P5审批Task4 Gate,1,0,0,0,0f19c8e484c5f30ab093bf1c89b8d72434aef292,5039d6e59dbbf8a23b8123d974b019e65d4407bb
426,d689703262ac196c8fb3e47c7b10d572f5b6d3c6,2026-09-02T01:14:08+08:00,codex/f-cut-001-matrices,feat(cutover): 实现P5审批查询投影,11,11,0,4,9079ac274f8f7c87ffd4fd717e6c1351db2daf9d,0f19c8e484c5f30ab093bf1c89b8d72434aef292
427,baaabcc4b22b7ae3b226703da41f7da53b7feeb2,2026-09-02T01:21:22+08:00,codex/f-cut-001-matrices,feat(cutover): 实现P5审批管理员改派,9,9,0,3,a812bada47f41c09458a9f4a72044d9c971f61c0,9079ac274f8f7c87ffd4fd717e6c1351db2daf9d
428,0142e01e8240d800e90f3252351199de41752a60,2026-09-02T01:29:10+08:00,codex/f-cut-001-matrices,fix(cutover): 收敛审批查询与改派一致性,6,6,0,4,62983b3b6575db243a6b9b2dc7c38b97b8a1df12,a812bada47f41c09458a9f4a72044d9c971f61c0
429,c288c2cb300d24feedf09917bc5248f32d8f5eb2,2026-09-02T01:33:03+08:00,codex/f-cut-001-matrices,docs(cutover): 回写Task 5审批工作台Gate,1,0,0,0,f9019ad3c1a625d6e7af53066b7878dd6fea5dc1,62983b3b6575db243a6b9b2dc7c38b97b8a1df12
430,2414ac3828adb65f2b9747ce55d6c75b684791e8,2026-09-02T01:37:50+08:00,codex/f-cut-001-matrices,feat(cutover): 实现审批通知提交后投递,4,4,0,2,6542eaa412afb434927700863b04b0dae0cea935,f9019ad3c1a625d6e7af53066b7878dd6fea5dc1
431,e5aff40882a132fed14dea7b7c5ed514bd7fd425,2026-09-02T01:43:52+08:00,codex/f-cut-001-matrices,fix(cutover): 隔离审批通知Provider事务,4,4,1,0,04a42fad0fb6bbbca7ac32218e9d0458ebd1d4ef,6542eaa412afb434927700863b04b0dae0cea935
432,b03c35937fc0b93472bbb392c096d1c166e7d878,2026-09-02T01:45:20+08:00,codex/f-cut-001-matrices,docs(cutover): 回写Task 6通知投递Gate,1,0,0,0,427dc95db998676df910ba5bee13ddf4e4455f2a,04a42fad0fb6bbbca7ac32218e9d0458ebd1d4ef
433,daee020ba85e8af3ffdcbdeb32ea79f09a23e27a,2026-09-02T01:56:18+08:00,codex/f-cut-001-matrices,feat(cutover): 实现分级审批六路由REST,12,12,1,4,14b27d3dfdf1a9b6455c3918d31444e8d3c38a5e,427dc95db998676df910ba5bee13ddf4e4455f2a
434,0f98d5277aa203d2840a6620da331aa88a804f0b,2026-09-02T02:05:03+08:00,codex/f-cut-001-matrices,fix(cutover): 收敛审批响应与错误合同,7,7,1,5,e42e5902761aa5cc57f1db667a4926cdca610cd3,14b27d3dfdf1a9b6455c3918d31444e8d3c38a5e
435,eefb40eccdcce7b727925b9c6c6f4dc592591e0c,2026-09-02T02:14:01+08:00,codex/f-cut-001-matrices,fix(cutover): 支持审批决定幂等重放,7,7,1,2,c8c34cfbac401455da3e5ecca12ff216ce64f0e2,e42e5902761aa5cc57f1db667a4926cdca610cd3
436,e506126e0a7eba50a96158a5534af009bc7830d3,2026-09-02T02:16:09+08:00,codex/f-cut-001-matrices,docs(cutover): 回写Task 7审批接口Gate,1,0,0,0,b0e2cda5e77028f878843599b9bce8f951ceb482,c8c34cfbac401455da3e5ecca12ff216ce64f0e2
437,327d14778d91de6f591bf9d02109db0879315d47,2026-09-02T02:36:00+08:00,codex/f-cut-001-matrices,feat(cutover): 实现P5审批工作台,9,8,1,3,9a838b0eff8c1b82a0bc2a778a82a9d35c5f9038,b0e2cda5e77028f878843599b9bce8f951ceb482
438,ac8a6e5f47f7ce550649bb6ee4571aa149ad565b,2026-09-02T02:51:44+08:00,codex/f-cut-001-matrices,fix(cutover): 闭合审批工作台交互,7,6,2,0,4bcbefd8f1509dcb5fa3c09217e9e02f5570f300,9a838b0eff8c1b82a0bc2a778a82a9d35c5f9038
439,b8058096761e0ce6bbb7784f852e5ef8e028d6ee,2026-09-02T02:54:30+08:00,codex/f-cut-001-matrices,docs(cutover): 回写Task 8工作台Gate,1,0,0,0,26f05b6cf63ba36eb3fe63b757f0ae70cfe72dc3,4bcbefd8f1509dcb5fa3c09217e9e02f5570f300
440,6be558c4f3fdbdd21285af6b84ba7e2be7037b49,2026-09-02T03:01:20+08:00,codex/f-cut-001-matrices,feat(cutover): 初始化P5审批平台资产,3,2,1,0,3da450ca8e3240f088daf1c9102c56e569f7f62b,26f05b6cf63ba36eb3fe63b757f0ae70cfe72dc3
441,ff099d7c00c424691dc85503a2520b944d95cb57,2026-09-02T03:03:40+08:00,codex/f-cut-001-matrices,docs(cutover): 回写Task 9种子Gate,1,0,0,0,fab36f5ea976221a50d4719638227e68f1bb97ec,3da450ca8e3240f088daf1c9102c56e569f7f62b
442,9e812f9c8cbec1cc65a58044ec5d4da5417093dd,2026-09-02T03:21:54+08:00,codex/f-cut-001-matrices,test(cutover): close controlled approval loop,10,9,3,2,0623bebece8956b7a126e784c4e5245e651e926f,fab36f5ea976221a50d4719638227e68f1bb97ec
443,a7e5b7b356cc4a2f437db3bd22dc9e062cc07559,2026-09-02T03:27:33+08:00,codex/f-cut-001-matrices,fix(cutover): preserve uploaded approval content,3,2,0,1,4c1e037fa0d40d81609a7111dc8aa4959b38c590,0623bebece8956b7a126e784c4e5245e651e926f
444,25e1424e30cbea5c65e5b6db769d20ecf1d7a466,2026-09-02T03:28:54+08:00,codex/f-cut-001-matrices,docs(cutover): record task 10 gate pass,1,0,0,0,c23774718f4105f3f8e11a7b46fb767177c21dec,4c1e037fa0d40d81609a7111dc8aa4959b38c590
445,d52acdfbb3008d762701122b66d94582ecdabf1f,2026-09-02T03:38:58+08:00,codex/f-cut-001-matrices,docs(cutover): define P6 closure feature,11,1,1,0,af52b5ae9fd6c6bd9d3730aedfcfcb7127ca16b7,c23774718f4105f3f8e11a7b46fb767177c21dec
446,4e390d4f8b7b529ef54e569a05d8f33428661517,2026-09-02T03:50:47+08:00,codex/f-cut-001-matrices,docs(cutover): close P6 feature contract gaps,8,1,1,0,f0db41fe1ef29fbe00aeda06cae7b3c1e677f239,af52b5ae9fd6c6bd9d3730aedfcfcb7127ca16b7
447,cce9e7893b072df71b8b9af3c5e82301099246ff,2026-09-02T03:53:12+08:00,codex/f-cut-001-matrices,docs(cutover): mark P6 feature ready,5,0,0,0,30501f78a2c0740fbf43b55237459efa6d2a6a19,f0db41fe1ef29fbe00aeda06cae7b3c1e677f239
448,e0fb30fe35500c196e679d741773039215a13141,2026-09-02T03:56:41+08:00,codex/f-cut-001-matrices,docs(cutover): plan P6 closure implementation,3,0,0,0,103ebceae86974208c6c7399aedb22c843b9a85f,30501f78a2c0740fbf43b55237459efa6d2a6a19
449,354471f12cb880ab63610c759a58f7462306cdd7,2026-09-02T03:59:57+08:00,codex/f-cut-001-matrices,docs(cutover): refine P6 implementation plan,3,0,0,0,3d34cfac2ba83d7075aede105300962a961c31fb,103ebceae86974208c6c7399aedb22c843b9a85f
450,6c9c37e676e0d6180354917157a5a00a368ed604,2026-09-02T04:01:46+08:00,codex/f-cut-001-matrices,docs(cutover): approve P6 technical plan,3,0,0,0,56159d2a10eff984f2597ba675900f8470c69b1d,3d34cfac2ba83d7075aede105300962a961c31fb
451,124295f9bae47ff7f67cb51a19aa180a3e154851,2026-09-02T04:08:04+08:00,codex/f-cut-001-matrices,feat(cutover): add P6 closure consumer ports,7,6,0,2,9dcf8f2c7761a27312cc43d81b3b1897bd4013b4,56159d2a10eff984f2597ba675900f8470c69b1d
452,35c8462d90842aee663a246981b9fe880ab1b2f5,2026-09-02T04:11:33+08:00,codex/f-cut-001-matrices,fix(cutover): bind collection recovery to request digest,5,4,0,0,14530bd4f4519b4210205c3e6b3ceca282231583,9dcf8f2c7761a27312cc43d81b3b1897bd4013b4
453,7099e55fb9b6f0e0d0dfa226ae4de4d63773b814,2026-09-02T04:12:45+08:00,codex/f-cut-001-matrices,docs(cutover): record P6 closure ports gate,1,0,0,0,2145836fed9f4fcd799c20ff81ebf8a68a0f080b,14530bd4f4519b4210205c3e6b3ceca282231583
454,cb5098f36239f70db639f07e0564300033138f16,2026-09-02T04:27:17+08:00,codex/f-cut-001-matrices,feat(cutover): add P6 closure schema,23,21,1,2,14cf583353a9de100e4dc4137068920ebb098e04,2145836fed9f4fcd799c20ff81ebf8a68a0f080b
455,6c3dd42472dc319cc64c5b303f25104b69d57a45,2026-09-02T04:36:37+08:00,codex/f-cut-001-matrices,fix(cutover): preserve P6 closure identity case,4,2,0,1,a138e0d62cd0bfb878ff50117cf09f595998ff01,14cf583353a9de100e4dc4137068920ebb098e04
456,feab63087b658187e7f23cd355f39f4019e64503,2026-09-02T04:37:54+08:00,codex/f-cut-001-matrices,docs(cutover): record P6 schema gate,1,0,0,0,e32dc9e507dca95dc8993872925175b47d4fab0a,a138e0d62cd0bfb878ff50117cf09f595998ff01
457,6d6f0e46e22d7c50e7175eede7d9e50ccb2401e4,2026-09-02T04:54:10+08:00,codex/f-cut-001-matrices,feat(cutover): add P6 closure draft flow,16,15,0,10,916ebc76918c48887b806e15a670a9d1dc5459f9,e32dc9e507dca95dc8993872925175b47d4fab0a
458,4d7e42350eab7da0a4826a90a13aab0d4356c695,2026-09-02T05:03:11+08:00,codex/f-cut-001-matrices,fix(cutover): align P6 draft lifecycle,14,10,3,1,459679912edef2c047b8ce5faedf7da28a23908a,916ebc76918c48887b806e15a670a9d1dc5459f9
459,a99ddf5b726f0dc480bf206cc7ec5c52c24ae580,2026-09-02T05:06:39+08:00,codex/f-cut-001-matrices,fix(cutover): map project scope failures,2,1,0,1,11b58421896eeba94a4038df2942258a0f01e171,459679912edef2c047b8ce5faedf7da28a23908a
460,50a70351a0b2c3924bf2799879df8209aa12fee5,2026-09-02T05:07:29+08:00,codex/f-cut-001-matrices,docs(cutover): record P6 draft flow gate,1,0,0,0,394d65525d9e513aecec6ea37cebd256bc3341a5,11b58421896eeba94a4038df2942258a0f01e171
461,55dc8e4996b3cf424b0ccce642860cfc556c643f,2026-09-02T05:30:10+08:00,codex/f-cut-001-matrices,feat(cutover): add P6 collection flow,12,11,1,3,333a1486f86a7da0ac1f133b91ed483215956e76,394d65525d9e513aecec6ea37cebd256bc3341a5
462,c6fe303e2ed9a677b815e11bc37ad639a150bb74,2026-09-02T05:39:18+08:00,codex/f-cut-001-matrices,fix(cutover): stabilize collection result identity,5,4,2,1,a523f44392af23b86a2bf2234c7a579e05732393,333a1486f86a7da0ac1f133b91ed483215956e76
463,126963e26da27701bb2101f4372b1906e13b2529,2026-09-02T05:40:35+08:00,codex/f-cut-001-matrices,docs(cutover): record Task 4 gate approval,1,0,0,0,29f3f1975a6c9980c79224c45c5c40c5a53aa006,a523f44392af23b86a2bf2234c7a579e05732393
464,3a790c41743377eea35b0cd451f77606622bd616,2026-09-02T05:54:17+08:00,codex/f-cut-001-matrices,feat(cutover): submit P6 closure,5,4,0,1,ca912eabfeec9e3ac1ebc2735dbe35fcfc85d4ff,29f3f1975a6c9980c79224c45c5c40c5a53aa006
465,39083446ec8aba91e65e1788419730eaae0893a5,2026-09-02T05:59:47+08:00,codex/f-cut-001-matrices,fix(cutover): complete closure event payload,3,2,1,0,e359d96e2914d58c8c61b12ec9af90d5e0f38137,ca912eabfeec9e3ac1ebc2735dbe35fcfc85d4ff
466,301c99fe51094e742fc0564a5bfaec2f1f5a52e6,2026-09-02T06:01:07+08:00,codex/f-cut-001-matrices,docs(cutover): record Task 5 gate approval,1,0,0,0,d0f84c2e524387389e511a04ff2df031cb384a7e,e359d96e2914d58c8c61b12ec9af90d5e0f38137
467,df1b78304ec29c1b5f44e1547c4fc986cb2891ca,2026-09-02T06:11:38+08:00,codex/f-cut-001-matrices,feat(cutover): expose P6 closure routes,11,10,2,2,10d79e404dd5102755594e41d37e9ed9ac7bd428,d0f84c2e524387389e511a04ff2df031cb384a7e
468,97ee0904a20dedf2a8f0089fabef0a7cfaefa37e,2026-09-02T06:21:05+08:00,codex/f-cut-001-matrices,fix(cutover): preserve closure error identity,7,6,4,0,3d23424022c2e5354fd4e795c95853d5211bca34,10d79e404dd5102755594e41d37e9ed9ac7bd428
469,705a934d49a0fa8b2d6433b71c52e0f46a28a41f,2026-09-02T06:22:58+08:00,codex/f-cut-001-matrices,docs(cutover): record task 6 gate pass,1,0,0,0,bd742d6a3dab640d0ead4793b69e197398614b79,3d23424022c2e5354fd4e795c95853d5211bca34
470,739aad09a6c2eca4c6dd313059dc4d27af15c9fd,2026-09-02T06:29:14+08:00,codex/f-cut-001-matrices,feat(cutover): classify legacy closure evidence,8,7,1,0,26d0ead9955aa67240902f27b1bc943814cf7a13,bd742d6a3dab640d0ead4793b69e197398614b79
471,b57201f15a676b0db4e520876fcd81fc4ab74746,2026-09-02T06:32:17+08:00,codex/f-cut-001-matrices,docs(cutover): record task 7 gate pass,1,0,0,0,57fc48742061650ae0eec03f2220f52b6ec3db7b,26d0ead9955aa67240902f27b1bc943814cf7a13
472,c8a793f048b72fd8bac2051c773a5febb9743abd,2026-09-02T06:42:03+08:00,codex/f-cut-001-matrices,feat(cutover): add P6 closure workbench,10,9,0,4,ae107067dcf445819bdc30bf3f0a0f591e86ecf2,57fc48742061650ae0eec03f2220f52b6ec3db7b
473,de2fdb49624a4ea0a664bd0f9cd008a76516b678,2026-09-02T06:49:10+08:00,codex/f-cut-001-matrices,fix(cutover): bind closure files to closure,5,4,0,0,f5f35977ee544e0e83dd419d456161082a9cfe34,ae107067dcf445819bdc30bf3f0a0f591e86ecf2
474,d4747badef26e6cac4cd9d2a52a4e503c70cc52d,2026-09-02T06:51:01+08:00,codex/f-cut-001-matrices,docs(cutover): record task 8 gate pass,1,0,0,0,a859bdd7a6e85f00ab5cc075237ec33c83e6a2d1,f5f35977ee544e0e83dd419d456161082a9cfe34
475,ee891fa6b6a9ded7ecf8226909aafaced31f321b,2026-09-02T06:55:57+08:00,codex/f-cut-001-matrices,test(cutover): verify P6 closure positive loop,3,2,0,0,7a4bad5ae1098225df0fa3ad96dda6d71c167ab8,a859bdd7a6e85f00ab5cc075237ec33c83e6a2d1
476,fec9a0f50933d1090487f59fa66e105bce36fb41,2026-09-02T06:59:26+08:00,codex/f-cut-001-matrices,docs(cutover): record task 9 gate pass,1,0,0,0,37b35e0cba378bcf1a1de788ae7d51257c3e20ae,7a4bad5ae1098225df0fa3ad96dda6d71c167ab8
477,d80ace31caf8e2f28acea83fbe0d0521658bcc07,2026-09-02T07:04:53+08:00,codex/f-cut-001-matrices,test(cutover): verify intake positive loop,2,1,0,0,b061d500c4a68670ea4a4dcd928d96324bf3d91c,37b35e0cba378bcf1a1de788ae7d51257c3e20ae
478,0e3411b0c3aeff70eb44d37b4e7aeff4c3127c99,2026-09-02T07:06:55+08:00,codex/f-cut-001-matrices,docs(cutover): record intake loop gate pass,1,0,0,0,a21c5abbfb12fd273bd291fec23a252c5af32cb3,b061d500c4a68670ea4a4dcd928d96324bf3d91c
479,d3161d9d105dac521ad05b058613ac611620dccb,2026-09-02T07:14:44+08:00,codex/f-cut-001-matrices,test(cutover): verify checklist positive loop,2,1,0,1,37e01700ffc4f2fd01709c44abda289c8a259218,a21c5abbfb12fd273bd291fec23a252c5af32cb3
480,3c39e4a073840bb65002036bbaaa388d30de5244,2026-09-02T07:18:44+08:00,codex/f-cut-001-matrices,docs(cutover): record checklist loop gate pass,1,0,0,0,a9f5f16d0a4398c4cc1b730abb8cdfd18fdd7c72,37e01700ffc4f2fd01709c44abda289c8a259218
481,ec268ab9befc7c9e255ed63a05ecbf646cf03244,2026-09-02T07:22:47+08:00,codex/f-cut-001-matrices,test(cutover): verify checklist frontend loop,3,2,1,1,19913aed331ce110277c2077471f17965646f269,a9f5f16d0a4398c4cc1b730abb8cdfd18fdd7c72
482,f23ffb031b0791d6b4b563f6aac5742ab1a2d6da,2026-09-02T07:24:12+08:00,codex/f-cut-001-matrices,docs(cutover): record checklist frontend gate pass,1,0,0,0,265d130c87cb14b37fad793a6f54504112267ad3,19913aed331ce110277c2077471f17965646f269
483,f8d16f37435d7a02cce25d7e9d3a199bea97ab48,2026-09-02T07:28:22+08:00,codex/f-cut-001-matrices,docs(cutover): align controlled implementation states,5,0,0,0,680b014d33e0c5fd760a35f30c7df7b8883b1065,265d130c87cb14b37fad793a6f54504112267ad3
484,1a8cdb7dc7a9ca99b69dff007224529a8e799a35,2026-09-02T07:30:35+08:00,codex/f-cut-001-matrices,docs(cutover): preserve plan spec blocker,2,0,0,0,7894365d731ba4c56f4930905ca4359a4a37a8be,680b014d33e0c5fd760a35f30c7df7b8883b1065
485,4d54f4e1c4864869745d4b9ec89fd6a69726f8ce,2026-09-02T07:47:49+08:00,codex/f-cut-001-matrices,fix(cutover): close controlled p1-p6 workflow,3,3,1,1,9ed7aaf845eae2c27b4144ef40bd3b8f0b1f5fe7,7894365d731ba4c56f4930905ca4359a4a37a8be
486,5978212712f6f4f1728610335b4d77681b3cd5d4,2026-09-02T07:51:18+08:00,codex/f-cut-001-matrices,docs(cutover): record controlled full-flow gate,1,0,0,0,be2c141d1366a72f3c4da6fe6e3296a24dbf1fa9,9ed7aaf845eae2c27b4144ef40bd3b8f0b1f5fe7
487,d584263f8d7a019b57a687c07677d294eaab09e1,2026-09-02T08:01:05+08:00,codex/f-cut-001-matrices,test(cutover): verify controlled p1-p6 ui flow,2,2,1,1,112928e9d1b5f6db392db9ab39aa14dec769b954,be2c141d1366a72f3c4da6fe6e3296a24dbf1fa9
488,b3c50150761da03a959a5a46f114fe6ed99161c2,2026-09-02T08:07:28+08:00,codex/f-cut-001-matrices,test(cutover): exercise unified p1-p6 workbench,1,1,0,0,fba98a3aaf3f60a8db567edb1723f53b3e91e1d9,112928e9d1b5f6db392db9ab39aa14dec769b954
489,216fe62016715ba2a94ea0645ff8c07522bc5aba,2026-09-02T08:09:01+08:00,codex/f-cut-001-matrices,docs(cutover): record unified workbench gate,1,0,0,0,1691cc18c8072d14166f44bef1375d5c07e5e236,fba98a3aaf3f60a8db567edb1723f53b3e91e1d9
490,3c7e91922c31ade2f0ae1c6b04381bb38132973d,2026-09-02T08:24:47+08:00,codex/f-cut-001-matrices,docs(cutover): draft authorized dashboard kpi feature,11,0,0,0,24feb95bc94f93b09353fb4195986a60492db0b6,1691cc18c8072d14166f44bef1375d5c07e5e236
491,2d33777568c7182ff1ec91a72638100067c091c6,2026-09-02T08:30:28+08:00,codex/f-cut-001-matrices,docs(cutover): preserve dashboard owner failures,4,0,0,0,867083a459efdd4ae27fd52a5dae4aa2fe8cb522,24feb95bc94f93b09353fb4195986a60492db0b6
492,b65af8e4fae344dccb57c79f81f5ebc115c2919b,2026-09-02T08:31:46+08:00,codex/f-cut-001-matrices,docs(cutover): fix dashboard error envelope,3,0,0,0,00be62859fcd2bc25349fa05290a57469ce98a32,867083a459efdd4ae27fd52a5dae4aa2fe8cb522
493,f6141e21b92bc373836ac2b8b245c8d8b2048446,2026-09-02T08:32:28+08:00,codex/f-cut-001-matrices,docs(cutover): record dashboard contract gate,1,0,0,0,d86c772d5c6853d7d2bb25f2e40f0adb5331050a,00be62859fcd2bc25349fa05290a57469ce98a32
494,01733982f9bb4b4313b1a1913730ce93c16142b9,2026-09-02T08:33:55+08:00,codex/f-cut-001-matrices,docs(cutover): baseline dashboard kpi feature,5,0,0,0,b10d829f514d0e8caace08a489fec66ecb3f479c,d86c772d5c6853d7d2bb25f2e40f0adb5331050a
495,715afe593ceae084435009f999b0a08954c497bd,2026-09-02T08:37:19+08:00,codex/f-cut-001-matrices,docs(cutover): plan dashboard kpi implementation,3,0,0,0,3a5317396c14a6ec0b975e347a8c9dcacf4dcd1e,b10d829f514d0e8caace08a489fec66ecb3f479c
496,fad19d81a7d6721422df715209dd1da5bebb652a,2026-09-02T08:40:16+08:00,codex/f-cut-001-matrices,docs(cutover): focus dashboard plan on positive flow,1,0,0,0,e3c4a514d38cffc18860bf8c955bc8aa7de46c47,3a5317396c14a6ec0b975e347a8c9dcacf4dcd1e
497,38fae079fc2780e6a225285b679c079c48d91310,2026-09-02T08:42:20+08:00,codex/f-cut-001-matrices,docs(cutover): start dashboard kpi implementation,5,0,0,0,d2e4a53a4cfe0efbac57708de91b828da31cf551,e3c4a514d38cffc18860bf8c955bc8aa7de46c47
498,7d6a2886c06abd42a1deeb87a0ef6ccd34e33efd,2026-09-02T08:48:57+08:00,codex/f-cut-001-matrices,feat(cutover): add dashboard action policy contract,8,8,0,1,5a73e1f4b039c973a4cecfb0ca0aa8c918e56eed,d2e4a53a4cfe0efbac57708de91b828da31cf551
499,a96b0b6fdcd941a132757a3ac41053ba8f50a3c7,2026-09-02T08:49:04+08:00,codex/f-cut-001-matrices,refactor(cutover): share dashboard action policies,6,6,0,1,a75698ff97b4af60eb156bec52227015ee727c4c,5a73e1f4b039c973a4cecfb0ca0aa8c918e56eed
500,b9a3ab3259bd841b3a13bb75909e8c4e37ced51a,2026-09-02T08:55:26+08:00,codex/f-cut-001-matrices,fix(cutover): share dashboard approval eligibility,4,4,0,1,747b17e2085102f1bc8015ccd0748917c7a7f69e,a75698ff97b4af60eb156bec52227015ee727c4c
501,8742892eca24350148682bcc18999610f75d480f,2026-09-02T08:57:23+08:00,codex/f-cut-001-matrices,docs(cutover): record dashboard policy gate,1,0,0,0,af5eecaa0ac06c7d902f23b3d7c1680b1cf66335,747b17e2085102f1bc8015ccd0748917c7a7f69e
502,22ce22c6e913ae2e03b90e5bab95fb693eb7d2d1,2026-09-02T09:03:52+08:00,codex/f-cut-001-matrices,feat(cutover): aggregate authorized dashboard kpis,8,8,0,1,a3f9f4afa68136baaaf66020e7c588dc9f99c4a9,af5eecaa0ac06c7d902f23b3d7c1680b1cf66335
503,d80fd05c4261efa734290b69968a76e087fc7562,2026-09-02T09:07:45+08:00,codex/f-cut-001-matrices,fix(cutover): map dashboard project scope failures,1,1,0,0,9d9eac857ab9372ab6e8799ac67f9368e80141cb,a3f9f4afa68136baaaf66020e7c588dc9f99c4a9
504,a457ab82b019c786d006bd569b6982aff809c154,2026-09-02T09:08:38+08:00,codex/f-cut-001-matrices,docs(cutover): record dashboard query gate,1,0,0,0,190a9c61f74df7d25575efef9077f44cd5602e97,9d9eac857ab9372ab6e8799ac67f9368e80141cb
505,f5fd52f8e3f52377740f3398285915868162123b,2026-09-02T09:13:37+08:00,codex/f-cut-001-matrices,feat(cutover): expose dashboard kpi contract,6,6,0,0,d975d09a7119fb1908eae07783648ddd672e8b28,190a9c61f74df7d25575efef9077f44cd5602e97
506,cd8234e6b9924e4223c7e5b2d9a713717a93c65b,2026-09-02T09:14:55+08:00,codex/f-cut-001-matrices,docs(cutover): record dashboard rest gate,1,0,0,0,55ddf3cc9c58956bead28f6adbeb6b6cefbca34c,d975d09a7119fb1908eae07783648ddd672e8b28
507,da1ea93e2cfa4d73bd7513d0c9ed3221058a3f09,2026-09-02T09:18:45+08:00,codex/f-cut-001-matrices,feat(cutover): add authorized dashboard cards,6,6,0,0,9dffc95ec9afb49b6dd732d072a134aa9258353e,55ddf3cc9c58956bead28f6adbeb6b6cefbca34c
508,8405de56beb7721836a2ff89dedc18ef4e71a0d9,2026-09-02T09:20:44+08:00,codex/f-cut-001-matrices,docs(cutover): record dashboard frontend gate,1,0,0,0,d6c7696f4f9c4d143d1fa2e85cf5368f1946189c,9dffc95ec9afb49b6dd732d072a134aa9258353e
509,7f1f44ed77caadd16bb5241ac55209e8e225d51a,2026-09-02T09:32:11+08:00,codex/f-cut-001-matrices,test(cutover): verify controlled dashboard closure,4,2,0,0,9ffbbcffa9c17248bc67cd8b35de05609c0e7eb5,d6c7696f4f9c4d143d1fa2e85cf5368f1946189c
510,75dc5500e0ab0a2eb884b7f50b001b1581f3829b,2026-09-02T09:34:43+08:00,codex/f-cut-001-matrices,docs(cutover): record controlled dashboard gate,4,0,0,0,ce6eb73aee12b1f9310251f653190e6613cf67a7,9ffbbcffa9c17248bc67cd8b35de05609c0e7eb5
511,f5c66d57a631c16180ae47b0dd27ab70aa206a65,2026-09-02T09:44:52+08:00,codex/f-cut-001-matrices,docs(cutover): 建立P5提前时间与外部提醒规格,13,0,0,0,c154aca8570d1bdc9ceb18b8751ed84a12adfc01,ce6eb73aee12b1f9310251f653190e6613cf67a7
512,d9b43077ce2cac261ebec83df7bf811ab313d005,2026-09-02T09:48:59+08:00,codex/f-cut-001-matrices,docs(cutover): 收敛P5外部提醒机器边界,4,0,0,0,87345189b6152abf601e3f614e3c0895bba21a52,c154aca8570d1bdc9ceb18b8751ed84a12adfc01
513,b5155fcf61b18bedbb9cd0f834d37219811f837c,2026-09-02T09:50:26+08:00,codex/f-cut-001-matrices,docs(cutover): 记录P5 V2 Feature Ready,7,0,0,0,28503cf60b52ec56a0d0ae099ca356584249bee7,87345189b6152abf601e3f614e3c0895bba21a52
514,ff1dc761a24db8c85b917ab5692e5e3b3742f9d4,2026-09-02T09:56:15+08:00,codex/f-cut-001-matrices,docs(cutover): 制定P5 V2实施计划,3,0,0,0,d9e98b6c691f6e124e0fe56f68fb69f07036e7ce,28503cf60b52ec56a0d0ae099ca356584249bee7
515,e09b150a3e1b81c8e6916c11ca1ada1f5964f19b,2026-09-02T10:00:15+08:00,codex/f-cut-001-matrices,docs(cutover): 收敛P5 V2计划执行边界,2,0,0,0,6a296ce45ea942076d9de84cfef081cdcc1ad54b,d9e98b6c691f6e124e0fe56f68fb69f07036e7ce
516,4b7dea6c9e7edacc92ff2206a54c7b7b4cc6503f,2026-09-02T10:01:52+08:00,codex/f-cut-001-matrices,docs(cutover): 记录P5 V2计划评审通过,3,0,0,0,da9954955a692e7aee6b3b881ded284565ead551,6a296ce45ea942076d9de84cfef081cdcc1ad54b
517,a344321013c94cc6805e1e52d51e6a9272acf3c3,2026-09-02T10:05:29+08:00,codex/f-cut-001-matrices,feat(cutover): 实现P5提前时间快照规则,6,5,0,0,f840507d6e29f82209f9fdd60ea45e0aa9306e02,da9954955a692e7aee6b3b881ded284565ead551
518,57e6d3db41e4243b6179a05eea7019482100761e,2026-09-02T10:06:59+08:00,codex/f-cut-001-matrices,docs(cutover): 记录提前时间规则评审通过,2,0,0,0,d7b44ed51bfb8c14f3222d77e3d0d85212006d9d,f840507d6e29f82209f9fdd60ea45e0aa9306e02
519,3f87003b69bf8653273e66b64bf2399c11788baf,2026-09-02T10:14:39+08:00,codex/f-cut-001-matrices,feat(cutover): 扩展P5提醒物理模型,11,10,1,2,a6ea299350272c506db754de81c393ded1c3b7c5,d7b44ed51bfb8c14f3222d77e3d0d85212006d9d
520,5804f57be45d9549f70a7ba31b92b68102564d49,2026-09-02T10:18:11+08:00,codex/f-cut-001-matrices,fix(cutover): 收紧外部提醒重试状态,3,2,1,0,f2a00c6e354d32e2b6b865a38210649abb8e9fde,a6ea299350272c506db754de81c393ded1c3b7c5
521,e1111ff82cf77a2452edba0e53782a9525563cb5,2026-09-02T10:19:03+08:00,codex/f-cut-001-matrices,docs(cutover): 记录P5物理模型评审通过,1,0,0,0,7c9172b64eff46283ea18aa6e84ff681bb560cc8,f2a00c6e354d32e2b6b865a38210649abb8e9fde
522,2011aa5a4baab0d64566a0f4df7a06a83ec22799,2026-09-02T10:26:38+08:00,codex/f-cut-001-matrices,feat(cutover): 冻结P5提前时间判断,9,8,2,5,078bbac9a2a243aa137948464ed2df0d27407c3b,7c9172b64eff46283ea18aa6e84ff681bb560cc8
523,1edc713e5975821abb4f845f76701d5954e22535,2026-09-02T10:38:50+08:00,codex/f-cut-001-matrices,fix(cutover): 统一P4提交与审批冻结时间,17,9,2,1,812d3bbc330471580847034d68b11964b381414f,078bbac9a2a243aa137948464ed2df0d27407c3b
524,9a9811426b226de6503b98d2d0593200856ae3b1,2026-09-02T10:41:10+08:00,codex/f-cut-001-matrices,docs(cutover): 记录P5提前时间评审通过,1,0,0,0,0921255e6357560105334bf868a3509f9fb3c79b,812d3bbc330471580847034d68b11964b381414f
525,aa2376d2d5ba78ce3cb9c04bd9fc2012dd7cd6af,2026-09-02T10:46:20+08:00,codex/f-cut-001-matrices,feat(cutover): 创建P5外部提醒请求,6,6,0,4,f2f6e9f1abc15e929d0f911d4e567408a34cda44,0921255e6357560105334bf868a3509f9fb3c79b
526,701d84dbcb1613d5adac60a0d9a335e9696f53ae,2026-09-02T10:49:46+08:00,codex/f-cut-001-matrices,docs(cutover): 记录P5提醒请求评审通过,1,0,0,0,278dd3f3b618a2a4b31756d8e41258a1886a62b9,f2f6e9f1abc15e929d0f911d4e567408a34cda44
527,a026e0250ddad411a6a1153922495745135d78e6,2026-09-02T10:54:21+08:00,codex/f-cut-001-matrices,docs(cutover): 锁定外部提醒关联链来源,5,0,0,0,e8eb4d9cc704d070a3a7b07a135e90b0b51788fa,278dd3f3b618a2a4b31756d8e41258a1886a62b9
528,2fa9f62c33f6e336cb6d22356e615f033b879311,2026-09-02T10:56:39+08:00,codex/f-cut-001-matrices,docs(cutover): 编排提醒关联链物理修补,1,0,0,0,2ff5d4f0fb32b77aebf36866890af0ab5754e9bb,e8eb4d9cc704d070a3a7b07a135e90b0b51788fa
529,1c181df816f3f0f4df7750038e45a3fbe3a58915,2026-09-02T10:58:22+08:00,codex/f-cut-001-matrices,docs(cutover): 收敛关联链正向验证边界,1,0,0,0,58c4c7518b55f22baa343bd2d6d420e3121af3ff,2ff5d4f0fb32b77aebf36866890af0ab5754e9bb
530,aee09358f31849598372f21406388768f547e331,2026-09-02T10:59:14+08:00,codex/f-cut-001-matrices,docs(cutover): 记录提醒关联链合同通过,1,0,0,0,6d56afba0707fb595321b7cdd9804c9d39bf65e7,58c4c7518b55f22baa343bd2d6d420e3121af3ff
531,8889fe968477c9e3443d7ec5d943adaabebca265,2026-09-02T11:06:54+08:00,codex/f-cut-001-matrices,feat(cutover): 持久化P5提醒关联链,10,10,3,0,9bc78842c170dfec724bb7565557f3a61a1e9cb1,6d56afba0707fb595321b7cdd9804c9d39bf65e7
532,03a69e390c53e6d7ec0faee7bc0d821f4cf12d83,2026-09-02T11:56:55+08:00,codex/f-cut-001-matrices,docs(cutover): 记录P5提醒关联链评审通过,1,0,0,0,6af623a4f5689c5cbf2550d972731a59c15ff4e5,9bc78842c170dfec724bb7565557f3a61a1e9cb1
533,373a78839a090abf225b3d07b7681a1096da045e,2026-09-02T12:10:48+08:00,codex/f-cut-001-matrices,feat(cutover): 增加P5外部提醒投递候选,13,12,0,1,4ee89560aff040cf759b741d5b7ec104d94a526c,6af623a4f5689c5cbf2550d972731a59c15ff4e5
534,439cb4b526171799ce93c7553bcdb73ec6c4e748,2026-09-02T12:14:55+08:00,codex/f-cut-001-matrices,docs(cutover): 记录P5外部提醒评审通过,1,0,0,0,164ad78c30d3c3563bb9c1ab704b18841ef051a8,4ee89560aff040cf759b741d5b7ec104d94a526c
535,8d09fdc363d29cf0aa3804e8abf84376ad325d3c,2026-09-02T12:19:20+08:00,codex/f-cut-001-matrices,feat(cutover): 展示P5提前时间参考,5,4,0,0,522441badb55dd95694828bf32921625f132a54e,164ad78c30d3c3563bb9c1ab704b18841ef051a8
536,831a6506f29edfdd6db5fec5622318108ed61fcc,2026-09-02T12:24:31+08:00,codex/f-cut-001-matrices,docs(cutover): 记录P5提前时间组件评审通过,1,0,0,0,eaac2753447bc5e122919f341112d0bebdb450f5,522441badb55dd95694828bf32921625f132a54e
537,aa281aa0f7ec5b6ad4dc72e43dcdfc87108347e0,2026-09-02T12:27:15+08:00,codex/f-cut-001-matrices,feat(cutover): 登记P5外部提醒暂停任务,3,2,1,0,b20238af15b5288c78c3174739038f7cf3fc6496,eaac2753447bc5e122919f341112d0bebdb450f5
538,af5024f42f6e827e6e5f8b679681c6a0e494c600,2026-09-02T12:29:24+08:00,codex/f-cut-001-matrices,docs(cutover): 记录P5外部提醒暂停任务评审通过,1,0,0,0,21b4c2fd557b5acf2c861b9e29e81cef267de657,b20238af15b5288c78c3174739038f7cf3fc6496
539,7219532a3058b6fb944825a3d42923af2324de10,2026-09-02T12:39:14+08:00,codex/f-cut-001-matrices,test(cutover): 验证P5提前时间与外部提醒闭环,5,2,0,0,84794bf9ca48603fbca282aaf8a3d76300f2f6b8,21b4c2fd557b5acf2c861b9e29e81cef267de657
540,5f8ceade7da0a2cc7a0b77a4bb4cf512c52aa8a5,2026-09-02T12:42:01+08:00,codex/f-cut-001-matrices,docs(cutover): 记录P5受控正向闭环通过,2,0,0,0,5a9b08284e33815e96bae72ef5d39a93647bc695,84794bf9ca48603fbca282aaf8a3d76300f2f6b8
541,85603c0612823d7fd3bcb8ab337c2ac47e9270c2,2026-09-02T12:45:04+08:00,codex/f-cut-001-matrices,docs(cutover): 同步P5受控实现索引,1,0,0,0,fc79ff086dea02ce6ee30f309ec08c800a0e0f64,5a9b08284e33815e96bae72ef5d39a93647bc695
542,7bc8f98d0d7dd75c93de33bd6178624900294c98,2026-09-02T12:49:26+08:00,codex/f-cut-001-matrices,docs(cutover): 建立P3导出与导航Feature候选,9,0,0,0,aefb35a9adcfef2b1a281fc243b9477fc9e82e43,fc79ff086dea02ce6ee30f309ec08c800a0e0f64
543,8ab118f8680c5fc35e32d0547bc949025718d5f4,2026-09-02T12:58:33+08:00,codex/f-cut-001-matrices,docs(cutover): 收敛P3导出与导航合同,6,0,0,0,fd0bda5657b95d355fb88dd16a3f5a6a0eedf2d4,aefb35a9adcfef2b1a281fc243b9477fc9e82e43
544,51239c53c31696de8c58ac47955195152c577187,2026-09-02T13:03:40+08:00,codex/f-cut-001-matrices,docs(cutover): 修正P3导出与配置端点合同,4,0,0,0,5f8aef191e0efadcff7c0f6680b59f57e05d3cdb,fd0bda5657b95d355fb88dd16a3f5a6a0eedf2d4
545,24d2cff49632f3f61e70c357e98ac8fe6e7ba7e3,2026-09-02T13:07:16+08:00,codex/f-cut-001-matrices,docs(cutover): 回写P3导出Feature Ready,6,0,0,0,884325d064ed8475e6ae88f68c0fc58b92f34a24,5f8aef191e0efadcff7c0f6680b59f57e05d3cdb
546,b3713bca0d51236fcaf2a62f2cf4cc381a2ee61c,2026-09-02T13:09:44+08:00,codex/f-cut-001-matrices,docs(cutover): 编制P3导出与导航计划,3,0,0,0,b60680fa88a307654a95b12272597cbacbef0071,884325d064ed8475e6ae88f68c0fc58b92f34a24
547,e9b2a25c6813c176b6fc061fefd54e0ceaa293a9,2026-09-02T13:17:57+08:00,codex/f-cut-001-matrices,docs(cutover): 修正P3导航事务与导出审计计划,2,0,0,0,a3ea9ce0677eef4a750c000c6ac7ce96fa569d6b,b60680fa88a307654a95b12272597cbacbef0071
548,301ebbc8966863055a6aef0cc647d22d7c8481c1,2026-09-02T13:19:37+08:00,codex/f-cut-001-matrices,docs(cutover): 回写P3导出技术计划Gate,5,0,0,0,ea996fcd4cb35e6d65f38a62404391d55e6ccd9b,a3ea9ce0677eef4a750c000c6ac7ce96fa569d6b
549,706b6c2a7c9c861b09a3e0118877f68f0d6654a5,2026-09-02T13:37:25+08:00,codex/f-cut-001-matrices,feat(cutover): 接通P3提交导航决定,19,19,1,5,c21b8a6870f7b2d109ed266d45fbdadced75fe8e,ea996fcd4cb35e6d65f38a62404391d55e6ccd9b
550,c7d3aa0fcf6099d85045002a03b71614779e972b,2026-09-02T13:56:12+08:00,codex/f-cut-001-matrices,fix(cutover): 补齐导航规则门禁闭环,8,8,2,1,dca2f9c510d44d00ac2f2990bf21125c305e1cb0,c21b8a6870f7b2d109ed266d45fbdadced75fe8e
551,2b30664dbbf95c3930fa587d786ab88efcfa9456,2026-09-02T13:59:17+08:00,codex/f-cut-001-matrices,fix(cutover): 统一导航字段缺失错误,1,1,1,0,d7dddbd0f1525d94603c109cdd9363b3d6a8eaac,dca2f9c510d44d00ac2f2990bf21125c305e1cb0
552,0ecca8b0cee0ed7d8ec40207cc8d5809b83144dd,2026-09-02T14:01:14+08:00,codex/f-cut-001-matrices,docs(cutover): 回写F-CUT-009 Task 1 Gate,1,0,0,0,4c9a5cd3c5765f6747df0decd36f7f5b94f8a29a,d7dddbd0f1525d94603c109cdd9363b3d6a8eaac
553,523520c9dc79518399b39f41b73032f41bf31e55,2026-09-02T14:12:47+08:00,codex/f-cut-001-matrices,feat(cutover): 增加授权清单导出,11,11,0,0,825c9d2448945c38f0713736af400c3b1a369a60,4c9a5cd3c5765f6747df0decd36f7f5b94f8a29a
554,f90227655b9df37da20a59adf26203d1381494b4,2026-09-02T14:18:21+08:00,codex/f-cut-001-matrices,fix(cutover): 映射导出Owner事实异常,1,1,0,0,528bd867ba44e7f0ee4d9a1b39d25ca0d3cc0c8a,825c9d2448945c38f0713736af400c3b1a369a60
555,c9e0f15386cbfa517d5039b9ee2914b5f9e6e1b4,2026-09-02T14:19:53+08:00,codex/f-cut-001-matrices,docs(cutover): 回写F-CUT-009 Task 2 Gate,1,0,0,0,fe64f83dca8dcfa966b56386b62a8a1fd8acd5f4,528bd867ba44e7f0ee4d9a1b39d25ca0d3cc0c8a
556,dc0e6d390152b215adbc80a44e67460a977cfd23,2026-09-02T14:28:37+08:00,codex/f-cut-001-matrices,feat(cutover): 接通P3导出与导航交互,9,9,0,0,d435ac28208c9ebf12844c1a287f1fa54c3d1139,fe64f83dca8dcfa966b56386b62a8a1fd8acd5f4
557,cd2d6e04afc06e595fa25033ab88109eccc3bd13,2026-09-02T14:33:23+08:00,codex/f-cut-001-matrices,docs(cutover): 收口F-CUT-009受控闭环,1,0,0,0,86ba8bfeee6699176cc1e8461bdf797f999ca892,d435ac28208c9ebf12844c1a287f1fa54c3d1139
558,cf3743f949a503bd2104da0a2c03ac604e1f5511,2026-09-02T14:43:41+08:00,codex/f-cut-001-matrices,docs(cutover): 建立CUT-08备件协同规格,13,0,0,0,89d96e045bc5c94272baddcf82cbc5b1153ad85e,86ba8bfeee6699176cc1e8461bdf797f999ca892
559,ee632ba5e140035161abbb180ff47dde43ad1357,2026-09-02T14:52:25+08:00,codex/f-cut-001-matrices,fix(cutover): 恢复CUT-08 Feature编号,15,0,0,0,fe756e77167cdafba68277985ceda1fd455e80ed,89d96e045bc5c94272baddcf82cbc5b1153ad85e
560,1a37a546f4d95519e8ac631c20dc91c4f01db5fb,2026-09-02T15:02:52+08:00,codex/f-cut-001-matrices,fix(cutover): 收敛备件协同Feature合同,23,4,2,2,a46de5e2b7cb3502aa2e3ed4b691e00f5a87725c,fe756e77167cdafba68277985ceda1fd455e80ed
561,c4b1a9395075b532b90cf90471b842380fb83176,2026-09-02T15:10:14+08:00,codex/f-cut-001-matrices,fix(cutover): 锁定备件引用状态与来源版本,6,0,0,0,9b3c3098c01bc5ad65a6e8e66af6d829ea74bd41,a46de5e2b7cb3502aa2e3ed4b691e00f5a87725c
562,20c382e2964430c8c669d3d424b503a7737e4ce5,2026-09-02T15:11:52+08:00,codex/f-cut-001-matrices,docs(cutover): 回写CUT-08 Feature Ready,5,0,0,0,08957efc2e35036f259b7903dee5c4395530fdad,9b3c3098c01bc5ad65a6e8e66af6d829ea74bd41
563,810c54b4b0bc2abc280716aeb961644336be165c,2026-09-02T15:16:33+08:00,codex/f-cut-001-matrices,docs(cutover): 编制CUT-08实施计划,3,0,0,0,6ef9e834ec081436987e9c05872326c0f7a9487f,08957efc2e35036f259b7903dee5c4395530fdad
564,f840cbbc55c10e59d9815aa7944fcce2f89e1896,2026-09-02T15:20:49+08:00,codex/f-cut-001-matrices,fix(cutover): 收敛CUT-08实施计划,2,0,0,0,13745e21cece24ec7153b643191bbfacfba4b4e4,6ef9e834ec081436987e9c05872326c0f7a9487f
565,ab5bc4f324b9f209f199702bab4e5a1e22683736,2026-09-02T15:23:50+08:00,codex/f-cut-001-matrices,docs(cutover): 回写CUT-08计划Gate,5,0,0,0,3994db1e75fdf76b631a96c597f108a3bb1e5db8,13745e21cece24ec7153b643191bbfacfba4b4e4
566,aa803a52e342f93253a0865c077f00795d14c714,2026-09-02T15:34:45+08:00,codex/f-cut-001-matrices,feat(cutover): 建立备件协同公共合同,18,17,0,2,56a1ce02b27d31991cbcfde2b77791016d0f78c7,3994db1e75fdf76b631a96c597f108a3bb1e5db8
567,26c02ac2883eed09b23372f2595705d61ec41e4a,2026-09-02T15:40:29+08:00,codex/f-cut-001-matrices,fix(cutover): 规范化备件状态事实,6,5,0,0,4130e488d1fd38288ff642f5d2bbc1d9f2e02880,56a1ce02b27d31991cbcfde2b77791016d0f78c7
568,bf1e016e8e25d10856cacb84a61175ba1c784ee6,2026-09-02T15:41:58+08:00,codex/f-cut-001-matrices,docs(cutover): 回写备件协同Task1 Gate,1,0,0,0,712966ed860acc91411ab50fb15af71bc646b040,4130e488d1fd38288ff642f5d2bbc1d9f2e02880
569,750ef1abf8a88c1d6ed0c4821797ef512aa22296,2026-09-02T15:57:39+08:00,codex/f-cut-001-matrices,feat(cutover): 建立备件协同持久化合同,14,13,0,3,8cb209528ab2952256f36077f124c5930b996ccb,712966ed860acc91411ab50fb15af71bc646b040
570,a95c14b9975566377036bfcddab92e4245909323,2026-09-02T16:00:32+08:00,codex/f-cut-001-matrices,docs(cutover): 回写备件协同Task2 Gate,1,0,0,0,db68a41954f35f0eac23b6ebe706e2c9bac14aa7,8cb209528ab2952256f36077f124c5930b996ccb
571,831a85b9aae1913c1f25b7e2aab344b33cb0c13e,2026-09-02T16:08:59+08:00,codex/f-cut-001-matrices,feat(cutover): 投影备件协同查询与P5摘要,12,11,0,0,c520a0197a2c81b5ba122a4fe794992595ad3f31,db68a41954f35f0eac23b6ebe706e2c9bac14aa7
572,faed8387d09a82c018f5f03efbbf4b148ffbac69,2026-09-02T16:12:32+08:00,codex/f-cut-001-matrices,docs(cutover): 回写备件协同Task3 Gate,1,0,0,0,1980b62eebc5f6c9c84ec5b9e7ba88e3b9d47350,c520a0197a2c81b5ba122a4fe794992595ad3f31
